{
"type": "FeatureCollection",
"name": "Provinsi",
"features": [
{ "type": "Feature", "properties": { "OBJECTID": 0, "Kl_Dat_Das": "Jalan Non Tol", "Nm_Ruas": "SIMP. SAMBOJA -BTS. BALIKPAPAN \r\nSIMPANG SAMBOJA -BTS. BALIKPAPAN \r\nSIMPANG SAMBOJA -BTS. BALIKPAPAN", "Thn_Data": 2023, "Status": "Jalan Provinsi", "Fungsi": "Jalan Kolektor Primer 2", "Mendukung": "Non Strategis", "Ura_Dukung": null, "Kd_Bd_PU": "2", "Kd_Jns_Inf": "1", "Kd_Inf": "34 046", "Propinsi": "Kalimantan Timur", "Kab_Kot": "Kutai Kartanegara", "Kecamatan": "Samboja", "Desa_Kel": "SEI SLUANG / MARGOMULYO / AMBORAWANG DARAT / SOLOK API DARAT / TERITIP / LAMARU / MANGGAR BARU / MANGGAR / SEPINGGAN", "Tk_Ruas_Aw": "-0.997009, 116.977095", "Tk_Ruas_Ak": "-1.127375, 116.993398", "Kd_Patok": null, "Km_Awal": 0.0, "Km_Akhir": 16.1774296884, "Nm_Lintas": null, "Kon_Baik": 0.0, "Kon_Sdg": 0.0, "Kon_Rgn": 0.0, "Kon_Rusak": 8.51, "Kon_Mntp": 7.7, "Kon_T_Mntp": 8.51, "Panjang": 16.2147566489, "Lbr_Keras": 14.0, "LHRT": 0.0, "VCR": 0.0, "Tipe_Jln": 2, "MST": 8.0, "Tanah_Kri": 0.0, "Macadam": 0.0, "Aspal": 100.0, "Rigid": 0.0, "Thn_Pen_Ak": 2016, "Jns_Pen": "Peningkatan", "Koord_X_Aw": 117.023319593, "Koord_Y_Aw": -1.017736198, "Koord_X_Ak": 116.993398755, "Koord_Y_Ak": -1.127375912, "Shape_Leng": 0.0, "Status_J_1": "Sudah Terbangun", "Keterangan": null, "Masuk": "YES", "panjangjal": 16.1774296884 }, "geometry": { "type": "LineString", "coordinates": [ [ 117.0234018, -1.017734, 0.0 ], [ 117.0231138, -1.0180838, 0.0 ], [ 117.0228319, -1.0184407, 0.0 ], [ 117.0225535, -1.0187905, 0.0 ], [ 117.0222894, -1.0191367, 0.0 ], [ 117.0220752, -1.0194508, 0.0 ], [ 117.0219943, -1.019572, 0.0 ], [ 117.0219403, -1.0198011, 0.0 ], [ 117.0217092, -1.0213806, 0.0 ], [ 117.0216283, -1.0219196, 0.0 ], [ 117.0216148, -1.0220813, 0.0 ], [ 117.0215878, -1.0221756, 0.0 ], [ 117.0214827, -1.0224275, 0.0 ], [ 117.0212051, -1.0228978, 0.0 ], [ 117.0212186, -1.0228844, 0.0 ], [ 117.0199515, -1.0249153, 0.0 ], [ 117.0192912, -1.0259848, 0.0 ], [ 117.0188558, -1.0266987, 0.0 ], [ 117.0185274, -1.0272555, 0.0 ], [ 117.0180848, -1.0279407, 0.0 ], [ 117.0175994, -1.028726, 0.0 ], [ 117.0174138, -1.0290615, 0.0 ], [ 117.0172996, -1.0292328, 0.0 ], [ 117.0172568, -1.0294541, 0.0 ], [ 117.0172282, -1.0300251, 0.0 ], [ 117.0172282, -1.0301599, 0.0 ], [ 117.0172012, -1.0303081, 0.0 ], [ 117.0171743, -1.0304428, 0.0 ], [ 117.0171068, -1.0305641, 0.0 ], [ 117.0160433, -1.0323094, 0.0 ], [ 117.0155436, -1.0330947, 0.0 ], [ 117.0152334, -1.0336202, 0.0 ], [ 117.015085, -1.0338628, 0.0 ], [ 117.0149906, -1.0339975, 0.0 ], [ 117.0149636, -1.0340784, 0.0 ], [ 117.0148558, -1.0345904, 0.0 ], [ 117.0145704, -1.0360499, 0.0 ], [ 117.0144085, -1.037074, 0.0 ], [ 117.014395, -1.0372087, 0.0 ], [ 117.0143545, -1.0373166, 0.0 ], [ 117.0132557, -1.0382807, 0.0 ], [ 117.0131748, -1.038402, 0.0 ], [ 117.0121294, -1.0398842, 0.0 ], [ 117.0119946, -1.0400593, 0.0 ], [ 117.0119136, -1.0403288, 0.0 ], [ 117.0117653, -1.0407735, 0.0 ], [ 117.0117518, -1.0408948, 0.0 ], [ 117.0114283, -1.0415715, 0.0 ], [ 117.0106106, -1.0429906, 0.0 ], [ 117.0104622, -1.0431657, 0.0 ], [ 117.0099673, -1.0438225, 0.0 ], [ 117.0098324, -1.044038, 0.0 ], [ 117.0092915, -1.0462543, 0.0 ], [ 117.0091631, -1.0468301, 0.0 ], [ 117.0089465, -1.0483589, 0.0 ], [ 117.0086587, -1.0500735, 0.0 ], [ 117.0085913, -1.0506664, 0.0 ], [ 117.0085239, -1.0508281, 0.0 ], [ 117.0084295, -1.0510033, 0.0 ], [ 117.0080885, -1.0514376, 0.0 ], [ 117.0076662, -1.0519608, 0.0 ], [ 117.0069056, -1.0529032, 0.0 ], [ 117.0066763, -1.0531727, 0.0 ], [ 117.0064481, -1.0535176, 0.0 ], [ 117.0061483, -1.0540315, 0.0 ], [ 117.0050849, -1.0555577, 0.0 ], [ 117.0050849, -1.0555712, 0.0 ], [ 117.0048961, -1.0558946, 0.0 ], [ 117.0043163, -1.0569588, 0.0 ], [ 117.0037364, -1.0580099, 0.0 ], [ 117.0031025, -1.0590339, 0.0 ], [ 117.0024282, -1.0602197, 0.0 ], [ 117.002166, -1.0608139, 0.0 ], [ 117.0020308, -1.0610984, 0.0 ], [ 117.0020199, -1.0612604, 0.0 ], [ 117.0020631, -1.0617192, 0.0 ], [ 117.0021613, -1.0622325, 0.0 ], [ 117.0022089, -1.0627471, 0.0 ], [ 117.0021954, -1.0629628, 0.0 ], [ 117.0021405, -1.0634282, 0.0 ], [ 117.002073, -1.0635899, 0.0 ], [ 117.001727, -1.0640201, 0.0 ], [ 117.0012036, -1.0646477, 0.0 ], [ 117.0010965, -1.0647429, 0.0 ], [ 117.0006741, -1.0648172, 0.0 ], [ 117.0001078, -1.0648442, 0.0 ], [ 116.9999068, -1.0648589, 0.0 ], [ 116.9997699, -1.064957, 0.0 ], [ 116.9992465, -1.065766, 0.0 ], [ 116.9991733, -1.0659113, 0.0 ], [ 116.9992137, -1.0660864, 0.0 ], [ 116.9993396, -1.0664856, 0.0 ], [ 116.9993935, -1.0667282, 0.0 ], [ 116.9993935, -1.0669303, 0.0 ], [ 116.9992183, -1.0671862, 0.0 ], [ 116.9990043, -1.0673412, 0.0 ], [ 116.9987545, -1.0675383, 0.0 ], [ 116.9986203, -1.0677097, 0.0 ], [ 116.9985467, -1.0680471, 0.0 ], [ 116.9985192, -1.0683051, 0.0 ], [ 116.9985439, -1.0685607, 0.0 ], [ 116.9985574, -1.0685607, 0.0 ], [ 116.9986943, -1.0688621, 0.0 ], [ 116.9987594, -1.0691269, 0.0 ], [ 116.9987827, -1.0695911, 0.0 ], [ 116.9987968, -1.069872, 0.0 ], [ 116.9989022, -1.0701752, 0.0 ], [ 116.9991505, -1.0705822, 0.0 ], [ 116.9993077, -1.0707972, 0.0 ], [ 116.9994255, -1.0709747, 0.0 ], [ 116.9995147, -1.0710807, 0.0 ], [ 116.9998312, -1.0715737, 0.0 ], [ 116.9999859, -1.071889, 0.0 ], [ 117.0000573, -1.0720347, 0.0 ], [ 117.0001019, -1.0721537, 0.0 ], [ 117.0001435, -1.0722994, 0.0 ], [ 117.0001465, -1.0724392, 0.0 ], [ 117.0001286, -1.0726504, 0.0 ], [ 117.0001167, -1.0728675, 0.0 ], [ 117.0000946, -1.0733445, 0.0 ], [ 117.0000364, -1.0736022, 0.0 ], [ 116.9998873, -1.0738304, 0.0 ], [ 116.999739, -1.0739651, 0.0 ], [ 116.999276, -1.0742291, 0.0 ], [ 116.9989389, -1.0743369, 0.0 ], [ 116.9985343, -1.0744177, 0.0 ], [ 116.9982511, -1.0744447, 0.0 ], [ 116.9978829, -1.0744224, 0.0 ], [ 116.9975758, -1.0743162, 0.0 ], [ 116.9972792, -1.0741881, 0.0 ], [ 116.9970737, -1.0740856, 0.0 ], [ 116.9968444, -1.0740587, 0.0 ], [ 116.996494, -1.0741673, 0.0 ], [ 116.9961805, -1.0742171, 0.0 ], [ 116.9959497, -1.0743309, 0.0 ], [ 116.995801, -1.0744707, 0.0 ], [ 116.9954679, -1.0748336, 0.0 ], [ 116.99536, -1.0750222, 0.0 ], [ 116.9953102, -1.0751518, 0.0 ], [ 116.9952745, -1.0764992, 0.0 ], [ 116.9952475, -1.0767418, 0.0 ], [ 116.9952206, -1.0769708, 0.0 ], [ 116.9951526, -1.0772904, 0.0 ], [ 116.9946083, -1.0779269, 0.0 ], [ 116.9943376, -1.0782035, 0.0 ], [ 116.9941264, -1.0784831, 0.0 ], [ 116.9937576, -1.0789828, 0.0 ], [ 116.9934364, -1.0794259, 0.0 ], [ 116.9932312, -1.0796966, 0.0 ], [ 116.9928132, -1.0802763, 0.0 ], [ 116.9924896, -1.0807883, 0.0 ], [ 116.9924162, -1.0809399, 0.0 ], [ 116.9923951, -1.0811656, 0.0 ], [ 116.9923802, -1.0813217, 0.0 ], [ 116.9924564, -1.0816523, 0.0 ], [ 116.9925286, -1.0817664, 0.0 ], [ 116.9927443, -1.0821167, 0.0 ], [ 116.9929732, -1.0825044, 0.0 ], [ 116.9931085, -1.0828111, 0.0 ], [ 116.9931625, -1.0829997, 0.0 ], [ 116.9931989, -1.083356, 0.0 ], [ 116.9931854, -1.0835446, 0.0 ], [ 116.9930728, -1.0839627, 0.0 ], [ 116.9929672, -1.0841753, 0.0 ], [ 116.9928045, -1.0843428, 0.0 ], [ 116.9926562, -1.0843967, 0.0 ], [ 116.9922602, -1.0843756, 0.0 ], [ 116.9921119, -1.0843756, 0.0 ], [ 116.9917883, -1.0844565, 0.0 ], [ 116.9915994, -1.0845238, 0.0 ], [ 116.9914072, -1.0846694, 0.0 ], [ 116.9910987, -1.0849332, 0.0 ], [ 116.9909313, -1.0851477, 0.0 ], [ 116.9907671, -1.0853666, 0.0 ], [ 116.9903008, -1.0864088, 0.0 ], [ 116.9902555, -1.0865349, 0.0 ], [ 116.9901199, -1.0866991, 0.0 ], [ 116.989882, -1.0869061, 0.0 ], [ 116.9897688, -1.0870045, 0.0 ], [ 116.9896916, -1.0871322, 0.0 ], [ 116.9896359, -1.087235, 0.0 ], [ 116.9895607, -1.0874106, 0.0 ], [ 116.9894941, -1.08762, 0.0 ], [ 116.9894584, -1.0877841, 0.0 ], [ 116.9894703, -1.0879364, 0.0 ], [ 116.9895132, -1.088053, 0.0 ], [ 116.9895917, -1.0881649, 0.0 ], [ 116.9900708, -1.0885185, 0.0 ], [ 116.9902144, -1.0886086, 0.0 ], [ 116.990453, -1.0888073, 0.0 ], [ 116.9905601, -1.0889263, 0.0 ], [ 116.9906386, -1.0890833, 0.0 ], [ 116.9906934, -1.0893046, 0.0 ], [ 116.9907433, -1.0895949, 0.0 ], [ 116.990779, -1.0898543, 0.0 ], [ 116.990749, -1.090168, 0.0 ], [ 116.9907053, -1.0903444, 0.0 ], [ 116.9906434, -1.0905086, 0.0 ], [ 116.9905284, -1.0906467, 0.0 ], [ 116.9902317, -1.0908489, 0.0 ], [ 116.9895574, -1.0912531, 0.0 ], [ 116.9891393, -1.091536, 0.0 ], [ 116.9889778, -1.0916841, 0.0 ], [ 116.9888945, -1.091765, 0.0 ], [ 116.9888088, -1.0918554, 0.0 ], [ 116.9886974, -1.0920614, 0.0 ], [ 116.9886315, -1.0921833, 0.0 ], [ 116.9885518, -1.0923313, 0.0 ], [ 116.9884736, -1.0924909, 0.0 ], [ 116.9883805, -1.092712, 0.0 ], [ 116.9881212, -1.0933211, 0.0 ], [ 116.9880474, -1.0935805, 0.0 ], [ 116.9879498, -1.0938351, 0.0 ], [ 116.9877541, -1.0940285, 0.0 ], [ 116.9874158, -1.0943834, 0.0 ], [ 116.9872431, -1.0945561, 0.0 ], [ 116.9871361, -1.0947631, 0.0 ], [ 116.9869291, -1.0952771, 0.0 ], [ 116.9867525, -1.0954584, 0.0 ], [ 116.9865545, -1.095605, 0.0 ], [ 116.9863699, -1.0956792, 0.0 ], [ 116.9858997, -1.0957116, 0.0 ], [ 116.9854371, -1.095723, 0.0 ], [ 116.9850432, -1.0957043, 0.0 ], [ 116.9846243, -1.095683, 0.0 ], [ 116.9843466, -1.0957114, 0.0 ], [ 116.9840628, -1.0957458, 0.0 ], [ 116.9839073, -1.0957726, 0.0 ], [ 116.9836326, -1.0958562, 0.0 ], [ 116.9833261, -1.0959343, 0.0 ], [ 116.983071, -1.0959819, 0.0 ], [ 116.9828026, -1.0960314, 0.0 ], [ 116.9826114, -1.0960707, 0.0 ], [ 116.9824695, -1.0960999, 0.0 ], [ 116.98238, -1.096157, 0.0 ], [ 116.9823229, -1.0962579, 0.0 ], [ 116.9822981, -1.0963569, 0.0 ], [ 116.9822709, -1.0964978, 0.0 ], [ 116.9822799, -1.0966539, 0.0 ], [ 116.9823096, -1.0967757, 0.0 ], [ 116.9823648, -1.0969356, 0.0 ], [ 116.9824276, -1.0970916, 0.0 ], [ 116.9825209, -1.0972325, 0.0 ], [ 116.9828021, -1.0974643, 0.0 ], [ 116.9829192, -1.0975585, 0.0 ], [ 116.9831762, -1.0977812, 0.0 ], [ 116.9833104, -1.097924, 0.0 ], [ 116.9833661, -1.0980311, 0.0 ], [ 116.9834075, -1.0981638, 0.0 ], [ 116.983436, -1.098288, 0.0 ], [ 116.983466, -1.0984437, 0.0 ], [ 116.9834903, -1.0986821, 0.0 ], [ 116.9835188, -1.0989348, 0.0 ], [ 116.9835545, -1.0991746, 0.0 ], [ 116.9835474, -1.0992945, 0.0 ], [ 116.9835274, -1.0994116, 0.0 ], [ 116.9834903, -1.0995701, 0.0 ], [ 116.9834503, -1.0997428, 0.0 ], [ 116.9833789, -1.0998728, 0.0 ], [ 116.9833075, -1.0999713, 0.0 ], [ 116.9831562, -1.100104, 0.0 ], [ 116.9827136, -1.1005309, 0.0 ], [ 116.9822981, -1.1008422, 0.0 ], [ 116.9819327, -1.1010877, 0.0 ], [ 116.9818346, -1.1011896, 0.0 ], [ 116.9817842, -1.1012405, 0.0 ], [ 116.9817099, -1.1013847, 0.0 ], [ 116.9816514, -1.1015174, 0.0 ], [ 116.9816072, -1.1016673, 0.0 ], [ 116.9815658, -1.1018829, 0.0 ], [ 116.9815532, -1.102058, 0.0 ], [ 116.9815634, -1.1022603, 0.0 ], [ 116.9815753, -1.1026244, 0.0 ], [ 116.9815967, -1.1028552, 0.0 ], [ 116.9817323, -1.103312, 0.0 ], [ 116.9817918, -1.1035119, 0.0 ], [ 116.9818061, -1.1037261, 0.0 ], [ 116.9818013, -1.1039711, 0.0 ], [ 116.981768, -1.1041996, 0.0 ], [ 116.9817109, -1.104478, 0.0 ], [ 116.9816609, -1.1046802, 0.0 ], [ 116.9815443, -1.1049301, 0.0 ], [ 116.9814135, -1.1052061, 0.0 ], [ 116.9811993, -1.1055297, 0.0 ], [ 116.9809447, -1.1057938, 0.0 ], [ 116.9808067, -1.1059437, 0.0 ], [ 116.9805426, -1.1062102, 0.0 ], [ 116.9802832, -1.1064077, 0.0 ], [ 116.9792672, -1.1069407, 0.0 ], [ 116.9790918, -1.1070755, 0.0 ], [ 116.9789674, -1.1073738, 0.0 ], [ 116.9788698, -1.1078996, 0.0 ], [ 116.9788698, -1.108454, 0.0 ], [ 116.9789555, -1.1093321, 0.0 ], [ 116.9789959, -1.1097794, 0.0 ], [ 116.9788817, -1.1113463, 0.0 ], [ 116.9789975, -1.1121097, 0.0 ], [ 116.9790832, -1.113604, 0.0 ], [ 116.9789887, -1.113887, 0.0 ], [ 116.978719, -1.114143, 0.0 ], [ 116.9784628, -1.1142912, 0.0 ], [ 116.9775889, -1.114294, 0.0 ], [ 116.976975, -1.1144225, 0.0 ], [ 116.976649, -1.1146298, 0.0 ], [ 116.976204, -1.1149936, 0.0 ], [ 116.9760152, -1.1152496, 0.0 ], [ 116.9760151, -1.1154655, 0.0 ], [ 116.976177, -1.1156811, 0.0 ], [ 116.9765178, -1.1159582, 0.0 ], [ 116.976783, -1.1162136, 0.0 ], [ 116.9769179, -1.1164022, 0.0 ], [ 116.9773543, -1.1170027, 0.0 ], [ 116.9775603, -1.117335, 0.0 ], [ 116.9775863, -1.1176117, 0.0 ], [ 116.9776154, -1.1179205, 0.0 ], [ 116.9776394, -1.118176, 0.0 ], [ 116.9778686, -1.118432, 0.0 ], [ 116.9787857, -1.1187284, 0.0 ], [ 116.9792848, -1.118998, 0.0 ], [ 116.980485, -1.1199951, 0.0 ], [ 116.9809839, -1.1204128, 0.0 ], [ 116.9820225, -1.1211404, 0.0 ], [ 116.9833845, -1.1219759, 0.0 ], [ 116.9835962, -1.1222124, 0.0 ], [ 116.9839873, -1.1230344, 0.0 ], [ 116.9841087, -1.1232096, 0.0 ], [ 116.9843919, -1.1233578, 0.0 ], [ 116.9846617, -1.1233848, 0.0 ], [ 116.9846752, -1.1233848, 0.0 ], [ 116.9852415, -1.123533, 0.0 ], [ 116.9898403, -1.125352, 0.0 ], [ 116.9902719, -1.1256755, 0.0 ], [ 116.990636, -1.1259315, 0.0 ], [ 116.9908248, -1.1259989, 0.0 ], [ 116.9911755, -1.1260393, 0.0 ], [ 116.9917285, -1.1259854, 0.0 ], [ 116.9920926, -1.1260663, 0.0 ], [ 116.9924027, -1.1263357, 0.0 ], [ 116.9933988, -1.1273759, 0.0 ] ] } },
{ "type": "Feature", "properties": { "OBJECTID": 0, "Kl_Dat_Das": "Jalan Non Tol", "Nm_Ruas": "JL. KH. WAHID HASYIM II (SAMARINDA)", "Thn_Data": 2023, "Status": "Jalan Provinsi", "Fungsi": "Jalan Kolektor Primer 2", "Mendukung": "Strategis", "Ura_Dukung": null, "Kd_Bd_PU": "2", "Kd_Jns_Inf": "1", "Kd_Inf": "34 029", "Propinsi": "Kalimantan Timur", "Kab_Kot": "Samarinda", "Kecamatan": "Samarinda Utara", "Desa_Kel": "SEMPAJA SELATAN / SEMPAJA UTARA", "Tk_Ruas_Aw": "-0.450000, 117.152987", "Tk_Ruas_Ak": "-0.435401, 117.148454", "Kd_Patok": null, "Km_Awal": 0.0, "Km_Akhir": 2.0234728986000001, "Nm_Lintas": null, "Kon_Baik": 0.0, "Kon_Sdg": 1.0, "Kon_Rgn": 0.0, "Kon_Rusak": 0.0, "Kon_Mntp": 2.0, "Kon_T_Mntp": 0.0, "Panjang": 2.0, "Lbr_Keras": 14.0, "LHRT": 0.0, "VCR": 0.0, "Tipe_Jln": 2, "MST": 8.0, "Tanah_Kri": 0.0, "Macadam": 0.0, "Aspal": 80.0, "Rigid": 20.0, "Thn_Pen_Ak": 0, "Jns_Pen": null, "Koord_X_Aw": 117.152921436, "Koord_Y_Aw": -0.450020945, "Koord_X_Ak": 117.14845421699999, "Koord_Y_Ak": -0.435401648, "Shape_Leng": 0.0, "Status_J_1": "Sudah Terbangun", "Keterangan": null, "Masuk": "YES", "panjangjal": 2.0234728986000001 }, "geometry": { "type": "LineString", "coordinates": [ [ 117.1529878, -0.45, 0.0 ], [ 117.1531761, -0.4497374, 0.0 ], [ 117.1533091, -0.4495712, 0.0 ], [ 117.1540134, -0.4486395, 0.0 ], [ 117.1545266, -0.447717, 0.0 ], [ 117.1550687, -0.4466486, 0.0 ], [ 117.1553705, -0.4458207, 0.0 ], [ 117.155519, -0.4451319, 0.0 ], [ 117.1555312, -0.4450869, 0.0 ], [ 117.1558295, -0.4442007, 0.0 ], [ 117.155842, -0.4441307, 0.0 ], [ 117.155844, -0.4440635, 0.0 ], [ 117.1558283, -0.4439276, 0.0 ], [ 117.1555459, -0.4433048, 0.0 ], [ 117.1554537, -0.443113, 0.0 ], [ 117.1554009, -0.4430252, 0.0 ], [ 117.1553041, -0.4428642, 0.0 ], [ 117.155133, -0.4425332, 0.0 ], [ 117.1547644, -0.4418595, 0.0 ], [ 117.1543446, -0.4411159, 0.0 ], [ 117.1542805, -0.4410291, 0.0 ], [ 117.1539672, -0.4407345, 0.0 ], [ 117.153482, -0.4403443, 0.0 ], [ 117.1531611, -0.4399804, 0.0 ], [ 117.1531248, -0.4399427, 0.0 ], [ 117.1530669, -0.439859, 0.0 ], [ 117.1528155, -0.4395721, 0.0 ], [ 117.1522636, -0.4390233, 0.0 ], [ 117.1518867, -0.4387131, 0.0 ], [ 117.1514348, -0.4383862, 0.0 ], [ 117.1509455, -0.4380171, 0.0 ], [ 117.1506811, -0.4378231, 0.0 ], [ 117.1504964, -0.4376619, 0.0 ], [ 117.1504591, -0.4376323, 0.0 ], [ 117.1504349, -0.4376141, 0.0 ], [ 117.1499794, -0.4372376, 0.0 ], [ 117.1498321, -0.4371052, 0.0 ], [ 117.1496709, -0.4369542, 0.0 ], [ 117.1495662, -0.4368133, 0.0 ], [ 117.1494215, -0.436543, 0.0 ], [ 117.1491703, -0.4360937, 0.0 ], [ 117.1489032, -0.4358099, 0.0 ], [ 117.1486364, -0.4355942, 0.0 ], [ 117.1485822, -0.4355501, 0.0 ], [ 117.1485345, -0.4355054, 0.0 ], [ 117.1484916, -0.4354559, 0.0 ], [ 117.1484542, -0.4354016, 0.0 ] ] } },
{ "type": "Feature", "properties": { "OBJECTID": 0, "Kl_Dat_Das": "Jalan Non Tol", "Nm_Ruas": "SIMP. SAMBOJA - KM. 38", "Thn_Data": 2023, "Status": "Jalan Provinsi", "Fungsi": "Jalan Kolektor Primer 3", "Mendukung": "Non Strategis", "Ura_Dukung": null, "Kd_Bd_PU": "2", "Kd_Jns_Inf": "1", "Kd_Inf": "34 045", "Propinsi": "Kalimantan Timur", "Kab_Kot": "Kutai Kartanegara", "Kecamatan": "Samboja", "Desa_Kel": "SUNGAI SELUANG / SEI MERDEKA", "Tk_Ruas_Aw": "-1.017733, 117.023401", "Tk_Ruas_Ak": "-0.997009, 116.977095\r\n", "Kd_Patok": null, "Km_Awal": 0.0, "Km_Akhir": 7.1135297736499998, "Nm_Lintas": null, "Kon_Baik": 0.0, "Kon_Sdg": 3.3, "Kon_Rgn": 0.0, "Kon_Rusak": 0.7, "Kon_Mntp": 6.4, "Kon_T_Mntp": 0.7, "Panjang": 7.0978223790300001, "Lbr_Keras": 6.0, "LHRT": 0.0, "VCR": 0.0, "Tipe_Jln": 2, "MST": 8.0, "Tanah_Kri": 0.0, "Macadam": 0.0, "Aspal": 100.0, "Rigid": 0.0, "Thn_Pen_Ak": 0, "Jns_Pen": null, "Koord_X_Aw": 116.977110095, "Koord_Y_Aw": -0.997046074, "Koord_X_Ak": 117.023325562, "Koord_Y_Ak": -1.017725654, "Shape_Leng": 0.0, "Status_J_1": "Sudah Terbangun", "Keterangan": null, "Masuk": "YES", "panjangjal": 7.1135297736499998 }, "geometry": { "type": "LineString", "coordinates": [ [ 116.9770954, -0.9970092, 0.0 ], [ 116.9771048, -0.9970836, 0.0 ], [ 116.9771185, -0.9971041, 0.0 ], [ 116.9771754, -0.9971791, 0.0 ], [ 116.9772453, -0.9972148, 0.0 ], [ 116.9773181, -0.9972205, 0.0 ], [ 116.9774409, -0.9972134, 0.0 ], [ 116.9775508, -0.9971791, 0.0 ], [ 116.9778497, -0.9972912, 0.0 ], [ 116.9783443, -0.9974953, 0.0 ], [ 116.9784303, -0.9975398, 0.0 ], [ 116.9785151, -0.9975927, 0.0 ], [ 116.9785901, -0.9976573, 0.0 ], [ 116.9786773, -0.997733, 0.0 ], [ 116.9787401, -0.9978101, 0.0 ], [ 116.9788172, -0.9979272, 0.0 ], [ 116.9789585, -0.9983841, 0.0 ], [ 116.9789954, -0.9984928, 0.0 ], [ 116.9790423, -0.9985969, 0.0 ], [ 116.9790976, -0.9986899, 0.0 ], [ 116.9791541, -0.9987809, 0.0 ], [ 116.9792267, -0.9988618, 0.0 ], [ 116.9793026, -0.9989237, 0.0 ], [ 116.9793901, -0.998983, 0.0 ], [ 116.9795084, -0.9990417, 0.0 ], [ 116.979598, -0.9990572, 0.0 ], [ 116.9796895, -0.9990636, 0.0 ], [ 116.9798965, -0.9990612, 0.0 ], [ 116.9801058, -0.999043, 0.0 ], [ 116.9801868, -0.9990327, 0.0 ], [ 116.9806972, -0.9990007, 0.0 ], [ 116.9813075, -0.9989803, 0.0 ], [ 116.9826304, -0.9990824, 0.0 ], [ 116.9827745, -0.999107, 0.0 ], [ 116.9829208, -0.9991445, 0.0 ], [ 116.9834371, -0.9994222, 0.0 ], [ 116.984024, -0.9998063, 0.0 ], [ 116.9850176, -1.000456, 0.0 ], [ 116.9857041, -1.0008795, 0.0 ], [ 116.9860676, -1.0010557, 0.0 ], [ 116.9869361, -1.0012865, 0.0 ], [ 116.9875278, -1.0014166, 0.0 ], [ 116.9880497, -1.0015602, 0.0 ], [ 116.9884471, -1.0016625, 0.0 ], [ 116.9888706, -1.0017291, 0.0 ], [ 116.9892418, -1.0017481, 0.0 ], [ 116.9895012, -1.0017458, 0.0 ], [ 116.989887, -1.0017033, 0.0 ], [ 116.9901722, -1.001672, 0.0 ], [ 116.9909289, -1.001523, 0.0 ], [ 116.9916353, -1.0014189, 0.0 ], [ 116.9930227, -1.0012166, 0.0 ], [ 116.9931463, -1.0011846, 0.0 ], [ 116.9932629, -1.0011413, 0.0 ], [ 116.993589, -1.0009419, 0.0 ], [ 116.9939913, -1.0006869, 0.0 ], [ 116.9942884, -1.0005167, 0.0 ], [ 116.9945937, -1.0003552, 0.0 ], [ 116.9956376, -0.9997824, 0.0 ], [ 116.9959006, -0.9996379, 0.0 ], [ 116.9963907, -0.9993891, 0.0 ], [ 116.9968304, -0.9991535, 0.0 ], [ 116.9974414, -0.9988138, 0.0 ], [ 116.9978079, -0.9986199, 0.0 ], [ 116.9983709, -0.9983298, 0.0 ], [ 116.9990704, -0.9979543, 0.0 ], [ 116.9997657, -0.9975517, 0.0 ], [ 116.9999599, -0.9974917, 0.0 ], [ 117.0001727, -0.9974435, 0.0 ], [ 117.0004063, -0.9973905, 0.0 ], [ 117.0006038, -0.9973575, 0.0 ], [ 117.0009771, -0.9973389, 0.0 ], [ 117.0013961, -0.997319, 0.0 ], [ 117.0016702, -0.997329, 0.0 ], [ 117.0021342, -0.9973247, 0.0 ], [ 117.0028823, -0.9973076, 0.0 ], [ 117.0034949, -0.9972829, 0.0 ], [ 117.0038389, -0.9972747, 0.0 ], [ 117.0042543, -0.9972647, 0.0 ], [ 117.0053494, -0.9972504, 0.0 ], [ 117.0063862, -0.9972626, 0.0 ], [ 117.0066107, -0.9973158, 0.0 ], [ 117.0067652, -0.997359, 0.0 ], [ 117.0070656, -0.9974432, 0.0 ], [ 117.0074823, -0.9975874, 0.0 ], [ 117.0084032, -0.9979186, 0.0 ], [ 117.0091827, -0.9981856, 0.0 ], [ 117.0096667, -0.9983326, 0.0 ], [ 117.0097916, -0.9983651, 0.0 ], [ 117.0100275, -0.9984597, 0.0 ], [ 117.0101035, -0.9985039, 0.0 ], [ 117.0101754, -0.9985577, 0.0 ], [ 117.0102442, -0.998621, 0.0 ], [ 117.0103618, -0.9987528, 0.0 ], [ 117.0104105, -0.9988423, 0.0 ], [ 117.0104497, -0.9989362, 0.0 ], [ 117.0104961, -0.9990779, 0.0 ], [ 117.0105304, -0.9992064, 0.0 ], [ 117.0105243, -0.9993007, 0.0 ], [ 117.0105165, -0.9994208, 0.0 ], [ 117.0104878, -0.9995869, 0.0 ], [ 117.0104583, -0.9997572, 0.0 ], [ 117.0104476, -0.9998245, 0.0 ], [ 117.0104424, -0.9998944, 0.0 ], [ 117.0104019, -1.0002514, 0.0 ], [ 117.0103995, -1.0003582, 0.0 ], [ 117.0104095, -1.0004648, 0.0 ], [ 117.0105504, -1.0008439, 0.0 ], [ 117.0108245, -1.0012422, 0.0 ], [ 117.0112014, -1.001682, 0.0 ], [ 117.0114213, -1.0019347, 0.0 ], [ 117.0115845, -1.0021027, 0.0 ], [ 117.0116868, -1.0022216, 0.0 ], [ 117.0118267, -1.0023401, 0.0 ], [ 117.0119744, -1.0024343, 0.0 ], [ 117.0120473, -1.0024836, 0.0 ], [ 117.012122, -1.0025272, 0.0 ], [ 117.0122762, -1.0025862, 0.0 ], [ 117.0123493, -1.0026045, 0.0 ], [ 117.0124162, -1.0026131, 0.0 ], [ 117.0124749, -1.0026171, 0.0 ], [ 117.012552, -1.0026171, 0.0 ], [ 117.0126105, -1.0026099, 0.0 ], [ 117.0126691, -1.0025928, 0.0 ], [ 117.0127113, -1.0025681, 0.0 ], [ 117.0127576, -1.0025454, 0.0 ], [ 117.0128561, -1.0024872, 0.0 ], [ 117.0130831, -1.002313, 0.0 ], [ 117.0132915, -1.0021745, 0.0 ], [ 117.0134614, -1.002096, 0.0 ], [ 117.0135813, -1.0020574, 0.0 ], [ 117.0136813, -1.0020332, 0.0 ], [ 117.0138026, -1.0020203, 0.0 ], [ 117.0138769, -1.0020189, 0.0 ], [ 117.0139611, -1.0020289, 0.0 ], [ 117.0140339, -1.0020489, 0.0 ], [ 117.0141239, -1.0020817, 0.0 ], [ 117.0142124, -1.0021317, 0.0 ], [ 117.0142738, -1.0021816, 0.0 ], [ 117.0145707, -1.0024343, 0.0 ], [ 117.015057, -1.0029536, 0.0 ], [ 117.0151257, -1.003021, 0.0 ], [ 117.0151921, -1.0030908, 0.0 ], [ 117.0152387, -1.0031483, 0.0 ], [ 117.0152814, -1.0032082, 0.0 ], [ 117.0153174, -1.0032981, 0.0 ], [ 117.0153474, -1.0033638, 0.0 ], [ 117.0153716, -1.0034323, 0.0 ], [ 117.0153902, -1.0035165, 0.0 ], [ 117.0153916, -1.0036093, 0.0 ], [ 117.0153731, -1.0037749, 0.0 ], [ 117.0153188, -1.0040048, 0.0 ], [ 117.0151147, -1.0049142, 0.0 ], [ 117.0149286, -1.0057884, 0.0 ], [ 117.0149164, -1.005849, 0.0 ], [ 117.0148993, -1.0059718, 0.0 ], [ 117.0148983, -1.0060371, 0.0 ], [ 117.0149024, -1.0061055, 0.0 ], [ 117.0149122, -1.0061779, 0.0 ], [ 117.0149314, -1.006251, 0.0 ], [ 117.0149667, -1.0063547, 0.0 ], [ 117.015038, -1.006469, 0.0 ], [ 117.0150928, -1.0065308, 0.0 ], [ 117.0151775, -1.006596, 0.0 ], [ 117.0152662, -1.0066423, 0.0 ], [ 117.0153336, -1.0066891, 0.0 ], [ 117.0155162, -1.0067782, 0.0 ], [ 117.0156133, -1.0068029, 0.0 ], [ 117.0157135, -1.0068096, 0.0 ], [ 117.0158071, -1.0068145, 0.0 ], [ 117.0159856, -1.0067745, 0.0 ], [ 117.0164741, -1.0065962, 0.0 ], [ 117.0166329, -1.0065499, 0.0 ], [ 117.0167084, -1.0065422, 0.0 ], [ 117.016779, -1.0065461, 0.0 ], [ 117.0168486, -1.0065729, 0.0 ], [ 117.0169109, -1.0066179, 0.0 ], [ 117.0169596, -1.006679, 0.0 ], [ 117.0172741, -1.0077794, 0.0 ], [ 117.0177855, -1.0090196, 0.0 ], [ 117.0181034, -1.0098439, 0.0 ], [ 117.0181205, -1.0099187, 0.0 ], [ 117.0181389, -1.0102441, 0.0 ], [ 117.0181415, -1.0106833, 0.0 ], [ 117.0181399, -1.0107597, 0.0 ], [ 117.0181776, -1.0114067, 0.0 ], [ 117.0182025, -1.0115028, 0.0 ], [ 117.0182226, -1.0115801, 0.0 ], [ 117.0182576, -1.0117151, 0.0 ], [ 117.0182861, -1.0118026, 0.0 ], [ 117.018344, -1.011905, 0.0 ], [ 117.0184251, -1.0120482, 0.0 ], [ 117.0185336, -1.0122347, 0.0 ], [ 117.0186926, -1.0125858, 0.0 ], [ 117.0187298, -1.0126582, 0.0 ], [ 117.0187635, -1.0127338, 0.0 ], [ 117.0187913, -1.0128144, 0.0 ], [ 117.0188075, -1.0128967, 0.0 ], [ 117.0188151, -1.012971, 0.0 ], [ 117.0188126, -1.0130422, 0.0 ], [ 117.0187479, -1.0133328, 0.0 ], [ 117.0187093, -1.0135302, 0.0 ], [ 117.0187144, -1.0136738, 0.0 ], [ 117.0187392, -1.0138375, 0.0 ], [ 117.0188134, -1.0140374, 0.0 ], [ 117.0189659, -1.0144542, 0.0 ], [ 117.0191734, -1.0150272, 0.0 ], [ 117.0194133, -1.015602, 0.0 ], [ 117.0195281, -1.0157981, 0.0 ], [ 117.0196341, -1.0159732, 0.0 ], [ 117.0197559, -1.0161103, 0.0 ], [ 117.019893, -1.0162378, 0.0 ], [ 117.0200034, -1.0163235, 0.0 ], [ 117.0201404, -1.0164384, 0.0 ], [ 117.0213187, -1.0169464, 0.0 ], [ 117.0222572, -1.0172962, 0.0 ], [ 117.0230396, -1.0176084, 0.0 ], [ 117.0232166, -1.0176712, 0.0 ], [ 117.0234018, -1.017734, 0.0 ] ] } },
{ "type": "Feature", "properties": { "OBJECTID": 0, "Kl_Dat_Das": "Jalan Non Tol", "Nm_Ruas": "KM.5.5 BALIKPAPAN - KARIANGAU", "Thn_Data": 2023, "Status": "Jalan Provinsi", "Fungsi": "Jalan Kolektor Primer 2", "Mendukung": "Strategis", "Ura_Dukung": null, "Kd_Bd_PU": "2", "Kd_Jns_Inf": "1", "Kd_Inf": "34 055", "Propinsi": "Kalimantan Timur", "Kab_Kot": "Balikpapan", "Kecamatan": "Balikpapan Utara / Balikpapan Barat", "Desa_Kel": "BATU AMPAR / KARANG JOANG / KARIANGAU", "Tk_Ruas_Aw": "-1.211695, 116.862538", "Tk_Ruas_Ak": "-1.201345, 116.820534", "Kd_Patok": null, "Km_Awal": 0.0, "Km_Akhir": 10.5015202715, "Nm_Lintas": null, "Kon_Baik": 0.0, "Kon_Sdg": 2.9, "Kon_Rgn": 0.0, "Kon_Rusak": 0.0, "Kon_Mntp": 10.51, "Kon_T_Mntp": 0.0, "Panjang": 10.512619541899999, "Lbr_Keras": 8.0, "LHRT": 0.0, "VCR": 0.0, "Tipe_Jln": 2, "MST": 8.0, "Tanah_Kri": 0.0, "Macadam": 0.0, "Aspal": 72.312083729799994, "Rigid": 27.687916270199999, "Thn_Pen_Ak": 2015, "Jns_Pen": "Peningkatan", "Koord_X_Aw": 116.86252445, "Koord_Y_Aw": -1.211705273, "Koord_X_Ak": 116.820534033, "Koord_Y_Ak": -1.201345799, "Shape_Leng": 0.0, "Status_J_1": "Sudah Terbangun", "Keterangan": null, "Masuk": "YES", "panjangjal": 10.5015202715 }, "geometry": { "type": "LineString", "coordinates": [ [ 116.8625384, -1.2116952, 0.0 ], [ 116.8623897, -1.211305, 0.0 ], [ 116.8623242, -1.2110206, 0.0 ], [ 116.8622969, -1.2106946, 0.0 ], [ 116.8622683, -1.2103139, 0.0 ], [ 116.8622552, -1.209769, 0.0 ], [ 116.8623322, -1.2093981, 0.0 ], [ 116.8623589, -1.2093038, 0.0 ], [ 116.8624909, -1.2089107, 0.0 ], [ 116.8625026, -1.2087099, 0.0 ], [ 116.8624994, -1.2085907, 0.0 ], [ 116.8624857, -1.2084737, 0.0 ], [ 116.8624612, -1.2083592, 0.0 ], [ 116.8622666, -1.2075939, 0.0 ], [ 116.8621424, -1.2071499, 0.0 ], [ 116.862032, -1.2069047, 0.0 ], [ 116.8619889, -1.2068133, 0.0 ], [ 116.8619418, -1.206727, 0.0 ], [ 116.8618883, -1.2066459, 0.0 ], [ 116.8618308, -1.2065698, 0.0 ], [ 116.8616099, -1.2063418, 0.0 ], [ 116.8606521, -1.2056173, 0.0 ], [ 116.8605108, -1.2055148, 0.0 ], [ 116.8603521, -1.2052884, 0.0 ], [ 116.8602571, -1.2051723, 0.0 ], [ 116.8600478, -1.2049154, 0.0 ], [ 116.8594124, -1.2044585, 0.0 ], [ 116.8593748, -1.2044398, 0.0 ], [ 116.8591983, -1.2043157, 0.0 ], [ 116.8589746, -1.2041587, 0.0 ], [ 116.8586677, -1.2038303, 0.0 ], [ 116.8577587, -1.2026715, 0.0 ], [ 116.8569925, -1.201803, 0.0 ], [ 116.8569007, -1.2017387, 0.0 ], [ 116.8568038, -1.2016894, 0.0 ], [ 116.8567018, -1.2016559, 0.0 ], [ 116.856595, -1.2016313, 0.0 ], [ 116.8558123, -1.2014176, 0.0 ], [ 116.8555958, -1.201339, 0.0 ], [ 116.8553079, -1.2012153, 0.0 ], [ 116.8548938, -1.200994, 0.0 ], [ 116.854561, -1.2008157, 0.0 ], [ 116.8545003, -1.2007425, 0.0 ], [ 116.8544768, -1.2006892, 0.0 ], [ 116.8544624, -1.2006274, 0.0 ], [ 116.8544622, -1.2005577, 0.0 ], [ 116.8544862, -1.2004756, 0.0 ], [ 116.8545131, -1.2003825, 0.0 ], [ 116.8545399, -1.2002614, 0.0 ], [ 116.8545982, -1.2001598, 0.0 ], [ 116.8550699, -1.1993974, 0.0 ], [ 116.8553317, -1.1990523, 0.0 ], [ 116.8554023, -1.1989909, 0.0 ], [ 116.8554744, -1.1989382, 0.0 ], [ 116.8556992, -1.1987552, 0.0 ], [ 116.8559932, -1.1985551, 0.0 ], [ 116.8560718, -1.1984668, 0.0 ], [ 116.8561444, -1.1983764, 0.0 ], [ 116.8566999, -1.1976961, 0.0 ], [ 116.8567494, -1.1976009, 0.0 ], [ 116.8569925, -1.1969727, 0.0 ], [ 116.8570925, -1.1967253, 0.0 ], [ 116.8572043, -1.1965159, 0.0 ], [ 116.8573471, -1.1962613, 0.0 ], [ 116.8576116, -1.1957195, 0.0 ], [ 116.8576161, -1.1956564, 0.0 ], [ 116.8576116, -1.195597, 0.0 ], [ 116.8576002, -1.1955408, 0.0 ], [ 116.8575752, -1.1954851, 0.0 ], [ 116.8575431, -1.1954304, 0.0 ], [ 116.8575052, -1.1953732, 0.0 ], [ 116.8574592, -1.1953147, 0.0 ], [ 116.8574065, -1.195256, 0.0 ], [ 116.8573497, -1.1951976, 0.0 ], [ 116.8570768, -1.1949183, 0.0 ], [ 116.8569149, -1.1947662, 0.0 ], [ 116.856758, -1.1946214, 0.0 ], [ 116.8565152, -1.194443, 0.0 ], [ 116.8564162, -1.1943948, 0.0 ], [ 116.8563044, -1.1943586, 0.0 ], [ 116.8560889, -1.1942818, 0.0 ], [ 116.8559993, -1.1942006, 0.0 ], [ 116.8559226, -1.1940986, 0.0 ], [ 116.8558564, -1.1939857, 0.0 ], [ 116.8557984, -1.1938661, 0.0 ], [ 116.855745, -1.1937453, 0.0 ], [ 116.8555215, -1.1932298, 0.0 ], [ 116.8553821, -1.19292, 0.0 ], [ 116.8553287, -1.1927838, 0.0 ], [ 116.8553198, -1.1927577, 0.0 ], [ 116.8552301, -1.1925529, 0.0 ], [ 116.8551751, -1.1924684, 0.0 ], [ 116.8551261, -1.1924054, 0.0 ], [ 116.8550625, -1.1923427, 0.0 ], [ 116.8549845, -1.1922789, 0.0 ], [ 116.854894, -1.1922185, 0.0 ], [ 116.8547927, -1.1921569, 0.0 ], [ 116.8545566, -1.1919912, 0.0 ], [ 116.8544555, -1.1918916, 0.0 ], [ 116.8543547, -1.1917945, 0.0 ], [ 116.8542164, -1.191605, 0.0 ], [ 116.8539644, -1.1912596, 0.0 ], [ 116.8535932, -1.1906733, 0.0 ], [ 116.8532866, -1.1900902, 0.0 ], [ 116.8530678, -1.1897596, 0.0 ], [ 116.8530111, -1.1897025, 0.0 ], [ 116.8529499, -1.1896492, 0.0 ], [ 116.8528897, -1.1896046, 0.0 ], [ 116.8525632, -1.1893444, 0.0 ], [ 116.8524606, -1.1892742, 0.0 ], [ 116.8522749, -1.1891473, 0.0 ], [ 116.8522089, -1.1890881, 0.0 ], [ 116.8521415, -1.1890157, 0.0 ], [ 116.8520745, -1.1889321, 0.0 ], [ 116.8520097, -1.188842, 0.0 ], [ 116.8518307, -1.1884303, 0.0 ], [ 116.851825, -1.1883105, 0.0 ], [ 116.8518351, -1.1881864, 0.0 ], [ 116.8518667, -1.1880691, 0.0 ], [ 116.8519029, -1.1879665, 0.0 ], [ 116.8519826, -1.1876978, 0.0 ], [ 116.8519854, -1.1876141, 0.0 ], [ 116.8519771, -1.1875363, 0.0 ], [ 116.8519596, -1.1874567, 0.0 ], [ 116.8519327, -1.1873743, 0.0 ], [ 116.8518919, -1.187284, 0.0 ], [ 116.8518468, -1.1871896, 0.0 ], [ 116.8515586, -1.1865197, 0.0 ], [ 116.8515344, -1.186421, 0.0 ], [ 116.851523, -1.1863228, 0.0 ], [ 116.8515246, -1.1862274, 0.0 ], [ 116.8515659, -1.1860496, 0.0 ], [ 116.8516143, -1.1859707, 0.0 ], [ 116.8516745, -1.1859049, 0.0 ], [ 116.8517374, -1.185851, 0.0 ], [ 116.8518037, -1.1858021, 0.0 ], [ 116.8518714, -1.1857559, 0.0 ], [ 116.8521218, -1.185568, 0.0 ], [ 116.8521737, -1.1855191, 0.0 ], [ 116.8522269, -1.1854617, 0.0 ], [ 116.8522777, -1.1853935, 0.0 ], [ 116.8523483, -1.1852939, 0.0 ], [ 116.8523768, -1.1851777, 0.0 ], [ 116.8523913, -1.1849844, 0.0 ], [ 116.8523837, -1.1848611, 0.0 ], [ 116.8523665, -1.184736, 0.0 ], [ 116.8522855, -1.1843306, 0.0 ], [ 116.8522276, -1.1839018, 0.0 ], [ 116.8522277, -1.1837624, 0.0 ], [ 116.8522417, -1.1836396, 0.0 ], [ 116.8523132, -1.1830235, 0.0 ], [ 116.8523997, -1.1825223, 0.0 ], [ 116.8524416, -1.1823433, 0.0 ], [ 116.8525177, -1.1821301, 0.0 ], [ 116.8526376, -1.1818827, 0.0 ], [ 116.8528054, -1.1816161, 0.0 ], [ 116.8528807, -1.1815307, 0.0 ], [ 116.8530167, -1.1814137, 0.0 ], [ 116.8534619, -1.1810908, 0.0 ], [ 116.8536142, -1.1809632, 0.0 ], [ 116.8537093, -1.1808414, 0.0 ], [ 116.853781, -1.1806936, 0.0 ], [ 116.8538167, -1.1805663, 0.0 ], [ 116.8538257, -1.1804784, 0.0 ], [ 116.8538274, -1.1803843, 0.0 ], [ 116.8538124, -1.1802691, 0.0 ], [ 116.8537776, -1.1801527, 0.0 ], [ 116.8537516, -1.1800713, 0.0 ], [ 116.8537254, -1.1799886, 0.0 ], [ 116.8536682, -1.1798202, 0.0 ], [ 116.8535507, -1.1794939, 0.0 ], [ 116.8531919, -1.1785878, 0.0 ], [ 116.8529906, -1.1780624, 0.0 ], [ 116.8528892, -1.1777441, 0.0 ], [ 116.8528578, -1.1774928, 0.0 ], [ 116.8528115, -1.1772397, 0.0 ], [ 116.8527265, -1.1768817, 0.0 ], [ 116.8522639, -1.1755654, 0.0 ], [ 116.8521583, -1.1753203, 0.0 ], [ 116.8520179, -1.1750776, 0.0 ], [ 116.8517721, -1.1748187, 0.0 ], [ 116.8515639, -1.174675, 0.0 ], [ 116.8514458, -1.1746144, 0.0 ], [ 116.8513199, -1.1745613, 0.0 ], [ 116.8511896, -1.1745225, 0.0 ], [ 116.8510623, -1.1744886, 0.0 ], [ 116.8509443, -1.1744872, 0.0 ], [ 116.8508397, -1.1744905, 0.0 ], [ 116.8505529, -1.1745496, 0.0 ], [ 116.8504599, -1.1745817, 0.0 ], [ 116.8494018, -1.1751053, 0.0 ], [ 116.8490923, -1.1752469, 0.0 ], [ 116.8489041, -1.175334, 0.0 ], [ 116.8487499, -1.1754079, 0.0 ], [ 116.8485669, -1.1754919, 0.0 ], [ 116.8484292, -1.1755322, 0.0 ], [ 116.8483452, -1.1755472, 0.0 ], [ 116.8482549, -1.1755569, 0.0 ], [ 116.8481608, -1.1755583, 0.0 ], [ 116.8475674, -1.1754833, 0.0 ], [ 116.8467536, -1.1754381, 0.0 ], [ 116.8463729, -1.1754476, 0.0 ], [ 116.8460802, -1.1754881, 0.0 ], [ 116.8458767, -1.175565, 0.0 ], [ 116.8457691, -1.1756188, 0.0 ], [ 116.8456627, -1.1756817, 0.0 ], [ 116.84511, -1.176037, 0.0 ], [ 116.8448941, -1.1761558, 0.0 ], [ 116.8447764, -1.1761989, 0.0 ], [ 116.8443693, -1.1762729, 0.0 ], [ 116.8438814, -1.1762943, 0.0 ], [ 116.8435479, -1.1762897, 0.0 ], [ 116.8425931, -1.1762828, 0.0 ], [ 116.8421773, -1.1763029, 0.0 ], [ 116.8419383, -1.1763441, 0.0 ], [ 116.8418284, -1.1763838, 0.0 ], [ 116.8417272, -1.1764507, 0.0 ], [ 116.8414165, -1.1766735, 0.0 ], [ 116.8401366, -1.1776537, 0.0 ], [ 116.8398906, -1.1779632, 0.0 ], [ 116.8398265, -1.1780742, 0.0 ], [ 116.8397817, -1.1781795, 0.0 ], [ 116.8397583, -1.1782845, 0.0 ], [ 116.8397496, -1.178386, 0.0 ], [ 116.8397637, -1.1784712, 0.0 ], [ 116.8397869, -1.1785476, 0.0 ], [ 116.839828, -1.1786191, 0.0 ], [ 116.8398678, -1.1786916, 0.0 ], [ 116.840034, -1.1790863, 0.0 ], [ 116.8400527, -1.1791883, 0.0 ], [ 116.8400547, -1.179295, 0.0 ], [ 116.8400344, -1.1794039, 0.0 ], [ 116.8400024, -1.1795132, 0.0 ], [ 116.8399562, -1.1796258, 0.0 ], [ 116.839386, -1.1803669, 0.0 ], [ 116.8392878, -1.1804275, 0.0 ], [ 116.8391823, -1.1804825, 0.0 ], [ 116.8386271, -1.1807773, 0.0 ], [ 116.8385372, -1.1808588, 0.0 ], [ 116.8384633, -1.1809479, 0.0 ], [ 116.8383693, -1.181164, 0.0 ], [ 116.8383433, -1.1812832, 0.0 ], [ 116.8383057, -1.1815771, 0.0 ], [ 116.8382971, -1.1816333, 0.0 ], [ 116.8382635, -1.1818865, 0.0 ], [ 116.837985, -1.1824758, 0.0 ], [ 116.8377646, -1.1829383, 0.0 ], [ 116.8374936, -1.1836056, 0.0 ], [ 116.8370104, -1.184254, 0.0 ], [ 116.8362199, -1.1849194, 0.0 ], [ 116.8361199, -1.1850309, 0.0 ], [ 116.8360481, -1.1851711, 0.0 ], [ 116.8359925, -1.1853215, 0.0 ], [ 116.8359536, -1.1854765, 0.0 ], [ 116.8359272, -1.1856242, 0.0 ], [ 116.8359104, -1.1857581, 0.0 ], [ 116.8358581, -1.1865043, 0.0 ], [ 116.836052, -1.1875452, 0.0 ], [ 116.836082, -1.1878798, 0.0 ], [ 116.8360733, -1.1880477, 0.0 ], [ 116.8360313, -1.1882188, 0.0 ], [ 116.8359722, -1.1883832, 0.0 ], [ 116.8358981, -1.1885395, 0.0 ], [ 116.8358174, -1.1886897, 0.0 ], [ 116.8355753, -1.189082, 0.0 ], [ 116.8353308, -1.1893587, 0.0 ], [ 116.8352312, -1.1894212, 0.0 ], [ 116.8351205, -1.1894774, 0.0 ], [ 116.8350017, -1.1895269, 0.0 ], [ 116.8341491, -1.1899857, 0.0 ], [ 116.8339505, -1.1901684, 0.0 ], [ 116.8338519, -1.1902773, 0.0 ], [ 116.8337542, -1.1904022, 0.0 ], [ 116.8329293, -1.1917086, 0.0 ], [ 116.832387, -1.1922833, 0.0 ], [ 116.8322302, -1.1924831, 0.0 ], [ 116.832162, -1.1925936, 0.0 ], [ 116.8321064, -1.1927177, 0.0 ], [ 116.8320662, -1.1928511, 0.0 ], [ 116.8320416, -1.1929854, 0.0 ], [ 116.832029, -1.1931134, 0.0 ], [ 116.8320262, -1.1932388, 0.0 ], [ 116.8320309, -1.1933641, 0.0 ], [ 116.8320568, -1.1942867, 0.0 ], [ 116.8320214, -1.1944099, 0.0 ], [ 116.8319676, -1.1945272, 0.0 ], [ 116.8318979, -1.1946361, 0.0 ], [ 116.8318142, -1.1947358, 0.0 ], [ 116.8315996, -1.1949084, 0.0 ], [ 116.831473, -1.1949885, 0.0 ], [ 116.8303584, -1.1957073, 0.0 ], [ 116.8296962, -1.1961822, 0.0 ], [ 116.8294929, -1.1962773, 0.0 ], [ 116.8283064, -1.1968379, 0.0 ], [ 116.8276127, -1.1971153, 0.0 ], [ 116.8272609, -1.1973238, 0.0 ], [ 116.8271677, -1.1974156, 0.0 ], [ 116.8270888, -1.1975166, 0.0 ], [ 116.8267416, -1.1980788, 0.0 ], [ 116.826703, -1.1981985, 0.0 ], [ 116.8266813, -1.1983169, 0.0 ], [ 116.8266771, -1.1984407, 0.0 ], [ 116.8267139, -1.1987018, 0.0 ], [ 116.8267341, -1.1996963, 0.0 ], [ 116.8267015, -1.1998352, 0.0 ], [ 116.8266557, -1.199968, 0.0 ], [ 116.8265958, -1.200092, 0.0 ], [ 116.8265233, -1.2002051, 0.0 ], [ 116.8264425, -1.2003022, 0.0 ], [ 116.8263582, -1.2003737, 0.0 ], [ 116.8262775, -1.2004336, 0.0 ], [ 116.8261952, -1.2004868, 0.0 ], [ 116.8257522, -1.2007496, 0.0 ], [ 116.8251044, -1.2014459, 0.0 ], [ 116.8243873, -1.2023908, 0.0 ], [ 116.8241849, -1.2026496, 0.0 ], [ 116.8241472, -1.2026786, 0.0 ], [ 116.8239053, -1.2028313, 0.0 ], [ 116.8236305, -1.2029022, 0.0 ], [ 116.8235176, -1.20291, 0.0 ], [ 116.8231107, -1.202913, 0.0 ], [ 116.8229575, -1.2028948, 0.0 ], [ 116.8227986, -1.2028607, 0.0 ], [ 116.8226433, -1.2028075, 0.0 ], [ 116.8224947, -1.2027432, 0.0 ], [ 116.8214767, -1.2021384, 0.0 ], [ 116.8213862, -1.2020541, 0.0 ], [ 116.821309, -1.2019704, 0.0 ], [ 116.8212467, -1.2018901, 0.0 ], [ 116.8211928, -1.201815, 0.0 ], [ 116.8211409, -1.2017439, 0.0 ], [ 116.821021, -1.2015391, 0.0 ], [ 116.8209645, -1.2014862, 0.0 ], [ 116.8208267, -1.2014117, 0.0 ], [ 116.820749, -1.2013896, 0.0 ], [ 116.820534, -1.2013458, 0.0 ] ] } },
{ "type": "Feature", "properties": { "OBJECTID": 0, "Kl_Dat_Das": "Jalan Non Tol", "Nm_Ruas": "JL. MOEIS HASAN (SAMARINDA)", "Thn_Data": 2023, "Status": "Jalan Provinsi", "Fungsi": "Jalan Kolektor Primer 3", "Mendukung": "Strategis", "Ura_Dukung": null, "Kd_Bd_PU": "2", "Kd_Jns_Inf": "1", "Kd_Inf": "34 020 K", "Propinsi": "Kalimantan Timur", "Kab_Kot": "Samarinda", "Kecamatan": "Loa Janan Ilir", "Desa_Kel": "HARAPAN BARU / SIMPANG TIGA", "Tk_Ruas_Aw": "-0.556969, 117.089518", "Tk_Ruas_Ak": "-0.564110, 117.109358", "Kd_Patok": null, "Km_Awal": 0.0, "Km_Akhir": 2.3577760596899999, "Nm_Lintas": null, "Kon_Baik": 0.0, "Kon_Sdg": 0.0, "Kon_Rgn": 0.0, "Kon_Rusak": 0.0, "Kon_Mntp": 2.36, "Kon_T_Mntp": 0.0, "Panjang": 2.3567514413200001, "Lbr_Keras": 14.0, "LHRT": 0.0, "VCR": 0.0, "Tipe_Jln": 4, "MST": 8.0, "Tanah_Kri": 0.0, "Macadam": 0.0, "Aspal": 0.0, "Rigid": 100.0, "Thn_Pen_Ak": 0, "Jns_Pen": null, "Koord_X_Aw": 117.109358343, "Koord_Y_Aw": -0.564110495, "Koord_X_Ak": 117.08951837399999, "Koord_Y_Ak": -0.556969587, "Shape_Leng": 0.0, "Status_J_1": "Sudah Terbangun", "Keterangan": null, "Masuk": "YES", "panjangjal": 2.3577760596899999 }, "geometry": { "type": "LineString", "coordinates": [ [ 117.1093583, -0.5641105, 0.0 ], [ 117.1081309, -0.5638355, 0.0 ], [ 117.1080389, -0.5638093, 0.0 ], [ 117.1069056, -0.563524, 0.0 ], [ 117.1059586, -0.5633026, 0.0 ], [ 117.1051542, -0.5631477, 0.0 ], [ 117.1041342, -0.5629001, 0.0 ], [ 117.1034625, -0.5626946, 0.0 ], [ 117.1026495, -0.5624295, 0.0 ], [ 117.10155, -0.5620306, 0.0 ], [ 117.100364, -0.5615698, 0.0 ], [ 117.0991069, -0.5610781, 0.0 ], [ 117.0975559, -0.5604891, 0.0 ], [ 117.0964581, -0.5600725, 0.0 ], [ 117.0949807, -0.5595284, 0.0 ], [ 117.0939946, -0.5591808, 0.0 ], [ 117.0939449, -0.5591576, 0.0 ], [ 117.0938387, -0.5591068, 0.0 ], [ 117.0927706, -0.5586252, 0.0 ], [ 117.0918522, -0.5581027, 0.0 ], [ 117.0910107, -0.557636, 0.0 ], [ 117.0900929, -0.5570515, 0.0 ], [ 117.0895184, -0.5569696, 0.0 ] ] } },
{ "type": "Feature", "properties": { "OBJECTID": 0, "Kl_Dat_Das": "Jalan Non Tol", "Nm_Ruas": "JL. MT. HARYONO (SAMARINDA)", "Thn_Data": 2023, "Status": "Jalan Provinsi", "Fungsi": "Jalan Kolektor Primer 2", "Mendukung": "Non Strategis", "Ura_Dukung": null, "Kd_Bd_PU": "2", "Kd_Jns_Inf": "1", "Kd_Inf": "34 006 K", "Propinsi": "Kalimantan Timur", "Kab_Kot": "Samarinda", "Kecamatan": "Sungai Kunjang / Samarinda Ulu", "Desa_Kel": "AIR PUTIH / KARANG ANYAR", "Tk_Ruas_Aw": "-0.467703, 117.120725", "Tk_Ruas_Ak": "-0.500020, 117.112420\r\n", "Kd_Patok": null, "Km_Awal": 0.0, "Km_Akhir": 2.5605260247100001, "Nm_Lintas": null, "Kon_Baik": 0.0, "Kon_Sdg": 0.0, "Kon_Rgn": 0.87, "Kon_Rusak": 0.0, "Kon_Mntp": 1.7, "Kon_T_Mntp": 0.87, "Panjang": 2.5696401111, "Lbr_Keras": 14.0, "LHRT": 0.0, "VCR": 0.0, "Tipe_Jln": 2, "MST": 8.0, "Tanah_Kri": 0.0, "Macadam": 0.0, "Aspal": 89.494163424099995, "Rigid": 10.5058365759, "Thn_Pen_Ak": 0, "Jns_Pen": null, "Koord_X_Aw": 117.112394839, "Koord_Y_Aw": -0.500065072, "Koord_X_Ak": 117.12678908700001, "Koord_Y_Ak": -0.484592397, "Shape_Leng": 0.0, "Status_J_1": "Sudah Terbangun", "Keterangan": null, "Masuk": "YES", "panjangjal": 2.5605260247100001 }, "geometry": { "type": "LineString", "coordinates": [ [ 117.1123948, -0.5000651, 0.0 ], [ 117.1128191, -0.4993236, 0.0 ], [ 117.1135088, -0.4981892, 0.0 ], [ 117.1138265, -0.4974368, 0.0 ], [ 117.1139555, -0.4972081, 0.0 ], [ 117.1139833, -0.4971537, 0.0 ], [ 117.1140881, -0.4969924, 0.0 ], [ 117.114324, -0.4966897, 0.0 ], [ 117.1143608, -0.4966184, 0.0 ], [ 117.1143849, -0.4965492, 0.0 ], [ 117.114395, -0.4964777, 0.0 ], [ 117.1143956, -0.4963229, 0.0 ], [ 117.1143636, -0.4961937, 0.0 ], [ 117.1141965, -0.4952254, 0.0 ], [ 117.1142066, -0.4951266, 0.0 ], [ 117.1142286, -0.495023, 0.0 ], [ 117.114583, -0.4939934, 0.0 ], [ 117.1146284, -0.4939172, 0.0 ], [ 117.1147268, -0.493797, 0.0 ], [ 117.1147824, -0.4937495, 0.0 ], [ 117.1148454, -0.4937127, 0.0 ], [ 117.1149147, -0.4936883, 0.0 ], [ 117.1149889, -0.4936798, 0.0 ], [ 117.1150656, -0.4936861, 0.0 ], [ 117.1151409, -0.4937009, 0.0 ], [ 117.1152156, -0.4937243, 0.0 ], [ 117.1152906, -0.4937533, 0.0 ], [ 117.1153648, -0.4937871, 0.0 ], [ 117.1155529, -0.4939082, 0.0 ], [ 117.1158527, -0.4940605, 0.0 ], [ 117.1161785, -0.4941656, 0.0 ], [ 117.1162664, -0.4941777, 0.0 ], [ 117.1163597, -0.4941761, 0.0 ], [ 117.1164537, -0.4941587, 0.0 ], [ 117.1165427, -0.4941271, 0.0 ], [ 117.116625, -0.494085, 0.0 ], [ 117.1167012, -0.4940365, 0.0 ], [ 117.1167719, -0.4939822, 0.0 ], [ 117.1168382, -0.4939259, 0.0 ], [ 117.1172127, -0.4934861, 0.0 ], [ 117.1172624, -0.4934291, 0.0 ], [ 117.1173619, -0.4933041, 0.0 ], [ 117.1174371, -0.4932147, 0.0 ], [ 117.1177762, -0.4928759, 0.0 ], [ 117.1180135, -0.4926968, 0.0 ], [ 117.1187653, -0.4921669, 0.0 ], [ 117.1192864, -0.491657, 0.0 ], [ 117.1200036, -0.4904833, 0.0 ], [ 117.120601, -0.4894913, 0.0 ], [ 117.1212077, -0.4885189, 0.0 ], [ 117.1214963, -0.4880961, 0.0 ], [ 117.1216739, -0.4878948, 0.0 ], [ 117.1225292, -0.4871079, 0.0 ], [ 117.1234235, -0.4863836, 0.0 ], [ 117.1245485, -0.4857669, 0.0 ], [ 117.12586, -0.4850574, 0.0 ], [ 117.1266715, -0.4846031, 0.0 ] ] } },
{ "type": "Feature", "properties": { "OBJECTID": 0, "Kl_Dat_Das": "Jalan Non Tol", "Nm_Ruas": "SAMARINDA - ANGGANA", "Thn_Data": 2023, "Status": "Jalan Provinsi", "Fungsi": "Jalan Kolektor Primer 3", "Mendukung": "Non Strategis", "Ura_Dukung": null, "Kd_Bd_PU": "2", "Kd_Jns_Inf": "1", "Kd_Inf": "34 041", "Propinsi": "Kalimantan Timur", "Kab_Kot": "Samarinda", "Kecamatan": "Samarinda Ilir / Sambutan / Anggana", "Desa_Kel": "SUNGAI DAMA / SAMBUTAN / PULAU ATAS / MAKROMAN / PULAU ATAS / SUNGAI MERIAM", "Tk_Ruas_Aw": "-0.502992, 117.158475", "Tk_Ruas_Ak": "-0.572561, 117.266181", "Kd_Patok": null, "Km_Awal": 0.0, "Km_Akhir": 18.011366241699999, "Nm_Lintas": null, "Kon_Baik": 0.0, "Kon_Sdg": 0.0, "Kon_Rgn": 9.5, "Kon_Rusak": 0.0, "Kon_Mntp": 8.5, "Kon_T_Mntp": 9.5, "Panjang": 18.0, "Lbr_Keras": 7.0, "LHRT": 0.0, "VCR": 0.0, "Tipe_Jln": 2, "MST": 8.0, "Tanah_Kri": 0.0, "Macadam": 0.0, "Aspal": 83.055555555599994, "Rigid": 16.944444444399998, "Thn_Pen_Ak": 2016, "Jns_Pen": "Peningkatan", "Koord_X_Aw": 117.15918079, "Koord_Y_Aw": -0.503223566, "Koord_X_Ak": 117.266181586, "Koord_Y_Ak": -0.57256102, "Shape_Leng": 0.0, "Status_J_1": "Sudah Terbangun", "Keterangan": null, "Masuk": "YES", "panjangjal": 18.011366241699999 }, "geometry": { "type": "LineString", "coordinates": [ [ 117.158476, -0.5029929, 0.0 ], [ 117.1591808, -0.5032236, 0.0 ], [ 117.1595716, -0.503375, 0.0 ], [ 117.1596661, -0.5034081, 0.0 ], [ 117.1597128, -0.5034222, 0.0 ], [ 117.1598722, -0.5034824, 0.0 ], [ 117.1601863, -0.5035959, 0.0 ], [ 117.1604553, -0.5037032, 0.0 ], [ 117.1606919, -0.5037992, 0.0 ], [ 117.1609308, -0.5038925, 0.0 ], [ 117.1610663, -0.5039465, 0.0 ], [ 117.1611901, -0.5040084, 0.0 ], [ 117.1612927, -0.5040732, 0.0 ], [ 117.1615822, -0.5042875, 0.0 ], [ 117.1616206, -0.5043178, 0.0 ], [ 117.161799, -0.5044575, 0.0 ], [ 117.1620717, -0.5046514, 0.0 ], [ 117.1625726, -0.5048765, 0.0 ], [ 117.1626334, -0.5048905, 0.0 ], [ 117.1627616, -0.504904, 0.0 ], [ 117.1636791, -0.5049699, 0.0 ], [ 117.1637799, -0.504989, 0.0 ], [ 117.1639649, -0.5050626, 0.0 ], [ 117.1639969, -0.5050854, 0.0 ], [ 117.1640223, -0.5051043, 0.0 ], [ 117.1644313, -0.5053531, 0.0 ], [ 117.1644779, -0.5053812, 0.0 ], [ 117.1645221, -0.5054143, 0.0 ], [ 117.1645617, -0.505451, 0.0 ], [ 117.1645951, -0.505492, 0.0 ], [ 117.1646229, -0.5055369, 0.0 ], [ 117.1646464, -0.5055854, 0.0 ], [ 117.1647132, -0.5057737, 0.0 ], [ 117.1647531, -0.5059045, 0.0 ], [ 117.1648644, -0.5062351, 0.0 ], [ 117.1649964, -0.5064635, 0.0 ], [ 117.1651499, -0.5066327, 0.0 ], [ 117.1656493, -0.5071647, 0.0 ], [ 117.1656692, -0.5071889, 0.0 ], [ 117.1658191, -0.507422, 0.0 ], [ 117.1658386, -0.5074539, 0.0 ], [ 117.1660318, -0.5077289, 0.0 ], [ 117.16608, -0.5077624, 0.0 ], [ 117.1661348, -0.5077928, 0.0 ], [ 117.1661931, -0.5078184, 0.0 ], [ 117.1662586, -0.5078374, 0.0 ], [ 117.1663269, -0.5078515, 0.0 ], [ 117.1663933, -0.5078608, 0.0 ], [ 117.1665944, -0.5078826, 0.0 ], [ 117.1668635, -0.5079189, 0.0 ], [ 117.1676904, -0.5079453, 0.0 ], [ 117.1683063, -0.5079065, 0.0 ], [ 117.1687526, -0.5078297, 0.0 ], [ 117.1693759, -0.5076986, 0.0 ], [ 117.1696909, -0.5076297, 0.0 ], [ 117.1697448, -0.5076193, 0.0 ], [ 117.1701932, -0.5075347, 0.0 ], [ 117.1706039, -0.5074546, 0.0 ], [ 117.1712956, -0.5073219, 0.0 ], [ 117.171607, -0.5072662, 0.0 ], [ 117.1717695, -0.507235, 0.0 ], [ 117.1718864, -0.507204, 0.0 ], [ 117.1720458, -0.5071587, 0.0 ], [ 117.172071, -0.5071496, 0.0 ], [ 117.1722859, -0.5070957, 0.0 ], [ 117.1724728, -0.5070446, 0.0 ], [ 117.1727171, -0.5069742, 0.0 ], [ 117.1727804, -0.5069624, 0.0 ], [ 117.1728461, -0.5069462, 0.0 ], [ 117.1729144, -0.5069217, 0.0 ], [ 117.1729818, -0.5068913, 0.0 ], [ 117.1730506, -0.5068528, 0.0 ], [ 117.1737288, -0.5063348, 0.0 ], [ 117.1744812, -0.5058365, 0.0 ], [ 117.1745401, -0.5057728, 0.0 ], [ 117.174583, -0.5057008, 0.0 ], [ 117.17461, -0.5056226, 0.0 ], [ 117.1746207, -0.5055461, 0.0 ], [ 117.1746197, -0.5054728, 0.0 ], [ 117.1746146, -0.5054037, 0.0 ], [ 117.1746056, -0.5052095, 0.0 ], [ 117.1746115, -0.5051448, 0.0 ], [ 117.1746238, -0.5050791, 0.0 ], [ 117.1746845, -0.5049441, 0.0 ], [ 117.1747317, -0.5048771, 0.0 ], [ 117.1748449, -0.5047575, 0.0 ], [ 117.1749031, -0.5047053, 0.0 ], [ 117.1749684, -0.5046605, 0.0 ], [ 117.1755952, -0.5044434, 0.0 ], [ 117.1756653, -0.5044465, 0.0 ], [ 117.1757358, -0.5044584, 0.0 ], [ 117.1758057, -0.5044762, 0.0 ], [ 117.1758771, -0.504501, 0.0 ], [ 117.1759484, -0.5045439, 0.0 ], [ 117.1760158, -0.5046006, 0.0 ], [ 117.17608, -0.5046698, 0.0 ], [ 117.1761445, -0.5047501, 0.0 ], [ 117.1762105, -0.5048285, 0.0 ], [ 117.1764085, -0.5050526, 0.0 ], [ 117.176666, -0.5053154, 0.0 ], [ 117.1769968, -0.5056386, 0.0 ], [ 117.177619, -0.5060737, 0.0 ], [ 117.17768, -0.5061271, 0.0 ], [ 117.1777332, -0.5061852, 0.0 ], [ 117.1777774, -0.506251, 0.0 ], [ 117.1778126, -0.5063202, 0.0 ], [ 117.1778398, -0.5063855, 0.0 ], [ 117.1778591, -0.5064439, 0.0 ], [ 117.1778736, -0.506494, 0.0 ], [ 117.1780315, -0.5070202, 0.0 ], [ 117.1781392, -0.50736, 0.0 ], [ 117.1784819, -0.5082777, 0.0 ], [ 117.178741, -0.5088353, 0.0 ], [ 117.1787874, -0.5089011, 0.0 ], [ 117.1788412, -0.5089623, 0.0 ], [ 117.1789022, -0.5090189, 0.0 ], [ 117.1789697, -0.5090687, 0.0 ], [ 117.1790429, -0.5091126, 0.0 ], [ 117.1791218, -0.5091526, 0.0 ], [ 117.1792027, -0.5091891, 0.0 ], [ 117.1803262, -0.5096646, 0.0 ], [ 117.1809298, -0.5099155, 0.0 ], [ 117.1813084, -0.5100522, 0.0 ], [ 117.1814712, -0.5100585, 0.0 ], [ 117.1815471, -0.5100433, 0.0 ], [ 117.1816171, -0.5100199, 0.0 ], [ 117.1818393, -0.5099278, 0.0 ], [ 117.1822836, -0.509712, 0.0 ], [ 117.1827306, -0.5096081, 0.0 ], [ 117.1828432, -0.5096059, 0.0 ], [ 117.1831037, -0.5096299, 0.0 ], [ 117.1831664, -0.5096588, 0.0 ], [ 117.1832259, -0.5096978, 0.0 ], [ 117.1835187, -0.509936, 0.0 ], [ 117.1837683, -0.5101479, 0.0 ], [ 117.1841049, -0.5105136, 0.0 ], [ 117.1841453, -0.5105897, 0.0 ], [ 117.1845586, -0.5116251, 0.0 ], [ 117.1846414, -0.5118738, 0.0 ], [ 117.1846646, -0.5119991, 0.0 ], [ 117.1846743, -0.51212, 0.0 ], [ 117.184674, -0.5122342, 0.0 ], [ 117.1846663, -0.5123414, 0.0 ], [ 117.1846492, -0.5124421, 0.0 ], [ 117.1846242, -0.512538, 0.0 ], [ 117.1845527, -0.5127142, 0.0 ], [ 117.1844542, -0.5129274, 0.0 ], [ 117.18444, -0.5129913, 0.0 ], [ 117.1844351, -0.5130507, 0.0 ], [ 117.1844371, -0.5131162, 0.0 ], [ 117.1844517, -0.5131878, 0.0 ], [ 117.1844796, -0.51326, 0.0 ], [ 117.1845181, -0.5133295, 0.0 ], [ 117.1845619, -0.5133971, 0.0 ], [ 117.1850202, -0.5139712, 0.0 ], [ 117.1853925, -0.5144382, 0.0 ], [ 117.1855761, -0.5147555, 0.0 ], [ 117.1856784, -0.5150097, 0.0 ], [ 117.1857683, -0.5153056, 0.0 ], [ 117.1858597, -0.5155036, 0.0 ], [ 117.1859797, -0.5156442, 0.0 ], [ 117.1861795, -0.5157453, 0.0 ], [ 117.1863699, -0.5158367, 0.0 ], [ 117.1865126, -0.515909, 0.0 ], [ 117.1866611, -0.5160118, 0.0 ], [ 117.186805, -0.5161599, 0.0 ], [ 117.1869001, -0.5162325, 0.0 ], [ 117.1869857, -0.5162979, 0.0 ], [ 117.1870662, -0.5163335, 0.0 ], [ 117.1871539, -0.5163544, 0.0 ], [ 117.1872452, -0.5163618, 0.0 ], [ 117.1873358, -0.5163597, 0.0 ], [ 117.1874224, -0.51635, 0.0 ], [ 117.1875056, -0.5163381, 0.0 ], [ 117.1879723, -0.51626, 0.0 ], [ 117.1882528, -0.5162182, 0.0 ], [ 117.1885224, -0.5162133, 0.0 ], [ 117.1891038, -0.5162267, 0.0 ], [ 117.1897048, -0.5162108, 0.0 ], [ 117.1899109, -0.5161762, 0.0 ], [ 117.1899881, -0.5161398, 0.0 ], [ 117.1900611, -0.5160977, 0.0 ], [ 117.1901297, -0.5160531, 0.0 ], [ 117.1904809, -0.5157935, 0.0 ], [ 117.1906742, -0.5156983, 0.0 ], [ 117.1908705, -0.5156299, 0.0 ], [ 117.1910845, -0.5156056, 0.0 ], [ 117.1911775, -0.5155974, 0.0 ], [ 117.1920252, -0.5156053, 0.0 ], [ 117.1927022, -0.5155927, 0.0 ], [ 117.1929584, -0.5155891, 0.0 ], [ 117.1937856, -0.5155729, 0.0 ], [ 117.1954632, -0.515529, 0.0 ], [ 117.1965558, -0.5154529, 0.0 ], [ 117.1979459, -0.5150643, 0.0 ], [ 117.1982233, -0.5150399, 0.0 ], [ 117.1983244, -0.5150399, 0.0 ], [ 117.1984226, -0.5150464, 0.0 ], [ 117.1985177, -0.5150587, 0.0 ], [ 117.1986095, -0.5150817, 0.0 ], [ 117.1986971, -0.5151184, 0.0 ], [ 117.1987809, -0.5151622, 0.0 ], [ 117.1988706, -0.5152356, 0.0 ], [ 117.198937, -0.515343, 0.0 ], [ 117.1990343, -0.5155015, 0.0 ], [ 117.1990968, -0.5156617, 0.0 ], [ 117.199149, -0.5157641, 0.0 ], [ 117.1991936, -0.5158698, 0.0 ], [ 117.199232, -0.5159788, 0.0 ], [ 117.1992454, -0.5161463, 0.0 ], [ 117.1993101, -0.5163786, 0.0 ], [ 117.199469, -0.5168837, 0.0 ], [ 117.1996089, -0.5173341, 0.0 ], [ 117.1998357, -0.5176186, 0.0 ], [ 117.199887, -0.5176649, 0.0 ], [ 117.1999404, -0.5177072, 0.0 ], [ 117.2, -0.5177434, 0.0 ], [ 117.2001857, -0.5178405, 0.0 ], [ 117.2002904, -0.517909, 0.0 ], [ 117.2004617, -0.5180004, 0.0 ], [ 117.2008652, -0.5181793, 0.0 ], [ 117.2014402, -0.5184953, 0.0 ], [ 117.201897, -0.5186609, 0.0 ], [ 117.2022665, -0.5187493, 0.0 ], [ 117.2026755, -0.5188156, 0.0 ], [ 117.20283, -0.5188404, 0.0 ], [ 117.2028928, -0.5188572, 0.0 ], [ 117.2030018, -0.5188982, 0.0 ], [ 117.2030508, -0.5189234, 0.0 ], [ 117.2030986, -0.5189575, 0.0 ], [ 117.2031454, -0.5189987, 0.0 ], [ 117.2031908, -0.5190457, 0.0 ], [ 117.2032331, -0.5190965, 0.0 ], [ 117.2037003, -0.5197469, 0.0 ], [ 117.2038363, -0.5198748, 0.0 ], [ 117.2038903, -0.5199075, 0.0 ], [ 117.2039498, -0.5199301, 0.0 ], [ 117.2040113, -0.5199437, 0.0 ], [ 117.2040723, -0.5199467, 0.0 ], [ 117.2041321, -0.5199399, 0.0 ], [ 117.2041909, -0.5199261, 0.0 ], [ 117.2042493, -0.5199096, 0.0 ], [ 117.2047992, -0.5196678, 0.0 ], [ 117.2048662, -0.5196631, 0.0 ], [ 117.2049287, -0.5196662, 0.0 ], [ 117.2049868, -0.5196751, 0.0 ], [ 117.2050393, -0.5196896, 0.0 ], [ 117.2050882, -0.5197088, 0.0 ], [ 117.2051332, -0.5197324, 0.0 ], [ 117.2051745, -0.51976, 0.0 ], [ 117.2052134, -0.5197914, 0.0 ], [ 117.2052509, -0.5198274, 0.0 ], [ 117.2052859, -0.519873, 0.0 ], [ 117.2053186, -0.5199227, 0.0 ], [ 117.2053821, -0.520028, 0.0 ], [ 117.2056978, -0.5204988, 0.0 ], [ 117.2058366, -0.5207909, 0.0 ], [ 117.2060651, -0.5211859, 0.0 ], [ 117.2066276, -0.5218635, 0.0 ], [ 117.2067141, -0.5219677, 0.0 ], [ 117.2068602, -0.5221802, 0.0 ], [ 117.2069085, -0.5222367, 0.0 ], [ 117.2073722, -0.5227009, 0.0 ], [ 117.2076067, -0.523002, 0.0 ], [ 117.2077422, -0.5231677, 0.0 ], [ 117.2078272, -0.5232929, 0.0 ], [ 117.2080461, -0.5237867, 0.0 ], [ 117.2081091, -0.523923, 0.0 ], [ 117.2081506, -0.5239891, 0.0 ], [ 117.2082006, -0.5240533, 0.0 ], [ 117.2082579, -0.524114, 0.0 ], [ 117.2083184, -0.5241676, 0.0 ], [ 117.2083828, -0.5242132, 0.0 ], [ 117.2084472, -0.5242511, 0.0 ], [ 117.2092047, -0.5246538, 0.0 ], [ 117.2092647, -0.5246765, 0.0 ], [ 117.209371, -0.5247062, 0.0 ], [ 117.2094455, -0.5247187, 0.0 ], [ 117.2096184, -0.524727, 0.0 ], [ 117.2097583, -0.5247013, 0.0 ], [ 117.2099311, -0.5246442, 0.0 ], [ 117.2100816, -0.5245992, 0.0 ], [ 117.2102708, -0.5245928, 0.0 ], [ 117.2103975, -0.5245957, 0.0 ], [ 117.2104771, -0.5245978, 0.0 ], [ 117.2110006, -0.524603, 0.0 ], [ 117.2112743, -0.5244713, 0.0 ], [ 117.2115777, -0.5243256, 0.0 ], [ 117.2117978, -0.5242631, 0.0 ], [ 117.2120631, -0.5242429, 0.0 ], [ 117.2122639, -0.5242516, 0.0 ], [ 117.2125566, -0.5243216, 0.0 ], [ 117.212885, -0.5244448, 0.0 ], [ 117.2134481, -0.5247588, 0.0 ], [ 117.2136065, -0.5248639, 0.0 ], [ 117.2137172, -0.5249476, 0.0 ], [ 117.2139196, -0.5251308, 0.0 ], [ 117.2141543, -0.5253713, 0.0 ], [ 117.2143041, -0.5255351, 0.0 ], [ 117.214533, -0.5257734, 0.0 ], [ 117.2153737, -0.5267117, 0.0 ], [ 117.2156622, -0.5270189, 0.0 ], [ 117.2157231, -0.5270867, 0.0 ], [ 117.215838, -0.5272175, 0.0 ], [ 117.2160905, -0.5275073, 0.0 ], [ 117.216611, -0.5280896, 0.0 ], [ 117.2166934, -0.5281408, 0.0 ], [ 117.216782, -0.5281777, 0.0 ], [ 117.2168754, -0.5281957, 0.0 ], [ 117.216961, -0.5282068, 0.0 ], [ 117.2170335, -0.5282102, 0.0 ], [ 117.2171527, -0.5282193, 0.0 ], [ 117.2172474, -0.5282147, 0.0 ], [ 117.2173526, -0.528197, 0.0 ], [ 117.2175125, -0.5281736, 0.0 ], [ 117.2176172, -0.5281299, 0.0 ], [ 117.2176715, -0.5280978, 0.0 ], [ 117.2177885, -0.5280347, 0.0 ], [ 117.217897, -0.52793, 0.0 ], [ 117.2179636, -0.527791, 0.0 ], [ 117.2180246, -0.5276901, 0.0 ], [ 117.218135, -0.5276083, 0.0 ], [ 117.2182925, -0.52753, 0.0 ], [ 117.218486, -0.5275039, 0.0 ], [ 117.2188005, -0.5273812, 0.0 ], [ 117.2188663, -0.5273297, 0.0 ], [ 117.2189261, -0.5272659, 0.0 ], [ 117.2189771, -0.5271904, 0.0 ], [ 117.2190204, -0.5271042, 0.0 ], [ 117.2190608, -0.5270128, 0.0 ], [ 117.2193895, -0.5263754, 0.0 ], [ 117.2194416, -0.5263053, 0.0 ], [ 117.2194998, -0.5262434, 0.0 ], [ 117.2196375, -0.526152, 0.0 ], [ 117.2197165, -0.5261267, 0.0 ], [ 117.2198005, -0.5261138, 0.0 ], [ 117.2198874, -0.5261146, 0.0 ], [ 117.2199742, -0.5261283, 0.0 ], [ 117.220058, -0.5261582, 0.0 ], [ 117.2201357, -0.5262013, 0.0 ], [ 117.2202053, -0.5262542, 0.0 ], [ 117.2202681, -0.5263148, 0.0 ], [ 117.2203625, -0.5264383, 0.0 ], [ 117.2203939, -0.5264939, 0.0 ], [ 117.2204157, -0.52654, 0.0 ], [ 117.2204377, -0.5265941, 0.0 ], [ 117.2205925, -0.5270639, 0.0 ], [ 117.2206953, -0.527555, 0.0 ], [ 117.220847, -0.5278269, 0.0 ], [ 117.2209945, -0.5280315, 0.0 ], [ 117.2211287, -0.5281871, 0.0 ], [ 117.2211944, -0.5282695, 0.0 ], [ 117.2213293, -0.5284199, 0.0 ], [ 117.2213711, -0.5285059, 0.0 ], [ 117.221401, -0.5285976, 0.0 ], [ 117.2214167, -0.5286942, 0.0 ], [ 117.221418, -0.5287929, 0.0 ], [ 117.221403, -0.5288897, 0.0 ], [ 117.2213766, -0.528984, 0.0 ], [ 117.2213432, -0.5290783, 0.0 ], [ 117.221304, -0.5291731, 0.0 ], [ 117.2211765, -0.5294687, 0.0 ], [ 117.2210873, -0.529665, 0.0 ], [ 117.2210944, -0.5298435, 0.0 ], [ 117.2210988, -0.529938, 0.0 ], [ 117.2211211, -0.5300346, 0.0 ], [ 117.2211544, -0.5301335, 0.0 ], [ 117.2211967, -0.5302305, 0.0 ], [ 117.2213461, -0.5304337, 0.0 ], [ 117.2213971, -0.5305111, 0.0 ], [ 117.2214887, -0.5306348, 0.0 ], [ 117.2215776, -0.5307398, 0.0 ], [ 117.2217425, -0.5308895, 0.0 ], [ 117.2219469, -0.5310754, 0.0 ], [ 117.2220115, -0.5311475, 0.0 ], [ 117.2220724, -0.5312237, 0.0 ], [ 117.2222486, -0.5314527, 0.0 ], [ 117.2223181, -0.5315171, 0.0 ], [ 117.222396, -0.5315713, 0.0 ], [ 117.2224779, -0.5316175, 0.0 ], [ 117.2225811, -0.5317113, 0.0 ], [ 117.222647, -0.5317788, 0.0 ], [ 117.2226976, -0.5318597, 0.0 ], [ 117.2227196, -0.5319556, 0.0 ], [ 117.2227276, -0.5320584, 0.0 ], [ 117.2227267, -0.5321647, 0.0 ], [ 117.2226905, -0.5327561, 0.0 ], [ 117.2226616, -0.5333767, 0.0 ], [ 117.2225886, -0.5340569, 0.0 ], [ 117.2227507, -0.534993, 0.0 ], [ 117.2227897, -0.535189, 0.0 ], [ 117.2228113, -0.5355212, 0.0 ], [ 117.2228035, -0.5356418, 0.0 ], [ 117.222786, -0.5357642, 0.0 ], [ 117.222751, -0.5362208, 0.0 ], [ 117.2227494, -0.5363312, 0.0 ], [ 117.2227662, -0.5364431, 0.0 ], [ 117.2227985, -0.5365549, 0.0 ], [ 117.2228421, -0.5366612, 0.0 ], [ 117.2228878, -0.5367638, 0.0 ], [ 117.2230713, -0.5371102, 0.0 ], [ 117.2231555, -0.5372434, 0.0 ], [ 117.2231962, -0.5372966, 0.0 ], [ 117.2232393, -0.5373439, 0.0 ], [ 117.2233212, -0.5374036, 0.0 ], [ 117.2233914, -0.5374197, 0.0 ], [ 117.2234654, -0.5374246, 0.0 ], [ 117.223545, -0.5374173, 0.0 ], [ 117.2236277, -0.537398, 0.0 ], [ 117.2238039, -0.5373317, 0.0 ], [ 117.2239738, -0.5372383, 0.0 ], [ 117.2240589, -0.5371917, 0.0 ], [ 117.2242385, -0.5371361, 0.0 ], [ 117.2243295, -0.537138, 0.0 ], [ 117.2244163, -0.5371604, 0.0 ], [ 117.2244969, -0.5372025, 0.0 ], [ 117.2245681, -0.5372568, 0.0 ], [ 117.2246274, -0.5373187, 0.0 ], [ 117.2247223, -0.5374539, 0.0 ], [ 117.2249689, -0.5378537, 0.0 ], [ 117.2251478, -0.5381488, 0.0 ], [ 117.2252639, -0.5382782, 0.0 ], [ 117.2253458, -0.538341, 0.0 ], [ 117.2254217, -0.5383658, 0.0 ], [ 117.225496, -0.5384, 0.0 ], [ 117.225576, -0.5384224, 0.0 ], [ 117.2256585, -0.5384331, 0.0 ], [ 117.2257419, -0.538435, 0.0 ], [ 117.2258256, -0.5384312, 0.0 ], [ 117.2259111, -0.5384231, 0.0 ], [ 117.2262852, -0.5383848, 0.0 ], [ 117.2266476, -0.5383606, 0.0 ], [ 117.2278836, -0.5383164, 0.0 ], [ 117.2279121, -0.5383159, 0.0 ], [ 117.2281559, -0.5383037, 0.0 ], [ 117.2283487, -0.5383536, 0.0 ], [ 117.2283558, -0.5385678, 0.0 ], [ 117.2283566, -0.5386251, 0.0 ], [ 117.2283374, -0.5389796, 0.0 ], [ 117.2283296, -0.5392697, 0.0 ], [ 117.2282987, -0.5403334, 0.0 ], [ 117.2282018, -0.5418283, 0.0 ], [ 117.2281464, -0.5433882, 0.0 ], [ 117.2280832, -0.5449398, 0.0 ], [ 117.228037, -0.546583, 0.0 ], [ 117.2279894, -0.5477569, 0.0 ], [ 117.2279557, -0.5489547, 0.0 ], [ 117.2279275, -0.549532, 0.0 ], [ 117.227896, -0.5503771, 0.0 ], [ 117.2278893, -0.5521417, 0.0 ], [ 117.2278457, -0.5530077, 0.0 ], [ 117.2278037, -0.5541479, 0.0 ], [ 117.2277816, -0.554502, 0.0 ], [ 117.2277469, -0.5553991, 0.0 ], [ 117.2277163, -0.5559619, 0.0 ], [ 117.227672, -0.5565504, 0.0 ], [ 117.2276682, -0.5566144, 0.0 ], [ 117.2276421, -0.5575899, 0.0 ], [ 117.2275838, -0.5589268, 0.0 ], [ 117.2275396, -0.5602541, 0.0 ], [ 117.2274942, -0.5615262, 0.0 ], [ 117.2274978, -0.5615506, 0.0 ], [ 117.2275026, -0.5617249, 0.0 ], [ 117.2274795, -0.5618268, 0.0 ], [ 117.2276203, -0.5619717, 0.0 ], [ 117.2281612, -0.5620157, 0.0 ], [ 117.2282906, -0.5620217, 0.0 ], [ 117.2290531, -0.5620369, 0.0 ], [ 117.2304992, -0.5620746, 0.0 ], [ 117.2311905, -0.56216, 0.0 ], [ 117.2312528, -0.5621887, 0.0 ], [ 117.2326132, -0.5629706, 0.0 ], [ 117.2338326, -0.5634863, 0.0 ], [ 117.2355807, -0.5641748, 0.0 ], [ 117.2366076, -0.5645068, 0.0 ], [ 117.2380253, -0.5649155, 0.0 ], [ 117.24001, -0.565501, 0.0 ], [ 117.2416117, -0.5657058, 0.0 ], [ 117.2423371, -0.5658112, 0.0 ], [ 117.2424131, -0.5658243, 0.0 ], [ 117.2442057, -0.5660623, 0.0 ], [ 117.2454434, -0.5662369, 0.0 ], [ 117.2455184, -0.5662433, 0.0 ], [ 117.245592, -0.5662515, 0.0 ], [ 117.2463129, -0.5663676, 0.0 ], [ 117.2470143, -0.5664855, 0.0 ], [ 117.2481596, -0.5667009, 0.0 ], [ 117.2492123, -0.566886, 0.0 ], [ 117.2505611, -0.5671705, 0.0 ], [ 117.2520691, -0.5678112, 0.0 ], [ 117.2534851, -0.568163, 0.0 ], [ 117.2551005, -0.568493, 0.0 ], [ 117.2560308, -0.568771, 0.0 ], [ 117.257585, -0.5693234, 0.0 ], [ 117.2596428, -0.5700462, 0.0 ], [ 117.2608089, -0.5704395, 0.0 ], [ 117.2621145, -0.5709118, 0.0 ], [ 117.2633362, -0.5713804, 0.0 ], [ 117.2643737, -0.5719402, 0.0 ], [ 117.2648175, -0.5721725, 0.0 ], [ 117.2656802, -0.5724417, 0.0 ], [ 117.2661816, -0.572561, 0.0 ] ] } },
{ "type": "Feature", "properties": { "OBJECTID": 0, "Kl_Dat_Das": "Jalan Non Tol", "Nm_Ruas": "SAMARINDA SEBERANG - JEMBATAN SANGA SANGA", "Thn_Data": 2023, "Status": "Jalan Provinsi", "Fungsi": "Jalan Kolektor Primer 2", "Mendukung": "Strategis", "Ura_Dukung": null, "Kd_Bd_PU": "2", "Kd_Jns_Inf": "1", "Kd_Inf": "34 042", "Propinsi": "Kalimantan Timur", "Kab_Kot": "Samarinda", "Kecamatan": "Samarinda Seberang / Palaran / Sanga - Sanga", "Desa_Kel": "BAQA / SIMPANG PASIR / HANDIL BAKTI / RAWA MAKMUR / BUKUAN / BENTUAS / JAWA", "Tk_Ruas_Aw": "-0.514723, 117.144499", "Tk_Ruas_Ak": "-0.661515, 117.227523", "Kd_Patok": null, "Km_Awal": 0.0, "Km_Akhir": 23.581227247800001, "Nm_Lintas": null, "Kon_Baik": 0.0, "Kon_Sdg": 0.0, "Kon_Rgn": 2.04, "Kon_Rusak": 1.65, "Kon_Mntp": 21.46, "Kon_T_Mntp": 3.69, "Panjang": 25.152341985500001, "Lbr_Keras": 14.0, "LHRT": 0.0, "VCR": 0.0, "Tipe_Jln": 2, "MST": 8.0, "Tanah_Kri": 0.0, "Macadam": 0.0, "Aspal": 22.226640159, "Rigid": 77.773359841000001, "Thn_Pen_Ak": 2015, "Jns_Pen": "Peningkatan", "Koord_X_Aw": 117.137892979, "Koord_Y_Aw": -0.509844212, "Koord_X_Ak": 117.231450481, "Koord_Y_Ak": -0.664982228, "Shape_Leng": 0.0, "Status_J_1": "Sudah Terbangun", "Keterangan": "SEBAGIAN MENJADI JALAN NASIONAL", "Masuk": "YES", "panjangjal": 23.581227247800001 }, "geometry": { "type": "LineString", "coordinates": [ [ 117.1444991, -0.5147234, 0.0 ], [ 117.1447601, -0.5153982, 0.0 ], [ 117.1451495, -0.5163889, 0.0 ], [ 117.1455724, -0.5173902, 0.0 ], [ 117.1455935, -0.5174483, 0.0 ], [ 117.1456241, -0.517615, 0.0 ], [ 117.145878, -0.5183033, 0.0 ], [ 117.1463908, -0.5195176, 0.0 ], [ 117.1465863, -0.5199477, 0.0 ], [ 117.1468468, -0.520505, 0.0 ], [ 117.1472534, -0.5213912, 0.0 ], [ 117.1475372, -0.5219863, 0.0 ], [ 117.147865, -0.522779, 0.0 ], [ 117.1481975, -0.5236916, 0.0 ], [ 117.1483048, -0.5239958, 0.0 ], [ 117.1483753, -0.5241871, 0.0 ], [ 117.1488418, -0.5254444, 0.0 ], [ 117.1488719, -0.5255194, 0.0 ], [ 117.14891, -0.525597, 0.0 ], [ 117.1490126, -0.5257293, 0.0 ], [ 117.1490768, -0.5257709, 0.0 ], [ 117.1491473, -0.5257922, 0.0 ], [ 117.1492212, -0.5257994, 0.0 ], [ 117.1492983, -0.5258016, 0.0 ], [ 117.1493773, -0.52581, 0.0 ], [ 117.1494549, -0.5258331, 0.0 ], [ 117.1495304, -0.5258732, 0.0 ], [ 117.149595, -0.5259288, 0.0 ], [ 117.1496483, -0.5259943, 0.0 ], [ 117.1496905, -0.5260683, 0.0 ], [ 117.1497204, -0.5261489, 0.0 ], [ 117.1498164, -0.5269231, 0.0 ], [ 117.1499361, -0.5282902, 0.0 ], [ 117.1500485, -0.5293625, 0.0 ], [ 117.150064, -0.5294656, 0.0 ], [ 117.1501233, -0.5296572, 0.0 ], [ 117.1501733, -0.529741, 0.0 ], [ 117.1502398, -0.5298194, 0.0 ], [ 117.1507203, -0.5301626, 0.0 ], [ 117.1516759, -0.5308849, 0.0 ], [ 117.1517649, -0.5309408, 0.0 ], [ 117.1518448, -0.5309954, 0.0 ], [ 117.1519112, -0.5310508, 0.0 ], [ 117.1519652, -0.5311076, 0.0 ], [ 117.1521864, -0.5316324, 0.0 ], [ 117.1522843, -0.5320514, 0.0 ], [ 117.152292, -0.5321538, 0.0 ], [ 117.1522829, -0.5322584, 0.0 ], [ 117.1522552, -0.5323598, 0.0 ], [ 117.1519326, -0.5329289, 0.0 ], [ 117.1513807, -0.5340548, 0.0 ], [ 117.1509889, -0.5352974, 0.0 ], [ 117.1508692, -0.5362022, 0.0 ], [ 117.1508633, -0.5362831, 0.0 ], [ 117.1508825, -0.536425, 0.0 ], [ 117.150903, -0.536484, 0.0 ], [ 117.15093, -0.5365355, 0.0 ], [ 117.1509617, -0.5365788, 0.0 ], [ 117.1509975, -0.536616, 0.0 ], [ 117.1510429, -0.5366518, 0.0 ], [ 117.1512337, -0.5367482, 0.0 ], [ 117.1523231, -0.5373171, 0.0 ], [ 117.1525246, -0.5374403, 0.0 ], [ 117.1526101, -0.5375099, 0.0 ], [ 117.1526783, -0.5375908, 0.0 ], [ 117.1527251, -0.5376788, 0.0 ], [ 117.1527515, -0.5377704, 0.0 ], [ 117.1527576, -0.5378633, 0.0 ], [ 117.1524261, -0.5387932, 0.0 ], [ 117.1520195, -0.5398984, 0.0 ], [ 117.1518574, -0.5405945, 0.0 ], [ 117.1515873, -0.5417356, 0.0 ], [ 117.1515548, -0.5419332, 0.0 ], [ 117.1513554, -0.5424599, 0.0 ], [ 117.1508743, -0.5434541, 0.0 ], [ 117.1505572, -0.5444196, 0.0 ], [ 117.1501801, -0.5455997, 0.0 ], [ 117.1501505, -0.5456974, 0.0 ], [ 117.1501256, -0.5457993, 0.0 ], [ 117.1501117, -0.5459087, 0.0 ], [ 117.1501165, -0.5460207, 0.0 ], [ 117.1501433, -0.54613, 0.0 ], [ 117.1501899, -0.5462324, 0.0 ], [ 117.1502536, -0.5463258, 0.0 ], [ 117.1503299, -0.5464104, 0.0 ], [ 117.1504143, -0.5464878, 0.0 ], [ 117.1505072, -0.546556, 0.0 ], [ 117.1506058, -0.5466097, 0.0 ], [ 117.150708, -0.54665, 0.0 ], [ 117.1508106, -0.5466782, 0.0 ], [ 117.1509108, -0.5466888, 0.0 ], [ 117.1510065, -0.5466784, 0.0 ], [ 117.1510931, -0.5466449, 0.0 ], [ 117.1511709, -0.5465915, 0.0 ], [ 117.1512434, -0.5465215, 0.0 ], [ 117.152037, -0.5458318, 0.0 ], [ 117.152218, -0.5457348, 0.0 ], [ 117.152307, -0.545712, 0.0 ], [ 117.1523935, -0.545713, 0.0 ], [ 117.1524741, -0.5457377, 0.0 ], [ 117.1525482, -0.5457861, 0.0 ], [ 117.1526898, -0.5459337, 0.0 ], [ 117.1532256, -0.5463991, 0.0 ], [ 117.1533057, -0.5464743, 0.0 ], [ 117.1534293, -0.5466375, 0.0 ], [ 117.1536116, -0.5470457, 0.0 ], [ 117.1536453, -0.5471186, 0.0 ], [ 117.1536811, -0.5471831, 0.0 ], [ 117.1537544, -0.5472874, 0.0 ], [ 117.153789, -0.5473244, 0.0 ], [ 117.1541387, -0.547546, 0.0 ], [ 117.1544667, -0.5476668, 0.0 ], [ 117.1545335, -0.5476829, 0.0 ], [ 117.1549944, -0.5477523, 0.0 ], [ 117.1550811, -0.5477762, 0.0 ], [ 117.1552472, -0.5478381, 0.0 ], [ 117.1559165, -0.5482885, 0.0 ], [ 117.1560737, -0.5484045, 0.0 ], [ 117.1562536, -0.548548, 0.0 ], [ 117.157092, -0.5492089, 0.0 ], [ 117.1571612, -0.5492686, 0.0 ], [ 117.1572174, -0.5493252, 0.0 ], [ 117.1575363, -0.5496109, 0.0 ], [ 117.1576275, -0.5496968, 0.0 ], [ 117.1577925, -0.5499315, 0.0 ], [ 117.1578363, -0.5500059, 0.0 ], [ 117.1578795, -0.5500973, 0.0 ], [ 117.1580374, -0.5509672, 0.0 ], [ 117.1582064, -0.5516775, 0.0 ], [ 117.1582491, -0.5517864, 0.0 ], [ 117.1583003, -0.5518955, 0.0 ], [ 117.1592165, -0.5523341, 0.0 ], [ 117.1602849, -0.5526678, 0.0 ], [ 117.1610231, -0.5527011, 0.0 ], [ 117.1611223, -0.552704, 0.0 ], [ 117.1613216, -0.5527298, 0.0 ], [ 117.1620927, -0.5531045, 0.0 ], [ 117.1626822, -0.5534199, 0.0 ], [ 117.1638529, -0.5540127, 0.0 ], [ 117.1644989, -0.5543695, 0.0 ], [ 117.1655029, -0.5548579, 0.0 ], [ 117.1660505, -0.5550961, 0.0 ], [ 117.1669568, -0.5555143, 0.0 ], [ 117.1670346, -0.5555497, 0.0 ], [ 117.1671093, -0.5555877, 0.0 ], [ 117.1671776, -0.5556306, 0.0 ], [ 117.1672388, -0.5556801, 0.0 ], [ 117.167555, -0.5562691, 0.0 ], [ 117.1678922, -0.5569954, 0.0 ], [ 117.1682203, -0.5576743, 0.0 ], [ 117.1682415, -0.5577215, 0.0 ], [ 117.168293, -0.5579168, 0.0 ], [ 117.1683672, -0.5586176, 0.0 ], [ 117.1684945, -0.5600859, 0.0 ], [ 117.1686693, -0.5615795, 0.0 ], [ 117.1686918, -0.5616988, 0.0 ], [ 117.1687507, -0.5619199, 0.0 ], [ 117.1687909, -0.5620222, 0.0 ], [ 117.1688439, -0.5621157, 0.0 ], [ 117.1694749, -0.562693, 0.0 ], [ 117.1703879, -0.5634189, 0.0 ], [ 117.1707341, -0.5636795, 0.0 ], [ 117.1718485, -0.5645885, 0.0 ], [ 117.1726215, -0.5652192, 0.0 ], [ 117.1726738, -0.5652766, 0.0 ], [ 117.1727238, -0.5653302, 0.0 ], [ 117.1734385, -0.565933, 0.0 ], [ 117.1743877, -0.5666972, 0.0 ], [ 117.1744728, -0.5667702, 0.0 ], [ 117.1745505, -0.5668433, 0.0 ], [ 117.1746213, -0.5669221, 0.0 ], [ 117.1747487, -0.5671077, 0.0 ], [ 117.1748027, -0.5672149, 0.0 ], [ 117.175163, -0.5687108, 0.0 ], [ 117.17562, -0.5703681, 0.0 ], [ 117.1759955, -0.5713476, 0.0 ], [ 117.1773081, -0.5727302, 0.0 ], [ 117.1781274, -0.573588, 0.0 ], [ 117.1782067, -0.5736528, 0.0 ], [ 117.1782927, -0.573712, 0.0 ], [ 117.1783897, -0.5737616, 0.0 ], [ 117.1784946, -0.5737973, 0.0 ], [ 117.1798953, -0.5738682, 0.0 ], [ 117.1817169, -0.5739367, 0.0 ], [ 117.1836329, -0.5740351, 0.0 ], [ 117.1847826, -0.5740719, 0.0 ], [ 117.1866893, -0.574151, 0.0 ], [ 117.1868352, -0.5741598, 0.0 ], [ 117.1869694, -0.5741761, 0.0 ], [ 117.18709, -0.5742062, 0.0 ], [ 117.1871991, -0.5742519, 0.0 ], [ 117.1873016, -0.574317, 0.0 ], [ 117.1877631, -0.5747303, 0.0 ], [ 117.1896904, -0.5760586, 0.0 ], [ 117.1913598, -0.5771341, 0.0 ], [ 117.1922963, -0.5777454, 0.0 ], [ 117.1924331, -0.5778373, 0.0 ], [ 117.1924851, -0.5778883, 0.0 ], [ 117.1925426, -0.5780232, 0.0 ], [ 117.1925543, -0.5781183, 0.0 ], [ 117.1925569, -0.5782335, 0.0 ], [ 117.1925522, -0.5783634, 0.0 ], [ 117.1925353, -0.578497, 0.0 ], [ 117.1925035, -0.5786275, 0.0 ], [ 117.1924569, -0.5787538, 0.0 ], [ 117.192251, -0.5791206, 0.0 ], [ 117.1921776, -0.5792391, 0.0 ], [ 117.1921128, -0.5793597, 0.0 ], [ 117.1920586, -0.5794879, 0.0 ], [ 117.1920156, -0.5796244, 0.0 ], [ 117.191982, -0.5797645, 0.0 ], [ 117.1919471, -0.5800486, 0.0 ], [ 117.1919503, -0.5801907, 0.0 ], [ 117.1921938, -0.5813679, 0.0 ], [ 117.1922036, -0.5816362, 0.0 ], [ 117.1921149, -0.5825315, 0.0 ], [ 117.1919669, -0.5836961, 0.0 ], [ 117.1919314, -0.5845097, 0.0 ], [ 117.1918705, -0.5858329, 0.0 ], [ 117.1916825, -0.5873369, 0.0 ], [ 117.1913212, -0.5888227, 0.0 ], [ 117.1912551, -0.5904434, 0.0 ], [ 117.1914728, -0.5918183, 0.0 ], [ 117.1915275, -0.5919676, 0.0 ], [ 117.1915899, -0.5921095, 0.0 ], [ 117.1916603, -0.5922387, 0.0 ], [ 117.1917422, -0.5923571, 0.0 ], [ 117.1918405, -0.5924673, 0.0 ], [ 117.1919591, -0.5925731, 0.0 ], [ 117.1927408, -0.5930399, 0.0 ], [ 117.1928879, -0.5931282, 0.0 ], [ 117.1930226, -0.5932203, 0.0 ], [ 117.1931428, -0.5933169, 0.0 ], [ 117.1932449, -0.5934192, 0.0 ], [ 117.1933264, -0.5935299, 0.0 ], [ 117.193382, -0.5936454, 0.0 ], [ 117.193412, -0.5937633, 0.0 ], [ 117.1934184, -0.5938837, 0.0 ], [ 117.1934028, -0.5940066, 0.0 ], [ 117.1933705, -0.5941307, 0.0 ], [ 117.1927627, -0.5949841, 0.0 ], [ 117.1926982, -0.5950754, 0.0 ], [ 117.192647, -0.5951807, 0.0 ], [ 117.1926089, -0.5954379, 0.0 ], [ 117.1926212, -0.5955761, 0.0 ], [ 117.1926525, -0.5957137, 0.0 ], [ 117.192699, -0.5958448, 0.0 ], [ 117.1927598, -0.5959691, 0.0 ], [ 117.1928343, -0.5960863, 0.0 ], [ 117.1935028, -0.5968109, 0.0 ], [ 117.1935601, -0.5968778, 0.0 ], [ 117.1936067, -0.5969453, 0.0 ], [ 117.1936335, -0.5970199, 0.0 ], [ 117.1936323, -0.5971036, 0.0 ], [ 117.1936019, -0.5972011, 0.0 ], [ 117.1933774, -0.5975298, 0.0 ], [ 117.1932145, -0.5977731, 0.0 ], [ 117.192775, -0.5988666, 0.0 ], [ 117.1927447, -0.5991287, 0.0 ], [ 117.1928542, -0.6003686, 0.0 ], [ 117.1927194, -0.6014987, 0.0 ], [ 117.1927118, -0.6016066, 0.0 ], [ 117.1927082, -0.601724, 0.0 ], [ 117.1927154, -0.6018456, 0.0 ], [ 117.1927421, -0.6019651, 0.0 ], [ 117.1927908, -0.6020816, 0.0 ], [ 117.1928595, -0.6021978, 0.0 ], [ 117.1930256, -0.6024219, 0.0 ], [ 117.1941911, -0.603678, 0.0 ], [ 117.1949682, -0.6046806, 0.0 ], [ 117.1951268, -0.6048287, 0.0 ], [ 117.1952148, -0.604889, 0.0 ], [ 117.1958666, -0.605141, 0.0 ], [ 117.1959969, -0.6051746, 0.0 ], [ 117.1961271, -0.6051944, 0.0 ], [ 117.1965247, -0.6051744, 0.0 ], [ 117.1977212, -0.6050796, 0.0 ], [ 117.1978301, -0.6050872, 0.0 ], [ 117.1979302, -0.6051056, 0.0 ], [ 117.1980176, -0.6051379, 0.0 ], [ 117.1980907, -0.6051863, 0.0 ], [ 117.1981499, -0.6052525, 0.0 ], [ 117.1982701, -0.6055122, 0.0 ], [ 117.1983384, -0.6056764, 0.0 ], [ 117.1983853, -0.6057524, 0.0 ], [ 117.1984465, -0.6058182, 0.0 ], [ 117.198519, -0.6058714, 0.0 ], [ 117.1985953, -0.6059052, 0.0 ], [ 117.1986675, -0.605923, 0.0 ], [ 117.1987371, -0.6059314, 0.0 ], [ 117.1988107, -0.6059319, 0.0 ], [ 117.1988891, -0.6059228, 0.0 ], [ 117.1990675, -0.605877, 0.0 ], [ 117.1993962, -0.6058077, 0.0 ], [ 117.1995172, -0.6057969, 0.0 ], [ 117.1996375, -0.6057965, 0.0 ], [ 117.1998816, -0.6058403, 0.0 ], [ 117.2000066, -0.6058829, 0.0 ], [ 117.2001302, -0.6059369, 0.0 ], [ 117.2002499, -0.6060036, 0.0 ], [ 117.2009844, -0.6065637, 0.0 ], [ 117.2014856, -0.6069654, 0.0 ], [ 117.2016013, -0.6070727, 0.0 ], [ 117.2017101, -0.6071934, 0.0 ], [ 117.2020634, -0.6077543, 0.0 ], [ 117.2021479, -0.6078891, 0.0 ], [ 117.2022398, -0.6080143, 0.0 ], [ 117.202616, -0.6083834, 0.0 ], [ 117.2027598, -0.6085277, 0.0 ], [ 117.2028268, -0.6086142, 0.0 ], [ 117.203001, -0.6089753, 0.0 ], [ 117.2030847, -0.60935, 0.0 ], [ 117.2031049, -0.6094194, 0.0 ], [ 117.2031696, -0.6095716, 0.0 ], [ 117.203212, -0.6096493, 0.0 ], [ 117.20326, -0.6097195, 0.0 ], [ 117.2035599, -0.6100251, 0.0 ], [ 117.2037828, -0.6103077, 0.0 ], [ 117.2042355, -0.6113971, 0.0 ], [ 117.2043748, -0.6123959, 0.0 ], [ 117.2043628, -0.6125803, 0.0 ], [ 117.2042487, -0.6133957, 0.0 ], [ 117.2042804, -0.6138683, 0.0 ], [ 117.2042822, -0.614003, 0.0 ], [ 117.2040697, -0.614948, 0.0 ], [ 117.203632, -0.6158855, 0.0 ], [ 117.2033733, -0.6164684, 0.0 ], [ 117.2031723, -0.6167445, 0.0 ], [ 117.2031445, -0.6167722, 0.0 ], [ 117.2031059, -0.6168005, 0.0 ], [ 117.2026752, -0.6169292, 0.0 ], [ 117.2019842, -0.617045, 0.0 ], [ 117.2019291, -0.6170603, 0.0 ], [ 117.2018777, -0.6170775, 0.0 ], [ 117.2018268, -0.6170979, 0.0 ], [ 117.2017745, -0.6171226, 0.0 ], [ 117.2017264, -0.6171497, 0.0 ], [ 117.20169, -0.617174, 0.0 ], [ 117.2016595, -0.6171993, 0.0 ], [ 117.2015916, -0.6172799, 0.0 ], [ 117.2011176, -0.6181397, 0.0 ], [ 117.2004651, -0.6192747, 0.0 ], [ 117.2000581, -0.6202658, 0.0 ], [ 117.1997941, -0.6210181, 0.0 ], [ 117.1996129, -0.6214201, 0.0 ], [ 117.1991432, -0.6222897, 0.0 ], [ 117.198934, -0.6227871, 0.0 ], [ 117.1987196, -0.6237035, 0.0 ], [ 117.1986612, -0.6238709, 0.0 ], [ 117.1982348, -0.6245613, 0.0 ], [ 117.1982027, -0.6246224, 0.0 ], [ 117.1981771, -0.6246822, 0.0 ], [ 117.1981448, -0.6248031, 0.0 ], [ 117.1981909, -0.6257201, 0.0 ], [ 117.1981897, -0.6258071, 0.0 ], [ 117.1981863, -0.6258903, 0.0 ], [ 117.198177, -0.6259733, 0.0 ], [ 117.198162, -0.6260531, 0.0 ], [ 117.1981442, -0.626131, 0.0 ], [ 117.1981207, -0.6262049, 0.0 ], [ 117.1980925, -0.6262769, 0.0 ], [ 117.1980592, -0.6263463, 0.0 ], [ 117.1980208, -0.6264157, 0.0 ], [ 117.197655, -0.6267792, 0.0 ], [ 117.1974954, -0.6269306, 0.0 ], [ 117.1974232, -0.6270151, 0.0 ], [ 117.1973618, -0.6270985, 0.0 ], [ 117.1973108, -0.6271825, 0.0 ], [ 117.1972708, -0.6272668, 0.0 ], [ 117.1972429, -0.627349, 0.0 ], [ 117.1972267, -0.6274248, 0.0 ], [ 117.1972216, -0.6274932, 0.0 ], [ 117.1973387, -0.6280743, 0.0 ], [ 117.1975553, -0.6288288, 0.0 ], [ 117.1979463, -0.6300315, 0.0 ], [ 117.1979994, -0.6301285, 0.0 ], [ 117.1980629, -0.6302202, 0.0 ], [ 117.1984559, -0.6306232, 0.0 ], [ 117.1985995, -0.6307279, 0.0 ], [ 117.198677, -0.6307608, 0.0 ], [ 117.1987593, -0.6307815, 0.0 ], [ 117.1995353, -0.630722, 0.0 ], [ 117.2001088, -0.6304497, 0.0 ], [ 117.2003714, -0.6303391, 0.0 ], [ 117.2004131, -0.6303195, 0.0 ], [ 117.2006336, -0.6302678, 0.0 ], [ 117.2006907, -0.6302511, 0.0 ], [ 117.2007595, -0.6302349, 0.0 ], [ 117.2008299, -0.6302258, 0.0 ], [ 117.2009034, -0.630224, 0.0 ], [ 117.2013218, -0.6303205, 0.0 ], [ 117.2016236, -0.6304332, 0.0 ], [ 117.2021582, -0.630698, 0.0 ], [ 117.2021962, -0.630717, 0.0 ], [ 117.2027418, -0.6308451, 0.0 ], [ 117.2029432, -0.6308399, 0.0 ], [ 117.2039073, -0.6303851, 0.0 ], [ 117.2041328, -0.6302963, 0.0 ], [ 117.2042463, -0.6302637, 0.0 ], [ 117.2043603, -0.6302433, 0.0 ], [ 117.2044733, -0.6302375, 0.0 ], [ 117.2045812, -0.6302399, 0.0 ], [ 117.2046789, -0.6302449, 0.0 ], [ 117.2047656, -0.6302599, 0.0 ], [ 117.2048388, -0.6302901, 0.0 ], [ 117.204899, -0.6303389, 0.0 ], [ 117.2049441, -0.6304064, 0.0 ], [ 117.2050443, -0.6308857, 0.0 ], [ 117.2050394, -0.6310908, 0.0 ], [ 117.2046757, -0.6322543, 0.0 ], [ 117.2046444, -0.6323448, 0.0 ], [ 117.2046201, -0.6324365, 0.0 ], [ 117.2046003, -0.6325407, 0.0 ], [ 117.2045845, -0.6326691, 0.0 ], [ 117.204581, -0.6329502, 0.0 ], [ 117.2045963, -0.6330894, 0.0 ], [ 117.2046193, -0.6332277, 0.0 ], [ 117.2046576, -0.6333587, 0.0 ], [ 117.2047125, -0.6334823, 0.0 ], [ 117.2047834, -0.6336008, 0.0 ], [ 117.2050405, -0.6339032, 0.0 ], [ 117.2057191, -0.6344748, 0.0 ], [ 117.2058472, -0.6345891, 0.0 ], [ 117.20595, -0.6347391, 0.0 ], [ 117.2059963, -0.634816, 0.0 ], [ 117.2060366, -0.6348965, 0.0 ], [ 117.2062137, -0.6358474, 0.0 ], [ 117.2063665, -0.636665, 0.0 ], [ 117.206487, -0.6376836, 0.0 ], [ 117.2066272, -0.6381496, 0.0 ], [ 117.206955, -0.6387877, 0.0 ], [ 117.2072857, -0.6394951, 0.0 ], [ 117.2073337, -0.6395594, 0.0 ], [ 117.2078206, -0.6400354, 0.0 ], [ 117.2083468, -0.6405658, 0.0 ], [ 117.2083956, -0.6406062, 0.0 ], [ 117.2084432, -0.6406391, 0.0 ], [ 117.208548, -0.6406978, 0.0 ], [ 117.2091265, -0.6410124, 0.0 ], [ 117.2091773, -0.641039, 0.0 ], [ 117.20923, -0.6410579, 0.0 ], [ 117.2094327, -0.6411033, 0.0 ], [ 117.2096475, -0.6411466, 0.0 ], [ 117.2100542, -0.6411303, 0.0 ], [ 117.2101465, -0.6411179, 0.0 ], [ 117.2103171, -0.6411242, 0.0 ], [ 117.2103929, -0.6411479, 0.0 ], [ 117.2104619, -0.6411847, 0.0 ], [ 117.2105284, -0.641236, 0.0 ], [ 117.2112128, -0.6420854, 0.0 ], [ 117.2112724, -0.6421799, 0.0 ], [ 117.2113257, -0.6422881, 0.0 ], [ 117.211441, -0.6426752, 0.0 ], [ 117.2113736, -0.6439026, 0.0 ], [ 117.2112359, -0.6446106, 0.0 ], [ 117.2112249, -0.644777, 0.0 ], [ 117.2112234, -0.6448637, 0.0 ], [ 117.2112278, -0.644952, 0.0 ], [ 117.2112425, -0.6450383, 0.0 ], [ 117.2112696, -0.6451162, 0.0 ], [ 117.2113092, -0.645183, 0.0 ], [ 117.21142, -0.6452898, 0.0 ], [ 117.2119507, -0.645521, 0.0 ], [ 117.2131086, -0.6459, 0.0 ], [ 117.2142827, -0.6462177, 0.0 ], [ 117.214965, -0.6465473, 0.0 ], [ 117.215221, -0.6466691, 0.0 ], [ 117.2170116, -0.6474506, 0.0 ], [ 117.2184171, -0.6480259, 0.0 ], [ 117.2194142, -0.6484598, 0.0 ], [ 117.2206349, -0.6489524, 0.0 ], [ 117.2218027, -0.649237, 0.0 ], [ 117.2229068, -0.649743, 0.0 ], [ 117.2234984, -0.6500531, 0.0 ], [ 117.2246777, -0.6505937, 0.0 ], [ 117.2254128, -0.6509315, 0.0 ], [ 117.2261183, -0.6512613, 0.0 ], [ 117.2270783, -0.651701, 0.0 ], [ 117.2271519, -0.6517397, 0.0 ], [ 117.2272171, -0.6517847, 0.0 ], [ 117.2272708, -0.6518363, 0.0 ], [ 117.2273104, -0.6518987, 0.0 ], [ 117.2273387, -0.6519732, 0.0 ], [ 117.2273655, -0.6524846, 0.0 ], [ 117.2273072, -0.653999, 0.0 ], [ 117.2273013, -0.6541583, 0.0 ], [ 117.2272858, -0.6543105, 0.0 ], [ 117.2272573, -0.6544534, 0.0 ], [ 117.2272179, -0.6545876, 0.0 ], [ 117.2269175, -0.6552637, 0.0 ], [ 117.2262832, -0.6567913, 0.0 ], [ 117.2257866, -0.6576502, 0.0 ], [ 117.2257173, -0.657772, 0.0 ], [ 117.2253292, -0.6587467, 0.0 ], [ 117.2253003, -0.6588298, 0.0 ], [ 117.225276, -0.6589121, 0.0 ], [ 117.2252578, -0.6589934, 0.0 ], [ 117.2252462, -0.6590778, 0.0 ], [ 117.2252421, -0.6591676, 0.0 ], [ 117.2252475, -0.6592606, 0.0 ], [ 117.2252625, -0.6593524, 0.0 ], [ 117.2252885, -0.6594399, 0.0 ], [ 117.2253233, -0.6595189, 0.0 ], [ 117.2253648, -0.6595891, 0.0 ], [ 117.2254131, -0.6596529, 0.0 ], [ 117.2275235, -0.6615158, 0.0 ] ] } },
{ "type": "Feature", "properties": { "OBJECTID": 0, "Kl_Dat_Das": "Jalan Non Tol", "Nm_Ruas": "JEMBATAN SANGA SANGA - DONDANG", "Thn_Data": 2023, "Status": "Jalan Provinsi", "Fungsi": "Jalan Kolektor Primer 2", "Mendukung": "Non Strategis", "Ura_Dukung": null, "Kd_Bd_PU": "2", "Kd_Jns_Inf": "1", "Kd_Inf": "34 043", "Propinsi": "Kalimantan Timur", "Kab_Kot": "Kutai Kartanegara", "Kecamatan": "Sanga Sanga - Muara Jawa", "Desa_Kel": "SANGA SANGA DALAM / JAWA / DONDANG / MUARA JAWA ULU / MUARA JAWA TENGAH / MUARA JAWA ILIR / HANDIL BARU DARAT", "Tk_Ruas_Aw": "-0.661515, 117.227523", "Tk_Ruas_Ak": "-0.791615, 117.228734", "Kd_Patok": null, "Km_Awal": 0.0, "Km_Akhir": 18.605003465500001, "Nm_Lintas": null, "Kon_Baik": 0.0, "Kon_Sdg": 0.0, "Kon_Rgn": 3.62, "Kon_Rusak": 4.28, "Kon_Mntp": 10.12, "Kon_T_Mntp": 7.9, "Panjang": 18.017095941899999, "Lbr_Keras": 6.0, "LHRT": 0.0, "VCR": 0.0, "Tipe_Jln": 2, "MST": 8.0, "Tanah_Kri": 0.0, "Macadam": 0.0, "Aspal": 47.280799112099999, "Rigid": 52.719200887900001, "Thn_Pen_Ak": 0, "Jns_Pen": null, "Koord_X_Aw": 117.231450481, "Koord_Y_Aw": -0.664982228, "Koord_X_Ak": 117.228734242, "Koord_Y_Ak": -0.791615183, "Shape_Leng": 0.0, "Status_J_1": "Sudah Terbangun", "Keterangan": null, "Masuk": "YES", "panjangjal": 18.605003465500001 }, "geometry": { "type": "LineString", "coordinates": [ [ 117.2275235, -0.6615158, 0.0 ], [ 117.2314505, -0.6649822, 0.0 ], [ 117.2313926, -0.6650974, 0.0 ], [ 117.2311955, -0.6655121, 0.0 ], [ 117.2309886, -0.6659544, 0.0 ], [ 117.2304866, -0.6668981, 0.0 ], [ 117.2296922, -0.6685384, 0.0 ], [ 117.2296464, -0.6686662, 0.0 ], [ 117.229613, -0.6687961, 0.0 ], [ 117.2295817, -0.6691848, 0.0 ], [ 117.229509, -0.6706348, 0.0 ], [ 117.2294672, -0.672146, 0.0 ], [ 117.22942, -0.6739367, 0.0 ], [ 117.2294023, -0.6742225, 0.0 ], [ 117.2293768, -0.674355, 0.0 ], [ 117.2293342, -0.6744825, 0.0 ], [ 117.2292157, -0.6747353, 0.0 ], [ 117.2283606, -0.6763569, 0.0 ], [ 117.2282936, -0.6764972, 0.0 ], [ 117.2282371, -0.6766365, 0.0 ], [ 117.2281978, -0.6767752, 0.0 ], [ 117.2281796, -0.676915, 0.0 ], [ 117.2282594, -0.6775219, 0.0 ], [ 117.2285877, -0.6791103, 0.0 ], [ 117.2286188, -0.6792429, 0.0 ], [ 117.2286406, -0.6793707, 0.0 ], [ 117.2286444, -0.6794947, 0.0 ], [ 117.2286267, -0.679619, 0.0 ], [ 117.2279408, -0.6814601, 0.0 ], [ 117.2273314, -0.6828892, 0.0 ], [ 117.2263353, -0.684389, 0.0 ], [ 117.2262663, -0.6845143, 0.0 ], [ 117.2262078, -0.6846419, 0.0 ], [ 117.2261682, -0.6847706, 0.0 ], [ 117.226147, -0.6849051, 0.0 ], [ 117.2260679, -0.6866593, 0.0 ], [ 117.2260163, -0.6869556, 0.0 ], [ 117.2255353, -0.6884121, 0.0 ], [ 117.2253102, -0.688982, 0.0 ], [ 117.2249755, -0.6897705, 0.0 ], [ 117.2249574, -0.6898437, 0.0 ], [ 117.2249482, -0.6899102, 0.0 ], [ 117.2249558, -0.6900211, 0.0 ], [ 117.224975, -0.69006, 0.0 ], [ 117.22508, -0.6901465, 0.0 ], [ 117.2258798, -0.6905524, 0.0 ], [ 117.2273359, -0.6912597, 0.0 ], [ 117.2274488, -0.6913108, 0.0 ], [ 117.2275529, -0.6913695, 0.0 ], [ 117.2277201, -0.6915212, 0.0 ], [ 117.2277855, -0.6916143, 0.0 ], [ 117.228113, -0.6924269, 0.0 ], [ 117.2285613, -0.6931851, 0.0 ], [ 117.2288715, -0.6936522, 0.0 ], [ 117.2292542, -0.6942528, 0.0 ], [ 117.2295547, -0.6948239, 0.0 ], [ 117.229606, -0.6949197, 0.0 ], [ 117.229681, -0.6951064, 0.0 ], [ 117.2299948, -0.6957667, 0.0 ], [ 117.2304988, -0.696486, 0.0 ], [ 117.231045, -0.6972764, 0.0 ], [ 117.2310813, -0.6973445, 0.0 ], [ 117.2311137, -0.6974149, 0.0 ], [ 117.2311386, -0.6974872, 0.0 ], [ 117.2311575, -0.6975594, 0.0 ], [ 117.2311679, -0.6976276, 0.0 ], [ 117.2311657, -0.6976955, 0.0 ], [ 117.2311351, -0.6978235, 0.0 ], [ 117.2311095, -0.6978811, 0.0 ], [ 117.2309975, -0.6980207, 0.0 ], [ 117.2309592, -0.6980565, 0.0 ], [ 117.2309198, -0.6980903, 0.0 ], [ 117.2308791, -0.6981218, 0.0 ], [ 117.2308403, -0.6981504, 0.0 ], [ 117.2306498, -0.6982992, 0.0 ], [ 117.2306055, -0.698335, 0.0 ], [ 117.2305613, -0.6983764, 0.0 ], [ 117.2305217, -0.6984217, 0.0 ], [ 117.2304857, -0.6984731, 0.0 ], [ 117.2304544, -0.6985345, 0.0 ], [ 117.2304308, -0.698605, 0.0 ], [ 117.2304172, -0.6986847, 0.0 ], [ 117.2304185, -0.6989681, 0.0 ], [ 117.2304141, -0.6990682, 0.0 ], [ 117.2302649, -0.6996826, 0.0 ], [ 117.2302504, -0.6997919, 0.0 ], [ 117.2302489, -0.6999, 0.0 ], [ 117.2302234, -0.7007027, 0.0 ], [ 117.2302231, -0.7014513, 0.0 ], [ 117.2302371, -0.7019378, 0.0 ], [ 117.2302391, -0.7019957, 0.0 ], [ 117.2302622, -0.7021105, 0.0 ], [ 117.2302872, -0.7021744, 0.0 ], [ 117.2306179, -0.7026337, 0.0 ], [ 117.23107, -0.7031195, 0.0 ], [ 117.2313459, -0.7034689, 0.0 ], [ 117.2314156, -0.7035504, 0.0 ], [ 117.2314518, -0.703592, 0.0 ], [ 117.2314861, -0.7036417, 0.0 ], [ 117.2315164, -0.7037023, 0.0 ], [ 117.2315413, -0.7037711, 0.0 ], [ 117.2315464, -0.7041405, 0.0 ], [ 117.2315377, -0.7042068, 0.0 ], [ 117.2315219, -0.7042667, 0.0 ], [ 117.2314968, -0.7043205, 0.0 ], [ 117.2314691, -0.7043734, 0.0 ], [ 117.2314485, -0.7044298, 0.0 ], [ 117.2314344, -0.704486, 0.0 ], [ 117.2314256, -0.7045399, 0.0 ], [ 117.2314214, -0.7045905, 0.0 ], [ 117.2314357, -0.704854, 0.0 ], [ 117.2314444, -0.7049219, 0.0 ], [ 117.2314643, -0.7049999, 0.0 ], [ 117.2315439, -0.7051872, 0.0 ], [ 117.231916, -0.7057045, 0.0 ], [ 117.2324748, -0.706512, 0.0 ], [ 117.2327763, -0.7069762, 0.0 ], [ 117.2328814, -0.7072001, 0.0 ], [ 117.2329201, -0.7073246, 0.0 ], [ 117.2329737, -0.7079013, 0.0 ], [ 117.2328135, -0.7096412, 0.0 ], [ 117.232804, -0.7097543, 0.0 ], [ 117.2328205, -0.7099736, 0.0 ], [ 117.2328595, -0.7100757, 0.0 ], [ 117.232917, -0.7101666, 0.0 ], [ 117.2330698, -0.7103004, 0.0 ], [ 117.2334456, -0.71041, 0.0 ], [ 117.2337083, -0.7104897, 0.0 ], [ 117.2345934, -0.7111353, 0.0 ], [ 117.235706, -0.7117548, 0.0 ], [ 117.2366734, -0.7124471, 0.0 ], [ 117.2367571, -0.7125335, 0.0 ], [ 117.2368295, -0.7126193, 0.0 ], [ 117.2368866, -0.7127107, 0.0 ], [ 117.2369289, -0.7128105, 0.0 ], [ 117.2369657, -0.7129229, 0.0 ], [ 117.2370041, -0.7130429, 0.0 ], [ 117.2370552, -0.7131645, 0.0 ], [ 117.2371176, -0.7132865, 0.0 ], [ 117.2379118, -0.714209, 0.0 ], [ 117.2388485, -0.7152302, 0.0 ], [ 117.2389174, -0.7153023, 0.0 ], [ 117.2389873, -0.7153691, 0.0 ], [ 117.2390602, -0.7154279, 0.0 ], [ 117.2391367, -0.7154762, 0.0 ], [ 117.2394783, -0.7155932, 0.0 ], [ 117.2395294, -0.7156079, 0.0 ], [ 117.2398215, -0.71579, 0.0 ], [ 117.2403284, -0.7164296, 0.0 ], [ 117.2405618, -0.7166244, 0.0 ], [ 117.2408483, -0.7167859, 0.0 ], [ 117.2409125, -0.7168126, 0.0 ], [ 117.2409719, -0.7168332, 0.0 ], [ 117.2410256, -0.7168453, 0.0 ], [ 117.2410732, -0.7168512, 0.0 ], [ 117.2411152, -0.7168581, 0.0 ], [ 117.2411541, -0.7168725, 0.0 ], [ 117.2411926, -0.7168937, 0.0 ], [ 117.2416214, -0.717082, 0.0 ], [ 117.241742, -0.7171165, 0.0 ], [ 117.2420588, -0.7171415, 0.0 ], [ 117.242251, -0.7171304, 0.0 ], [ 117.2423586, -0.7171135, 0.0 ], [ 117.2424648, -0.7171006, 0.0 ], [ 117.242566, -0.7171023, 0.0 ], [ 117.2426632, -0.71712, 0.0 ], [ 117.2428422, -0.7171984, 0.0 ], [ 117.2430671, -0.7174309, 0.0 ], [ 117.2431516, -0.7175174, 0.0 ], [ 117.2433472, -0.7176687, 0.0 ], [ 117.2441653, -0.718043, 0.0 ], [ 117.2442432, -0.7180685, 0.0 ], [ 117.2443116, -0.7181035, 0.0 ], [ 117.2444164, -0.7181956, 0.0 ], [ 117.2444544, -0.7182455, 0.0 ], [ 117.2444848, -0.7182984, 0.0 ], [ 117.2445085, -0.7183516, 0.0 ], [ 117.2445307, -0.7184101, 0.0 ], [ 117.2445375, -0.7184679, 0.0 ], [ 117.2445445, -0.7185264, 0.0 ], [ 117.2445471, -0.7185867, 0.0 ], [ 117.2445444, -0.7186504, 0.0 ], [ 117.244491, -0.7189732, 0.0 ], [ 117.2444713, -0.7190483, 0.0 ], [ 117.2441878, -0.719555, 0.0 ], [ 117.2438184, -0.7200279, 0.0 ], [ 117.2437955, -0.7200604, 0.0 ], [ 117.2437482, -0.7201507, 0.0 ], [ 117.2435709, -0.7204058, 0.0 ], [ 117.2435524, -0.7204277, 0.0 ], [ 117.2435343, -0.7204514, 0.0 ], [ 117.2435117, -0.7204807, 0.0 ], [ 117.2434856, -0.7205169, 0.0 ], [ 117.2434594, -0.7205547, 0.0 ], [ 117.2434316, -0.7205891, 0.0 ], [ 117.2432479, -0.7208163, 0.0 ], [ 117.2432217, -0.7208511, 0.0 ], [ 117.2431888, -0.7209369, 0.0 ], [ 117.2431773, -0.7209916, 0.0 ], [ 117.2428256, -0.7214436, 0.0 ], [ 117.2427143, -0.7215588, 0.0 ], [ 117.2424701, -0.7217762, 0.0 ], [ 117.241627, -0.722474, 0.0 ], [ 117.241214, -0.7228925, 0.0 ], [ 117.2410856, -0.7230315, 0.0 ], [ 117.2410169, -0.7230901, 0.0 ], [ 117.2408084, -0.7231779, 0.0 ], [ 117.2404528, -0.7232367, 0.0 ], [ 117.2403297, -0.7232537, 0.0 ], [ 117.2402126, -0.7232776, 0.0 ], [ 117.2401019, -0.7233143, 0.0 ], [ 117.2400015, -0.7233673, 0.0 ], [ 117.2397488, -0.7236063, 0.0 ], [ 117.2394968, -0.7238286, 0.0 ], [ 117.2394117, -0.7238851, 0.0 ], [ 117.2393262, -0.7239298, 0.0 ], [ 117.2386472, -0.7241134, 0.0 ], [ 117.2378065, -0.7244576, 0.0 ], [ 117.2367084, -0.7249779, 0.0 ], [ 117.2365859, -0.7250562, 0.0 ], [ 117.2364674, -0.7251464, 0.0 ], [ 117.2363562, -0.7252483, 0.0 ], [ 117.2360858, -0.7255968, 0.0 ], [ 117.2357528, -0.7261549, 0.0 ], [ 117.2356722, -0.7262604, 0.0 ], [ 117.2355838, -0.7263663, 0.0 ], [ 117.2354951, -0.7264594, 0.0 ], [ 117.2354072, -0.7265393, 0.0 ], [ 117.2353178, -0.7266067, 0.0 ], [ 117.2344526, -0.7270175, 0.0 ], [ 117.2342603, -0.7271186, 0.0 ], [ 117.23418, -0.7271999, 0.0 ], [ 117.234065, -0.727392, 0.0 ], [ 117.233721, -0.7281498, 0.0 ], [ 117.2336931, -0.7282106, 0.0 ], [ 117.2336691, -0.7282748, 0.0 ], [ 117.2336503, -0.7283492, 0.0 ], [ 117.2336344, -0.7284383, 0.0 ], [ 117.2336245, -0.7285442, 0.0 ], [ 117.2336269, -0.7286635, 0.0 ], [ 117.2337169, -0.7291451, 0.0 ], [ 117.2338215, -0.7297485, 0.0 ], [ 117.2338478, -0.7299092, 0.0 ], [ 117.2338532, -0.7301423, 0.0 ], [ 117.2338357, -0.7302731, 0.0 ], [ 117.233798, -0.730396, 0.0 ], [ 117.2336727, -0.7306193, 0.0 ], [ 117.2331664, -0.7313153, 0.0 ], [ 117.2330795, -0.7314061, 0.0 ], [ 117.2327972, -0.7317325, 0.0 ], [ 117.2327146, -0.7318163, 0.0 ], [ 117.2326294, -0.7318895, 0.0 ], [ 117.2319343, -0.7321239, 0.0 ], [ 117.2317249, -0.732159, 0.0 ], [ 117.2316237, -0.732159, 0.0 ], [ 117.2313596, -0.7321061, 0.0 ], [ 117.2309439, -0.7319492, 0.0 ], [ 117.2307617, -0.7318965, 0.0 ], [ 117.2305804, -0.731891, 0.0 ], [ 117.2304588, -0.7319078, 0.0 ], [ 117.2304022, -0.7319244, 0.0 ], [ 117.230296, -0.731981, 0.0 ], [ 117.2302462, -0.7320206, 0.0 ], [ 117.2301969, -0.7320663, 0.0 ], [ 117.230152, -0.7321183, 0.0 ], [ 117.2301142, -0.7321771, 0.0 ], [ 117.2299815, -0.7325613, 0.0 ], [ 117.2299301, -0.7327821, 0.0 ], [ 117.2298969, -0.7329184, 0.0 ], [ 117.2298548, -0.7330559, 0.0 ], [ 117.2298002, -0.733187, 0.0 ], [ 117.2297344, -0.7333064, 0.0 ], [ 117.2294914, -0.7335991, 0.0 ], [ 117.2289012, -0.7341085, 0.0 ], [ 117.2286022, -0.7344301, 0.0 ], [ 117.2283495, -0.7348058, 0.0 ], [ 117.2280347, -0.7353464, 0.0 ], [ 117.2278722, -0.7356609, 0.0 ], [ 117.2277544, -0.735841, 0.0 ], [ 117.227671, -0.7359168, 0.0 ], [ 117.2275685, -0.7359853, 0.0 ], [ 117.2272146, -0.7361584, 0.0 ], [ 117.2270998, -0.7362142, 0.0 ], [ 117.2269958, -0.7362722, 0.0 ], [ 117.2269057, -0.7363311, 0.0 ], [ 117.2268274, -0.7363897, 0.0 ], [ 117.2267627, -0.73645, 0.0 ], [ 117.2267109, -0.7365131, 0.0 ], [ 117.2266701, -0.7365804, 0.0 ], [ 117.2266363, -0.7367549, 0.0 ], [ 117.2269031, -0.737891, 0.0 ], [ 117.2269645, -0.7380273, 0.0 ], [ 117.2270165, -0.7381596, 0.0 ], [ 117.2270522, -0.738289, 0.0 ], [ 117.2270683, -0.7384194, 0.0 ], [ 117.2269427, -0.7396089, 0.0 ], [ 117.2270443, -0.7402033, 0.0 ], [ 117.227061, -0.7402575, 0.0 ], [ 117.2271089, -0.7403735, 0.0 ], [ 117.2271372, -0.7404561, 0.0 ], [ 117.2271635, -0.7405474, 0.0 ], [ 117.2271828, -0.7406366, 0.0 ], [ 117.2271943, -0.7407195, 0.0 ], [ 117.2272037, -0.7407975, 0.0 ], [ 117.2272592, -0.7409936, 0.0 ], [ 117.2273413, -0.7411995, 0.0 ], [ 117.2278408, -0.7418491, 0.0 ], [ 117.2279081, -0.7419484, 0.0 ], [ 117.2279622, -0.7420541, 0.0 ], [ 117.2280041, -0.7421571, 0.0 ], [ 117.228039, -0.7422577, 0.0 ], [ 117.2280652, -0.7423576, 0.0 ], [ 117.2280829, -0.7424567, 0.0 ], [ 117.228097, -0.7427375, 0.0 ], [ 117.2280577, -0.7431936, 0.0 ], [ 117.2280158, -0.7434206, 0.0 ], [ 117.2279948, -0.7435591, 0.0 ], [ 117.2279874, -0.7436, 0.0 ], [ 117.2279898, -0.7439637, 0.0 ], [ 117.2279997, -0.74406, 0.0 ], [ 117.2280169, -0.7441562, 0.0 ], [ 117.2282454, -0.7447705, 0.0 ], [ 117.2283468, -0.7449953, 0.0 ], [ 117.2284935, -0.7453201, 0.0 ], [ 117.2285449, -0.7454433, 0.0 ], [ 117.2285916, -0.7455767, 0.0 ], [ 117.2286297, -0.7457133, 0.0 ], [ 117.2286565, -0.7458494, 0.0 ], [ 117.2286688, -0.7459849, 0.0 ], [ 117.2286679, -0.7461158, 0.0 ], [ 117.2286532, -0.7462444, 0.0 ], [ 117.2284876, -0.7467856, 0.0 ], [ 117.2284337, -0.7469229, 0.0 ], [ 117.2283744, -0.7470522, 0.0 ], [ 117.2283066, -0.7471712, 0.0 ], [ 117.2282291, -0.747278, 0.0 ], [ 117.2281409, -0.7473745, 0.0 ], [ 117.2274746, -0.7477896, 0.0 ], [ 117.2273714, -0.7478608, 0.0 ], [ 117.2272138, -0.7480264, 0.0 ], [ 117.2271221, -0.7482137, 0.0 ], [ 117.2270855, -0.7483105, 0.0 ], [ 117.2270453, -0.7484113, 0.0 ], [ 117.2269953, -0.7485101, 0.0 ], [ 117.2269354, -0.748602, 0.0 ], [ 117.2265598, -0.748888, 0.0 ], [ 117.2264546, -0.7489507, 0.0 ], [ 117.2263534, -0.7490159, 0.0 ], [ 117.2262633, -0.7490919, 0.0 ], [ 117.2261931, -0.749186, 0.0 ], [ 117.2261512, -0.749297, 0.0 ], [ 117.2261379, -0.7494172, 0.0 ], [ 117.2261514, -0.74954, 0.0 ], [ 117.2261876, -0.7496576, 0.0 ], [ 117.22624, -0.7497669, 0.0 ], [ 117.2264931, -0.7500601, 0.0 ], [ 117.2265881, -0.7501675, 0.0 ], [ 117.2266721, -0.7502862, 0.0 ], [ 117.2267435, -0.7504105, 0.0 ], [ 117.2268047, -0.7505369, 0.0 ], [ 117.2268569, -0.7506641, 0.0 ], [ 117.2268989, -0.7507863, 0.0 ], [ 117.2269277, -0.7509021, 0.0 ], [ 117.2269411, -0.7510155, 0.0 ], [ 117.2269317, -0.7511292, 0.0 ], [ 117.2268984, -0.7512448, 0.0 ], [ 117.2265304, -0.7518289, 0.0 ], [ 117.2260811, -0.7529075, 0.0 ], [ 117.2258898, -0.7533626, 0.0 ], [ 117.2252043, -0.7552242, 0.0 ], [ 117.2246891, -0.7564319, 0.0 ], [ 117.2243608, -0.756919, 0.0 ], [ 117.2241697, -0.7571452, 0.0 ], [ 117.2240783, -0.7572799, 0.0 ], [ 117.224029, -0.757379, 0.0 ], [ 117.2239856, -0.7574973, 0.0 ], [ 117.223957, -0.7576252, 0.0 ], [ 117.2239493, -0.7577566, 0.0 ], [ 117.223966, -0.7578876, 0.0 ], [ 117.2240007, -0.7580157, 0.0 ], [ 117.2240557, -0.7581401, 0.0 ], [ 117.2243606, -0.7586342, 0.0 ], [ 117.2244339, -0.7587632, 0.0 ], [ 117.224496, -0.7588884, 0.0 ], [ 117.2245716, -0.7591308, 0.0 ], [ 117.224587, -0.7592547, 0.0 ], [ 117.2245057, -0.7601086, 0.0 ], [ 117.2244695, -0.7608207, 0.0 ], [ 117.2244674, -0.7608795, 0.0 ], [ 117.2244659, -0.7609303, 0.0 ], [ 117.224462, -0.7609758, 0.0 ], [ 117.2244506, -0.7610217, 0.0 ], [ 117.2244297, -0.7610759, 0.0 ], [ 117.224214, -0.7614838, 0.0 ], [ 117.2233871, -0.7630211, 0.0 ], [ 117.223336, -0.7631428, 0.0 ], [ 117.2232967, -0.7632577, 0.0 ], [ 117.2232695, -0.7633677, 0.0 ], [ 117.223256, -0.7634714, 0.0 ], [ 117.2232568, -0.7635669, 0.0 ], [ 117.2232656, -0.7636527, 0.0 ], [ 117.2232718, -0.763736, 0.0 ], [ 117.2233248, -0.7654708, 0.0 ], [ 117.2232995, -0.766867, 0.0 ], [ 117.223299, -0.7669722, 0.0 ], [ 117.2232943, -0.7670723, 0.0 ], [ 117.2232833, -0.7671699, 0.0 ], [ 117.2232644, -0.7672594, 0.0 ], [ 117.2230863, -0.7676191, 0.0 ], [ 117.222745, -0.768158, 0.0 ], [ 117.2220712, -0.7691544, 0.0 ], [ 117.2219457, -0.7693857, 0.0 ], [ 117.2215454, -0.7705473, 0.0 ], [ 117.2210162, -0.7718622, 0.0 ], [ 117.2209658, -0.7719949, 0.0 ], [ 117.220884, -0.7725998, 0.0 ], [ 117.2209324, -0.7729502, 0.0 ], [ 117.2209673, -0.7730572, 0.0 ], [ 117.2212918, -0.7735369, 0.0 ], [ 117.2217655, -0.7739838, 0.0 ], [ 117.221908, -0.7741261, 0.0 ], [ 117.2221456, -0.7746131, 0.0 ], [ 117.2221866, -0.7747134, 0.0 ], [ 117.2222382, -0.7747998, 0.0 ], [ 117.2223829, -0.7749107, 0.0 ], [ 117.2224714, -0.7749331, 0.0 ], [ 117.2225564, -0.7749346, 0.0 ], [ 117.2226368, -0.7749214, 0.0 ], [ 117.2234295, -0.7746897, 0.0 ], [ 117.2245758, -0.774333, 0.0 ], [ 117.225942, -0.7742682, 0.0 ], [ 117.2269607, -0.7743517, 0.0 ], [ 117.2270838, -0.7743807, 0.0 ], [ 117.2272083, -0.7744171, 0.0 ], [ 117.2273336, -0.7744618, 0.0 ], [ 117.2274556, -0.7745164, 0.0 ], [ 117.2275696, -0.7745836, 0.0 ], [ 117.2276729, -0.7746619, 0.0 ], [ 117.2277614, -0.7747519, 0.0 ], [ 117.2278303, -0.7748536, 0.0 ], [ 117.227878, -0.7749655, 0.0 ], [ 117.2279414, -0.7755674, 0.0 ], [ 117.2279489, -0.7756796, 0.0 ], [ 117.2279657, -0.7757869, 0.0 ], [ 117.2280015, -0.7758839, 0.0 ], [ 117.2280639, -0.7759637, 0.0 ], [ 117.2281505, -0.7760242, 0.0 ], [ 117.2282554, -0.7760674, 0.0 ], [ 117.2288883, -0.7761883, 0.0 ], [ 117.2298007, -0.7763453, 0.0 ], [ 117.2312775, -0.7765667, 0.0 ], [ 117.2325203, -0.7767539, 0.0 ], [ 117.232604, -0.7767665, 0.0 ], [ 117.2326759, -0.7767802, 0.0 ], [ 117.2327303, -0.7768008, 0.0 ], [ 117.2327674, -0.7768266, 0.0 ], [ 117.2327901, -0.7768562, 0.0 ], [ 117.2328013, -0.7768967, 0.0 ], [ 117.2328027, -0.7769516, 0.0 ], [ 117.2327973, -0.7770204, 0.0 ], [ 117.2327867, -0.7770984, 0.0 ], [ 117.2324596, -0.7780754, 0.0 ], [ 117.2317347, -0.780691, 0.0 ], [ 117.2311555, -0.7828646, 0.0 ], [ 117.2304149, -0.7854677, 0.0 ], [ 117.2296858, -0.7880028, 0.0 ], [ 117.2293075, -0.7893966, 0.0 ], [ 117.2289963, -0.7906876, 0.0 ], [ 117.2287484, -0.7914708, 0.0 ], [ 117.2287342, -0.7916152, 0.0 ] ] } },
{ "type": "Feature", "properties": { "OBJECTID": 0, "Kl_Dat_Das": "Jalan Non Tol", "Nm_Ruas": "SIMP.4 KALIORANG - BTS BERAU", "Thn_Data": 2023, "Status": "Jalan Provinsi", "Fungsi": "Jalan Kolektor Primer 2", "Mendukung": "Strategis", "Ura_Dukung": null, "Kd_Bd_PU": "2", "Kd_Jns_Inf": "1", "Kd_Inf": "34 060", "Propinsi": "Kalimantan Timur", "Kab_Kot": "Kutai Timur", "Kecamatan": "Kaubun / Karangan / Biatan / Talisayan", "Desa_Kel": "BUMI JAYA/BUMI RAPAK/BUMI ETAM/SEMPAYAU/PENGADAN/PENGADAN BARU/BAAY/BATU LEPOQ/BUKIT MAKMUR JAYA/BIATAN HULU/KARANGAN/BITAN ILIR/SUMBER MULIA/DUMARING/TUNGGAL BUMI/KAYU INDAH/SUMBER AGUNG/CAMPUR SARI/BUMI JAYA/TUNGGAL BUMI/DUMARING", "Tk_Ruas_Aw": "0.920716, 117.844669", "Tk_Ruas_Ak": "1.462335, 117.851290", "Kd_Patok": null, "Km_Awal": 0.0, "Km_Akhir": 149.112341972, "Nm_Lintas": null, "Kon_Baik": 0.0, "Kon_Sdg": 0.0, "Kon_Rgn": 67.8, "Kon_Rusak": 94.06, "Kon_Mntp": 86.14, "Kon_T_Mntp": 161.86, "Panjang": 248.0, "Lbr_Keras": 6.0, "LHRT": 0.0, "VCR": 0.0, "Tipe_Jln": 2, "MST": 8.0, "Tanah_Kri": 11.1693548387, "Macadam": 28.669354838699999, "Aspal": 59.879032258099997, "Rigid": 0.282258064516, "Thn_Pen_Ak": 0, "Jns_Pen": null, "Koord_X_Aw": 117.84469809399999, "Koord_Y_Aw": 0.920707723, "Koord_X_Ak": 118.189563034, "Koord_Y_Ak": 1.586547671, "Shape_Leng": 0.0, "Status_J_1": "Sudah Terbangun", "Keterangan": null, "Masuk": "YES", "panjangjal": 149.112341972 }, "geometry": { "type": "LineString", "coordinates": [ [ 117.8446695, 0.9207164, 0.0 ], [ 117.8447952, 0.9209648, 0.0 ], [ 117.8449974, 0.9213695, 0.0 ], [ 117.84525, 0.9218017, 0.0 ], [ 117.8453891, 0.9220686, 0.0 ], [ 117.8453995, 0.9220966, 0.0 ], [ 117.8455321, 0.9226787, 0.0 ], [ 117.8456541, 0.9230121, 0.0 ], [ 117.8459832, 0.9236868, 0.0 ], [ 117.8462846, 0.9243186, 0.0 ], [ 117.8466227, 0.9249905, 0.0 ], [ 117.8468987, 0.9253593, 0.0 ], [ 117.8469679, 0.9254045, 0.0 ], [ 117.8470428, 0.9254385, 0.0 ], [ 117.8474211, 0.9255498, 0.0 ], [ 117.847969, 0.9258588, 0.0 ], [ 117.8483154, 0.9261347, 0.0 ], [ 117.8483783, 0.9262089, 0.0 ], [ 117.8484389, 0.92629, 0.0 ], [ 117.8484926, 0.9263819, 0.0 ], [ 117.8485373, 0.9264843, 0.0 ], [ 117.8485727, 0.9265921, 0.0 ], [ 117.8485926, 0.9267007, 0.0 ], [ 117.8485953, 0.9268105, 0.0 ], [ 117.8485805, 0.926919, 0.0 ], [ 117.8485571, 0.9270214, 0.0 ], [ 117.8483363, 0.9277108, 0.0 ], [ 117.8483286, 0.9278334, 0.0 ], [ 117.8483953, 0.928048, 0.0 ], [ 117.8485695, 0.928749, 0.0 ], [ 117.8487722, 0.9298481, 0.0 ], [ 117.8487968, 0.9300897, 0.0 ], [ 117.8487952, 0.9301971, 0.0 ], [ 117.8487808, 0.9302968, 0.0 ], [ 117.848756, 0.9303882, 0.0 ], [ 117.8487131, 0.9305756, 0.0 ], [ 117.8487061, 0.9306761, 0.0 ], [ 117.8487112, 0.930789, 0.0 ], [ 117.8487271, 0.930908, 0.0 ], [ 117.848753, 0.9310245, 0.0 ], [ 117.8487854, 0.931133, 0.0 ], [ 117.8488236, 0.9312297, 0.0 ], [ 117.8488637, 0.9313187, 0.0 ], [ 117.8489285, 0.9314975, 0.0 ], [ 117.8489469, 0.9315922, 0.0 ], [ 117.8489535, 0.9316928, 0.0 ], [ 117.8489386, 0.9319117, 0.0 ], [ 117.8488811, 0.932389, 0.0 ], [ 117.8488957, 0.9325691, 0.0 ], [ 117.8489079, 0.9326294, 0.0 ], [ 117.8489361, 0.9327548, 0.0 ], [ 117.848971, 0.932925, 0.0 ], [ 117.8489993, 0.9330279, 0.0 ], [ 117.8490895, 0.9333097, 0.0 ], [ 117.8491777, 0.933574, 0.0 ], [ 117.8493372, 0.9338777, 0.0 ], [ 117.8493623, 0.9339243, 0.0 ], [ 117.849456, 0.9341164, 0.0 ], [ 117.8495151, 0.9343279, 0.0 ], [ 117.8495461, 0.9346943, 0.0 ], [ 117.8494982, 0.9349606, 0.0 ], [ 117.8494642, 0.9350457, 0.0 ], [ 117.8494212, 0.935113, 0.0 ], [ 117.8493318, 0.9352126, 0.0 ], [ 117.8490245, 0.9355779, 0.0 ], [ 117.8489862, 0.9356475, 0.0 ], [ 117.8487159, 0.9364628, 0.0 ], [ 117.8485829, 0.9373966, 0.0 ], [ 117.8485959, 0.9375158, 0.0 ], [ 117.8486211, 0.9376311, 0.0 ], [ 117.8486598, 0.9377386, 0.0 ], [ 117.8487124, 0.9378387, 0.0 ], [ 117.8487762, 0.9379329, 0.0 ], [ 117.8488461, 0.9380207, 0.0 ], [ 117.848918, 0.9380998, 0.0 ], [ 117.8489899, 0.9381693, 0.0 ], [ 117.8490617, 0.9382313, 0.0 ], [ 117.8492661, 0.938417, 0.0 ], [ 117.8493218, 0.9384905, 0.0 ], [ 117.8493697, 0.9385719, 0.0 ], [ 117.8494101, 0.9386607, 0.0 ], [ 117.8494478, 0.9387565, 0.0 ], [ 117.849532, 0.9389547, 0.0 ], [ 117.8499097, 0.9396488, 0.0 ], [ 117.8499349, 0.9397305, 0.0 ], [ 117.8499758, 0.9400388, 0.0 ], [ 117.8499209, 0.9403942, 0.0 ], [ 117.8498973, 0.9404614, 0.0 ], [ 117.8498629, 0.940525, 0.0 ], [ 117.8498204, 0.9405827, 0.0 ], [ 117.8497769, 0.9406348, 0.0 ], [ 117.8496619, 0.9407898, 0.0 ], [ 117.8496318, 0.940851, 0.0 ], [ 117.8496091, 0.9409153, 0.0 ], [ 117.849593, 0.9409803, 0.0 ], [ 117.8495843, 0.9410451, 0.0 ], [ 117.8495832, 0.9411079, 0.0 ], [ 117.8495873, 0.9411636, 0.0 ], [ 117.8496283, 0.9414684, 0.0 ], [ 117.8496605, 0.9417056, 0.0 ], [ 117.8496798, 0.9417696, 0.0 ], [ 117.8497061, 0.9418348, 0.0 ], [ 117.8497401, 0.9418998, 0.0 ], [ 117.8497823, 0.941964, 0.0 ], [ 117.8498301, 0.942028, 0.0 ], [ 117.8498817, 0.9420944, 0.0 ], [ 117.8499452, 0.9421577, 0.0 ], [ 117.8501091, 0.9422663, 0.0 ], [ 117.8501991, 0.942312, 0.0 ], [ 117.8503852, 0.9423819, 0.0 ], [ 117.8506886, 0.9424802, 0.0 ], [ 117.8508065, 0.9424909, 0.0 ], [ 117.8509293, 0.9424858, 0.0 ], [ 117.8513236, 0.9424824, 0.0 ], [ 117.8515752, 0.942521, 0.0 ], [ 117.8516956, 0.9425173, 0.0 ], [ 117.8518143, 0.9424906, 0.0 ], [ 117.8521672, 0.9423895, 0.0 ], [ 117.8522808, 0.9423924, 0.0 ], [ 117.8523932, 0.9424237, 0.0 ], [ 117.8524955, 0.9424838, 0.0 ], [ 117.8525848, 0.9425701, 0.0 ], [ 117.8526616, 0.9426737, 0.0 ], [ 117.8527253, 0.9427801, 0.0 ], [ 117.8527892, 0.9428827, 0.0 ], [ 117.8528606, 0.9429732, 0.0 ], [ 117.8529397, 0.9430534, 0.0 ], [ 117.8530244, 0.943127, 0.0 ], [ 117.8532195, 0.9432638, 0.0 ], [ 117.8535177, 0.9434457, 0.0 ], [ 117.8536032, 0.9435106, 0.0 ], [ 117.8536703, 0.9435907, 0.0 ], [ 117.8537225, 0.943684, 0.0 ], [ 117.8537652, 0.9437875, 0.0 ], [ 117.8538132, 0.9438909, 0.0 ], [ 117.8538782, 0.9439863, 0.0 ], [ 117.8539626, 0.9440687, 0.0 ], [ 117.8540608, 0.9441392, 0.0 ], [ 117.8541628, 0.944201, 0.0 ], [ 117.8544451, 0.9443872, 0.0 ], [ 117.8545286, 0.9444648, 0.0 ], [ 117.8545977, 0.9445625, 0.0 ], [ 117.8546543, 0.944681, 0.0 ], [ 117.8546991, 0.9448202, 0.0 ], [ 117.8547401, 0.9449683, 0.0 ], [ 117.8548205, 0.9452623, 0.0 ], [ 117.8549161, 0.9456501, 0.0 ], [ 117.8549604, 0.9460114, 0.0 ], [ 117.8549552, 0.9462782, 0.0 ], [ 117.8549513, 0.9464304, 0.0 ], [ 117.8549953, 0.9467396, 0.0 ], [ 117.8550937, 0.9472251, 0.0 ], [ 117.8551605, 0.9475798, 0.0 ], [ 117.8552394, 0.9479686, 0.0 ], [ 117.8553533, 0.9483715, 0.0 ], [ 117.85543, 0.9485524, 0.0 ], [ 117.8555749, 0.9488664, 0.0 ], [ 117.8556185, 0.9489925, 0.0 ], [ 117.8556465, 0.9491087, 0.0 ], [ 117.8556633, 0.9492214, 0.0 ], [ 117.8556739, 0.9493336, 0.0 ], [ 117.8556786, 0.9494499, 0.0 ], [ 117.8556832, 0.9495659, 0.0 ], [ 117.8556785, 0.9498093, 0.0 ], [ 117.8556618, 0.9500666, 0.0 ], [ 117.8557099, 0.9503353, 0.0 ], [ 117.8557645, 0.950468, 0.0 ], [ 117.8558371, 0.9505934, 0.0 ], [ 117.8559221, 0.9507072, 0.0 ], [ 117.8560278, 0.9507955, 0.0 ], [ 117.8561427, 0.9508674, 0.0 ], [ 117.856253, 0.9509346, 0.0 ], [ 117.8563556, 0.951001, 0.0 ], [ 117.8565907, 0.9512219, 0.0 ], [ 117.8566438, 0.9513105, 0.0 ], [ 117.8566775, 0.951408, 0.0 ], [ 117.8566954, 0.9515156, 0.0 ], [ 117.856705, 0.9516339, 0.0 ], [ 117.8567148, 0.9517573, 0.0 ], [ 117.8567581, 0.9520163, 0.0 ], [ 117.8567963, 0.9521446, 0.0 ], [ 117.8568438, 0.9522659, 0.0 ], [ 117.8569367, 0.9524869, 0.0 ], [ 117.8569707, 0.9525928, 0.0 ], [ 117.8570046, 0.952821, 0.0 ], [ 117.856996, 0.9529427, 0.0 ], [ 117.8569728, 0.9530697, 0.0 ], [ 117.8569234, 0.9533295, 0.0 ], [ 117.8568972, 0.9535379, 0.0 ], [ 117.8568991, 0.9535997, 0.0 ], [ 117.8569197, 0.9536996, 0.0 ], [ 117.8570026, 0.9539442, 0.0 ], [ 117.8571969, 0.9544632, 0.0 ], [ 117.8572176, 0.9545527, 0.0 ], [ 117.857258, 0.95487, 0.0 ], [ 117.8572574, 0.9551091, 0.0 ], [ 117.8572459, 0.9552319, 0.0 ], [ 117.8572221, 0.9553498, 0.0 ], [ 117.8571883, 0.9554568, 0.0 ], [ 117.857157, 0.9555433, 0.0 ], [ 117.8571401, 0.955604, 0.0 ], [ 117.8571323, 0.9556456, 0.0 ], [ 117.8571264, 0.9556779, 0.0 ], [ 117.8570637, 0.9559227, 0.0 ], [ 117.8569762, 0.9563469, 0.0 ], [ 117.8569885, 0.9564514, 0.0 ], [ 117.8570126, 0.9565578, 0.0 ], [ 117.857079, 0.9566772, 0.0 ], [ 117.8571465, 0.9567898, 0.0 ], [ 117.857215, 0.9569005, 0.0 ], [ 117.8574062, 0.9572725, 0.0 ], [ 117.8574662, 0.9575577, 0.0 ], [ 117.8574673, 0.957709, 0.0 ], [ 117.8574381, 0.9580254, 0.0 ], [ 117.857403, 0.9584948, 0.0 ], [ 117.857422, 0.9586421, 0.0 ], [ 117.857466, 0.9587782, 0.0 ], [ 117.857525, 0.9589097, 0.0 ], [ 117.857591, 0.9590319, 0.0 ], [ 117.8576548, 0.9591374, 0.0 ], [ 117.8578355, 0.9594514, 0.0 ], [ 117.8579791, 0.9599422, 0.0 ], [ 117.8580164, 0.9600323, 0.0 ], [ 117.858075, 0.9601198, 0.0 ], [ 117.8581619, 0.9602086, 0.0 ], [ 117.8582705, 0.9602941, 0.0 ], [ 117.8583869, 0.9603789, 0.0 ], [ 117.8587556, 0.96064, 0.0 ], [ 117.8589928, 0.9608229, 0.0 ], [ 117.8591212, 0.9608981, 0.0 ], [ 117.8592539, 0.9609564, 0.0 ], [ 117.8599029, 0.9611947, 0.0 ], [ 117.8600027, 0.961267, 0.0 ], [ 117.8600909, 0.9613537, 0.0 ], [ 117.860167, 0.9614506, 0.0 ], [ 117.8602254, 0.9615563, 0.0 ], [ 117.8602724, 0.9616614, 0.0 ], [ 117.8603738, 0.9620215, 0.0 ], [ 117.860379, 0.9620608, 0.0 ], [ 117.8604274, 0.962298, 0.0 ], [ 117.8607196, 0.9630761, 0.0 ], [ 117.8609069, 0.9633522, 0.0 ], [ 117.8610216, 0.9635576, 0.0 ], [ 117.8610747, 0.9636703, 0.0 ], [ 117.8611292, 0.9637886, 0.0 ], [ 117.8611736, 0.9639028, 0.0 ], [ 117.8612643, 0.9642526, 0.0 ], [ 117.8615164, 0.9650627, 0.0 ], [ 117.8615639, 0.9651515, 0.0 ], [ 117.8616248, 0.9652432, 0.0 ], [ 117.8621457, 0.9659647, 0.0 ], [ 117.8623637, 0.966307, 0.0 ], [ 117.8624167, 0.966429, 0.0 ], [ 117.862446, 0.9665555, 0.0 ], [ 117.8624524, 0.9666832, 0.0 ], [ 117.8624302, 0.9668063, 0.0 ], [ 117.8623797, 0.966921, 0.0 ], [ 117.8623102, 0.9670326, 0.0 ], [ 117.8622285, 0.967146, 0.0 ], [ 117.8613286, 0.9683408, 0.0 ], [ 117.8611678, 0.9686328, 0.0 ], [ 117.861119, 0.9687903, 0.0 ], [ 117.8610881, 0.9689555, 0.0 ], [ 117.8610688, 0.9691269, 0.0 ], [ 117.8610576, 0.9693065, 0.0 ], [ 117.8611328, 0.9711379, 0.0 ], [ 117.8611918, 0.9719058, 0.0 ], [ 117.8612008, 0.9725081, 0.0 ], [ 117.861184, 0.9726439, 0.0 ], [ 117.8611175, 0.9729098, 0.0 ], [ 117.8610716, 0.9730388, 0.0 ], [ 117.8610114, 0.973159, 0.0 ], [ 117.8606842, 0.9737711, 0.0 ], [ 117.8602283, 0.9746293, 0.0 ], [ 117.8595841, 0.975511, 0.0 ], [ 117.8593599, 0.9757866, 0.0 ], [ 117.8587789, 0.9765827, 0.0 ], [ 117.8585063, 0.9769303, 0.0 ], [ 117.8582704, 0.9774384, 0.0 ], [ 117.8581997, 0.9777384, 0.0 ], [ 117.8581755, 0.9780347, 0.0 ], [ 117.8581334, 0.9793191, 0.0 ], [ 117.8581457, 0.9798562, 0.0 ], [ 117.8582381, 0.9803903, 0.0 ], [ 117.85837, 0.9809244, 0.0 ], [ 117.8584082, 0.9816043, 0.0 ], [ 117.8583634, 0.9817611, 0.0 ], [ 117.8583029, 0.9819058, 0.0 ], [ 117.8579394, 0.9832495, 0.0 ], [ 117.8577499, 0.9840347, 0.0 ], [ 117.8575229, 0.9848086, 0.0 ], [ 117.8573217, 0.985879, 0.0 ], [ 117.857297, 0.9863855, 0.0 ], [ 117.8572829, 0.986881, 0.0 ], [ 117.8572791, 0.986987, 0.0 ], [ 117.857288, 0.9872152, 0.0 ], [ 117.8573499, 0.9878348, 0.0 ], [ 117.8574485, 0.9882669, 0.0 ], [ 117.8575051, 0.9887311, 0.0 ], [ 117.8574921, 0.9888842, 0.0 ], [ 117.857458, 0.9890308, 0.0 ], [ 117.8573378, 0.9893118, 0.0 ], [ 117.8571638, 0.9897471, 0.0 ], [ 117.857128, 0.989893, 0.0 ], [ 117.8571062, 0.9900349, 0.0 ], [ 117.8571029, 0.9901742, 0.0 ], [ 117.8571139, 0.9903094, 0.0 ], [ 117.8571464, 0.9904457, 0.0 ], [ 117.8571952, 0.9905789, 0.0 ], [ 117.8572557, 0.9907047, 0.0 ], [ 117.8573147, 0.9908264, 0.0 ], [ 117.8573626, 0.990953, 0.0 ], [ 117.8573933, 0.9910922, 0.0 ], [ 117.8574061, 0.9912355, 0.0 ], [ 117.857471, 0.9925913, 0.0 ], [ 117.8575931, 0.9929218, 0.0 ], [ 117.8577508, 0.993245, 0.0 ], [ 117.8578826, 0.9935711, 0.0 ], [ 117.8579238, 0.9937325, 0.0 ], [ 117.8579438, 0.9938911, 0.0 ], [ 117.8579514, 0.9940512, 0.0 ], [ 117.8579423, 0.9942087, 0.0 ], [ 117.8579112, 0.9943543, 0.0 ], [ 117.8578567, 0.9944897, 0.0 ], [ 117.8577915, 0.9946205, 0.0 ], [ 117.8577191, 0.9947473, 0.0 ], [ 117.8576364, 0.9948674, 0.0 ], [ 117.8575476, 0.9949835, 0.0 ], [ 117.8574526, 0.995098, 0.0 ], [ 117.8569987, 0.9956791, 0.0 ], [ 117.8569178, 0.995784, 0.0 ], [ 117.8565435, 0.996187, 0.0 ], [ 117.8564603, 0.9962432, 0.0 ], [ 117.8562531, 0.9963315, 0.0 ], [ 117.8561308, 0.996361, 0.0 ], [ 117.8551716, 0.9965397, 0.0 ], [ 117.8550517, 0.9965839, 0.0 ], [ 117.8548335, 0.9967114, 0.0 ], [ 117.854727, 0.9967879, 0.0 ], [ 117.8546261, 0.9968755, 0.0 ], [ 117.8540611, 0.9973817, 0.0 ], [ 117.8535242, 0.9978187, 0.0 ], [ 117.8534481, 0.9979034, 0.0 ], [ 117.8533846, 0.9979945, 0.0 ], [ 117.8533437, 0.9980953, 0.0 ], [ 117.8533189, 0.9982, 0.0 ], [ 117.8533183, 0.9983145, 0.0 ], [ 117.8533365, 0.9984428, 0.0 ], [ 117.8533561, 0.9985755, 0.0 ], [ 117.8533659, 0.998703, 0.0 ], [ 117.8534139, 0.9992048, 0.0 ], [ 117.8533903, 0.9993198, 0.0 ], [ 117.8533484, 0.9994283, 0.0 ], [ 117.8532719, 0.9995243, 0.0 ], [ 117.8531801, 0.9996194, 0.0 ], [ 117.8530753, 0.9997098, 0.0 ], [ 117.8529479, 0.9997858, 0.0 ], [ 117.8528109, 0.9998491, 0.0 ], [ 117.8526762, 0.9999161, 0.0 ], [ 117.8524343, 1.0000568, 0.0 ], [ 117.8521566, 1.0002785, 0.0 ], [ 117.8520805, 1.0003629, 0.0 ], [ 117.8518925, 1.0006541, 0.0 ], [ 117.8516552, 1.0011009, 0.0 ], [ 117.851442, 1.0012714, 0.0 ], [ 117.851308, 1.0013258, 0.0 ], [ 117.8511737, 1.0013638, 0.0 ], [ 117.851046, 1.0013753, 0.0 ], [ 117.8509228, 1.0013782, 0.0 ], [ 117.850803, 1.0013694, 0.0 ], [ 117.8506785, 1.0013496, 0.0 ], [ 117.8494831, 1.0011974, 0.0 ], [ 117.8493316, 1.00122, 0.0 ], [ 117.8490595, 1.001311, 0.0 ], [ 117.8489496, 1.0013705, 0.0 ], [ 117.8487507, 1.001476, 0.0 ], [ 117.848582, 1.0015669, 0.0 ], [ 117.8484491, 1.001662, 0.0 ], [ 117.848354, 1.0017891, 0.0 ], [ 117.8483134, 1.0018712, 0.0 ], [ 117.8482638, 1.0020787, 0.0 ], [ 117.8482669, 1.0022092, 0.0 ], [ 117.8483107, 1.0025088, 0.0 ], [ 117.8485882, 1.0035495, 0.0 ], [ 117.8486674, 1.0036648, 0.0 ], [ 117.848766, 1.0037655, 0.0 ], [ 117.8488734, 1.0038535, 0.0 ], [ 117.8489872, 1.0039251, 0.0 ], [ 117.8491179, 1.0039789, 0.0 ], [ 117.8492456, 1.0040259, 0.0 ], [ 117.8493749, 1.0040777, 0.0 ], [ 117.8494994, 1.0041416, 0.0 ], [ 117.8496082, 1.0042232, 0.0 ], [ 117.8497005, 1.0043273, 0.0 ], [ 117.8497751, 1.0044503, 0.0 ], [ 117.8498375, 1.0045886, 0.0 ], [ 117.8498956, 1.0047427, 0.0 ], [ 117.8499518, 1.0048993, 0.0 ], [ 117.8502651, 1.0058423, 0.0 ], [ 117.8502696, 1.0059779, 0.0 ], [ 117.8502603, 1.0061161, 0.0 ], [ 117.8502372, 1.0062729, 0.0 ], [ 117.850209, 1.0064193, 0.0 ], [ 117.8501689, 1.0065738, 0.0 ], [ 117.8501195, 1.0067306, 0.0 ], [ 117.8497346, 1.0076865, 0.0 ], [ 117.8494541, 1.0082897, 0.0 ], [ 117.8488766, 1.0092109, 0.0 ], [ 117.8484492, 1.0097016, 0.0 ], [ 117.8481581, 1.0099572, 0.0 ], [ 117.8481254, 1.0099732, 0.0 ], [ 117.848028, 1.0100643, 0.0 ], [ 117.8478428, 1.0102438, 0.0 ], [ 117.8476197, 1.0104718, 0.0 ], [ 117.8472412, 1.0108324, 0.0 ], [ 117.8470072, 1.011124, 0.0 ], [ 117.8468119, 1.0115196, 0.0 ], [ 117.8467559, 1.011698, 0.0 ], [ 117.8467385, 1.0117927, 0.0 ], [ 117.8467282, 1.0118947, 0.0 ], [ 117.8467139, 1.0122358, 0.0 ], [ 117.8467647, 1.0132015, 0.0 ], [ 117.8467826, 1.0135287, 0.0 ], [ 117.8468155, 1.0138549, 0.0 ], [ 117.8468555, 1.0142923, 0.0 ], [ 117.8468902, 1.0154236, 0.0 ], [ 117.846873, 1.0157853, 0.0 ], [ 117.8468392, 1.0161593, 0.0 ], [ 117.8467917, 1.0164468, 0.0 ], [ 117.8467306, 1.0167557, 0.0 ], [ 117.8466706, 1.0170735, 0.0 ], [ 117.8465803, 1.0175366, 0.0 ], [ 117.8465347, 1.0178196, 0.0 ], [ 117.8463837, 1.0193069, 0.0 ], [ 117.8466377, 1.0202988, 0.0 ], [ 117.8468538, 1.0209211, 0.0 ], [ 117.8469838, 1.0214673, 0.0 ], [ 117.8469776, 1.0215921, 0.0 ], [ 117.8469532, 1.0217218, 0.0 ], [ 117.8469221, 1.0218532, 0.0 ], [ 117.846868, 1.0219844, 0.0 ], [ 117.846801, 1.0221162, 0.0 ], [ 117.8466416, 1.0222714, 0.0 ], [ 117.846615, 1.0222974, 0.0 ], [ 117.8465867, 1.0223308, 0.0 ], [ 117.846547, 1.0223815, 0.0 ], [ 117.8463711, 1.02261, 0.0 ], [ 117.8458073, 1.0233101, 0.0 ], [ 117.8457273, 1.0233683, 0.0 ], [ 117.8456428, 1.0234183, 0.0 ], [ 117.8455542, 1.0234567, 0.0 ], [ 117.8454604, 1.0234913, 0.0 ], [ 117.8450487, 1.0236656, 0.0 ], [ 117.844684, 1.0238234, 0.0 ], [ 117.8440062, 1.0240449, 0.0 ], [ 117.8433433, 1.0243499, 0.0 ], [ 117.8426951, 1.024681, 0.0 ], [ 117.8416188, 1.0251503, 0.0 ], [ 117.840077, 1.025815, 0.0 ], [ 117.8390552, 1.0263687, 0.0 ], [ 117.8389652, 1.0264652, 0.0 ], [ 117.8388841, 1.0265696, 0.0 ], [ 117.8388111, 1.0266788, 0.0 ], [ 117.8387476, 1.0267934, 0.0 ], [ 117.8386461, 1.0270313, 0.0 ], [ 117.8386071, 1.0271562, 0.0 ], [ 117.8385745, 1.0272831, 0.0 ], [ 117.8385453, 1.0284882, 0.0 ], [ 117.8386403, 1.0292612, 0.0 ], [ 117.8386494, 1.029614, 0.0 ], [ 117.8386112, 1.0304822, 0.0 ], [ 117.8387099, 1.0320742, 0.0 ], [ 117.8387604, 1.0322062, 0.0 ], [ 117.8388205, 1.0323308, 0.0 ], [ 117.838892, 1.0324507, 0.0 ], [ 117.8390662, 1.0326816, 0.0 ], [ 117.8392759, 1.0328822, 0.0 ], [ 117.8395113, 1.0330535, 0.0 ], [ 117.8396348, 1.0331303, 0.0 ], [ 117.8412766, 1.0342063, 0.0 ], [ 117.8434862, 1.0356439, 0.0 ], [ 117.8444269, 1.0362612, 0.0 ], [ 117.8449952, 1.0366389, 0.0 ], [ 117.8467819, 1.0378206, 0.0 ], [ 117.8481662, 1.0387659, 0.0 ], [ 117.8488201, 1.0391696, 0.0 ], [ 117.8491886, 1.0394153, 0.0 ], [ 117.8492462, 1.0394828, 0.0 ], [ 117.8492759, 1.0395547, 0.0 ], [ 117.8492818, 1.0396309, 0.0 ], [ 117.8492501, 1.0397719, 0.0 ], [ 117.8489008, 1.0407699, 0.0 ], [ 117.8487379, 1.0412181, 0.0 ], [ 117.8486054, 1.041581, 0.0 ], [ 117.8484855, 1.0418987, 0.0 ], [ 117.8481433, 1.0428181, 0.0 ], [ 117.848081, 1.0429978, 0.0 ], [ 117.8478006, 1.0438037, 0.0 ], [ 117.8473433, 1.0451171, 0.0 ], [ 117.8472337, 1.0454866, 0.0 ], [ 117.847212, 1.0456205, 0.0 ], [ 117.8472016, 1.0457588, 0.0 ], [ 117.8471994, 1.0463938, 0.0 ], [ 117.8472663, 1.0472834, 0.0 ], [ 117.8472904, 1.0475089, 0.0 ], [ 117.8473092, 1.0476165, 0.0 ], [ 117.8473189, 1.0477222, 0.0 ], [ 117.8473928, 1.0488048, 0.0 ], [ 117.8475057, 1.0500533, 0.0 ], [ 117.8475256, 1.05034, 0.0 ], [ 117.8475605, 1.0508771, 0.0 ], [ 117.8477206, 1.0522664, 0.0 ], [ 117.847846, 1.0527515, 0.0 ], [ 117.8479447, 1.0530413, 0.0 ], [ 117.848487, 1.0540625, 0.0 ], [ 117.849001, 1.0547845, 0.0 ], [ 117.8492561, 1.0551186, 0.0 ], [ 117.8495268, 1.055453, 0.0 ], [ 117.8504394, 1.056647, 0.0 ], [ 117.8506585, 1.0569549, 0.0 ], [ 117.8508225, 1.0571513, 0.0 ], [ 117.8512277, 1.0576487, 0.0 ], [ 117.851542, 1.0580555, 0.0 ], [ 117.8522465, 1.0589522, 0.0 ], [ 117.8526305, 1.0594586, 0.0 ], [ 117.8529891, 1.0600081, 0.0 ], [ 117.853318, 1.0610111, 0.0 ], [ 117.8533713, 1.0615065, 0.0 ], [ 117.8533781, 1.0616179, 0.0 ], [ 117.8534021, 1.0628727, 0.0 ], [ 117.8534365, 1.0642551, 0.0 ], [ 117.8534791, 1.0652303, 0.0 ], [ 117.8535011, 1.0657294, 0.0 ], [ 117.8535192, 1.0661715, 0.0 ], [ 117.8536022, 1.0678967, 0.0 ], [ 117.8536754, 1.0696586, 0.0 ], [ 117.8537319, 1.0708539, 0.0 ], [ 117.8537702, 1.0716236, 0.0 ], [ 117.8537846, 1.0721086, 0.0 ], [ 117.8538367, 1.0731905, 0.0 ], [ 117.8538546, 1.073626, 0.0 ], [ 117.8538593, 1.0737471, 0.0 ], [ 117.8538972, 1.0747149, 0.0 ], [ 117.8539129, 1.0750736, 0.0 ], [ 117.8539422, 1.0755701, 0.0 ], [ 117.8539731, 1.0765363, 0.0 ], [ 117.8539772, 1.0767622, 0.0 ], [ 117.853999, 1.07716, 0.0 ], [ 117.8540044, 1.0773937, 0.0 ], [ 117.8539994, 1.0775072, 0.0 ], [ 117.8540157, 1.0778649, 0.0 ], [ 117.8540324, 1.0783148, 0.0 ], [ 117.8540809, 1.0792688, 0.0 ], [ 117.8541251, 1.0806443, 0.0 ], [ 117.8541549, 1.0816202, 0.0 ], [ 117.8542011, 1.0824466, 0.0 ], [ 117.8542974, 1.0840587, 0.0 ], [ 117.8543701, 1.0842819, 0.0 ], [ 117.8551714, 1.0857496, 0.0 ], [ 117.8561723, 1.0875831, 0.0 ], [ 117.856955, 1.0890195, 0.0 ], [ 117.8575149, 1.0900393, 0.0 ], [ 117.8578493, 1.0907133, 0.0 ], [ 117.8578832, 1.0908334, 0.0 ], [ 117.8579076, 1.0909599, 0.0 ], [ 117.8579253, 1.0910917, 0.0 ], [ 117.8579359, 1.0912302, 0.0 ], [ 117.8579382, 1.0913729, 0.0 ], [ 117.8579464, 1.0919403, 0.0 ], [ 117.8579773, 1.0932436, 0.0 ], [ 117.8580024, 1.0941449, 0.0 ], [ 117.8580012, 1.0945734, 0.0 ], [ 117.8580142, 1.0950914, 0.0 ], [ 117.8580181, 1.0953568, 0.0 ], [ 117.858007, 1.0955449, 0.0 ], [ 117.8580112, 1.0955955, 0.0 ], [ 117.8580476, 1.0962513, 0.0 ], [ 117.8581189, 1.0975661, 0.0 ], [ 117.8581674, 1.0988706, 0.0 ], [ 117.858183, 1.0993313, 0.0 ], [ 117.8581979, 1.099881, 0.0 ], [ 117.858224, 1.1004001, 0.0 ], [ 117.8582453, 1.1006724, 0.0 ], [ 117.8582876, 1.1014512, 0.0 ], [ 117.8583198, 1.1021426, 0.0 ], [ 117.8583271, 1.1023157, 0.0 ], [ 117.8584731, 1.1039528, 0.0 ], [ 117.858538, 1.1040836, 0.0 ], [ 117.8586322, 1.1041968, 0.0 ], [ 117.8587347, 1.1043059, 0.0 ], [ 117.8588394, 1.1044131, 0.0 ], [ 117.8593198, 1.1051559, 0.0 ], [ 117.8593489, 1.1052593, 0.0 ], [ 117.8593639, 1.1053572, 0.0 ], [ 117.8593719, 1.1054409, 0.0 ], [ 117.859374, 1.1055198, 0.0 ], [ 117.8593976, 1.1060407, 0.0 ], [ 117.8594303, 1.107034, 0.0 ], [ 117.8595389, 1.1091131, 0.0 ], [ 117.859615, 1.1108628, 0.0 ], [ 117.8596107, 1.1113922, 0.0 ], [ 117.8595808, 1.1115092, 0.0 ], [ 117.8595393, 1.1116246, 0.0 ], [ 117.8592825, 1.1121465, 0.0 ], [ 117.8588378, 1.1129319, 0.0 ], [ 117.8584199, 1.1137199, 0.0 ], [ 117.8583119, 1.1139469, 0.0 ], [ 117.858119, 1.114382, 0.0 ], [ 117.8579786, 1.1146009, 0.0 ], [ 117.8575722, 1.1149429, 0.0 ], [ 117.857167, 1.1153236, 0.0 ], [ 117.8566872, 1.1158378, 0.0 ], [ 117.8563488, 1.1164187, 0.0 ], [ 117.8561545, 1.1172308, 0.0 ], [ 117.8560265, 1.1181196, 0.0 ], [ 117.8559611, 1.1184559, 0.0 ], [ 117.8556326, 1.1199184, 0.0 ], [ 117.8555327, 1.1203142, 0.0 ], [ 117.8552442, 1.121396, 0.0 ], [ 117.8551502, 1.1217155, 0.0 ], [ 117.8548468, 1.1226092, 0.0 ], [ 117.8545233, 1.1236086, 0.0 ], [ 117.8539713, 1.1252723, 0.0 ], [ 117.8534709, 1.1260931, 0.0 ], [ 117.8526335, 1.1267743, 0.0 ], [ 117.8523249, 1.1270937, 0.0 ], [ 117.8521028, 1.1273183, 0.0 ], [ 117.8518405, 1.1275172, 0.0 ], [ 117.8516024, 1.1276318, 0.0 ], [ 117.8513536, 1.1277195, 0.0 ], [ 117.8510838, 1.1278116, 0.0 ], [ 117.8507789, 1.1279074, 0.0 ], [ 117.8503461, 1.1280309, 0.0 ], [ 117.8500391, 1.1281101, 0.0 ], [ 117.8498453, 1.1281406, 0.0 ], [ 117.8496431, 1.1281724, 0.0 ], [ 117.849322, 1.1282838, 0.0 ], [ 117.849004, 1.128477, 0.0 ], [ 117.8489086, 1.1285587, 0.0 ], [ 117.8485155, 1.1289073, 0.0 ], [ 117.8482885, 1.1290324, 0.0 ], [ 117.8481643, 1.129074, 0.0 ], [ 117.8480297, 1.1291056, 0.0 ], [ 117.8478893, 1.1291259, 0.0 ], [ 117.8477413, 1.1291346, 0.0 ], [ 117.8475862, 1.1291243, 0.0 ], [ 117.8474245, 1.1290992, 0.0 ], [ 117.847264, 1.1290583, 0.0 ], [ 117.8463153, 1.1287964, 0.0 ], [ 117.8461855, 1.1288053, 0.0 ], [ 117.8460619, 1.1288327, 0.0 ], [ 117.8458444, 1.1289525, 0.0 ], [ 117.8457608, 1.1290435, 0.0 ], [ 117.8456479, 1.1292713, 0.0 ], [ 117.8456141, 1.1294015, 0.0 ], [ 117.8455252, 1.1298111, 0.0 ], [ 117.8450855, 1.1305858, 0.0 ], [ 117.8442427, 1.1317169, 0.0 ], [ 117.8441961, 1.1318451, 0.0 ], [ 117.8441808, 1.1321136, 0.0 ], [ 117.8442078, 1.1325252, 0.0 ], [ 117.8441835, 1.1327824, 0.0 ], [ 117.8441528, 1.1329094, 0.0 ], [ 117.8441091, 1.1330393, 0.0 ], [ 117.8440628, 1.1331692, 0.0 ], [ 117.8439534, 1.1334808, 0.0 ], [ 117.843923, 1.1336421, 0.0 ], [ 117.8439072, 1.1338025, 0.0 ], [ 117.8439084, 1.1339575, 0.0 ], [ 117.8439169, 1.134104, 0.0 ], [ 117.8439341, 1.1342425, 0.0 ], [ 117.8439949, 1.1346178, 0.0 ], [ 117.8441021, 1.1350266, 0.0 ], [ 117.8442073, 1.1353421, 0.0 ], [ 117.8445999, 1.1368606, 0.0 ], [ 117.844609, 1.1371119, 0.0 ], [ 117.8445883, 1.1372198, 0.0 ], [ 117.8445502, 1.1373173, 0.0 ], [ 117.8445013, 1.1374007, 0.0 ], [ 117.8444465, 1.1374671, 0.0 ], [ 117.8443898, 1.1375285, 0.0 ], [ 117.844201, 1.1377258, 0.0 ], [ 117.8434866, 1.1384823, 0.0 ], [ 117.8432574, 1.1387772, 0.0 ], [ 117.8432308, 1.1388497, 0.0 ], [ 117.8432189, 1.1389203, 0.0 ], [ 117.8432843, 1.1390326, 0.0 ], [ 117.8433494, 1.1390814, 0.0 ], [ 117.8434218, 1.1391208, 0.0 ], [ 117.8434868, 1.1391508, 0.0 ], [ 117.8437218, 1.1392419, 0.0 ], [ 117.8437853, 1.139255, 0.0 ], [ 117.8441664, 1.1393073, 0.0 ], [ 117.8444952, 1.1393358, 0.0 ], [ 117.8447554, 1.1393889, 0.0 ], [ 117.8450731, 1.1395026, 0.0 ], [ 117.8458463, 1.1399186, 0.0 ], [ 117.8465424, 1.1402072, 0.0 ], [ 117.8471954, 1.1404741, 0.0 ], [ 117.8473989, 1.1406336, 0.0 ], [ 117.8474847, 1.1407393, 0.0 ], [ 117.8475654, 1.140855, 0.0 ], [ 117.8480462, 1.1414983, 0.0 ], [ 117.8486188, 1.1421926, 0.0 ], [ 117.8487222, 1.1424214, 0.0 ], [ 117.8488379, 1.1426658, 0.0 ], [ 117.8489127, 1.1427811, 0.0 ], [ 117.8489973, 1.1428867, 0.0 ], [ 117.8490909, 1.1429758, 0.0 ], [ 117.849198, 1.1430411, 0.0 ], [ 117.8493148, 1.1430966, 0.0 ], [ 117.8494412, 1.1431405, 0.0 ], [ 117.8495759, 1.1431735, 0.0 ], [ 117.8497311, 1.1431934, 0.0 ], [ 117.8498883, 1.1432115, 0.0 ], [ 117.8506545, 1.1433789, 0.0 ], [ 117.8512664, 1.1436052, 0.0 ], [ 117.8516355, 1.14379, 0.0 ], [ 117.8517298, 1.1438546, 0.0 ], [ 117.8518023, 1.1439331, 0.0 ], [ 117.8518564, 1.1440212, 0.0 ], [ 117.8518978, 1.1441252, 0.0 ], [ 117.8519423, 1.1442287, 0.0 ], [ 117.8519647, 1.1443703, 0.0 ], [ 117.8524686, 1.1454721, 0.0 ], [ 117.8525643, 1.1455675, 0.0 ], [ 117.852668, 1.1456509, 0.0 ], [ 117.8527766, 1.1457217, 0.0 ], [ 117.8528892, 1.1457857, 0.0 ], [ 117.8530057, 1.1458509, 0.0 ], [ 117.853117, 1.1459241, 0.0 ], [ 117.8532208, 1.1460114, 0.0 ], [ 117.8533196, 1.1461138, 0.0 ], [ 117.8540078, 1.1471046, 0.0 ], [ 117.8541613, 1.147491, 0.0 ], [ 117.8541914, 1.1476312, 0.0 ], [ 117.8542614, 1.148045, 0.0 ], [ 117.8543152, 1.148432, 0.0 ], [ 117.85443, 1.1493997, 0.0 ], [ 117.8544621, 1.1496658, 0.0 ], [ 117.8546861, 1.150905, 0.0 ], [ 117.8547281, 1.1511838, 0.0 ], [ 117.8547536, 1.1514843, 0.0 ], [ 117.8547507, 1.1516429, 0.0 ], [ 117.8547333, 1.1518045, 0.0 ], [ 117.8547077, 1.1519706, 0.0 ], [ 117.8546374, 1.1523002, 0.0 ], [ 117.8545444, 1.152612, 0.0 ], [ 117.8542948, 1.1531512, 0.0 ], [ 117.8538354, 1.1539535, 0.0 ], [ 117.8537216, 1.154103, 0.0 ], [ 117.8536069, 1.1542345, 0.0 ], [ 117.8534542, 1.1543788, 0.0 ], [ 117.8531864, 1.1546187, 0.0 ], [ 117.8527958, 1.1549785, 0.0 ], [ 117.8526415, 1.1551075, 0.0 ], [ 117.8524754, 1.1552129, 0.0 ], [ 117.8523778, 1.1552521, 0.0 ], [ 117.8522847, 1.1552835, 0.0 ], [ 117.8521893, 1.1553059, 0.0 ], [ 117.8520973, 1.155321, 0.0 ], [ 117.8518236, 1.1553801, 0.0 ], [ 117.8516977, 1.1554324, 0.0 ], [ 117.8516296, 1.1554792, 0.0 ], [ 117.8515591, 1.1555359, 0.0 ], [ 117.8514849, 1.1555998, 0.0 ], [ 117.8512593, 1.1558608, 0.0 ], [ 117.8511913, 1.1559839, 0.0 ], [ 117.8511346, 1.1561184, 0.0 ], [ 117.8510868, 1.1562639, 0.0 ], [ 117.8510497, 1.1564067, 0.0 ], [ 117.8510222, 1.1565539, 0.0 ], [ 117.8510037, 1.1567064, 0.0 ], [ 117.8509932, 1.1568557, 0.0 ], [ 117.8509989, 1.1570061, 0.0 ], [ 117.8510221, 1.1571471, 0.0 ], [ 117.8510656, 1.1572765, 0.0 ], [ 117.8511342, 1.1573939, 0.0 ], [ 117.8512133, 1.1574921, 0.0 ], [ 117.8513126, 1.1575728, 0.0 ], [ 117.8514229, 1.1576391, 0.0 ], [ 117.8515384, 1.1576961, 0.0 ], [ 117.8516516, 1.1577462, 0.0 ], [ 117.8521956, 1.1578576, 0.0 ], [ 117.8524233, 1.1578312, 0.0 ], [ 117.8528037, 1.1577686, 0.0 ], [ 117.8529279, 1.1577619, 0.0 ], [ 117.8530323, 1.1577776, 0.0 ], [ 117.8531125, 1.1578148, 0.0 ], [ 117.8532173, 1.1579339, 0.0 ], [ 117.853239, 1.1579981, 0.0 ], [ 117.8532453, 1.158062, 0.0 ], [ 117.8532384, 1.1581194, 0.0 ], [ 117.8532349, 1.1581789, 0.0 ], [ 117.8532196, 1.1584301, 0.0 ], [ 117.8532173, 1.1584836, 0.0 ], [ 117.8531983, 1.1591546, 0.0 ], [ 117.8530322, 1.1598976, 0.0 ], [ 117.8529931, 1.1601215, 0.0 ], [ 117.8529805, 1.1603215, 0.0 ], [ 117.8529771, 1.1605344, 0.0 ], [ 117.8529772, 1.1607662, 0.0 ], [ 117.8529762, 1.1609792, 0.0 ], [ 117.8529758, 1.1611259, 0.0 ], [ 117.8529756, 1.1612082, 0.0 ], [ 117.8529528, 1.1613862, 0.0 ], [ 117.8529362, 1.1614417, 0.0 ], [ 117.8527595, 1.1618323, 0.0 ], [ 117.8526977, 1.1619288, 0.0 ], [ 117.8526249, 1.1620284, 0.0 ], [ 117.8519375, 1.1629935, 0.0 ], [ 117.8518471, 1.1631034, 0.0 ], [ 117.8518049, 1.1631613, 0.0 ], [ 117.8517349, 1.1632561, 0.0 ], [ 117.8514711, 1.1635555, 0.0 ], [ 117.8514134, 1.1636025, 0.0 ], [ 117.8513504, 1.1636469, 0.0 ], [ 117.8512838, 1.1636879, 0.0 ], [ 117.8512115, 1.163725, 0.0 ], [ 117.8507425, 1.1639634, 0.0 ], [ 117.8506637, 1.164033, 0.0 ], [ 117.8505865, 1.1641173, 0.0 ], [ 117.850512, 1.1642199, 0.0 ], [ 117.850442, 1.1643377, 0.0 ], [ 117.8503747, 1.1644644, 0.0 ], [ 117.8501049, 1.1649924, 0.0 ], [ 117.8494149, 1.1660335, 0.0 ], [ 117.8492672, 1.1662728, 0.0 ], [ 117.8491723, 1.1664586, 0.0 ], [ 117.8491118, 1.1665785, 0.0 ], [ 117.8490959, 1.166609, 0.0 ], [ 117.8490569, 1.1667359, 0.0 ], [ 117.8490365, 1.1669071, 0.0 ], [ 117.8490368, 1.1669798, 0.0 ], [ 117.8491401, 1.1675689, 0.0 ], [ 117.8491835, 1.1677847, 0.0 ], [ 117.8491982, 1.1678491, 0.0 ], [ 117.8492348, 1.16796, 0.0 ], [ 117.8492705, 1.1680559, 0.0 ], [ 117.8492807, 1.1680984, 0.0 ], [ 117.8492983, 1.1681738, 0.0 ], [ 117.8493777, 1.1683929, 0.0 ], [ 117.8494899, 1.1686755, 0.0 ], [ 117.8496041, 1.1689893, 0.0 ], [ 117.8496678, 1.169194, 0.0 ], [ 117.8497238, 1.1694109, 0.0 ], [ 117.8497574, 1.1697362, 0.0 ], [ 117.8497491, 1.1698226, 0.0 ], [ 117.8496992, 1.1699974, 0.0 ], [ 117.8496503, 1.170081, 0.0 ], [ 117.8495799, 1.1701631, 0.0 ], [ 117.849492, 1.1702425, 0.0 ], [ 117.8493931, 1.1703154, 0.0 ], [ 117.8492856, 1.1703832, 0.0 ], [ 117.8491721, 1.1704474, 0.0 ], [ 117.8483759, 1.1708141, 0.0 ], [ 117.8482428, 1.1708386, 0.0 ], [ 117.8481133, 1.1708506, 0.0 ], [ 117.847988, 1.1708519, 0.0 ], [ 117.8478657, 1.1708429, 0.0 ], [ 117.8476178, 1.1707999, 0.0 ], [ 117.8462737, 1.1704826, 0.0 ], [ 117.846159, 1.1704804, 0.0 ], [ 117.8460478, 1.1704858, 0.0 ], [ 117.8459402, 1.170503, 0.0 ], [ 117.8458374, 1.1705363, 0.0 ], [ 117.8457418, 1.1705844, 0.0 ], [ 117.8456585, 1.170642, 0.0 ], [ 117.8455932, 1.1707014, 0.0 ], [ 117.8455093, 1.1708146, 0.0 ], [ 117.8454582, 1.1709084, 0.0 ], [ 117.8454216, 1.1710147, 0.0 ], [ 117.8454189, 1.1710786, 0.0 ], [ 117.8452268, 1.171561, 0.0 ], [ 117.8450207, 1.1717434, 0.0 ], [ 117.8443864, 1.1721349, 0.0 ], [ 117.8440171, 1.1723749, 0.0 ], [ 117.843739, 1.1725682, 0.0 ], [ 117.84346, 1.1727704, 0.0 ], [ 117.8432236, 1.1728992, 0.0 ], [ 117.8428496, 1.1730305, 0.0 ], [ 117.8422846, 1.1732362, 0.0 ], [ 117.8419875, 1.1733773, 0.0 ], [ 117.8419276, 1.1733976, 0.0 ], [ 117.8418653, 1.1734153, 0.0 ], [ 117.8417989, 1.1734284, 0.0 ], [ 117.8417302, 1.1734379, 0.0 ], [ 117.8413748, 1.1734765, 0.0 ], [ 117.8410814, 1.1734821, 0.0 ], [ 117.8408478, 1.1734547, 0.0 ], [ 117.8406645, 1.1734435, 0.0 ], [ 117.8405046, 1.1734427, 0.0 ], [ 117.8402017, 1.1734345, 0.0 ], [ 117.8398917, 1.1734162, 0.0 ], [ 117.8396306, 1.1733957, 0.0 ], [ 117.8394219, 1.1733722, 0.0 ], [ 117.8392232, 1.1733471, 0.0 ], [ 117.8388384, 1.1732813, 0.0 ], [ 117.8387912, 1.1732627, 0.0 ], [ 117.8387434, 1.1732395, 0.0 ], [ 117.8386923, 1.1732081, 0.0 ], [ 117.8386378, 1.1731733, 0.0 ], [ 117.8384566, 1.1730577, 0.0 ], [ 117.8376052, 1.1726614, 0.0 ], [ 117.8374414, 1.172609, 0.0 ], [ 117.8373631, 1.172593, 0.0 ], [ 117.8371474, 1.1725504, 0.0 ], [ 117.8369836, 1.172543, 0.0 ], [ 117.8368983, 1.1725476, 0.0 ], [ 117.8367956, 1.1725785, 0.0 ], [ 117.8365846, 1.1725645, 0.0 ], [ 117.8362659, 1.1725421, 0.0 ], [ 117.8360738, 1.172534, 0.0 ], [ 117.8359269, 1.1725353, 0.0 ], [ 117.8357706, 1.1725692, 0.0 ], [ 117.8357156, 1.1725923, 0.0 ], [ 117.8353492, 1.1727686, 0.0 ], [ 117.8348135, 1.1730174, 0.0 ], [ 117.8341682, 1.1733486, 0.0 ], [ 117.8339421, 1.1734482, 0.0 ], [ 117.8337181, 1.173577, 0.0 ], [ 117.8334904, 1.1737663, 0.0 ], [ 117.8332118, 1.1740283, 0.0 ], [ 117.8329441, 1.1742562, 0.0 ], [ 117.8327183, 1.1744249, 0.0 ], [ 117.8325594, 1.1745024, 0.0 ], [ 117.8321856, 1.174634, 0.0 ], [ 117.8319164, 1.1747215, 0.0 ], [ 117.8316729, 1.1748276, 0.0 ], [ 117.8314918, 1.1748909, 0.0 ], [ 117.8312692, 1.1749993, 0.0 ], [ 117.8311411, 1.175065, 0.0 ], [ 117.8310581, 1.1751075, 0.0 ], [ 117.8306603, 1.1752978, 0.0 ], [ 117.8304898, 1.1753624, 0.0 ], [ 117.8303937, 1.175392, 0.0 ], [ 117.8303444, 1.1754047, 0.0 ], [ 117.8301442, 1.1754606, 0.0 ], [ 117.8301075, 1.175472, 0.0 ], [ 117.8300688, 1.1754834, 0.0 ], [ 117.8299404, 1.1755192, 0.0 ], [ 117.8296864, 1.1755789, 0.0 ], [ 117.8294735, 1.1756311, 0.0 ], [ 117.8294, 1.1756545, 0.0 ], [ 117.8293697, 1.1756638, 0.0 ], [ 117.8293418, 1.1756721, 0.0 ], [ 117.8293108, 1.1756817, 0.0 ], [ 117.8292804, 1.1756947, 0.0 ], [ 117.8292518, 1.1757075, 0.0 ], [ 117.8292231, 1.1757214, 0.0 ], [ 117.8291212, 1.1757761, 0.0 ], [ 117.8289973, 1.1758494, 0.0 ], [ 117.8289515, 1.1758766, 0.0 ], [ 117.8283895, 1.1762541, 0.0 ], [ 117.8279702, 1.1765156, 0.0 ], [ 117.8269883, 1.1771018, 0.0 ], [ 117.8266799, 1.1772642, 0.0 ], [ 117.8260155, 1.1776801, 0.0 ], [ 117.8257034, 1.1778599, 0.0 ], [ 117.8256768, 1.177872, 0.0 ], [ 117.8256513, 1.1778849, 0.0 ], [ 117.8254328, 1.1779387, 0.0 ], [ 117.8252145, 1.1779221, 0.0 ], [ 117.8251353, 1.1779124, 0.0 ], [ 117.8250176, 1.1778933, 0.0 ], [ 117.8249772, 1.1778839, 0.0 ], [ 117.8249355, 1.1778713, 0.0 ], [ 117.8248513, 1.1778488, 0.0 ], [ 117.8248077, 1.1778332, 0.0 ], [ 117.8247635, 1.1778103, 0.0 ], [ 117.8247181, 1.1777869, 0.0 ], [ 117.8246275, 1.1777302, 0.0 ], [ 117.8243969, 1.1775514, 0.0 ], [ 117.824374, 1.1775193, 0.0 ], [ 117.8243449, 1.1774792, 0.0 ], [ 117.8242794, 1.1773826, 0.0 ], [ 117.8242365, 1.1773349, 0.0 ], [ 117.8241908, 1.1772896, 0.0 ], [ 117.8235071, 1.176907, 0.0 ], [ 117.8230305, 1.1768106, 0.0 ], [ 117.8229595, 1.1768085, 0.0 ], [ 117.8228207, 1.1768818, 0.0 ], [ 117.822576, 1.1770201, 0.0 ], [ 117.8225094, 1.1770767, 0.0 ], [ 117.8224807, 1.1771169, 0.0 ], [ 117.822453, 1.1771603, 0.0 ], [ 117.8224274, 1.1772025, 0.0 ], [ 117.8224065, 1.1772482, 0.0 ], [ 117.8223907, 1.1772988, 0.0 ], [ 117.8223778, 1.1773551, 0.0 ], [ 117.8223042, 1.1777917, 0.0 ], [ 117.8222502, 1.1781864, 0.0 ], [ 117.8222142, 1.1783892, 0.0 ], [ 117.8222183, 1.1784612, 0.0 ], [ 117.822209, 1.1788257, 0.0 ], [ 117.8221903, 1.1788837, 0.0 ], [ 117.8221686, 1.1789398, 0.0 ], [ 117.8219808, 1.1792967, 0.0 ], [ 117.8218541, 1.179485, 0.0 ], [ 117.8217565, 1.1796202, 0.0 ], [ 117.8216431, 1.1797649, 0.0 ], [ 117.8214144, 1.180003, 0.0 ], [ 117.8213258, 1.1800732, 0.0 ], [ 117.8213082, 1.1800959, 0.0 ], [ 117.8212337, 1.1802, 0.0 ], [ 117.8211998, 1.1802451, 0.0 ], [ 117.8211657, 1.1802887, 0.0 ], [ 117.8211278, 1.1803259, 0.0 ], [ 117.821095, 1.1803582, 0.0 ], [ 117.820872, 1.1805547, 0.0 ], [ 117.8205671, 1.1808317, 0.0 ], [ 117.8204549, 1.1809377, 0.0 ], [ 117.8201547, 1.1812002, 0.0 ], [ 117.8201341, 1.1812243, 0.0 ], [ 117.820113, 1.1812496, 0.0 ], [ 117.8200866, 1.1812777, 0.0 ], [ 117.8200571, 1.1813117, 0.0 ], [ 117.8200217, 1.181351, 0.0 ], [ 117.8199827, 1.1813982, 0.0 ], [ 117.8199376, 1.181452, 0.0 ], [ 117.8198853, 1.181511, 0.0 ], [ 117.8197243, 1.1817192, 0.0 ], [ 117.8194917, 1.1820683, 0.0 ], [ 117.8193706, 1.1822462, 0.0 ], [ 117.8192463, 1.1824035, 0.0 ], [ 117.8192004, 1.1824517, 0.0 ], [ 117.8191059, 1.1825322, 0.0 ], [ 117.8189878, 1.1825666, 0.0 ], [ 117.8189157, 1.18257, 0.0 ], [ 117.8186786, 1.1825589, 0.0 ], [ 117.8184501, 1.1825251, 0.0 ], [ 117.8179302, 1.1823855, 0.0 ], [ 117.8173965, 1.1821317, 0.0 ], [ 117.8170375, 1.1819249, 0.0 ], [ 117.8163554, 1.1815568, 0.0 ], [ 117.8154776, 1.1808822, 0.0 ], [ 117.8148278, 1.1804266, 0.0 ], [ 117.8142228, 1.1802516, 0.0 ], [ 117.814123, 1.180257, 0.0 ], [ 117.8139182, 1.1802974, 0.0 ], [ 117.813083, 1.1805793, 0.0 ], [ 117.8128718, 1.1806165, 0.0 ], [ 117.8127626, 1.1806305, 0.0 ], [ 117.8123161, 1.1805968, 0.0 ], [ 117.8122038, 1.180562, 0.0 ], [ 117.8116576, 1.1804312, 0.0 ], [ 117.8115514, 1.1804352, 0.0 ], [ 117.8114428, 1.1804536, 0.0 ], [ 117.8113348, 1.1804857, 0.0 ], [ 117.8112287, 1.1805429, 0.0 ], [ 117.811131, 1.180618, 0.0 ], [ 117.8109549, 1.180791, 0.0 ], [ 117.8102004, 1.1816667, 0.0 ], [ 117.8101563, 1.1817738, 0.0 ], [ 117.8101147, 1.1818757, 0.0 ], [ 117.8099479, 1.1824544, 0.0 ], [ 117.8098859, 1.182635, 0.0 ], [ 117.8097897, 1.1828216, 0.0 ], [ 117.8097519, 1.1828665, 0.0 ], [ 117.8097083, 1.1829053, 0.0 ], [ 117.8096547, 1.1829421, 0.0 ], [ 117.8095959, 1.1829717, 0.0 ], [ 117.8095174, 1.182981, 0.0 ], [ 117.809432, 1.1829791, 0.0 ], [ 117.8093378, 1.1829668, 0.0 ], [ 117.809248, 1.1829498, 0.0 ], [ 117.8091558, 1.1829155, 0.0 ], [ 117.8090685, 1.1828668, 0.0 ], [ 117.8088902, 1.1827517, 0.0 ], [ 117.8088047, 1.1826861, 0.0 ], [ 117.8079849, 1.1819643, 0.0 ], [ 117.8079286, 1.181882, 0.0 ], [ 117.8078761, 1.1817925, 0.0 ], [ 117.8076618, 1.1813003, 0.0 ], [ 117.807097, 1.1799374, 0.0 ], [ 117.806988, 1.1797805, 0.0 ], [ 117.8069209, 1.1797244, 0.0 ], [ 117.8067706, 1.1796602, 0.0 ], [ 117.8066037, 1.1796167, 0.0 ], [ 117.8065101, 1.1796038, 0.0 ], [ 117.8064107, 1.179597, 0.0 ], [ 117.8058434, 1.1795659, 0.0 ], [ 117.8057248, 1.1795406, 0.0 ], [ 117.8056116, 1.1795019, 0.0 ], [ 117.8049412, 1.1793013, 0.0 ], [ 117.8046682, 1.1792941, 0.0 ], [ 117.8044474, 1.1792655, 0.0 ], [ 117.804336, 1.1792351, 0.0 ], [ 117.8043014, 1.1792301, 0.0 ], [ 117.8042636, 1.1792158, 0.0 ], [ 117.8040829, 1.1791324, 0.0 ], [ 117.803642, 1.1789041, 0.0 ], [ 117.8034256, 1.1787737, 0.0 ], [ 117.8029856, 1.1785235, 0.0 ], [ 117.8028419, 1.1783887, 0.0 ], [ 117.8021909, 1.1777485, 0.0 ], [ 117.8016006, 1.1772805, 0.0 ], [ 117.8008954, 1.1767342, 0.0 ], [ 117.8008571, 1.1766851, 0.0 ], [ 117.8008487, 1.1766672, 0.0 ], [ 117.8008046, 1.1765341, 0.0 ], [ 117.8007908, 1.1764921, 0.0 ], [ 117.8007591, 1.1764041, 0.0 ], [ 117.8007447, 1.176361, 0.0 ], [ 117.8007327, 1.176319, 0.0 ], [ 117.8006628, 1.1761571, 0.0 ], [ 117.8005862, 1.1759984, 0.0 ], [ 117.8005059, 1.175906, 0.0 ], [ 117.8004558, 1.1758587, 0.0 ], [ 117.8004003, 1.1758182, 0.0 ], [ 117.8003388, 1.1757861, 0.0 ], [ 117.800264, 1.1757516, 0.0 ], [ 117.8001814, 1.1757192, 0.0 ], [ 117.7996172, 1.1755001, 0.0 ], [ 117.799115, 1.1752542, 0.0 ], [ 117.7985696, 1.1749555, 0.0 ], [ 117.798498, 1.174903, 0.0 ], [ 117.7984348, 1.1748419, 0.0 ], [ 117.798326, 1.1746902, 0.0 ], [ 117.7982881, 1.1746024, 0.0 ], [ 117.7982538, 1.1745079, 0.0 ], [ 117.7982274, 1.1744042, 0.0 ], [ 117.7982052, 1.1742931, 0.0 ], [ 117.7980023, 1.1736863, 0.0 ], [ 117.7979377, 1.1736296, 0.0 ], [ 117.7978661, 1.1735855, 0.0 ], [ 117.7977925, 1.1735612, 0.0 ], [ 117.7977134, 1.1735621, 0.0 ], [ 117.7976325, 1.1735749, 0.0 ], [ 117.7975532, 1.1736001, 0.0 ], [ 117.7974791, 1.1736411, 0.0 ], [ 117.797404, 1.1736944, 0.0 ], [ 117.7973409, 1.1737594, 0.0 ], [ 117.7972801, 1.173832, 0.0 ], [ 117.7971784, 1.1739994, 0.0 ], [ 117.7971382, 1.1740906, 0.0 ], [ 117.7971102, 1.1741897, 0.0 ], [ 117.7970885, 1.174301, 0.0 ], [ 117.7970709, 1.1744239, 0.0 ], [ 117.7969377, 1.1756893, 0.0 ], [ 117.7968937, 1.1757947, 0.0 ], [ 117.7968357, 1.1759012, 0.0 ], [ 117.7967672, 1.1760052, 0.0 ], [ 117.7966938, 1.1761102, 0.0 ], [ 117.7965021, 1.1764431, 0.0 ], [ 117.7964538, 1.1765615, 0.0 ], [ 117.7964137, 1.1766782, 0.0 ], [ 117.7963848, 1.1767932, 0.0 ], [ 117.7963711, 1.1768991, 0.0 ], [ 117.7963584, 1.1769997, 0.0 ], [ 117.7962474, 1.1780695, 0.0 ], [ 117.7963606, 1.1786294, 0.0 ], [ 117.7964826, 1.1791603, 0.0 ], [ 117.796489, 1.1792189, 0.0 ], [ 117.7964735, 1.1793285, 0.0 ], [ 117.7964615, 1.179379, 0.0 ], [ 117.7964075, 1.1795133, 0.0 ], [ 117.7963866, 1.1795511, 0.0 ], [ 117.7961494, 1.1798629, 0.0 ], [ 117.7959985, 1.1800573, 0.0 ], [ 117.7958981, 1.1802665, 0.0 ], [ 117.7958883, 1.1803227, 0.0 ], [ 117.795884, 1.1803829, 0.0 ], [ 117.7958835, 1.1804367, 0.0 ], [ 117.7958843, 1.1804908, 0.0 ], [ 117.795918, 1.1808084, 0.0 ], [ 117.7959586, 1.1812003, 0.0 ], [ 117.7959771, 1.1813961, 0.0 ], [ 117.7959956, 1.1815155, 0.0 ], [ 117.7960779, 1.1817765, 0.0 ], [ 117.7960876, 1.1818131, 0.0 ], [ 117.7961576, 1.1820765, 0.0 ], [ 117.7962072, 1.1821985, 0.0 ], [ 117.7962424, 1.1822695, 0.0 ], [ 117.7963815, 1.1824957, 0.0 ], [ 117.7965686, 1.1826936, 0.0 ], [ 117.7968305, 1.1829102, 0.0 ], [ 117.7969549, 1.1829719, 0.0 ], [ 117.7977374, 1.1834438, 0.0 ], [ 117.7978763, 1.1835415, 0.0 ], [ 117.7979554, 1.1836287, 0.0 ], [ 117.7979964, 1.1836889, 0.0 ], [ 117.7980816, 1.1838705, 0.0 ], [ 117.7981187, 1.1839781, 0.0 ], [ 117.7981538, 1.1842161, 0.0 ], [ 117.7983165, 1.1850694, 0.0 ], [ 117.7984696, 1.1854209, 0.0 ], [ 117.7985898, 1.1856581, 0.0 ], [ 117.7988437, 1.1861841, 0.0 ], [ 117.7989641, 1.1864403, 0.0 ], [ 117.7991564, 1.1868777, 0.0 ], [ 117.7992007, 1.1869918, 0.0 ], [ 117.7993169, 1.1872534, 0.0 ], [ 117.7993165, 1.1873238, 0.0 ], [ 117.7993008, 1.1873551, 0.0 ], [ 117.7992987, 1.1873936, 0.0 ], [ 117.7992959, 1.1874303, 0.0 ], [ 117.7992947, 1.1874602, 0.0 ], [ 117.7992958, 1.1874852, 0.0 ], [ 117.7992942, 1.1875097, 0.0 ], [ 117.7992937, 1.1875346, 0.0 ], [ 117.7992949, 1.1875569, 0.0 ], [ 117.7992953, 1.1875787, 0.0 ], [ 117.7993004, 1.1876223, 0.0 ], [ 117.7993091, 1.1876697, 0.0 ], [ 117.7993115, 1.1876947, 0.0 ], [ 117.799313, 1.1877214, 0.0 ], [ 117.7993154, 1.1877477, 0.0 ], [ 117.7993181, 1.1877723, 0.0 ], [ 117.7993169, 1.1877971, 0.0 ], [ 117.7993164, 1.1878213, 0.0 ], [ 117.7993164, 1.1878439, 0.0 ], [ 117.7993155, 1.1878659, 0.0 ], [ 117.7993159, 1.1878885, 0.0 ], [ 117.7993159, 1.1879116, 0.0 ], [ 117.7993189, 1.1879976, 0.0 ], [ 117.7993188, 1.1880201, 0.0 ], [ 117.7993258, 1.1881597, 0.0 ], [ 117.7993276, 1.1881882, 0.0 ], [ 117.7993295, 1.1882163, 0.0 ], [ 117.7993303, 1.1882452, 0.0 ], [ 117.7993315, 1.1882752, 0.0 ], [ 117.7993365, 1.1883357, 0.0 ], [ 117.7991646, 1.188542, 0.0 ], [ 117.7988513, 1.1886631, 0.0 ], [ 117.7986106, 1.1887874, 0.0 ], [ 117.7984527, 1.1888799, 0.0 ], [ 117.798224, 1.1890364, 0.0 ], [ 117.7980472, 1.1891321, 0.0 ], [ 117.797735, 1.1891837, 0.0 ], [ 117.7976705, 1.189189, 0.0 ], [ 117.7969072, 1.1892314, 0.0 ], [ 117.7966959, 1.1892634, 0.0 ], [ 117.7961745, 1.1892815, 0.0 ], [ 117.7961114, 1.1892601, 0.0 ], [ 117.7956547, 1.1891793, 0.0 ], [ 117.7955806, 1.189179, 0.0 ], [ 117.7954357, 1.1891882, 0.0 ], [ 117.7953668, 1.1892079, 0.0 ], [ 117.7953016, 1.1892333, 0.0 ], [ 117.7952373, 1.189266, 0.0 ], [ 117.7951728, 1.1893051, 0.0 ], [ 117.7951095, 1.1893463, 0.0 ], [ 117.7950531, 1.1893934, 0.0 ], [ 117.7950077, 1.1894518, 0.0 ], [ 117.7949703, 1.1895045, 0.0 ], [ 117.7949429, 1.1895568, 0.0 ], [ 117.7949212, 1.1896066, 0.0 ], [ 117.7949036, 1.1896553, 0.0 ], [ 117.7948914, 1.1897017, 0.0 ], [ 117.794879, 1.1897469, 0.0 ], [ 117.7948945, 1.1903028, 0.0 ], [ 117.7948766, 1.1907093, 0.0 ], [ 117.7947834, 1.1909472, 0.0 ], [ 117.7947359, 1.1910228, 0.0 ], [ 117.7946834, 1.1910975, 0.0 ], [ 117.7942528, 1.1915458, 0.0 ], [ 117.794224, 1.1915759, 0.0 ], [ 117.7940964, 1.1917123, 0.0 ], [ 117.7934542, 1.1924428, 0.0 ], [ 117.793384, 1.1924941, 0.0 ], [ 117.7923263, 1.1930435, 0.0 ], [ 117.7920088, 1.1932958, 0.0 ], [ 117.7919258, 1.1933595, 0.0 ], [ 117.7917082, 1.1935402, 0.0 ], [ 117.791666, 1.1935823, 0.0 ], [ 117.7914289, 1.1937917, 0.0 ], [ 117.7913827, 1.1938304, 0.0 ], [ 117.7911993, 1.193986, 0.0 ], [ 117.791012, 1.1941023, 0.0 ], [ 117.7909371, 1.1941308, 0.0 ], [ 117.7908601, 1.1941508, 0.0 ], [ 117.7905867, 1.1941905, 0.0 ], [ 117.7905323, 1.1941892, 0.0 ], [ 117.7904715, 1.1942011, 0.0 ], [ 117.7898111, 1.1942543, 0.0 ], [ 117.7897824, 1.1942551, 0.0 ], [ 117.789757, 1.194258, 0.0 ], [ 117.7894676, 1.1942661, 0.0 ], [ 117.7888966, 1.1942057, 0.0 ], [ 117.7888649, 1.1942073, 0.0 ], [ 117.7888441, 1.1942079, 0.0 ], [ 117.7888281, 1.1942098, 0.0 ], [ 117.7888118, 1.1942117, 0.0 ], [ 117.7887526, 1.1941987, 0.0 ], [ 117.7887106, 1.1941821, 0.0 ], [ 117.7886617, 1.1941619, 0.0 ], [ 117.7886115, 1.1941406, 0.0 ], [ 117.7885561, 1.1941213, 0.0 ], [ 117.788488, 1.1941019, 0.0 ], [ 117.7876587, 1.1940578, 0.0 ], [ 117.7867979, 1.1941868, 0.0 ], [ 117.7867201, 1.1941756, 0.0 ], [ 117.7864622, 1.1941053, 0.0 ], [ 117.785608, 1.1936489, 0.0 ], [ 117.7855345, 1.1936185, 0.0 ], [ 117.7851743, 1.1935051, 0.0 ], [ 117.7850875, 1.1935023, 0.0 ], [ 117.7842856, 1.1934636, 0.0 ], [ 117.7842054, 1.1934461, 0.0 ], [ 117.7841598, 1.1934413, 0.0 ], [ 117.7840285, 1.1934208, 0.0 ], [ 117.7836959, 1.1933497, 0.0 ], [ 117.783642, 1.1933344, 0.0 ], [ 117.7835895, 1.1933266, 0.0 ], [ 117.7830462, 1.1932124, 0.0 ], [ 117.7829725, 1.1932199, 0.0 ], [ 117.7828945, 1.1932363, 0.0 ], [ 117.7828163, 1.1932615, 0.0 ], [ 117.7827423, 1.1932946, 0.0 ], [ 117.7826738, 1.193335, 0.0 ], [ 117.7826063, 1.193385, 0.0 ], [ 117.7825413, 1.1934298, 0.0 ], [ 117.7821498, 1.1936745, 0.0 ], [ 117.781986, 1.1937329, 0.0 ], [ 117.7819539, 1.1937403, 0.0 ], [ 117.7819275, 1.1937383, 0.0 ], [ 117.7818991, 1.1937327, 0.0 ], [ 117.7818664, 1.1937292, 0.0 ], [ 117.7817761, 1.1937157, 0.0 ], [ 117.7816064, 1.193665, 0.0 ], [ 117.7814024, 1.1935746, 0.0 ], [ 117.7813342, 1.1935301, 0.0 ], [ 117.7812758, 1.19348, 0.0 ], [ 117.7808694, 1.1930531, 0.0 ], [ 117.7808411, 1.1930232, 0.0 ], [ 117.7807982, 1.1929635, 0.0 ], [ 117.7807712, 1.1929349, 0.0 ], [ 117.7807029, 1.1928712, 0.0 ], [ 117.7806556, 1.1928347, 0.0 ], [ 117.7806004, 1.1927955, 0.0 ], [ 117.7805376, 1.1927618, 0.0 ], [ 117.7804682, 1.1927416, 0.0 ], [ 117.7803936, 1.1927331, 0.0 ], [ 117.7803146, 1.1927441, 0.0 ], [ 117.7802355, 1.1927669, 0.0 ], [ 117.7801623, 1.1927976, 0.0 ], [ 117.7800973, 1.192838, 0.0 ], [ 117.7799953, 1.1929373, 0.0 ], [ 117.779492, 1.1933414, 0.0 ], [ 117.7791905, 1.1934736, 0.0 ], [ 117.7790475, 1.1934972, 0.0 ], [ 117.7789804, 1.1934932, 0.0 ], [ 117.7789211, 1.1934847, 0.0 ], [ 117.7788591, 1.1934696, 0.0 ], [ 117.7787944, 1.1934441, 0.0 ], [ 117.7787279, 1.1934134, 0.0 ], [ 117.7786623, 1.193378, 0.0 ], [ 117.7785407, 1.1932861, 0.0 ], [ 117.7784821, 1.1932342, 0.0 ], [ 117.7784283, 1.193174, 0.0 ], [ 117.7783787, 1.1931118, 0.0 ], [ 117.7783317, 1.1930446, 0.0 ], [ 117.7782979, 1.1929792, 0.0 ], [ 117.7782684, 1.1929119, 0.0 ], [ 117.7782355, 1.1928477, 0.0 ], [ 117.7781752, 1.1927213, 0.0 ], [ 117.7776098, 1.1916994, 0.0 ], [ 117.7773407, 1.191391, 0.0 ], [ 117.777274, 1.1913455, 0.0 ], [ 117.7772001, 1.1913053, 0.0 ], [ 117.7771216, 1.1912739, 0.0 ], [ 117.7770405, 1.1912471, 0.0 ], [ 117.7766716, 1.1911006, 0.0 ], [ 117.7764909, 1.1910257, 0.0 ], [ 117.7764658, 1.191021, 0.0 ], [ 117.7764423, 1.1910114, 0.0 ], [ 117.7764152, 1.1909966, 0.0 ], [ 117.7763414, 1.1909546, 0.0 ], [ 117.7762897, 1.1909316, 0.0 ], [ 117.7762298, 1.1909088, 0.0 ], [ 117.7755357, 1.190802, 0.0 ], [ 117.775432, 1.190815, 0.0 ], [ 117.7753307, 1.1908374, 0.0 ], [ 117.7752335, 1.1908719, 0.0 ], [ 117.7751416, 1.190916, 0.0 ], [ 117.7750545, 1.1909678, 0.0 ], [ 117.7748991, 1.191098, 0.0 ], [ 117.7743986, 1.1914575, 0.0 ], [ 117.7743028, 1.1914918, 0.0 ], [ 117.7742064, 1.1915078, 0.0 ], [ 117.7741103, 1.1915068, 0.0 ], [ 117.7740094, 1.1914878, 0.0 ], [ 117.7739055, 1.1914517, 0.0 ], [ 117.7738072, 1.1914029, 0.0 ], [ 117.7737118, 1.1913347, 0.0 ], [ 117.7736216, 1.1912586, 0.0 ], [ 117.773536, 1.1911758, 0.0 ], [ 117.7734576, 1.1910917, 0.0 ], [ 117.7730629, 1.1905189, 0.0 ], [ 117.7730272, 1.1904646, 0.0 ], [ 117.7729276, 1.1903732, 0.0 ], [ 117.7728626, 1.1903326, 0.0 ], [ 117.7727924, 1.1902973, 0.0 ], [ 117.772709, 1.1902707, 0.0 ], [ 117.7726239, 1.1902533, 0.0 ], [ 117.7725378, 1.1902475, 0.0 ], [ 117.7724595, 1.1902483, 0.0 ], [ 117.771949, 1.1902916, 0.0 ], [ 117.7717346, 1.1902723, 0.0 ], [ 117.7716644, 1.1902536, 0.0 ], [ 117.7715953, 1.1902277, 0.0 ], [ 117.7713164, 1.1901329, 0.0 ], [ 117.7712446, 1.1901313, 0.0 ], [ 117.7711699, 1.1901383, 0.0 ], [ 117.7710199, 1.1901813, 0.0 ], [ 117.7709544, 1.1902217, 0.0 ], [ 117.7708974, 1.190285, 0.0 ], [ 117.7708278, 1.1904208, 0.0 ], [ 117.7708047, 1.190482, 0.0 ], [ 117.7707498, 1.1906279, 0.0 ], [ 117.7706664, 1.1909591, 0.0 ], [ 117.7704867, 1.1916351, 0.0 ], [ 117.7704212, 1.1917578, 0.0 ], [ 117.770317, 1.1918724, 0.0 ], [ 117.7702505, 1.1919125, 0.0 ], [ 117.7701805, 1.1919469, 0.0 ], [ 117.7699453, 1.1921067, 0.0 ], [ 117.769082, 1.1927287, 0.0 ], [ 117.7686019, 1.192985, 0.0 ], [ 117.7685203, 1.1929996, 0.0 ], [ 117.7684378, 1.1929994, 0.0 ], [ 117.7682702, 1.1929585, 0.0 ], [ 117.7681832, 1.1929167, 0.0 ], [ 117.7680899, 1.192864, 0.0 ], [ 117.7679964, 1.1928063, 0.0 ], [ 117.7678091, 1.1926902, 0.0 ], [ 117.7677114, 1.1926395, 0.0 ], [ 117.7667548, 1.1923857, 0.0 ], [ 117.766569, 1.1923532, 0.0 ], [ 117.7660464, 1.192273, 0.0 ], [ 117.7653785, 1.1922097, 0.0 ], [ 117.7648038, 1.1922598, 0.0 ], [ 117.7647322, 1.1922803, 0.0 ], [ 117.764664, 1.1923111, 0.0 ], [ 117.7646041, 1.1923523, 0.0 ], [ 117.7645517, 1.1924009, 0.0 ], [ 117.7645087, 1.1924583, 0.0 ], [ 117.7644612, 1.1925841, 0.0 ], [ 117.7644494, 1.1926453, 0.0 ], [ 117.7644626, 1.1927067, 0.0 ], [ 117.7644627, 1.1927732, 0.0 ], [ 117.7644682, 1.192845, 0.0 ], [ 117.7644824, 1.192912, 0.0 ], [ 117.7646603, 1.1936637, 0.0 ], [ 117.7648629, 1.194231, 0.0 ], [ 117.7648768, 1.1943348, 0.0 ], [ 117.764884, 1.1944353, 0.0 ], [ 117.764881, 1.1945312, 0.0 ], [ 117.7648731, 1.1946272, 0.0 ], [ 117.7648105, 1.194988, 0.0 ], [ 117.7647828, 1.1950648, 0.0 ], [ 117.7647254, 1.1952225, 0.0 ], [ 117.7647022, 1.1953153, 0.0 ], [ 117.7644737, 1.1960177, 0.0 ], [ 117.7642164, 1.1970459, 0.0 ], [ 117.7641903, 1.1974187, 0.0 ], [ 117.7642089, 1.1975124, 0.0 ], [ 117.764233, 1.1976036, 0.0 ], [ 117.7642615, 1.1976888, 0.0 ], [ 117.7642883, 1.1977653, 0.0 ], [ 117.7643337, 1.1979065, 0.0 ], [ 117.7643718, 1.1980306, 0.0 ], [ 117.7643535, 1.1982172, 0.0 ], [ 117.7643021, 1.1983817, 0.0 ], [ 117.7642131, 1.1985665, 0.0 ], [ 117.7641819, 1.1986559, 0.0 ], [ 117.7641745, 1.1986759, 0.0 ], [ 117.7641616, 1.1986944, 0.0 ], [ 117.7641575, 1.198711, 0.0 ], [ 117.7641405, 1.1987509, 0.0 ], [ 117.764127, 1.1987745, 0.0 ], [ 117.76411, 1.1987969, 0.0 ], [ 117.7640944, 1.1988267, 0.0 ], [ 117.7640733, 1.1988573, 0.0 ], [ 117.7640324, 1.1989133, 0.0 ], [ 117.7640149, 1.198935, 0.0 ], [ 117.7640009, 1.1989524, 0.0 ], [ 117.7639929, 1.1989635, 0.0 ], [ 117.7639848, 1.1989722, 0.0 ], [ 117.7639724, 1.1989841, 0.0 ], [ 117.7639592, 1.1989989, 0.0 ], [ 117.7639482, 1.1990111, 0.0 ], [ 117.763936, 1.1990209, 0.0 ], [ 117.7639234, 1.1990316, 0.0 ], [ 117.7637137, 1.1994024, 0.0 ], [ 117.7636545, 1.1996207, 0.0 ], [ 117.763641, 1.1997641, 0.0 ], [ 117.7636019, 1.1998908, 0.0 ], [ 117.7635742, 1.2000453, 0.0 ], [ 117.7635579, 1.2002208, 0.0 ], [ 117.7635655, 1.2003909, 0.0 ], [ 117.7635579, 1.2005079, 0.0 ], [ 117.7635381, 1.2006265, 0.0 ], [ 117.7635329, 1.2006687, 0.0 ], [ 117.7635194, 1.2008251, 0.0 ], [ 117.7635083, 1.20106, 0.0 ], [ 117.7634025, 1.2017881, 0.0 ], [ 117.7632661, 1.2026029, 0.0 ], [ 117.7632566, 1.2027448, 0.0 ], [ 117.7633288, 1.2031843, 0.0 ], [ 117.7633719, 1.2033573, 0.0 ], [ 117.7634001, 1.2035683, 0.0 ], [ 117.7634436, 1.2039311, 0.0 ], [ 117.7634585, 1.2042291, 0.0 ], [ 117.7634796, 1.2044874, 0.0 ], [ 117.763488, 1.2045814, 0.0 ], [ 117.7635472, 1.2048094, 0.0 ], [ 117.7636055, 1.2049897, 0.0 ], [ 117.7636077, 1.2050142, 0.0 ], [ 117.7636173, 1.205067, 0.0 ], [ 117.7636232, 1.2050963, 0.0 ], [ 117.7636297, 1.205126, 0.0 ], [ 117.7636332, 1.2051544, 0.0 ], [ 117.7636398, 1.2051852, 0.0 ], [ 117.7636476, 1.2052171, 0.0 ], [ 117.7636549, 1.2052517, 0.0 ], [ 117.7636615, 1.2052876, 0.0 ], [ 117.7636696, 1.2053234, 0.0 ], [ 117.7636717, 1.2053659, 0.0 ], [ 117.7636795, 1.2054002, 0.0 ], [ 117.7636847, 1.2054338, 0.0 ], [ 117.7636933, 1.2055174, 0.0 ], [ 117.7636966, 1.2055656, 0.0 ], [ 117.7636971, 1.2056099, 0.0 ], [ 117.7636914, 1.2056488, 0.0 ], [ 117.7636849, 1.2056844, 0.0 ], [ 117.7636831, 1.2057153, 0.0 ], [ 117.7636803, 1.2057431, 0.0 ], [ 117.7636767, 1.2057713, 0.0 ], [ 117.7636725, 1.2058004, 0.0 ], [ 117.7636678, 1.2058312, 0.0 ], [ 117.7636631, 1.2058609, 0.0 ], [ 117.763654, 1.2059156, 0.0 ], [ 117.7634414, 1.206251, 0.0 ], [ 117.7628747, 1.207017, 0.0 ], [ 117.7627574, 1.2071576, 0.0 ], [ 117.7627323, 1.2071811, 0.0 ], [ 117.7627086, 1.2072038, 0.0 ], [ 117.7626608, 1.2072484, 0.0 ], [ 117.7626393, 1.2072707, 0.0 ], [ 117.7626191, 1.2072904, 0.0 ], [ 117.7626037, 1.2073075, 0.0 ], [ 117.7625948, 1.2073188, 0.0 ], [ 117.7625748, 1.2073538, 0.0 ], [ 117.7625661, 1.2073676, 0.0 ], [ 117.7625525, 1.2073868, 0.0 ], [ 117.7625211, 1.2074314, 0.0 ], [ 117.7625034, 1.2074573, 0.0 ], [ 117.7624862, 1.2074846, 0.0 ], [ 117.7624707, 1.207514, 0.0 ], [ 117.7624566, 1.2075445, 0.0 ], [ 117.7624434, 1.2075731, 0.0 ], [ 117.7622892, 1.2078254, 0.0 ], [ 117.7621648, 1.208013, 0.0 ], [ 117.762038, 1.2082215, 0.0 ], [ 117.7619768, 1.2083495, 0.0 ], [ 117.7619093, 1.2084734, 0.0 ], [ 117.7617489, 1.2086446, 0.0 ], [ 117.7613179, 1.2089854, 0.0 ], [ 117.7612399, 1.2090692, 0.0 ], [ 117.7610107, 1.2093226, 0.0 ], [ 117.7607717, 1.2095225, 0.0 ], [ 117.760735, 1.2095401, 0.0 ], [ 117.7606994, 1.2095549, 0.0 ], [ 117.7604885, 1.2095895, 0.0 ], [ 117.7600903, 1.2095537, 0.0 ], [ 117.7600363, 1.2095474, 0.0 ], [ 117.7593883, 1.2095096, 0.0 ], [ 117.7590382, 1.2094484, 0.0 ], [ 117.7588835, 1.2094074, 0.0 ], [ 117.7586672, 1.2093575, 0.0 ], [ 117.7586144, 1.2093558, 0.0 ], [ 117.7585111, 1.209369, 0.0 ], [ 117.7583944, 1.2093779, 0.0 ], [ 117.7583377, 1.2093739, 0.0 ], [ 117.7582306, 1.2093664, 0.0 ], [ 117.758179, 1.2093732, 0.0 ], [ 117.7580604, 1.2093885, 0.0 ], [ 117.7579285, 1.2093961, 0.0 ], [ 117.7577911, 1.2094199, 0.0 ], [ 117.7577256, 1.2094392, 0.0 ], [ 117.7576607, 1.2094647, 0.0 ], [ 117.757606, 1.2094936, 0.0 ], [ 117.7575568, 1.2095278, 0.0 ], [ 117.7575137, 1.2095679, 0.0 ], [ 117.7568374, 1.2101621, 0.0 ], [ 117.7564467, 1.2103007, 0.0 ], [ 117.756357, 1.2103112, 0.0 ], [ 117.7563184, 1.210314, 0.0 ], [ 117.7562476, 1.2103112, 0.0 ], [ 117.756211, 1.2103054, 0.0 ], [ 117.7561758, 1.2102905, 0.0 ], [ 117.7560648, 1.2102502, 0.0 ], [ 117.7559576, 1.2101891, 0.0 ], [ 117.7559265, 1.2101615, 0.0 ], [ 117.7558994, 1.2101319, 0.0 ], [ 117.7558754, 1.2101066, 0.0 ], [ 117.7558549, 1.2100852, 0.0 ], [ 117.7558364, 1.210067, 0.0 ], [ 117.7558171, 1.2100481, 0.0 ], [ 117.7556538, 1.2098449, 0.0 ], [ 117.7554566, 1.209642, 0.0 ], [ 117.7552432, 1.2094329, 0.0 ], [ 117.7551989, 1.2093971, 0.0 ], [ 117.7551541, 1.209359, 0.0 ], [ 117.7549396, 1.2091898, 0.0 ], [ 117.7549116, 1.2091674, 0.0 ], [ 117.7548607, 1.2091228, 0.0 ], [ 117.7548139, 1.2090814, 0.0 ], [ 117.754389, 1.208993, 0.0 ], [ 117.7538604, 1.2091369, 0.0 ], [ 117.7538181, 1.2091518, 0.0 ], [ 117.7537736, 1.2091661, 0.0 ], [ 117.7535881, 1.2092208, 0.0 ], [ 117.7534034, 1.2092552, 0.0 ], [ 117.7532247, 1.2091941, 0.0 ], [ 117.7531834, 1.2091775, 0.0 ], [ 117.7531454, 1.2091627, 0.0 ], [ 117.7531081, 1.2091462, 0.0 ], [ 117.7530696, 1.2091304, 0.0 ], [ 117.7530277, 1.2091186, 0.0 ], [ 117.7529847, 1.2091121, 0.0 ], [ 117.7529083, 1.2091076, 0.0 ], [ 117.7528326, 1.2091125, 0.0 ], [ 117.7527961, 1.2091184, 0.0 ], [ 117.7527583, 1.2091263, 0.0 ], [ 117.7527202, 1.2091363, 0.0 ], [ 117.7525035, 1.2091779, 0.0 ], [ 117.7522107, 1.2092469, 0.0 ], [ 117.7521193, 1.209255, 0.0 ], [ 117.7517177, 1.2092039, 0.0 ], [ 117.7516776, 1.2091829, 0.0 ], [ 117.7516007, 1.2091267, 0.0 ], [ 117.7514966, 1.2090232, 0.0 ], [ 117.7512409, 1.2087677, 0.0 ], [ 117.7512011, 1.2087378, 0.0 ], [ 117.7511223, 1.2086993, 0.0 ], [ 117.7510763, 1.2086898, 0.0 ], [ 117.750995, 1.2086723, 0.0 ], [ 117.750716, 1.2086433, 0.0 ], [ 117.75068, 1.2086401, 0.0 ], [ 117.7505422, 1.2086183, 0.0 ], [ 117.7504145, 1.2086093, 0.0 ], [ 117.7503311, 1.2086061, 0.0 ], [ 117.7502497, 1.2086031, 0.0 ], [ 117.7500779, 1.2085907, 0.0 ], [ 117.749773, 1.2085756, 0.0 ], [ 117.7497381, 1.2085818, 0.0 ], [ 117.7497047, 1.2085871, 0.0 ], [ 117.7496704, 1.2085881, 0.0 ], [ 117.7496425, 1.2085815, 0.0 ], [ 117.7493426, 1.2086081, 0.0 ], [ 117.7490783, 1.2087046, 0.0 ], [ 117.7488794, 1.2088118, 0.0 ], [ 117.7487353, 1.2088796, 0.0 ], [ 117.7483847, 1.2090855, 0.0 ], [ 117.7481775, 1.2092977, 0.0 ], [ 117.7480373, 1.2095496, 0.0 ], [ 117.7478837, 1.2097651, 0.0 ], [ 117.747573, 1.2099415, 0.0 ], [ 117.7473057, 1.2099752, 0.0 ], [ 117.7471736, 1.2099478, 0.0 ], [ 117.7467703, 1.209912, 0.0 ], [ 117.7464285, 1.2099083, 0.0 ], [ 117.7461417, 1.2099574, 0.0 ], [ 117.7456559, 1.2101429, 0.0 ], [ 117.7452061, 1.2104164, 0.0 ], [ 117.7451648, 1.2104389, 0.0 ], [ 117.7451248, 1.2104554, 0.0 ], [ 117.7450835, 1.2104711, 0.0 ], [ 117.7450452, 1.2104866, 0.0 ], [ 117.7449389, 1.2105129, 0.0 ], [ 117.7446095, 1.2105479, 0.0 ], [ 117.7443977, 1.2105506, 0.0 ], [ 117.7442122, 1.2105352, 0.0 ], [ 117.744123, 1.2105136, 0.0 ], [ 117.7440809, 1.2105004, 0.0 ], [ 117.7438833, 1.2104142, 0.0 ], [ 117.7436623, 1.2103252, 0.0 ], [ 117.7433308, 1.2102069, 0.0 ], [ 117.7431243, 1.2101274, 0.0 ], [ 117.7429654, 1.2100809, 0.0 ], [ 117.7426852, 1.210019, 0.0 ], [ 117.742444, 1.2100215, 0.0 ], [ 117.7423508, 1.2100328, 0.0 ], [ 117.7422786, 1.2100437, 0.0 ], [ 117.7420205, 1.2100856, 0.0 ], [ 117.7416335, 1.2101386, 0.0 ], [ 117.7415786, 1.2101336, 0.0 ], [ 117.7415226, 1.2101214, 0.0 ], [ 117.7414651, 1.210098, 0.0 ], [ 117.7414079, 1.2100667, 0.0 ], [ 117.7409249, 1.2097549, 0.0 ], [ 117.7408596, 1.2097261, 0.0 ], [ 117.7407258, 1.2097017, 0.0 ], [ 117.7406641, 1.2097035, 0.0 ], [ 117.7406084, 1.2097173, 0.0 ], [ 117.7405134, 1.2097571, 0.0 ], [ 117.7404802, 1.2097838, 0.0 ], [ 117.7404549, 1.2098062, 0.0 ], [ 117.7402421, 1.209996, 0.0 ], [ 117.7400401, 1.2102022, 0.0 ], [ 117.739924, 1.2103833, 0.0 ], [ 117.73992, 1.2106173, 0.0 ], [ 117.7399212, 1.2106575, 0.0 ], [ 117.740074, 1.211126, 0.0 ], [ 117.7400983, 1.2111681, 0.0 ], [ 117.7401116, 1.2112107, 0.0 ], [ 117.740128, 1.2113286, 0.0 ], [ 117.740139, 1.211789, 0.0 ], [ 117.7401242, 1.2118374, 0.0 ], [ 117.7401128, 1.2118813, 0.0 ], [ 117.7400947, 1.2119208, 0.0 ], [ 117.7400661, 1.2119623, 0.0 ], [ 117.7400237, 1.2120193, 0.0 ], [ 117.7398524, 1.2123384, 0.0 ], [ 117.739842, 1.2124053, 0.0 ], [ 117.7398285, 1.2130258, 0.0 ], [ 117.739877, 1.2133112, 0.0 ], [ 117.7398966, 1.2133787, 0.0 ], [ 117.7401434, 1.2140416, 0.0 ], [ 117.7403074, 1.2142658, 0.0 ], [ 117.7403455, 1.2143023, 0.0 ], [ 117.7405907, 1.2145267, 0.0 ], [ 117.740879, 1.214734, 0.0 ], [ 117.7409102, 1.2147505, 0.0 ], [ 117.7412353, 1.2151009, 0.0 ], [ 117.7413066, 1.2153559, 0.0 ], [ 117.7413166, 1.2154869, 0.0 ], [ 117.7413417, 1.2157991, 0.0 ], [ 117.7413833, 1.2161, 0.0 ], [ 117.7413845, 1.2161664, 0.0 ], [ 117.741341, 1.2162969, 0.0 ], [ 117.741318, 1.2163582, 0.0 ], [ 117.7412838, 1.2164212, 0.0 ], [ 117.7409616, 1.2169506, 0.0 ], [ 117.7409027, 1.2170959, 0.0 ], [ 117.7408835, 1.2171709, 0.0 ], [ 117.7406747, 1.2177697, 0.0 ], [ 117.7401857, 1.2184678, 0.0 ], [ 117.7401539, 1.2185424, 0.0 ], [ 117.7400453, 1.2190868, 0.0 ], [ 117.7400593, 1.219459, 0.0 ], [ 117.7401613, 1.2198389, 0.0 ], [ 117.7404466, 1.221106, 0.0 ], [ 117.7404558, 1.2211884, 0.0 ], [ 117.7404572, 1.2212575, 0.0 ], [ 117.7404491, 1.2213157, 0.0 ], [ 117.7404333, 1.2213687, 0.0 ], [ 117.7403717, 1.2214377, 0.0 ], [ 117.7403317, 1.2214565, 0.0 ], [ 117.7402824, 1.2214595, 0.0 ], [ 117.740227, 1.2214414, 0.0 ], [ 117.7401799, 1.2214181, 0.0 ], [ 117.7401304, 1.2213948, 0.0 ], [ 117.7398953, 1.2212279, 0.0 ], [ 117.7396314, 1.2210547, 0.0 ], [ 117.738914, 1.2204916, 0.0 ], [ 117.7387251, 1.2203628, 0.0 ], [ 117.7386609, 1.2203144, 0.0 ], [ 117.7384679, 1.2201378, 0.0 ], [ 117.738158, 1.2198838, 0.0 ], [ 117.7373721, 1.2193777, 0.0 ], [ 117.7370895, 1.2191735, 0.0 ], [ 117.7370196, 1.2191054, 0.0 ], [ 117.7369794, 1.2190785, 0.0 ], [ 117.7366444, 1.2188143, 0.0 ], [ 117.7363714, 1.218604, 0.0 ], [ 117.7363483, 1.2185875, 0.0 ], [ 117.736326, 1.2185739, 0.0 ], [ 117.7361827, 1.2184592, 0.0 ], [ 117.7361438, 1.2184294, 0.0 ], [ 117.7361038, 1.218398, 0.0 ], [ 117.736069, 1.2183662, 0.0 ], [ 117.7360325, 1.2183354, 0.0 ], [ 117.7359962, 1.2182995, 0.0 ], [ 117.7359582, 1.2182603, 0.0 ], [ 117.7357245, 1.2180348, 0.0 ], [ 117.7356288, 1.2179579, 0.0 ], [ 117.7351587, 1.2175252, 0.0 ], [ 117.7349973, 1.2173977, 0.0 ], [ 117.734962, 1.2173573, 0.0 ], [ 117.7349392, 1.2173299, 0.0 ], [ 117.7349159, 1.2172986, 0.0 ], [ 117.7348929, 1.2172656, 0.0 ], [ 117.7348628, 1.2172288, 0.0 ], [ 117.734832, 1.217188, 0.0 ], [ 117.7347009, 1.2169884, 0.0 ], [ 117.7346606, 1.2169314, 0.0 ], [ 117.7346445, 1.2169039, 0.0 ], [ 117.7346248, 1.2168722, 0.0 ], [ 117.7345938, 1.2168377, 0.0 ], [ 117.7345435, 1.2167972, 0.0 ], [ 117.7345067, 1.2167539, 0.0 ], [ 117.7344699, 1.2167067, 0.0 ], [ 117.734403, 1.216613, 0.0 ], [ 117.7343957, 1.2165936, 0.0 ], [ 117.7341826, 1.2164177, 0.0 ], [ 117.7340031, 1.216333, 0.0 ], [ 117.7337193, 1.2160965, 0.0 ], [ 117.7335229, 1.2159303, 0.0 ], [ 117.7334418, 1.2158599, 0.0 ], [ 117.733351, 1.2157611, 0.0 ], [ 117.7333043, 1.2157015, 0.0 ], [ 117.7329294, 1.2150807, 0.0 ], [ 117.7328927, 1.2150359, 0.0 ], [ 117.7328574, 1.2149999, 0.0 ], [ 117.7328079, 1.2149564, 0.0 ], [ 117.7327932, 1.2149495, 0.0 ], [ 117.7327423, 1.2149009, 0.0 ], [ 117.7327243, 1.2148601, 0.0 ], [ 117.732712, 1.214837, 0.0 ], [ 117.7326949, 1.2148136, 0.0 ], [ 117.7326712, 1.2147872, 0.0 ], [ 117.7326428, 1.2147595, 0.0 ], [ 117.7326081, 1.2147275, 0.0 ], [ 117.7325725, 1.2146837, 0.0 ], [ 117.7325139, 1.2146451, 0.0 ], [ 117.7324606, 1.2146174, 0.0 ], [ 117.7321, 1.2145146, 0.0 ], [ 117.7320203, 1.2145148, 0.0 ], [ 117.7314697, 1.2145897, 0.0 ], [ 117.7313371, 1.2145937, 0.0 ], [ 117.7312933, 1.2145868, 0.0 ], [ 117.7312503, 1.2145728, 0.0 ], [ 117.7312019, 1.2145563, 0.0 ], [ 117.7311467, 1.2145465, 0.0 ], [ 117.7310882, 1.214541, 0.0 ], [ 117.7303036, 1.2144289, 0.0 ], [ 117.7302325, 1.2144109, 0.0 ], [ 117.7301649, 1.2143882, 0.0 ], [ 117.7298846, 1.2142628, 0.0 ], [ 117.729613, 1.2140507, 0.0 ], [ 117.7295715, 1.2140018, 0.0 ], [ 117.7295354, 1.2139487, 0.0 ], [ 117.7291343, 1.2132823, 0.0 ], [ 117.7290982, 1.2132224, 0.0 ], [ 117.7284975, 1.2124678, 0.0 ], [ 117.7280466, 1.2121005, 0.0 ], [ 117.7273471, 1.2117695, 0.0 ], [ 117.7268282, 1.2115829, 0.0 ], [ 117.7266651, 1.211526, 0.0 ], [ 117.7263522, 1.211444, 0.0 ], [ 117.7261494, 1.2114174, 0.0 ], [ 117.7260289, 1.2113848, 0.0 ], [ 117.7259281, 1.2113476, 0.0 ], [ 117.7258984, 1.2113391, 0.0 ], [ 117.7255803, 1.2113181, 0.0 ], [ 117.7255327, 1.2113241, 0.0 ], [ 117.7254906, 1.2113231, 0.0 ], [ 117.7254045, 1.2113174, 0.0 ], [ 117.7252451, 1.2112617, 0.0 ], [ 117.7251651, 1.2112131, 0.0 ], [ 117.724946, 1.2110596, 0.0 ], [ 117.7246816, 1.2108738, 0.0 ], [ 117.7245796, 1.2107885, 0.0 ], [ 117.724529, 1.210745, 0.0 ], [ 117.7244834, 1.2106865, 0.0 ], [ 117.7243439, 1.210507, 0.0 ], [ 117.7242852, 1.2104621, 0.0 ], [ 117.7242123, 1.2104243, 0.0 ], [ 117.7241309, 1.2103985, 0.0 ], [ 117.7240435, 1.2103879, 0.0 ], [ 117.723961, 1.2103858, 0.0 ], [ 117.7238879, 1.2103886, 0.0 ], [ 117.7236678, 1.2103981, 0.0 ], [ 117.7235863, 1.2104119, 0.0 ], [ 117.7233778, 1.2104613, 0.0 ], [ 117.7233348, 1.2104787, 0.0 ], [ 117.7229364, 1.2107316, 0.0 ], [ 117.7225117, 1.2110613, 0.0 ], [ 117.7220351, 1.2113085, 0.0 ], [ 117.7219001, 1.2113412, 0.0 ], [ 117.7215284, 1.2113655, 0.0 ], [ 117.7211194, 1.2113086, 0.0 ], [ 117.7209177, 1.2112865, 0.0 ], [ 117.7208725, 1.211282, 0.0 ], [ 117.720826, 1.2112777, 0.0 ], [ 117.7205081, 1.2112635, 0.0 ], [ 117.7202822, 1.2112566, 0.0 ], [ 117.7200367, 1.2112649, 0.0 ], [ 117.7192487, 1.2113021, 0.0 ], [ 117.7182521, 1.211549, 0.0 ], [ 117.7177083, 1.2115152, 0.0 ], [ 117.7174257, 1.211417, 0.0 ], [ 117.7173001, 1.2113424, 0.0 ], [ 117.717188, 1.2112424, 0.0 ], [ 117.7171309, 1.2111921, 0.0 ], [ 117.7164692, 1.2106102, 0.0 ], [ 117.7158103, 1.209855, 0.0 ], [ 117.7149277, 1.2091324, 0.0 ], [ 117.7148471, 1.2091009, 0.0 ], [ 117.7138671, 1.2086151, 0.0 ], [ 117.7138294, 1.2085737, 0.0 ], [ 117.7132135, 1.2079633, 0.0 ], [ 117.7125701, 1.2075077, 0.0 ], [ 117.7116996, 1.2068695, 0.0 ], [ 117.7113337, 1.2065502, 0.0 ], [ 117.710642, 1.2057991, 0.0 ], [ 117.7104125, 1.2055304, 0.0 ], [ 117.7103819, 1.2054943, 0.0 ], [ 117.7103719, 1.2054581, 0.0 ], [ 117.7103688, 1.2054267, 0.0 ], [ 117.7103691, 1.2054028, 0.0 ], [ 117.710369, 1.2053888, 0.0 ], [ 117.7103414, 1.2053635, 0.0 ], [ 117.7103224, 1.2053504, 0.0 ], [ 117.7102902, 1.2053004, 0.0 ], [ 117.710272, 1.2052295, 0.0 ], [ 117.710263, 1.205185, 0.0 ], [ 117.7102534, 1.2051364, 0.0 ], [ 117.7102431, 1.2050833, 0.0 ], [ 117.710182, 1.2044261, 0.0 ], [ 117.7101731, 1.2043807, 0.0 ], [ 117.7101586, 1.2042872, 0.0 ], [ 117.7101485, 1.2042359, 0.0 ], [ 117.7098935, 1.2035918, 0.0 ], [ 117.7091039, 1.2027634, 0.0 ], [ 117.7083348, 1.2021819, 0.0 ], [ 117.7081794, 1.2020219, 0.0 ], [ 117.7080779, 1.2019047, 0.0 ], [ 117.7080248, 1.2018152, 0.0 ], [ 117.7079989, 1.20176, 0.0 ], [ 117.7077013, 1.2009475, 0.0 ], [ 117.7077054, 1.2008692, 0.0 ], [ 117.7077186, 1.200794, 0.0 ], [ 117.7079451, 1.1997305, 0.0 ], [ 117.7080086, 1.1987566, 0.0 ], [ 117.7082943, 1.1976139, 0.0 ], [ 117.7084371, 1.1970438, 0.0 ], [ 117.7084418, 1.196621, 0.0 ], [ 117.7084162, 1.196537, 0.0 ], [ 117.7083832, 1.1964541, 0.0 ], [ 117.7083432, 1.1963732, 0.0 ], [ 117.7082955, 1.1962949, 0.0 ], [ 117.7082396, 1.1962192, 0.0 ], [ 117.7081092, 1.1960778, 0.0 ], [ 117.7080358, 1.1960159, 0.0 ], [ 117.7073728, 1.1956301, 0.0 ], [ 117.7070729, 1.1954534, 0.0 ], [ 117.707002, 1.1954295, 0.0 ], [ 117.7069476, 1.1954168, 0.0 ], [ 117.7069035, 1.1954046, 0.0 ], [ 117.7068578, 1.1953892, 0.0 ], [ 117.7062114, 1.1952808, 0.0 ], [ 117.7051304, 1.1950103, 0.0 ], [ 117.7045909, 1.194696, 0.0 ], [ 117.7045705, 1.1946766, 0.0 ], [ 117.7045533, 1.1946578, 0.0 ], [ 117.7045375, 1.194637, 0.0 ], [ 117.7045175, 1.194612, 0.0 ], [ 117.7044887, 1.19458, 0.0 ], [ 117.7044533, 1.1945397, 0.0 ], [ 117.7044134, 1.1944908, 0.0 ], [ 117.7043694, 1.1944335, 0.0 ], [ 117.7043266, 1.1943715, 0.0 ], [ 117.704248, 1.1942333, 0.0 ], [ 117.7039994, 1.1936608, 0.0 ], [ 117.7036994, 1.1929638, 0.0 ], [ 117.7036855, 1.1929341, 0.0 ], [ 117.7036671, 1.1928909, 0.0 ], [ 117.7036588, 1.1928744, 0.0 ], [ 117.7036506, 1.1928584, 0.0 ], [ 117.7036427, 1.1928439, 0.0 ], [ 117.7036307, 1.1928188, 0.0 ], [ 117.7036266, 1.192809, 0.0 ], [ 117.7036324, 1.1927898, 0.0 ], [ 117.7035447, 1.1926375, 0.0 ], [ 117.7035168, 1.1925943, 0.0 ], [ 117.703485, 1.1925421, 0.0 ], [ 117.7034525, 1.1924836, 0.0 ], [ 117.7034263, 1.1924224, 0.0 ], [ 117.7034001, 1.1922971, 0.0 ], [ 117.7033868, 1.1922389, 0.0 ], [ 117.7033698, 1.1921875, 0.0 ], [ 117.7033028, 1.1920365, 0.0 ], [ 117.7032946, 1.1920096, 0.0 ], [ 117.7032894, 1.1919847, 0.0 ], [ 117.7032835, 1.1919606, 0.0 ], [ 117.7032744, 1.1919312, 0.0 ], [ 117.7032447, 1.1918493, 0.0 ], [ 117.7032218, 1.1917979, 0.0 ], [ 117.7031946, 1.1917402, 0.0 ], [ 117.7031646, 1.1916791, 0.0 ], [ 117.7026749, 1.1908804, 0.0 ], [ 117.7023619, 1.1904049, 0.0 ], [ 117.7023015, 1.1902842, 0.0 ], [ 117.7020892, 1.1898475, 0.0 ], [ 117.7020241, 1.1896843, 0.0 ], [ 117.7020168, 1.1896444, 0.0 ], [ 117.7020042, 1.1895969, 0.0 ], [ 117.7019717, 1.1894928, 0.0 ], [ 117.701952, 1.1894322, 0.0 ], [ 117.7015828, 1.1887566, 0.0 ], [ 117.7013023, 1.1884504, 0.0 ], [ 117.7012349, 1.1883763, 0.0 ], [ 117.7012018, 1.1883383, 0.0 ], [ 117.7009816, 1.1881199, 0.0 ], [ 117.7007302, 1.187902, 0.0 ], [ 117.7006817, 1.1878617, 0.0 ], [ 117.6999172, 1.1874199, 0.0 ], [ 117.6991692, 1.1870331, 0.0 ], [ 117.6990961, 1.1870178, 0.0 ], [ 117.6990157, 1.1869777, 0.0 ], [ 117.6988658, 1.1868958, 0.0 ], [ 117.6983254, 1.1866385, 0.0 ], [ 117.6982876, 1.1866067, 0.0 ], [ 117.6981181, 1.1864622, 0.0 ], [ 117.6977088, 1.1859128, 0.0 ], [ 117.6976818, 1.1858766, 0.0 ], [ 117.6976529, 1.1858379, 0.0 ], [ 117.6976209, 1.1857959, 0.0 ], [ 117.6972048, 1.1851308, 0.0 ], [ 117.6970454, 1.1849134, 0.0 ], [ 117.6967731, 1.1845891, 0.0 ], [ 117.6967311, 1.1845384, 0.0 ], [ 117.6963004, 1.1838789, 0.0 ], [ 117.6962394, 1.1837348, 0.0 ], [ 117.6962198, 1.1836921, 0.0 ], [ 117.6962025, 1.1836489, 0.0 ], [ 117.6961884, 1.1836023, 0.0 ], [ 117.6961762, 1.1835476, 0.0 ], [ 117.6961689, 1.1834886, 0.0 ], [ 117.6961717, 1.1833625, 0.0 ], [ 117.6962646, 1.1826933, 0.0 ], [ 117.6962817, 1.1825049, 0.0 ], [ 117.696276, 1.1824398, 0.0 ], [ 117.6962457, 1.1823128, 0.0 ], [ 117.696224, 1.182249, 0.0 ], [ 117.6959198, 1.1816877, 0.0 ], [ 117.6958658, 1.1816302, 0.0 ], [ 117.6956973, 1.1814904, 0.0 ], [ 117.6951383, 1.1810485, 0.0 ], [ 117.6951121, 1.181009, 0.0 ], [ 117.695089, 1.1809625, 0.0 ], [ 117.6950663, 1.1809107, 0.0 ], [ 117.6950476, 1.1808563, 0.0 ], [ 117.6950341, 1.1807994, 0.0 ], [ 117.6950226, 1.1807409, 0.0 ], [ 117.6949571, 1.180536, 0.0 ], [ 117.6949355, 1.1804885, 0.0 ], [ 117.6949076, 1.180429, 0.0 ], [ 117.6948784, 1.1803704, 0.0 ], [ 117.6948319, 1.1802345, 0.0 ], [ 117.6947767, 1.1798056, 0.0 ], [ 117.6947831, 1.1797378, 0.0 ], [ 117.6947937, 1.1796756, 0.0 ], [ 117.6948085, 1.1796139, 0.0 ], [ 117.6948239, 1.1795596, 0.0 ], [ 117.6950502, 1.1789684, 0.0 ], [ 117.6951593, 1.1787056, 0.0 ], [ 117.6952207, 1.1785305, 0.0 ], [ 117.6953514, 1.178112, 0.0 ], [ 117.6953649, 1.1780149, 0.0 ], [ 117.6953679, 1.1779223, 0.0 ], [ 117.6953498, 1.1774592, 0.0 ], [ 117.6952955, 1.1771276, 0.0 ], [ 117.6952805, 1.1769184, 0.0 ], [ 117.6952516, 1.1767734, 0.0 ], [ 117.6950918, 1.1763864, 0.0 ], [ 117.6950572, 1.1763279, 0.0 ], [ 117.6950491, 1.1763131, 0.0 ], [ 117.6950421, 1.1762988, 0.0 ], [ 117.6950325, 1.1762818, 0.0 ], [ 117.6950199, 1.1762559, 0.0 ], [ 117.695004, 1.1762214, 0.0 ], [ 117.694983, 1.1761797, 0.0 ], [ 117.6949565, 1.1761335, 0.0 ], [ 117.6949292, 1.176086, 0.0 ], [ 117.6949027, 1.1760416, 0.0 ], [ 117.6948776, 1.1760009, 0.0 ], [ 117.6948577, 1.1759618, 0.0 ], [ 117.6948403, 1.1759286, 0.0 ], [ 117.694827, 1.1759021, 0.0 ], [ 117.6947552, 1.1757867, 0.0 ], [ 117.6947302, 1.1757047, 0.0 ], [ 117.6947098, 1.1756616, 0.0 ], [ 117.6946609, 1.1755747, 0.0 ], [ 117.6945951, 1.1754439, 0.0 ], [ 117.694562, 1.1753855, 0.0 ], [ 117.6945447, 1.1753597, 0.0 ], [ 117.6945286, 1.1753331, 0.0 ], [ 117.6945139, 1.1753033, 0.0 ], [ 117.6945037, 1.1752673, 0.0 ], [ 117.6944983, 1.1752244, 0.0 ], [ 117.6944967, 1.1751788, 0.0 ], [ 117.6944969, 1.1751328, 0.0 ], [ 117.694513, 1.1749601, 0.0 ], [ 117.6945998, 1.1747406, 0.0 ], [ 117.6946219, 1.1746948, 0.0 ], [ 117.6946484, 1.1746449, 0.0 ], [ 117.6948518, 1.1742936, 0.0 ], [ 117.6948737, 1.1742224, 0.0 ], [ 117.6948798, 1.1740852, 0.0 ], [ 117.6948707, 1.17403, 0.0 ], [ 117.6948563, 1.173986, 0.0 ], [ 117.6948363, 1.1739461, 0.0 ], [ 117.6948101, 1.1739032, 0.0 ], [ 117.6947186, 1.1737393, 0.0 ], [ 117.6946169, 1.173591, 0.0 ], [ 117.6945996, 1.1735528, 0.0 ], [ 117.6945798, 1.1735115, 0.0 ], [ 117.6945569, 1.173465, 0.0 ], [ 117.6945315, 1.1734122, 0.0 ], [ 117.6944042, 1.1730125, 0.0 ], [ 117.6943955, 1.1729376, 0.0 ], [ 117.6944462, 1.172147, 0.0 ], [ 117.6944722, 1.1717039, 0.0 ], [ 117.6944492, 1.1715433, 0.0 ], [ 117.6943288, 1.1712392, 0.0 ], [ 117.6942019, 1.1710668, 0.0 ], [ 117.6941537, 1.1710252, 0.0 ], [ 117.6940333, 1.1709535, 0.0 ], [ 117.6933659, 1.1705654, 0.0 ], [ 117.6933249, 1.1705296, 0.0 ], [ 117.6932058, 1.1704063, 0.0 ], [ 117.6929315, 1.1699979, 0.0 ], [ 117.6929108, 1.1699325, 0.0 ], [ 117.6928985, 1.1698607, 0.0 ], [ 117.6928926, 1.1697878, 0.0 ], [ 117.692891, 1.1697187, 0.0 ], [ 117.6928906, 1.1696526, 0.0 ], [ 117.6928949, 1.1695898, 0.0 ], [ 117.6929143, 1.1694699, 0.0 ], [ 117.6929925, 1.1692986, 0.0 ], [ 117.6930069, 1.1692768, 0.0 ], [ 117.6930227, 1.1692518, 0.0 ], [ 117.6930395, 1.1692244, 0.0 ], [ 117.6930538, 1.169196, 0.0 ], [ 117.6930667, 1.1691669, 0.0 ], [ 117.6930825, 1.1691354, 0.0 ], [ 117.6930977, 1.169101, 0.0 ], [ 117.6931125, 1.1690655, 0.0 ], [ 117.693126, 1.1690299, 0.0 ], [ 117.693166, 1.1688847, 0.0 ], [ 117.69317, 1.1688535, 0.0 ], [ 117.6931725, 1.1688251, 0.0 ], [ 117.6931369, 1.1686979, 0.0 ], [ 117.693124, 1.1686837, 0.0 ], [ 117.6931057, 1.1686661, 0.0 ], [ 117.693082, 1.1686448, 0.0 ], [ 117.6930563, 1.1686275, 0.0 ], [ 117.6930292, 1.1686128, 0.0 ], [ 117.6929628, 1.1685815, 0.0 ], [ 117.6929185, 1.1685671, 0.0 ], [ 117.6928704, 1.1685557, 0.0 ], [ 117.6928208, 1.1685488, 0.0 ], [ 117.6927742, 1.1685474, 0.0 ], [ 117.6927282, 1.1685461, 0.0 ], [ 117.6923207, 1.1685867, 0.0 ], [ 117.6921204, 1.1685966, 0.0 ], [ 117.6920877, 1.1685991, 0.0 ], [ 117.6920525, 1.1686029, 0.0 ], [ 117.6917403, 1.1686479, 0.0 ], [ 117.6914789, 1.1687623, 0.0 ], [ 117.6912898, 1.1688851, 0.0 ], [ 117.6911119, 1.1690219, 0.0 ], [ 117.6910823, 1.1690512, 0.0 ], [ 117.6910044, 1.1691417, 0.0 ], [ 117.6909089, 1.1692748, 0.0 ], [ 117.6908853, 1.1693076, 0.0 ], [ 117.6908606, 1.1693422, 0.0 ], [ 117.6908325, 1.1693765, 0.0 ], [ 117.6908022, 1.169411, 0.0 ], [ 117.6906232, 1.1695951, 0.0 ], [ 117.690436, 1.1697457, 0.0 ], [ 117.6902669, 1.1698898, 0.0 ], [ 117.689931, 1.1701201, 0.0 ], [ 117.6894253, 1.1702568, 0.0 ], [ 117.6891508, 1.1701964, 0.0 ], [ 117.6890222, 1.1701433, 0.0 ], [ 117.6887859, 1.170026, 0.0 ], [ 117.68854, 1.1698719, 0.0 ], [ 117.6884595, 1.1698007, 0.0 ], [ 117.6881898, 1.1695226, 0.0 ], [ 117.6879459, 1.1692859, 0.0 ], [ 117.68776, 1.1692154, 0.0 ], [ 117.6875496, 1.1692319, 0.0 ], [ 117.6873184, 1.1692665, 0.0 ], [ 117.6872601, 1.1693081, 0.0 ], [ 117.687232, 1.1693353, 0.0 ], [ 117.6871598, 1.1694644, 0.0 ], [ 117.6871311, 1.1695262, 0.0 ], [ 117.6870052, 1.1700447, 0.0 ], [ 117.6869818, 1.170164, 0.0 ], [ 117.6869612, 1.1702168, 0.0 ], [ 117.6869342, 1.170267, 0.0 ], [ 117.6869013, 1.1703163, 0.0 ], [ 117.6868754, 1.1703599, 0.0 ], [ 117.6868511, 1.1703729, 0.0 ], [ 117.6868688, 1.1703304, 0.0 ], [ 117.6867608, 1.1705635, 0.0 ], [ 117.6866892, 1.1706549, 0.0 ], [ 117.6866432, 1.1706972, 0.0 ], [ 117.6865923, 1.1707352, 0.0 ], [ 117.6865346, 1.1707663, 0.0 ], [ 117.6864766, 1.170788, 0.0 ], [ 117.6864169, 1.1708002, 0.0 ], [ 117.6863621, 1.1708021, 0.0 ], [ 117.6863106, 1.1707947, 0.0 ], [ 117.6862609, 1.1707771, 0.0 ], [ 117.6862171, 1.1707557, 0.0 ], [ 117.6861748, 1.1707353, 0.0 ], [ 117.686132, 1.1707163, 0.0 ], [ 117.6858737, 1.1706225, 0.0 ], [ 117.6855711, 1.1705269, 0.0 ], [ 117.6854173, 1.1704842, 0.0 ], [ 117.6851196, 1.1704181, 0.0 ], [ 117.6850015, 1.1704123, 0.0 ], [ 117.6849786, 1.1704092, 0.0 ], [ 117.6848488, 1.1703819, 0.0 ], [ 117.6846493, 1.1703286, 0.0 ], [ 117.6844593, 1.1702854, 0.0 ], [ 117.6842564, 1.1702286, 0.0 ], [ 117.6839937, 1.1701539, 0.0 ], [ 117.6837985, 1.1701092, 0.0 ], [ 117.6836404, 1.1700917, 0.0 ], [ 117.6835512, 1.1700862, 0.0 ], [ 117.6835105, 1.1700854, 0.0 ], [ 117.6834251, 1.1700922, 0.0 ], [ 117.6826465, 1.1700977, 0.0 ], [ 117.6825909, 1.1700791, 0.0 ], [ 117.6825387, 1.1700535, 0.0 ], [ 117.6824909, 1.1700202, 0.0 ], [ 117.6824468, 1.1699809, 0.0 ], [ 117.6824051, 1.1699385, 0.0 ], [ 117.682365, 1.1698941, 0.0 ], [ 117.6820551, 1.1695476, 0.0 ], [ 117.6819419, 1.1694581, 0.0 ], [ 117.6818997, 1.1694325, 0.0 ], [ 117.6815002, 1.1692618, 0.0 ], [ 117.6814182, 1.1692439, 0.0 ], [ 117.6812703, 1.1691684, 0.0 ], [ 117.6812317, 1.1691462, 0.0 ], [ 117.6811923, 1.1691223, 0.0 ], [ 117.6810626, 1.1690449, 0.0 ], [ 117.6807508, 1.168911, 0.0 ], [ 117.6805823, 1.1688301, 0.0 ], [ 117.6801955, 1.1685489, 0.0 ], [ 117.6801547, 1.1684898, 0.0 ], [ 117.67984, 1.1679042, 0.0 ], [ 117.6796805, 1.1676911, 0.0 ], [ 117.6795969, 1.1676396, 0.0 ], [ 117.6795383, 1.1676175, 0.0 ], [ 117.6793323, 1.1675629, 0.0 ], [ 117.6790797, 1.1675649, 0.0 ], [ 117.6789109, 1.1675337, 0.0 ], [ 117.678834, 1.1675261, 0.0 ], [ 117.6785534, 1.1675031, 0.0 ], [ 117.6785058, 1.1674941, 0.0 ], [ 117.6782838, 1.1674299, 0.0 ], [ 117.678209, 1.1674, 0.0 ], [ 117.6780586, 1.1673249, 0.0 ], [ 117.6778615, 1.1671958, 0.0 ], [ 117.6777221, 1.1671115, 0.0 ], [ 117.6776232, 1.1670436, 0.0 ], [ 117.6773227, 1.1668306, 0.0 ], [ 117.6772645, 1.166795, 0.0 ], [ 117.6770191, 1.1666819, 0.0 ], [ 117.6765275, 1.1665229, 0.0 ], [ 117.676229, 1.1664992, 0.0 ], [ 117.6760482, 1.1665533, 0.0 ], [ 117.6758799, 1.1666477, 0.0 ], [ 117.6754227, 1.1671236, 0.0 ], [ 117.6751558, 1.1674092, 0.0 ], [ 117.6751083, 1.1674686, 0.0 ], [ 117.6749, 1.1677139, 0.0 ], [ 117.6746728, 1.1679263, 0.0 ], [ 117.6746071, 1.1679916, 0.0 ], [ 117.674573, 1.1680247, 0.0 ], [ 117.6743908, 1.1681886, 0.0 ], [ 117.6743601, 1.1682159, 0.0 ], [ 117.674258, 1.1683036, 0.0 ], [ 117.6740589, 1.1684924, 0.0 ], [ 117.6739153, 1.168624, 0.0 ], [ 117.6738566, 1.1686589, 0.0 ], [ 117.6737966, 1.1686842, 0.0 ], [ 117.6736698, 1.168726, 0.0 ], [ 117.6736231, 1.1687382, 0.0 ], [ 117.6733935, 1.16879, 0.0 ], [ 117.6731381, 1.1688307, 0.0 ], [ 117.6730484, 1.1688341, 0.0 ], [ 117.6728669, 1.1688167, 0.0 ], [ 117.6727869, 1.1687997, 0.0 ], [ 117.6726379, 1.1687684, 0.0 ], [ 117.6724989, 1.1687545, 0.0 ], [ 117.672329, 1.1687008, 0.0 ], [ 117.6721518, 1.1686645, 0.0 ], [ 117.6719612, 1.1685465, 0.0 ], [ 117.6717594, 1.16834, 0.0 ], [ 117.6716005, 1.1681492, 0.0 ], [ 117.671547, 1.1680891, 0.0 ], [ 117.6711009, 1.167588, 0.0 ], [ 117.6707171, 1.1671906, 0.0 ], [ 117.6707091, 1.1671824, 0.0 ], [ 117.6706677, 1.1671376, 0.0 ], [ 117.6704545, 1.1669598, 0.0 ], [ 117.6700125, 1.1666206, 0.0 ], [ 117.6699271, 1.1665477, 0.0 ], [ 117.6698924, 1.1665006, 0.0 ], [ 117.6696524, 1.1661775, 0.0 ], [ 117.6692084, 1.1657491, 0.0 ], [ 117.6691571, 1.1657027, 0.0 ], [ 117.6691064, 1.1656483, 0.0 ], [ 117.6684615, 1.1650203, 0.0 ], [ 117.6682403, 1.1648947, 0.0 ], [ 117.6681492, 1.1648297, 0.0 ], [ 117.6675769, 1.1645515, 0.0 ], [ 117.6674477, 1.1645022, 0.0 ], [ 117.6671785, 1.1643835, 0.0 ], [ 117.6670282, 1.1643122, 0.0 ], [ 117.6669777, 1.1642853, 0.0 ], [ 117.6666324, 1.1641454, 0.0 ], [ 117.6663283, 1.1640563, 0.0 ], [ 117.666056, 1.1639993, 0.0 ], [ 117.6656299, 1.163941, 0.0 ], [ 117.6655401, 1.1639257, 0.0 ], [ 117.6654912, 1.1639274, 0.0 ], [ 117.6652646, 1.1639419, 0.0 ], [ 117.6651965, 1.1639585, 0.0 ], [ 117.66512, 1.1639851, 0.0 ], [ 117.6645666, 1.1642316, 0.0 ], [ 117.6644963, 1.1642862, 0.0 ], [ 117.6644433, 1.1643473, 0.0 ], [ 117.6643919, 1.1644199, 0.0 ], [ 117.6643434, 1.1645054, 0.0 ], [ 117.6643003, 1.1646002, 0.0 ], [ 117.6638276, 1.1655471, 0.0 ], [ 117.6635463, 1.1659482, 0.0 ], [ 117.6632399, 1.1663816, 0.0 ], [ 117.6630591, 1.1666035, 0.0 ], [ 117.6627202, 1.1669396, 0.0 ], [ 117.6626417, 1.166987, 0.0 ], [ 117.662555, 1.1670269, 0.0 ], [ 117.6624611, 1.1670607, 0.0 ], [ 117.6623631, 1.1670899, 0.0 ], [ 117.6621754, 1.1671475, 0.0 ], [ 117.6620935, 1.1671861, 0.0 ], [ 117.6620171, 1.1672348, 0.0 ], [ 117.6619465, 1.1672926, 0.0 ], [ 117.6618811, 1.1673584, 0.0 ], [ 117.6618227, 1.1674312, 0.0 ], [ 117.66177, 1.1675077, 0.0 ], [ 117.661721, 1.167587, 0.0 ], [ 117.6616796, 1.1676702, 0.0 ], [ 117.6616463, 1.1677598, 0.0 ], [ 117.6613633, 1.1685059, 0.0 ], [ 117.6612388, 1.1687646, 0.0 ], [ 117.6610745, 1.1691506, 0.0 ], [ 117.6610545, 1.1692082, 0.0 ], [ 117.6609882, 1.1694434, 0.0 ], [ 117.6609785, 1.1695095, 0.0 ], [ 117.660978, 1.1695773, 0.0 ], [ 117.6610657, 1.1704423, 0.0 ], [ 117.6611775, 1.1711014, 0.0 ], [ 117.6611773, 1.1711897, 0.0 ], [ 117.6610512, 1.1722308, 0.0 ], [ 117.6610306, 1.1723009, 0.0 ], [ 117.6610049, 1.1723663, 0.0 ], [ 117.6609385, 1.1724922, 0.0 ], [ 117.6608313, 1.172657, 0.0 ], [ 117.6605565, 1.1733101, 0.0 ], [ 117.660285, 1.174285, 0.0 ], [ 117.6601008, 1.1745828, 0.0 ], [ 117.6599665, 1.1747346, 0.0 ], [ 117.659915, 1.1747804, 0.0 ], [ 117.6597655, 1.1748933, 0.0 ], [ 117.6594405, 1.1750791, 0.0 ], [ 117.6591912, 1.1751806, 0.0 ], [ 117.6588931, 1.1752811, 0.0 ], [ 117.6581798, 1.1752667, 0.0 ], [ 117.657946, 1.1752502, 0.0 ], [ 117.6578723, 1.1752631, 0.0 ], [ 117.657806, 1.1752924, 0.0 ], [ 117.657751, 1.1753375, 0.0 ], [ 117.6576957, 1.175466, 0.0 ], [ 117.6576962, 1.1755393, 0.0 ], [ 117.6577074, 1.1756146, 0.0 ], [ 117.6577893, 1.1758447, 0.0 ], [ 117.6578792, 1.1760751, 0.0 ], [ 117.6578801, 1.1761536, 0.0 ], [ 117.6578658, 1.1762278, 0.0 ], [ 117.6578358, 1.1762957, 0.0 ], [ 117.6577936, 1.1763585, 0.0 ], [ 117.6577422, 1.1764183, 0.0 ], [ 117.6576853, 1.1764734, 0.0 ], [ 117.6576239, 1.1765211, 0.0 ], [ 117.6575656, 1.1765606, 0.0 ], [ 117.6574035, 1.176654, 0.0 ], [ 117.6572359, 1.176809, 0.0 ], [ 117.6571928, 1.1768677, 0.0 ], [ 117.6571523, 1.1769332, 0.0 ], [ 117.6570177, 1.1772261, 0.0 ], [ 117.6569665, 1.177413, 0.0 ], [ 117.6569509, 1.177665, 0.0 ], [ 117.656934, 1.1778239, 0.0 ], [ 117.6568291, 1.1786472, 0.0 ], [ 117.6565281, 1.1797562, 0.0 ], [ 117.655905, 1.1805461, 0.0 ], [ 117.6553248, 1.1810183, 0.0 ], [ 117.6552751, 1.1810832, 0.0 ], [ 117.6550989, 1.1813692, 0.0 ], [ 117.6547214, 1.1822512, 0.0 ], [ 117.6544683, 1.1827407, 0.0 ], [ 117.6543537, 1.1832008, 0.0 ], [ 117.6543416, 1.183269, 0.0 ], [ 117.6543401, 1.1836474, 0.0 ], [ 117.6543395, 1.183697, 0.0 ], [ 117.6543324, 1.1837505, 0.0 ], [ 117.6543143, 1.1838107, 0.0 ], [ 117.6542828, 1.1838744, 0.0 ], [ 117.6542435, 1.1839357, 0.0 ], [ 117.6541998, 1.1839927, 0.0 ], [ 117.654152, 1.1840457, 0.0 ], [ 117.6541012, 1.1840961, 0.0 ], [ 117.6536184, 1.1846028, 0.0 ], [ 117.6535097, 1.1847309, 0.0 ], [ 117.6534252, 1.1848143, 0.0 ], [ 117.653304, 1.1849812, 0.0 ], [ 117.6529957, 1.1853635, 0.0 ], [ 117.6526979, 1.1855744, 0.0 ], [ 117.6526143, 1.1856127, 0.0 ], [ 117.6525363, 1.1856402, 0.0 ], [ 117.6524588, 1.1856578, 0.0 ], [ 117.6523839, 1.1856661, 0.0 ], [ 117.6523078, 1.1856661, 0.0 ], [ 117.6512405, 1.1855684, 0.0 ], [ 117.6510609, 1.1855853, 0.0 ], [ 117.6509704, 1.1856028, 0.0 ], [ 117.6503804, 1.1858111, 0.0 ], [ 117.6503161, 1.1858583, 0.0 ], [ 117.6502605, 1.185914, 0.0 ], [ 117.6502109, 1.1859766, 0.0 ], [ 117.6501629, 1.1860455, 0.0 ], [ 117.6501142, 1.1861139, 0.0 ], [ 117.6500647, 1.1861785, 0.0 ], [ 117.6499037, 1.1863506, 0.0 ], [ 117.6498439, 1.1863978, 0.0 ], [ 117.6497785, 1.18644, 0.0 ], [ 117.6497084, 1.1864792, 0.0 ], [ 117.6496342, 1.1865152, 0.0 ], [ 117.6489946, 1.1867693, 0.0 ], [ 117.6485711, 1.1869471, 0.0 ], [ 117.6482379, 1.1870474, 0.0 ], [ 117.6473168, 1.1870715, 0.0 ], [ 117.6466447, 1.1869144, 0.0 ], [ 117.6464678, 1.186863, 0.0 ], [ 117.6464309, 1.1868454, 0.0 ], [ 117.6462943, 1.1867447, 0.0 ], [ 117.6461694, 1.1865864, 0.0 ], [ 117.6461215, 1.186496, 0.0 ], [ 117.6461044, 1.1864504, 0.0 ], [ 117.646089, 1.1864009, 0.0 ], [ 117.645999, 1.1859948, 0.0 ], [ 117.6458353, 1.1851553, 0.0 ], [ 117.6457513, 1.1850183, 0.0 ], [ 117.6454173, 1.1846643, 0.0 ], [ 117.6452004, 1.1844974, 0.0 ], [ 117.6451414, 1.1844672, 0.0 ], [ 117.6444482, 1.1840881, 0.0 ], [ 117.6443765, 1.1840235, 0.0 ], [ 117.6443079, 1.1839503, 0.0 ], [ 117.6442436, 1.1838707, 0.0 ], [ 117.6441892, 1.183784, 0.0 ], [ 117.6441404, 1.1836939, 0.0 ], [ 117.6438229, 1.1831467, 0.0 ], [ 117.64376, 1.1830939, 0.0 ], [ 117.6436937, 1.1830509, 0.0 ], [ 117.643627, 1.1830184, 0.0 ], [ 117.6435566, 1.182996, 0.0 ], [ 117.6434832, 1.1829814, 0.0 ], [ 117.6434066, 1.1829704, 0.0 ], [ 117.6430992, 1.1829186, 0.0 ], [ 117.6430234, 1.1828925, 0.0 ], [ 117.6429541, 1.1828566, 0.0 ], [ 117.6428899, 1.182808, 0.0 ], [ 117.6428354, 1.1827489, 0.0 ], [ 117.6427953, 1.1826782, 0.0 ], [ 117.642767, 1.1826009, 0.0 ], [ 117.6427519, 1.1825212, 0.0 ], [ 117.6427611, 1.1823903, 0.0 ], [ 117.6427965, 1.1822538, 0.0 ], [ 117.6428139, 1.1820957, 0.0 ], [ 117.6428472, 1.18144, 0.0 ], [ 117.6428352, 1.1813568, 0.0 ], [ 117.6427351, 1.1809327, 0.0 ], [ 117.6426962, 1.1807892, 0.0 ], [ 117.6426808, 1.1807253, 0.0 ], [ 117.6426117, 1.180397, 0.0 ], [ 117.642615, 1.1803171, 0.0 ], [ 117.6426496, 1.1801528, 0.0 ], [ 117.6426747, 1.1800731, 0.0 ], [ 117.6427236, 1.1799968, 0.0 ], [ 117.6428006, 1.1798558, 0.0 ], [ 117.6428611, 1.1797081, 0.0 ], [ 117.6428799, 1.1796273, 0.0 ], [ 117.6428862, 1.1795409, 0.0 ], [ 117.6428783, 1.1794524, 0.0 ], [ 117.6428573, 1.1793656, 0.0 ], [ 117.6428226, 1.1792825, 0.0 ], [ 117.6427762, 1.1792043, 0.0 ], [ 117.6427252, 1.1791292, 0.0 ], [ 117.6426718, 1.1790581, 0.0 ], [ 117.642614, 1.1789951, 0.0 ], [ 117.6425518, 1.1789377, 0.0 ], [ 117.6424831, 1.1788869, 0.0 ], [ 117.6424075, 1.1788385, 0.0 ], [ 117.6421575, 1.1786966, 0.0 ], [ 117.6414703, 1.1784363, 0.0 ], [ 117.6413353, 1.1783562, 0.0 ], [ 117.6412804, 1.1783121, 0.0 ], [ 117.6412328, 1.178261, 0.0 ], [ 117.641163, 1.1781327, 0.0 ], [ 117.6411437, 1.1780548, 0.0 ], [ 117.6411333, 1.1779733, 0.0 ], [ 117.6410911, 1.1776242, 0.0 ], [ 117.6410832, 1.1775869, 0.0 ], [ 117.6410273, 1.1774467, 0.0 ], [ 117.6409972, 1.177385, 0.0 ], [ 117.640867, 1.1771865, 0.0 ], [ 117.6404812, 1.1766101, 0.0 ], [ 117.6403553, 1.1764068, 0.0 ], [ 117.6386557, 1.175958, 0.0 ], [ 117.6383868, 1.1760321, 0.0 ], [ 117.6383599, 1.1760475, 0.0 ], [ 117.6383288, 1.1760646, 0.0 ], [ 117.638296, 1.1760851, 0.0 ], [ 117.6382641, 1.1761056, 0.0 ], [ 117.6382316, 1.1761268, 0.0 ], [ 117.6379142, 1.1763121, 0.0 ], [ 117.6378774, 1.1763367, 0.0 ], [ 117.6376357, 1.1764838, 0.0 ], [ 117.6376023, 1.1765023, 0.0 ], [ 117.6374253, 1.1766008, 0.0 ], [ 117.6373857, 1.1766209, 0.0 ], [ 117.6372441, 1.1766777, 0.0 ], [ 117.6372013, 1.1766909, 0.0 ], [ 117.6370561, 1.1767102, 0.0 ], [ 117.6370048, 1.1767109, 0.0 ], [ 117.6368178, 1.1766864, 0.0 ], [ 117.6367587, 1.176667, 0.0 ], [ 117.6366964, 1.1766431, 0.0 ], [ 117.6366357, 1.1766136, 0.0 ], [ 117.6365749, 1.1765803, 0.0 ], [ 117.6362877, 1.1763958, 0.0 ], [ 117.6359522, 1.1760766, 0.0 ], [ 117.6357478, 1.1757131, 0.0 ], [ 117.6356828, 1.1756128, 0.0 ], [ 117.6356574, 1.1755611, 0.0 ], [ 117.635634, 1.1754972, 0.0 ], [ 117.6352555, 1.1744275, 0.0 ], [ 117.6351343, 1.1741492, 0.0 ], [ 117.6350896, 1.1740906, 0.0 ], [ 117.6350408, 1.1740402, 0.0 ], [ 117.6349918, 1.1740001, 0.0 ], [ 117.6349412, 1.1739704, 0.0 ], [ 117.6348224, 1.1739235, 0.0 ], [ 117.6346274, 1.1738734, 0.0 ], [ 117.6345617, 1.1738448, 0.0 ], [ 117.6344312, 1.1737569, 0.0 ], [ 117.6343757, 1.173699, 0.0 ], [ 117.6343269, 1.1736354, 0.0 ], [ 117.6342821, 1.1735649, 0.0 ], [ 117.6339938, 1.1731697, 0.0 ], [ 117.6337486, 1.1729513, 0.0 ], [ 117.6336236, 1.1728665, 0.0 ], [ 117.6333004, 1.1726816, 0.0 ], [ 117.6330746, 1.1725612, 0.0 ], [ 117.6328219, 1.1724322, 0.0 ], [ 117.6321325, 1.1721637, 0.0 ], [ 117.6320659, 1.1721434, 0.0 ], [ 117.6319982, 1.1721333, 0.0 ], [ 117.6319292, 1.1721348, 0.0 ], [ 117.6318615, 1.1721485, 0.0 ], [ 117.6317967, 1.1721726, 0.0 ], [ 117.6317358, 1.172207, 0.0 ], [ 117.6316816, 1.1722541, 0.0 ], [ 117.6316326, 1.1723137, 0.0 ], [ 117.6315451, 1.1724589, 0.0 ], [ 117.6315091, 1.1725428, 0.0 ], [ 117.6314777, 1.1726322, 0.0 ], [ 117.6314512, 1.1727292, 0.0 ], [ 117.63143, 1.1728305, 0.0 ], [ 117.631416, 1.1729333, 0.0 ], [ 117.6314069, 1.1730365, 0.0 ], [ 117.631405, 1.1732425, 0.0 ], [ 117.6314141, 1.173343, 0.0 ], [ 117.6314307, 1.1734391, 0.0 ], [ 117.6314547, 1.1735306, 0.0 ], [ 117.6314839, 1.1736191, 0.0 ], [ 117.6315962, 1.1739074, 0.0 ], [ 117.6316145, 1.1739736, 0.0 ], [ 117.6317392, 1.1747946, 0.0 ], [ 117.6317053, 1.1751158, 0.0 ], [ 117.6316524, 1.1752837, 0.0 ], [ 117.6315256, 1.1756175, 0.0 ], [ 117.6315141, 1.1757032, 0.0 ], [ 117.6315136, 1.1757881, 0.0 ], [ 117.6315258, 1.1758726, 0.0 ], [ 117.6315519, 1.1759581, 0.0 ], [ 117.631586, 1.1760482, 0.0 ], [ 117.6318781, 1.1767765, 0.0 ], [ 117.6320614, 1.1772052, 0.0 ], [ 117.6320857, 1.1773878, 0.0 ], [ 117.6320827, 1.1774788, 0.0 ], [ 117.6320697, 1.1775672, 0.0 ], [ 117.6320469, 1.1776545, 0.0 ], [ 117.632015, 1.1777399, 0.0 ], [ 117.6319755, 1.1778234, 0.0 ], [ 117.6319298, 1.1779032, 0.0 ], [ 117.6318113, 1.1780542, 0.0 ], [ 117.631746, 1.1781251, 0.0 ], [ 117.6313526, 1.1785233, 0.0 ], [ 117.6313052, 1.1785992, 0.0 ], [ 117.6312511, 1.1787568, 0.0 ], [ 117.6312485, 1.1788369, 0.0 ], [ 117.6312741, 1.1789965, 0.0 ], [ 117.6313303, 1.1791536, 0.0 ], [ 117.631431, 1.1793831, 0.0 ], [ 117.6314427, 1.1794525, 0.0 ], [ 117.6314375, 1.1795173, 0.0 ], [ 117.6314119, 1.1795796, 0.0 ], [ 117.6313672, 1.1796434, 0.0 ], [ 117.6313074, 1.179706, 0.0 ], [ 117.6312373, 1.1797618, 0.0 ], [ 117.6311592, 1.1798092, 0.0 ], [ 117.6310739, 1.1798463, 0.0 ], [ 117.6309815, 1.1798748, 0.0 ], [ 117.6308897, 1.179895, 0.0 ], [ 117.6305959, 1.1799524, 0.0 ], [ 117.6304757, 1.1799507, 0.0 ], [ 117.6304102, 1.1799359, 0.0 ], [ 117.630344, 1.1799057, 0.0 ], [ 117.6302772, 1.1798629, 0.0 ], [ 117.6302115, 1.1798136, 0.0 ], [ 117.6299786, 1.1796262, 0.0 ], [ 117.6297786, 1.1794984, 0.0 ], [ 117.6297004, 1.1794594, 0.0 ], [ 117.6296175, 1.1794275, 0.0 ], [ 117.629531, 1.1794027, 0.0 ], [ 117.629446, 1.1793884, 0.0 ], [ 117.6293716, 1.1793857, 0.0 ], [ 117.6293169, 1.1793878, 0.0 ], [ 117.6292616, 1.1793893, 0.0 ], [ 117.6289134, 1.1794132, 0.0 ], [ 117.6282212, 1.1795649, 0.0 ], [ 117.6279304, 1.1796585, 0.0 ], [ 117.6276717, 1.1797186, 0.0 ], [ 117.6275995, 1.179727, 0.0 ], [ 117.6274661, 1.1797456, 0.0 ], [ 117.6271799, 1.1797566, 0.0 ], [ 117.6266083, 1.1798422, 0.0 ], [ 117.6265072, 1.1798789, 0.0 ], [ 117.626472, 1.1799056, 0.0 ], [ 117.6264423, 1.1799374, 0.0 ], [ 117.6260864, 1.1803085, 0.0 ], [ 117.6260438, 1.1803632, 0.0 ], [ 117.6259981, 1.1805031, 0.0 ], [ 117.6259696, 1.1806553, 0.0 ], [ 117.6259587, 1.1808065, 0.0 ], [ 117.6259467, 1.1814182, 0.0 ], [ 117.6258413, 1.1817342, 0.0 ], [ 117.6257947, 1.1818038, 0.0 ], [ 117.6257426, 1.1818653, 0.0 ], [ 117.6256853, 1.18192, 0.0 ], [ 117.6256183, 1.1819571, 0.0 ], [ 117.6255577, 1.1819816, 0.0 ], [ 117.6255236, 1.1819892, 0.0 ], [ 117.6254992, 1.1819958, 0.0 ], [ 117.6254795, 1.1820023, 0.0 ], [ 117.6251973, 1.1820879, 0.0 ], [ 117.6245314, 1.1822284, 0.0 ], [ 117.6244557, 1.1822088, 0.0 ], [ 117.6243767, 1.1821912, 0.0 ], [ 117.6242177, 1.1821151, 0.0 ], [ 117.6235858, 1.18168, 0.0 ], [ 117.6234031, 1.1814442, 0.0 ], [ 117.6233236, 1.181283, 0.0 ], [ 117.6231164, 1.1809252, 0.0 ], [ 117.6230562, 1.1808671, 0.0 ], [ 117.6229858, 1.1808149, 0.0 ], [ 117.6229062, 1.1807636, 0.0 ], [ 117.6228217, 1.1807139, 0.0 ], [ 117.6226207, 1.1806435, 0.0 ], [ 117.6225176, 1.1806192, 0.0 ], [ 117.6224186, 1.1806015, 0.0 ], [ 117.6222152, 1.1805868, 0.0 ], [ 117.6216417, 1.1805851, 0.0 ], [ 117.621555, 1.1805856, 0.0 ], [ 117.6214169, 1.1806169, 0.0 ], [ 117.6212516, 1.180622, 0.0 ], [ 117.6212372, 1.1806259, 0.0 ], [ 117.6212247, 1.1806294, 0.0 ], [ 117.6211504, 1.1806263, 0.0 ], [ 117.6206958, 1.1806578, 0.0 ], [ 117.6204233, 1.1806939, 0.0 ], [ 117.6202312, 1.1808292, 0.0 ], [ 117.6201853, 1.1808754, 0.0 ], [ 117.6201445, 1.1809221, 0.0 ], [ 117.6199998, 1.1811166, 0.0 ], [ 117.6198374, 1.1814116, 0.0 ], [ 117.6197466, 1.1815613, 0.0 ], [ 117.6197178, 1.1816307, 0.0 ], [ 117.6193489, 1.182102, 0.0 ], [ 117.6190791, 1.1823487, 0.0 ], [ 117.6181016, 1.183087, 0.0 ], [ 117.6176794, 1.1834632, 0.0 ], [ 117.6176162, 1.1835344, 0.0 ], [ 117.6175681, 1.1836137, 0.0 ], [ 117.6175416, 1.1836983, 0.0 ], [ 117.617539, 1.183782, 0.0 ], [ 117.6175591, 1.1838611, 0.0 ], [ 117.617593, 1.1839325, 0.0 ], [ 117.6176269, 1.1840006, 0.0 ], [ 117.6176557, 1.1840712, 0.0 ], [ 117.6179035, 1.1849928, 0.0 ], [ 117.6179796, 1.1852999, 0.0 ], [ 117.6180218, 1.1853861, 0.0 ], [ 117.6180613, 1.1854598, 0.0 ], [ 117.6181073, 1.1855631, 0.0 ], [ 117.6184429, 1.1862447, 0.0 ], [ 117.6187548, 1.1867735, 0.0 ], [ 117.6189306, 1.1870741, 0.0 ], [ 117.6189652, 1.1871543, 0.0 ], [ 117.6189863, 1.1872361, 0.0 ], [ 117.6189918, 1.1873216, 0.0 ], [ 117.6189826, 1.1874088, 0.0 ], [ 117.6189584, 1.1874942, 0.0 ], [ 117.618921, 1.1875778, 0.0 ], [ 117.6188729, 1.1876568, 0.0 ], [ 117.6188171, 1.1877304, 0.0 ], [ 117.6187532, 1.1878026, 0.0 ], [ 117.6186833, 1.1878759, 0.0 ], [ 117.6184108, 1.1881825, 0.0 ], [ 117.6182852, 1.1883455, 0.0 ], [ 117.6182824, 1.1883421, 0.0 ], [ 117.6182936, 1.1883032, 0.0 ], [ 117.618167, 1.1884713, 0.0 ], [ 117.6180631, 1.1886332, 0.0 ], [ 117.6177887, 1.189129, 0.0 ], [ 117.617624, 1.1894187, 0.0 ], [ 117.6175962, 1.1894986, 0.0 ], [ 117.6174385, 1.1901623, 0.0 ], [ 117.6174289, 1.1902162, 0.0 ], [ 117.617422, 1.1904867, 0.0 ], [ 117.6173921, 1.1912212, 0.0 ], [ 117.6173458, 1.191494, 0.0 ], [ 117.6173159, 1.1915756, 0.0 ], [ 117.6172837, 1.1916544, 0.0 ], [ 117.6171733, 1.1918754, 0.0 ], [ 117.6170338, 1.1920867, 0.0 ], [ 117.6168331, 1.1924012, 0.0 ], [ 117.6167851, 1.1924827, 0.0 ], [ 117.6166068, 1.1928035, 0.0 ], [ 117.6164264, 1.1931141, 0.0 ], [ 117.6163428, 1.1932673, 0.0 ], [ 117.6159322, 1.1938803, 0.0 ], [ 117.6158505, 1.1939488, 0.0 ], [ 117.6157631, 1.1940077, 0.0 ], [ 117.6156728, 1.1940546, 0.0 ], [ 117.6155799, 1.1940898, 0.0 ], [ 117.6154844, 1.1941161, 0.0 ], [ 117.6153877, 1.1941375, 0.0 ], [ 117.6152033, 1.1941795, 0.0 ], [ 117.6142652, 1.194336, 0.0 ], [ 117.6138639, 1.19446, 0.0 ], [ 117.6137682, 1.1944958, 0.0 ], [ 117.6135243, 1.1945659, 0.0 ], [ 117.6126509, 1.1947782, 0.0 ], [ 117.6125622, 1.1947813, 0.0 ], [ 117.6124708, 1.1947781, 0.0 ], [ 117.6123812, 1.1947637, 0.0 ], [ 117.6122968, 1.1947338, 0.0 ], [ 117.6122201, 1.1946768, 0.0 ], [ 117.6121499, 1.1946106, 0.0 ], [ 117.6120889, 1.1945408, 0.0 ], [ 117.6120378, 1.194478, 0.0 ], [ 117.611645, 1.1940417, 0.0 ], [ 117.6115754, 1.1939915, 0.0 ], [ 117.611496, 1.1939461, 0.0 ], [ 117.6113193, 1.1938721, 0.0 ], [ 117.6112214, 1.1938484, 0.0 ], [ 117.6111178, 1.1938325, 0.0 ], [ 117.6107391, 1.1937908, 0.0 ], [ 117.6097748, 1.1938642, 0.0 ], [ 117.6095867, 1.1939033, 0.0 ], [ 117.6093935, 1.1939615, 0.0 ], [ 117.6087293, 1.1941562, 0.0 ], [ 117.608636, 1.1941614, 0.0 ], [ 117.6085424, 1.1941575, 0.0 ], [ 117.6084499, 1.194143, 0.0 ], [ 117.6083582, 1.1941238, 0.0 ], [ 117.6079849, 1.194045, 0.0 ], [ 117.60779, 1.1940355, 0.0 ], [ 117.6077184, 1.194043, 0.0 ], [ 117.6076418, 1.1940578, 0.0 ], [ 117.6073362, 1.194136, 0.0 ], [ 117.6072964, 1.194139, 0.0 ], [ 117.6072514, 1.1941388, 0.0 ], [ 117.6068205, 1.1940996, 0.0 ], [ 117.6067613, 1.1941028, 0.0 ], [ 117.6066812, 1.19411, 0.0 ], [ 117.6064623, 1.1940915, 0.0 ], [ 117.6063839, 1.1940909, 0.0 ], [ 117.6060292, 1.1941282, 0.0 ], [ 117.6059559, 1.1941491, 0.0 ], [ 117.6058947, 1.1941708, 0.0 ], [ 117.6051176, 1.1942737, 0.0 ], [ 117.6050545, 1.1942821, 0.0 ], [ 117.6048576, 1.1943073, 0.0 ], [ 117.6045655, 1.1944329, 0.0 ], [ 117.6045172, 1.1944702, 0.0 ], [ 117.6044118, 1.1945731, 0.0 ], [ 117.6042423, 1.1947648, 0.0 ], [ 117.6042142, 1.1948416, 0.0 ], [ 117.6041965, 1.1949229, 0.0 ], [ 117.6041889, 1.1950127, 0.0 ], [ 117.6041988, 1.1951048, 0.0 ], [ 117.6042195, 1.1952021, 0.0 ], [ 117.6043878, 1.1958242, 0.0 ], [ 117.6043857, 1.1959273, 0.0 ], [ 117.6043364, 1.1961304, 0.0 ], [ 117.6042912, 1.1962272, 0.0 ], [ 117.6042279, 1.196322, 0.0 ], [ 117.6041511, 1.1964091, 0.0 ], [ 117.6040724, 1.1964956, 0.0 ], [ 117.6038703, 1.196788, 0.0 ], [ 117.6038181, 1.196896, 0.0 ], [ 117.6035559, 1.1976823, 0.0 ], [ 117.603424, 1.1980254, 0.0 ], [ 117.6033488, 1.1989764, 0.0 ], [ 117.6033491, 1.1993449, 0.0 ], [ 117.6033267, 1.1994591, 0.0 ], [ 117.6032908, 1.1995674, 0.0 ], [ 117.6032414, 1.1996626, 0.0 ], [ 117.603177, 1.199743, 0.0 ], [ 117.6031026, 1.1998139, 0.0 ], [ 117.6030223, 1.1998789, 0.0 ], [ 117.6029296, 1.1999367, 0.0 ], [ 117.6027115, 1.2000219, 0.0 ], [ 117.6025884, 1.2000477, 0.0 ], [ 117.601976, 1.2001823, 0.0 ], [ 117.6018023, 1.2002957, 0.0 ], [ 117.6017382, 1.2003706, 0.0 ], [ 117.6016793, 1.2004535, 0.0 ], [ 117.6016258, 1.200541, 0.0 ], [ 117.6015802, 1.200634, 0.0 ], [ 117.6015342, 1.2007259, 0.0 ], [ 117.6014863, 1.2008095, 0.0 ], [ 117.6014392, 1.2008786, 0.0 ], [ 117.6013872, 1.2009345, 0.0 ], [ 117.6013306, 1.2009793, 0.0 ], [ 117.6012681, 1.2010106, 0.0 ], [ 117.6011959, 1.2010298, 0.0 ], [ 117.6011121, 1.2010473, 0.0 ], [ 117.6010186, 1.2010638, 0.0 ], [ 117.6004929, 1.2011746, 0.0 ], [ 117.600381, 1.2012147, 0.0 ], [ 117.5998013, 1.2014646, 0.0 ], [ 117.5996869, 1.2014859, 0.0 ], [ 117.5995748, 1.2014955, 0.0 ], [ 117.5994679, 1.2014871, 0.0 ], [ 117.5992652, 1.2014371, 0.0 ], [ 117.5986317, 1.2011938, 0.0 ], [ 117.5983416, 1.2010629, 0.0 ], [ 117.5981044, 1.2009383, 0.0 ], [ 117.5980582, 1.2009154, 0.0 ], [ 117.5979729, 1.2008925, 0.0 ], [ 117.5976018, 1.2007935, 0.0 ], [ 117.5972251, 1.2007034, 0.0 ], [ 117.5968853, 1.2006246, 0.0 ], [ 117.5961234, 1.2002599, 0.0 ], [ 117.5960737, 1.2001983, 0.0 ], [ 117.5960327, 1.2001526, 0.0 ], [ 117.5959551, 1.2000761, 0.0 ], [ 117.5955749, 1.1996765, 0.0 ], [ 117.5955308, 1.1995987, 0.0 ], [ 117.5954967, 1.1995117, 0.0 ], [ 117.5954692, 1.1994205, 0.0 ], [ 117.5954486, 1.1993334, 0.0 ], [ 117.5954345, 1.199251, 0.0 ], [ 117.5953369, 1.1988019, 0.0 ], [ 117.5952928, 1.1987272, 0.0 ], [ 117.5952423, 1.1986662, 0.0 ], [ 117.5951854, 1.1986241, 0.0 ], [ 117.5951249, 1.1985884, 0.0 ], [ 117.5950501, 1.1985761, 0.0 ], [ 117.5946644, 1.1985135, 0.0 ], [ 117.594451, 1.1984567, 0.0 ], [ 117.5943706, 1.1984218, 0.0 ], [ 117.5943063, 1.1983895, 0.0 ], [ 117.5942766, 1.1983553, 0.0 ], [ 117.5942606, 1.1983424, 0.0 ], [ 117.5942369, 1.1983131, 0.0 ], [ 117.5940286, 1.1980051, 0.0 ], [ 117.5938137, 1.1974003, 0.0 ], [ 117.5937962, 1.1973347, 0.0 ], [ 117.5938684, 1.1974861, 0.0 ], [ 117.5938128, 1.1973633, 0.0 ], [ 117.5937482, 1.1971433, 0.0 ], [ 117.5936914, 1.1970312, 0.0 ], [ 117.5936552, 1.1969797, 0.0 ], [ 117.5936164, 1.1969278, 0.0 ], [ 117.5935724, 1.1968799, 0.0 ], [ 117.5935207, 1.1968382, 0.0 ], [ 117.5934612, 1.1968036, 0.0 ], [ 117.5933928, 1.1967768, 0.0 ], [ 117.5933178, 1.1967565, 0.0 ], [ 117.5932364, 1.1967418, 0.0 ], [ 117.5931552, 1.1967354, 0.0 ], [ 117.5930813, 1.1967364, 0.0 ], [ 117.5930174, 1.1967402, 0.0 ], [ 117.5929088, 1.1967504, 0.0 ], [ 117.5928129, 1.1967732, 0.0 ], [ 117.592787, 1.1967867, 0.0 ], [ 117.5926674, 1.1968017, 0.0 ], [ 117.5923855, 1.1969377, 0.0 ], [ 117.5921427, 1.1970894, 0.0 ], [ 117.5917797, 1.1973169, 0.0 ], [ 117.5914479, 1.1974305, 0.0 ], [ 117.5913726, 1.1974426, 0.0 ], [ 117.5912917, 1.197438, 0.0 ], [ 117.5911635, 1.1974555, 0.0 ], [ 117.5909362, 1.1974703, 0.0 ], [ 117.5908276, 1.1974913, 0.0 ], [ 117.5907739, 1.1975054, 0.0 ], [ 117.5905747, 1.1975985, 0.0 ], [ 117.5905317, 1.1976331, 0.0 ], [ 117.5904921, 1.1976714, 0.0 ], [ 117.590453, 1.1977145, 0.0 ], [ 117.5904158, 1.1977634, 0.0 ], [ 117.5903673, 1.1978842, 0.0 ], [ 117.5903545, 1.197954, 0.0 ], [ 117.5903471, 1.1980283, 0.0 ], [ 117.5903458, 1.1981055, 0.0 ], [ 117.5903524, 1.1981839, 0.0 ], [ 117.5903621, 1.198263, 0.0 ], [ 117.590401, 1.1985108, 0.0 ], [ 117.5904624, 1.1987606, 0.0 ], [ 117.5905179, 1.1989303, 0.0 ], [ 117.5906217, 1.1992557, 0.0 ], [ 117.5906257, 1.1993049, 0.0 ], [ 117.5906256, 1.1993391, 0.0 ], [ 117.5906134, 1.1993942, 0.0 ], [ 117.5904964, 1.1997555, 0.0 ], [ 117.5900234, 1.2003351, 0.0 ], [ 117.5893078, 1.2008919, 0.0 ], [ 117.5892722, 1.2009023, 0.0 ], [ 117.5892349, 1.2009066, 0.0 ], [ 117.5891871, 1.2009044, 0.0 ], [ 117.5891296, 1.2008898, 0.0 ], [ 117.5890697, 1.2008624, 0.0 ], [ 117.5890058, 1.2008242, 0.0 ], [ 117.5889363, 1.2007766, 0.0 ], [ 117.5888652, 1.2007213, 0.0 ], [ 117.5888024, 1.2006626, 0.0 ], [ 117.5887538, 1.2006095, 0.0 ], [ 117.5886642, 1.2005045, 0.0 ], [ 117.5885418, 1.2003268, 0.0 ], [ 117.5884619, 1.2002374, 0.0 ], [ 117.5883621, 1.2001772, 0.0 ], [ 117.5881466, 1.2000794, 0.0 ], [ 117.5880564, 1.2000554, 0.0 ], [ 117.5879577, 1.2000385, 0.0 ], [ 117.5878538, 1.200027, 0.0 ], [ 117.5877537, 1.2000206, 0.0 ], [ 117.5875641, 1.2000123, 0.0 ], [ 117.5872874, 1.1999657, 0.0 ], [ 117.587206, 1.1999346, 0.0 ], [ 117.5871327, 1.1998984, 0.0 ], [ 117.5870672, 1.1998559, 0.0 ], [ 117.5870049, 1.1998105, 0.0 ], [ 117.5865597, 1.199444, 0.0 ], [ 117.5861805, 1.199103, 0.0 ], [ 117.5859891, 1.1989682, 0.0 ], [ 117.5859342, 1.1989662, 0.0 ], [ 117.5858773, 1.1989572, 0.0 ], [ 117.5857452, 1.1989252, 0.0 ], [ 117.5856639, 1.1989162, 0.0 ], [ 117.5855851, 1.1989143, 0.0 ], [ 117.5855078, 1.1989188, 0.0 ], [ 117.5854357, 1.1989349, 0.0 ], [ 117.5853678, 1.1989584, 0.0 ], [ 117.5852956, 1.198989, 0.0 ], [ 117.5852244, 1.1990317, 0.0 ], [ 117.5851505, 1.1990842, 0.0 ], [ 117.5850748, 1.1991451, 0.0 ], [ 117.5848234, 1.1993522, 0.0 ], [ 117.5845524, 1.1995462, 0.0 ], [ 117.5841994, 1.1998085, 0.0 ], [ 117.584058, 1.1999688, 0.0 ], [ 117.5840037, 1.2000584, 0.0 ], [ 117.5839672, 1.2001564, 0.0 ], [ 117.5839444, 1.200262, 0.0 ], [ 117.5839372, 1.2003751, 0.0 ], [ 117.5839371, 1.2004898, 0.0 ], [ 117.5839379, 1.2006034, 0.0 ], [ 117.5839129, 1.2009419, 0.0 ], [ 117.5838803, 1.2010535, 0.0 ], [ 117.5838373, 1.2011622, 0.0 ], [ 117.5837834, 1.2012651, 0.0 ], [ 117.5837224, 1.2013629, 0.0 ], [ 117.5836624, 1.2014624, 0.0 ], [ 117.5832744, 1.2023409, 0.0 ], [ 117.5830969, 1.2027754, 0.0 ], [ 117.5830395, 1.2029222, 0.0 ], [ 117.5828603, 1.2033325, 0.0 ], [ 117.5827414, 1.2035325, 0.0 ], [ 117.5826846, 1.2035982, 0.0 ], [ 117.5826255, 1.2036437, 0.0 ], [ 117.5825702, 1.2036813, 0.0 ], [ 117.5825143, 1.2036985, 0.0 ], [ 117.5824475, 1.2037213, 0.0 ], [ 117.5823648, 1.2037804, 0.0 ], [ 117.5821209, 1.2039407, 0.0 ], [ 117.5819364, 1.2040851, 0.0 ], [ 117.5818611, 1.2041792, 0.0 ], [ 117.5818292, 1.2042362, 0.0 ], [ 117.5817604, 1.2044074, 0.0 ], [ 117.5817484, 1.2044672, 0.0 ], [ 117.5817425, 1.204535, 0.0 ], [ 117.5817342, 1.2049815, 0.0 ], [ 117.5817328, 1.2051729, 0.0 ], [ 117.5816623, 1.205707, 0.0 ], [ 117.581585, 1.2059146, 0.0 ], [ 117.5813504, 1.2063037, 0.0 ], [ 117.5812818, 1.2063873, 0.0 ], [ 117.5812087, 1.2064618, 0.0 ], [ 117.5811252, 1.2065221, 0.0 ], [ 117.5810343, 1.2065703, 0.0 ], [ 117.5809334, 1.2066106, 0.0 ], [ 117.5808248, 1.206647, 0.0 ], [ 117.5807136, 1.2066854, 0.0 ], [ 117.5805563, 1.2067285, 0.0 ], [ 117.5798926, 1.2072022, 0.0 ], [ 117.5798428, 1.2072306, 0.0 ], [ 117.5797439, 1.2073064, 0.0 ], [ 117.5797229, 1.2073296, 0.0 ], [ 117.5795674, 1.2074607, 0.0 ], [ 117.5791349, 1.2077048, 0.0 ], [ 117.5790436, 1.2077292, 0.0 ], [ 117.5789452, 1.2077455, 0.0 ], [ 117.5788382, 1.2077476, 0.0 ], [ 117.5787292, 1.2077369, 0.0 ], [ 117.5786195, 1.2077136, 0.0 ], [ 117.5785095, 1.2076789, 0.0 ], [ 117.5783994, 1.2076357, 0.0 ], [ 117.5778762, 1.2074203, 0.0 ], [ 117.5776821, 1.2073628, 0.0 ], [ 117.5775877, 1.2073486, 0.0 ], [ 117.5775066, 1.2073464, 0.0 ], [ 117.5773965, 1.207354, 0.0 ], [ 117.5773535, 1.2073617, 0.0 ], [ 117.5773143, 1.2073735, 0.0 ], [ 117.5772809, 1.2073904, 0.0 ], [ 117.5772384, 1.2074142, 0.0 ], [ 117.5771867, 1.2074425, 0.0 ], [ 117.5765106, 1.2078138, 0.0 ], [ 117.5764144, 1.2078399, 0.0 ], [ 117.5763152, 1.207853, 0.0 ], [ 117.5762154, 1.207855, 0.0 ], [ 117.5761214, 1.2078501, 0.0 ], [ 117.5760304, 1.2078426, 0.0 ], [ 117.5758121, 1.2078201, 0.0 ], [ 117.5756564, 1.2077914, 0.0 ], [ 117.5753658, 1.2077324, 0.0 ], [ 117.5750001, 1.2076815, 0.0 ], [ 117.5742075, 1.2077472, 0.0 ], [ 117.5741006, 1.2077964, 0.0 ], [ 117.5740052, 1.2078634, 0.0 ], [ 117.5739167, 1.2079462, 0.0 ], [ 117.5737523, 1.2081528, 0.0 ], [ 117.5733942, 1.2086375, 0.0 ], [ 117.5731393, 1.2090045, 0.0 ], [ 117.5729928, 1.209239, 0.0 ], [ 117.5723278, 1.2103349, 0.0 ], [ 117.5722735, 1.2104264, 0.0 ], [ 117.5722441, 1.2104851, 0.0 ], [ 117.572122, 1.2106805, 0.0 ], [ 117.5719199, 1.2109817, 0.0 ], [ 117.5718694, 1.2110547, 0.0 ], [ 117.5716376, 1.2113365, 0.0 ], [ 117.5715608, 1.2113913, 0.0 ], [ 117.571474, 1.2114348, 0.0 ], [ 117.5713832, 1.2114613, 0.0 ], [ 117.5712919, 1.2114731, 0.0 ], [ 117.5712007, 1.2114738, 0.0 ], [ 117.5711001, 1.2114609, 0.0 ], [ 117.571002, 1.2114386, 0.0 ], [ 117.5709057, 1.2114087, 0.0 ], [ 117.5708059, 1.2113749, 0.0 ], [ 117.57051, 1.2112314, 0.0 ], [ 117.5704093, 1.211178, 0.0 ], [ 117.5702028, 1.2110647, 0.0 ], [ 117.5699166, 1.2108897, 0.0 ], [ 117.569568, 1.210681, 0.0 ], [ 117.5693221, 1.2105437, 0.0 ], [ 117.5690714, 1.2104481, 0.0 ], [ 117.5690101, 1.2104445, 0.0 ], [ 117.568734, 1.210395, 0.0 ], [ 117.5679582, 1.2102926, 0.0 ], [ 117.5672714, 1.2102415, 0.0 ], [ 117.5666466, 1.2102316, 0.0 ], [ 117.5661641, 1.2101153, 0.0 ], [ 117.5660519, 1.2100627, 0.0 ], [ 117.5657228, 1.2098805, 0.0 ], [ 117.5653739, 1.2097187, 0.0 ], [ 117.5648768, 1.2096214, 0.0 ], [ 117.5643705, 1.2096138, 0.0 ], [ 117.5640486, 1.2095976, 0.0 ], [ 117.5639737, 1.2095891, 0.0 ], [ 117.563859, 1.2095797, 0.0 ], [ 117.5637685, 1.2095821, 0.0 ], [ 117.5637421, 1.2095756, 0.0 ], [ 117.5637301, 1.2095753, 0.0 ], [ 117.5634727, 1.2096055, 0.0 ], [ 117.5633396, 1.209614, 0.0 ], [ 117.563257, 1.2096286, 0.0 ], [ 117.5631639, 1.2096556, 0.0 ], [ 117.5630618, 1.2096906, 0.0 ], [ 117.5629511, 1.2097292, 0.0 ], [ 117.5624724, 1.2098427, 0.0 ], [ 117.5623679, 1.2098446, 0.0 ], [ 117.562259, 1.2098408, 0.0 ], [ 117.5614323, 1.2097841, 0.0 ], [ 117.5613782, 1.2097768, 0.0 ], [ 117.5613181, 1.2097689, 0.0 ], [ 117.5610624, 1.2097114, 0.0 ], [ 117.5606571, 1.2096079, 0.0 ], [ 117.5606383, 1.2095994, 0.0 ], [ 117.5605562, 1.2095826, 0.0 ], [ 117.5605319, 1.2095729, 0.0 ], [ 117.5603593, 1.209529, 0.0 ], [ 117.5602611, 1.2095227, 0.0 ], [ 117.5601574, 1.2095231, 0.0 ], [ 117.5599174, 1.2095319, 0.0 ], [ 117.5592487, 1.209596, 0.0 ], [ 117.5591591, 1.2096111, 0.0 ], [ 117.558634, 1.2096852, 0.0 ], [ 117.5582107, 1.209724, 0.0 ], [ 117.5581083, 1.2097488, 0.0 ], [ 117.5579159, 1.2098435, 0.0 ], [ 117.5577559, 1.2100007, 0.0 ], [ 117.5575279, 1.2102363, 0.0 ], [ 117.5574383, 1.2102929, 0.0 ], [ 117.5573409, 1.2103378, 0.0 ], [ 117.557126, 1.2103826, 0.0 ], [ 117.5569547, 1.2103788, 0.0 ], [ 117.5569152, 1.2103675, 0.0 ], [ 117.556903, 1.2103541, 0.0 ], [ 117.5568148, 1.2102958, 0.0 ], [ 117.5567734, 1.2102758, 0.0 ], [ 117.55621, 1.2098818, 0.0 ], [ 117.555874, 1.209491, 0.0 ], [ 117.5557712, 1.2093866, 0.0 ], [ 117.5556039, 1.2091841, 0.0 ], [ 117.5554848, 1.2090008, 0.0 ], [ 117.5553712, 1.208613, 0.0 ], [ 117.555353, 1.2085529, 0.0 ], [ 117.555186, 1.2082554, 0.0 ], [ 117.5551499, 1.2082214, 0.0 ], [ 117.5551069, 1.2081909, 0.0 ], [ 117.5550569, 1.2081633, 0.0 ], [ 117.5550007, 1.2081386, 0.0 ], [ 117.5549418, 1.2081209, 0.0 ], [ 117.5548795, 1.2081112, 0.0 ], [ 117.5548142, 1.2081047, 0.0 ], [ 117.5538711, 1.2081186, 0.0 ], [ 117.5531076, 1.2082377, 0.0 ], [ 117.552969, 1.2083146, 0.0 ], [ 117.5528981, 1.2083756, 0.0 ], [ 117.5526997, 1.2086176, 0.0 ], [ 117.5526495, 1.2087106, 0.0 ], [ 117.5526102, 1.2088085, 0.0 ], [ 117.5525841, 1.2089123, 0.0 ], [ 117.5525705, 1.2090223, 0.0 ], [ 117.5525707, 1.2091359, 0.0 ], [ 117.5525794, 1.2092537, 0.0 ], [ 117.5525939, 1.2093707, 0.0 ], [ 117.552617, 1.2094878, 0.0 ], [ 117.5526479, 1.2096055, 0.0 ], [ 117.5526886, 1.2097174, 0.0 ], [ 117.5527399, 1.209823, 0.0 ], [ 117.5527956, 1.2099219, 0.0 ], [ 117.5530029, 1.2102917, 0.0 ], [ 117.5530013, 1.210276, 0.0 ], [ 117.5530067, 1.2102728, 0.0 ], [ 117.5530432, 1.2104699, 0.0 ], [ 117.5530426, 1.2106304, 0.0 ], [ 117.5530596, 1.2110033, 0.0 ], [ 117.5530739, 1.2110842, 0.0 ], [ 117.5530923, 1.2111683, 0.0 ], [ 117.553119, 1.2112513, 0.0 ], [ 117.5531536, 1.2113313, 0.0 ], [ 117.553195, 1.21141, 0.0 ], [ 117.5532445, 1.2114887, 0.0 ], [ 117.5533016, 1.2115697, 0.0 ], [ 117.5535375, 1.2118981, 0.0 ], [ 117.5535839, 1.2119882, 0.0 ], [ 117.5536502, 1.2121689, 0.0 ], [ 117.553668, 1.2122605, 0.0 ], [ 117.5536448, 1.2124411, 0.0 ], [ 117.5536157, 1.2125267, 0.0 ], [ 117.5535755, 1.2126081, 0.0 ], [ 117.5535214, 1.2126848, 0.0 ], [ 117.5534666, 1.2127479, 0.0 ], [ 117.5533972, 1.2127944, 0.0 ], [ 117.5533172, 1.2128303, 0.0 ], [ 117.5532222, 1.2128558, 0.0 ], [ 117.5531237, 1.2128716, 0.0 ], [ 117.5530167, 1.2128771, 0.0 ], [ 117.5529078, 1.2128836, 0.0 ], [ 117.5516162, 1.2129918, 0.0 ], [ 117.5513783, 1.2129919, 0.0 ], [ 117.5511051, 1.2129446, 0.0 ], [ 117.5508197, 1.2128757, 0.0 ], [ 117.5506974, 1.2128591, 0.0 ], [ 117.550428, 1.2129004, 0.0 ], [ 117.550061, 1.2130216, 0.0 ], [ 117.5498408, 1.213276, 0.0 ], [ 117.5497989, 1.2134308, 0.0 ], [ 117.549748, 1.2137272, 0.0 ], [ 117.5496553, 1.2140409, 0.0 ], [ 117.5495864, 1.2142125, 0.0 ], [ 117.5495531, 1.214285, 0.0 ], [ 117.5493967, 1.2146696, 0.0 ], [ 117.5493605, 1.2147789, 0.0 ], [ 117.5491591, 1.2150418, 0.0 ], [ 117.5489921, 1.2152536, 0.0 ], [ 117.5488377, 1.2154677, 0.0 ], [ 117.5487331, 1.2155671, 0.0 ], [ 117.5484662, 1.2158222, 0.0 ], [ 117.5482566, 1.2159991, 0.0 ], [ 117.5481876, 1.2160717, 0.0 ], [ 117.5479713, 1.2163266, 0.0 ], [ 117.547932, 1.2163998, 0.0 ], [ 117.5479041, 1.2164806, 0.0 ], [ 117.5478869, 1.2165659, 0.0 ], [ 117.547879, 1.2166571, 0.0 ], [ 117.5478869, 1.2167547, 0.0 ], [ 117.5479022, 1.2168533, 0.0 ], [ 117.5480374, 1.2173409, 0.0 ], [ 117.5482055, 1.2181017, 0.0 ], [ 117.5482101, 1.2182105, 0.0 ], [ 117.5481992, 1.2183188, 0.0 ], [ 117.548176, 1.2184264, 0.0 ], [ 117.5481301, 1.2185421, 0.0 ], [ 117.5480817, 1.2186454, 0.0 ], [ 117.5480283, 1.218741, 0.0 ], [ 117.5475968, 1.2193874, 0.0 ], [ 117.5474801, 1.2195214, 0.0 ], [ 117.5474634, 1.2195375, 0.0 ], [ 117.5472448, 1.2197727, 0.0 ], [ 117.5471504, 1.219869, 0.0 ], [ 117.5469508, 1.2201085, 0.0 ], [ 117.5468182, 1.2202443, 0.0 ], [ 117.546769, 1.2202811, 0.0 ], [ 117.5466729, 1.2203431, 0.0 ], [ 117.5463702, 1.2203945, 0.0 ], [ 117.5462061, 1.2203594, 0.0 ], [ 117.5461439, 1.2203323, 0.0 ], [ 117.5460847, 1.2202959, 0.0 ], [ 117.5459791, 1.2202044, 0.0 ], [ 117.5459381, 1.2201361, 0.0 ], [ 117.5459092, 1.2200655, 0.0 ], [ 117.5458884, 1.2199926, 0.0 ], [ 117.5458771, 1.2199172, 0.0 ], [ 117.5458698, 1.2198398, 0.0 ], [ 117.5458295, 1.2192687, 0.0 ], [ 117.5457915, 1.2191901, 0.0 ], [ 117.5455121, 1.2189656, 0.0 ], [ 117.5453877, 1.2188783, 0.0 ], [ 117.5451066, 1.2186846, 0.0 ], [ 117.5450368, 1.2186574, 0.0 ], [ 117.5449606, 1.2186451, 0.0 ], [ 117.5448777, 1.2186458, 0.0 ], [ 117.5447923, 1.2186597, 0.0 ], [ 117.5447025, 1.2186907, 0.0 ], [ 117.544615, 1.2187342, 0.0 ], [ 117.544525, 1.2187855, 0.0 ], [ 117.5435853, 1.2194809, 0.0 ], [ 117.5435102, 1.2195755, 0.0 ], [ 117.5434511, 1.2196685, 0.0 ], [ 117.5434027, 1.2197544, 0.0 ], [ 117.543318, 1.2199054, 0.0 ], [ 117.5432896, 1.2199732, 0.0 ], [ 117.5432114, 1.220216, 0.0 ], [ 117.5431771, 1.2203858, 0.0 ], [ 117.5431387, 1.2205387, 0.0 ], [ 117.5431124, 1.2205941, 0.0 ], [ 117.5430495, 1.2206894, 0.0 ], [ 117.5430048, 1.2207536, 0.0 ], [ 117.5428042, 1.2209504, 0.0 ], [ 117.5420843, 1.2213371, 0.0 ], [ 117.5407285, 1.2216656, 0.0 ], [ 117.539519, 1.2216984, 0.0 ], [ 117.539061, 1.2216953, 0.0 ], [ 117.5389481, 1.2217128, 0.0 ], [ 117.5388329, 1.2217398, 0.0 ], [ 117.5387261, 1.2217771, 0.0 ], [ 117.5386261, 1.2218211, 0.0 ], [ 117.5385397, 1.2218739, 0.0 ], [ 117.5384783, 1.221943, 0.0 ], [ 117.5384045, 1.2220884, 0.0 ], [ 117.5383831, 1.2221594, 0.0 ], [ 117.5383813, 1.2222272, 0.0 ], [ 117.5384154, 1.2223634, 0.0 ], [ 117.5384671, 1.2224313, 0.0 ], [ 117.538518, 1.222499, 0.0 ], [ 117.5385781, 1.2225691, 0.0 ], [ 117.5386563, 1.2226363, 0.0 ], [ 117.5387203, 1.2227003, 0.0 ], [ 117.5389813, 1.2229114, 0.0 ], [ 117.5390907, 1.22299, 0.0 ], [ 117.5391554, 1.2230439, 0.0 ], [ 117.5392389, 1.2231106, 0.0 ], [ 117.5394411, 1.2232964, 0.0 ], [ 117.5397096, 1.2235945, 0.0 ], [ 117.539913, 1.2238316, 0.0 ], [ 117.5399386, 1.2238643, 0.0 ], [ 117.5399591, 1.2238999, 0.0 ], [ 117.5401333, 1.2241552, 0.0 ], [ 117.540256, 1.2243709, 0.0 ], [ 117.5403738, 1.2246199, 0.0 ], [ 117.5405229, 1.2248991, 0.0 ], [ 117.5406672, 1.2251788, 0.0 ], [ 117.5408979, 1.2254713, 0.0 ], [ 117.5409777, 1.2255325, 0.0 ], [ 117.5410673, 1.2255892, 0.0 ], [ 117.5420122, 1.2263104, 0.0 ], [ 117.5423329, 1.2265778, 0.0 ], [ 117.5424743, 1.2266756, 0.0 ], [ 117.542627, 1.2267711, 0.0 ], [ 117.5426862, 1.2268141, 0.0 ], [ 117.5427164, 1.2268387, 0.0 ], [ 117.5428159, 1.2268971, 0.0 ], [ 117.5429277, 1.2269724, 0.0 ], [ 117.5430329, 1.2270423, 0.0 ], [ 117.5430521, 1.2270567, 0.0 ], [ 117.5432642, 1.2272244, 0.0 ], [ 117.5435832, 1.227446, 0.0 ], [ 117.5437186, 1.2275181, 0.0 ], [ 117.5439677, 1.2276663, 0.0 ], [ 117.5440668, 1.2277263, 0.0 ], [ 117.544464, 1.2279456, 0.0 ], [ 117.5446007, 1.2280361, 0.0 ], [ 117.5449493, 1.2282468, 0.0 ], [ 117.5450254, 1.2282861, 0.0 ], [ 117.5451547, 1.2283413, 0.0 ], [ 117.5454451, 1.2284303, 0.0 ], [ 117.5457843, 1.2284397, 0.0 ], [ 117.5458707, 1.2284254, 0.0 ], [ 117.5459531, 1.2284064, 0.0 ], [ 117.5460353, 1.2283807, 0.0 ], [ 117.5467892, 1.2282313, 0.0 ], [ 117.5470387, 1.22824, 0.0 ], [ 117.5471808, 1.228254, 0.0 ], [ 117.5472404, 1.2282621, 0.0 ], [ 117.5474342, 1.2282785, 0.0 ], [ 117.5474837, 1.2282921, 0.0 ], [ 117.5475702, 1.2283102, 0.0 ], [ 117.5479732, 1.2284653, 0.0 ], [ 117.5482225, 1.2286154, 0.0 ], [ 117.5482703, 1.2286569, 0.0 ], [ 117.5483902, 1.2288101, 0.0 ], [ 117.5485371, 1.2290846, 0.0 ], [ 117.5486055, 1.2291916, 0.0 ], [ 117.5487188, 1.2293763, 0.0 ], [ 117.5487944, 1.2295074, 0.0 ], [ 117.548993, 1.2297497, 0.0 ], [ 117.5490818, 1.229815, 0.0 ], [ 117.5496285, 1.2301918, 0.0 ], [ 117.5497253, 1.2302548, 0.0 ], [ 117.549873, 1.2304532, 0.0 ], [ 117.5499035, 1.2305211, 0.0 ], [ 117.5501449, 1.2313178, 0.0 ], [ 117.5502471, 1.2320488, 0.0 ], [ 117.5502837, 1.2321492, 0.0 ], [ 117.550328, 1.232242, 0.0 ], [ 117.550379, 1.2323284, 0.0 ], [ 117.5505117, 1.2324833, 0.0 ], [ 117.5505966, 1.2325616, 0.0 ], [ 117.5515653, 1.233346, 0.0 ], [ 117.5522832, 1.2337156, 0.0 ], [ 117.5523599, 1.23371, 0.0 ], [ 117.5524067, 1.2337292, 0.0 ], [ 117.552449, 1.233755, 0.0 ], [ 117.5528541, 1.2340553, 0.0 ], [ 117.5529683, 1.2341947, 0.0 ], [ 117.5530086, 1.2342765, 0.0 ], [ 117.5530354, 1.2343646, 0.0 ], [ 117.5530368, 1.2344576, 0.0 ], [ 117.5530227, 1.2345507, 0.0 ], [ 117.5529862, 1.2346513, 0.0 ], [ 117.552938, 1.2347579, 0.0 ], [ 117.5528825, 1.2348701, 0.0 ], [ 117.5528166, 1.2349888, 0.0 ], [ 117.5527505, 1.2351086, 0.0 ], [ 117.552583, 1.2354322, 0.0 ], [ 117.5525517, 1.2355381, 0.0 ], [ 117.5525325, 1.2356432, 0.0 ], [ 117.552503, 1.2367448, 0.0 ], [ 117.5523138, 1.2376881, 0.0 ], [ 117.5522802, 1.2378956, 0.0 ], [ 117.5522848, 1.2381829, 0.0 ], [ 117.5523226, 1.2382521, 0.0 ], [ 117.5523616, 1.2383106, 0.0 ], [ 117.5524293, 1.2383394, 0.0 ], [ 117.5525011, 1.2383834, 0.0 ], [ 117.5525748, 1.2384236, 0.0 ], [ 117.5526551, 1.2384599, 0.0 ], [ 117.5527347, 1.238487, 0.0 ], [ 117.5528072, 1.2384903, 0.0 ], [ 117.5528617, 1.2385051, 0.0 ], [ 117.5530224, 1.2385574, 0.0 ], [ 117.553083, 1.2385624, 0.0 ], [ 117.5534673, 1.2387376, 0.0 ], [ 117.5536955, 1.2389071, 0.0 ], [ 117.5537583, 1.2389721, 0.0 ], [ 117.5538734, 1.2391175, 0.0 ], [ 117.5539135, 1.2391972, 0.0 ], [ 117.5539357, 1.239282, 0.0 ], [ 117.5539508, 1.239372, 0.0 ], [ 117.553952, 1.2394653, 0.0 ], [ 117.5539361, 1.2395669, 0.0 ], [ 117.5539092, 1.2396701, 0.0 ], [ 117.5538672, 1.2397703, 0.0 ], [ 117.5538221, 1.2398629, 0.0 ], [ 117.5537753, 1.2399473, 0.0 ], [ 117.5537259, 1.2400229, 0.0 ], [ 117.553671, 1.2400866, 0.0 ], [ 117.5535417, 1.2402465, 0.0 ], [ 117.5534649, 1.2403368, 0.0 ], [ 117.5534219, 1.2403962, 0.0 ], [ 117.5533573, 1.2404913, 0.0 ], [ 117.5533053, 1.2405836, 0.0 ], [ 117.5532189, 1.2407171, 0.0 ], [ 117.5530648, 1.2409832, 0.0 ], [ 117.5530442, 1.2410148, 0.0 ], [ 117.5527225, 1.241389, 0.0 ], [ 117.5526469, 1.241563, 0.0 ], [ 117.5525225, 1.2420989, 0.0 ], [ 117.5524503, 1.2424422, 0.0 ], [ 117.5524117, 1.2425708, 0.0 ], [ 117.5523645, 1.2427997, 0.0 ], [ 117.5523765, 1.2430121, 0.0 ], [ 117.5523756, 1.2430518, 0.0 ], [ 117.5523763, 1.2430794, 0.0 ], [ 117.5523366, 1.2431999, 0.0 ], [ 117.5523305, 1.2435564, 0.0 ], [ 117.5523042, 1.2438373, 0.0 ], [ 117.5522955, 1.2441227, 0.0 ], [ 117.5522966, 1.2442823, 0.0 ], [ 117.5523117, 1.2445448, 0.0 ], [ 117.5523432, 1.2447306, 0.0 ], [ 117.5525926, 1.2454625, 0.0 ], [ 117.5526088, 1.2454836, 0.0 ], [ 117.5528261, 1.2457673, 0.0 ], [ 117.5531714, 1.246037, 0.0 ], [ 117.5532305, 1.2460629, 0.0 ], [ 117.5532931, 1.2460831, 0.0 ], [ 117.5533591, 1.2460972, 0.0 ], [ 117.5534282, 1.2461085, 0.0 ], [ 117.5540105, 1.2460962, 0.0 ], [ 117.5549689, 1.2461587, 0.0 ], [ 117.5553255, 1.2462274, 0.0 ], [ 117.5556642, 1.2463116, 0.0 ], [ 117.5559038, 1.2464331, 0.0 ], [ 117.5562129, 1.2465416, 0.0 ], [ 117.5562401, 1.2465535, 0.0 ], [ 117.5563761, 1.246613, 0.0 ], [ 117.5565948, 1.2466966, 0.0 ], [ 117.5573561, 1.2470597, 0.0 ], [ 117.5575341, 1.2471812, 0.0 ], [ 117.5578032, 1.2473793, 0.0 ], [ 117.5579684, 1.2475222, 0.0 ], [ 117.5580443, 1.2476039, 0.0 ], [ 117.5581149, 1.2476907, 0.0 ], [ 117.5581795, 1.2477835, 0.0 ], [ 117.5582384, 1.2478811, 0.0 ], [ 117.5582921, 1.2479797, 0.0 ], [ 117.5583383, 1.2480789, 0.0 ], [ 117.5583754, 1.248178, 0.0 ], [ 117.5584048, 1.2482711, 0.0 ], [ 117.5585072, 1.24868, 0.0 ], [ 117.5585484, 1.2490674, 0.0 ], [ 117.5585647, 1.2492399, 0.0 ], [ 117.5588705, 1.2504158, 0.0 ], [ 117.5589996, 1.2514297, 0.0 ], [ 117.5591253, 1.2518951, 0.0 ], [ 117.5591738, 1.2519905, 0.0 ], [ 117.5593955, 1.252335, 0.0 ], [ 117.5594507, 1.2524064, 0.0 ], [ 117.5595406, 1.2525895, 0.0 ], [ 117.5595642, 1.2527159, 0.0 ], [ 117.5595744, 1.2528279, 0.0 ], [ 117.5596073, 1.2529923, 0.0 ], [ 117.5596727, 1.2533397, 0.0 ], [ 117.559712, 1.2536356, 0.0 ], [ 117.5597251, 1.2537291, 0.0 ], [ 117.5597727, 1.2539869, 0.0 ], [ 117.5598182, 1.2541574, 0.0 ], [ 117.559841, 1.2542172, 0.0 ], [ 117.5598891, 1.2543178, 0.0 ], [ 117.5599209, 1.2543697, 0.0 ], [ 117.5602083, 1.2547249, 0.0 ], [ 117.5605113, 1.2549911, 0.0 ], [ 117.5606679, 1.2551001, 0.0 ], [ 117.560755, 1.2551501, 0.0 ], [ 117.5608487, 1.2551977, 0.0 ], [ 117.560947, 1.2552416, 0.0 ], [ 117.5611562, 1.25531, 0.0 ], [ 117.5616209, 1.2554134, 0.0 ], [ 117.5621182, 1.2555171, 0.0 ], [ 117.562908, 1.2557655, 0.0 ], [ 117.5630908, 1.2558941, 0.0 ], [ 117.5636783, 1.2564662, 0.0 ], [ 117.563762, 1.2565652, 0.0 ], [ 117.563817, 1.2566277, 0.0 ], [ 117.5638787, 1.2566878, 0.0 ], [ 117.5639793, 1.2568616, 0.0 ], [ 117.5640434, 1.2571676, 0.0 ], [ 117.5640782, 1.2574001, 0.0 ], [ 117.5640964, 1.2575963, 0.0 ], [ 117.5641098, 1.2578949, 0.0 ], [ 117.5641105, 1.2580107, 0.0 ], [ 117.5641304, 1.2581647, 0.0 ], [ 117.5642166, 1.2583863, 0.0 ], [ 117.5643447, 1.2587277, 0.0 ], [ 117.5643494, 1.258808, 0.0 ], [ 117.5643474, 1.2588914, 0.0 ], [ 117.5643302, 1.2589809, 0.0 ], [ 117.5643018, 1.2590733, 0.0 ], [ 117.564255, 1.2591717, 0.0 ], [ 117.5641979, 1.2592696, 0.0 ], [ 117.5641355, 1.2593656, 0.0 ], [ 117.5640705, 1.2594643, 0.0 ], [ 117.5637566, 1.2600268, 0.0 ], [ 117.5637276, 1.2601252, 0.0 ], [ 117.5637089, 1.2602244, 0.0 ], [ 117.5637001, 1.2603301, 0.0 ], [ 117.5636991, 1.2604455, 0.0 ], [ 117.5637103, 1.2605689, 0.0 ], [ 117.5637287, 1.2606958, 0.0 ], [ 117.5637473, 1.260823, 0.0 ], [ 117.5638148, 1.2615037, 0.0 ], [ 117.5638048, 1.2616217, 0.0 ], [ 117.5637201, 1.2621263, 0.0 ], [ 117.5636346, 1.2625972, 0.0 ], [ 117.5635756, 1.2630692, 0.0 ], [ 117.5634538, 1.2638239, 0.0 ], [ 117.5633055, 1.2642051, 0.0 ], [ 117.5630799, 1.2646796, 0.0 ], [ 117.562351, 1.2658477, 0.0 ], [ 117.562087, 1.2661115, 0.0 ], [ 117.5618307, 1.2663556, 0.0 ], [ 117.5617561, 1.2664431, 0.0 ], [ 117.5615042, 1.2668356, 0.0 ], [ 117.5614615, 1.2669425, 0.0 ], [ 117.5614303, 1.2670499, 0.0 ], [ 117.5614085, 1.2671475, 0.0 ], [ 117.5614005, 1.2672326, 0.0 ], [ 117.5613995, 1.2672946, 0.0 ], [ 117.5613997, 1.2673405, 0.0 ], [ 117.5614059, 1.2674141, 0.0 ], [ 117.5614378, 1.2675543, 0.0 ], [ 117.5614783, 1.2676683, 0.0 ], [ 117.5615005, 1.2677164, 0.0 ], [ 117.5615198, 1.2677539, 0.0 ], [ 117.5615345, 1.2677831, 0.0 ], [ 117.5615476, 1.267807, 0.0 ], [ 117.5615563, 1.2678357, 0.0 ], [ 117.5616089, 1.2679792, 0.0 ], [ 117.5617784, 1.268175, 0.0 ], [ 117.5619519, 1.2683404, 0.0 ], [ 117.5622296, 1.2686385, 0.0 ], [ 117.5624252, 1.2688972, 0.0 ], [ 117.5624585, 1.2689604, 0.0 ], [ 117.5624889, 1.2690239, 0.0 ], [ 117.5625595, 1.2692226, 0.0 ], [ 117.5626595, 1.2696606, 0.0 ], [ 117.5630639, 1.2705565, 0.0 ], [ 117.5631438, 1.2706372, 0.0 ], [ 117.5636552, 1.2714236, 0.0 ], [ 117.5636801, 1.2715407, 0.0 ], [ 117.5636904, 1.2716592, 0.0 ], [ 117.5638073, 1.2724915, 0.0 ], [ 117.5638975, 1.2727252, 0.0 ], [ 117.563954, 1.2728315, 0.0 ], [ 117.5640182, 1.272926, 0.0 ], [ 117.5640961, 1.2730151, 0.0 ], [ 117.5641798, 1.2730973, 0.0 ], [ 117.5643851, 1.2732465, 0.0 ], [ 117.5649264, 1.2735713, 0.0 ], [ 117.5662375, 1.2741375, 0.0 ], [ 117.5678805, 1.2745504, 0.0 ], [ 117.5697759, 1.2750992, 0.0 ], [ 117.5700806, 1.2751907, 0.0 ], [ 117.5704213, 1.2752779, 0.0 ], [ 117.5705856, 1.275338, 0.0 ], [ 117.570851, 1.2754652, 0.0 ], [ 117.5712015, 1.2755397, 0.0 ], [ 117.5714488, 1.2756444, 0.0 ], [ 117.5716097, 1.2757062, 0.0 ], [ 117.5718518, 1.2758184, 0.0 ], [ 117.572797, 1.2762065, 0.0 ], [ 117.5731804, 1.2763252, 0.0 ], [ 117.5732952, 1.2763909, 0.0 ], [ 117.5733909, 1.2764565, 0.0 ], [ 117.5738489, 1.2767522, 0.0 ], [ 117.5743294, 1.277079, 0.0 ], [ 117.5745731, 1.2772249, 0.0 ], [ 117.5748393, 1.2773316, 0.0 ], [ 117.5751184, 1.277431, 0.0 ], [ 117.5757123, 1.277623, 0.0 ], [ 117.5765993, 1.2779343, 0.0 ], [ 117.5771507, 1.2781345, 0.0 ], [ 117.5781099, 1.2785437, 0.0 ], [ 117.5782339, 1.278625, 0.0 ], [ 117.5792642, 1.2794706, 0.0 ], [ 117.5796134, 1.279817, 0.0 ], [ 117.5805258, 1.2807821, 0.0 ], [ 117.5806249, 1.2808944, 0.0 ], [ 117.5811732, 1.2813781, 0.0 ], [ 117.5812706, 1.2814175, 0.0 ], [ 117.5813781, 1.2814467, 0.0 ], [ 117.5814881, 1.2814674, 0.0 ], [ 117.5816093, 1.2814953, 0.0 ], [ 117.582119, 1.2816054, 0.0 ], [ 117.582117, 1.2816082, 0.0 ], [ 117.5822559, 1.2816136, 0.0 ], [ 117.5825418, 1.2817465, 0.0 ], [ 117.5833509, 1.2822075, 0.0 ], [ 117.5837017, 1.2824074, 0.0 ], [ 117.5839679, 1.2825224, 0.0 ], [ 117.5848668, 1.2829475, 0.0 ], [ 117.5857402, 1.2837144, 0.0 ], [ 117.5872276, 1.2849776, 0.0 ], [ 117.587345, 1.2850458, 0.0 ], [ 117.5881787, 1.2854756, 0.0 ], [ 117.5882863, 1.2855482, 0.0 ], [ 117.5883928, 1.2856321, 0.0 ], [ 117.5884938, 1.2857259, 0.0 ], [ 117.5885886, 1.2858256, 0.0 ], [ 117.589243, 1.286741, 0.0 ], [ 117.5893769, 1.2869401, 0.0 ], [ 117.5894255, 1.2870028, 0.0 ], [ 117.5895297, 1.287142, 0.0 ], [ 117.5897743, 1.2874131, 0.0 ], [ 117.5899146, 1.2875824, 0.0 ], [ 117.5902459, 1.2879253, 0.0 ], [ 117.5902973, 1.2879669, 0.0 ], [ 117.5909356, 1.2885204, 0.0 ], [ 117.5916042, 1.2891086, 0.0 ], [ 117.5923955, 1.289674, 0.0 ], [ 117.5932672, 1.2899637, 0.0 ], [ 117.5947333, 1.2904516, 0.0 ], [ 117.5951615, 1.2907577, 0.0 ], [ 117.5953754, 1.2909159, 0.0 ], [ 117.5954253, 1.2909438, 0.0 ], [ 117.5955367, 1.2909804, 0.0 ], [ 117.5957552, 1.2910658, 0.0 ], [ 117.5958336, 1.2910842, 0.0 ], [ 117.5959219, 1.2910995, 0.0 ], [ 117.5960192, 1.2911081, 0.0 ], [ 117.5961261, 1.2911098, 0.0 ], [ 117.5962513, 1.2910899, 0.0 ], [ 117.5963742, 1.2910553, 0.0 ], [ 117.5965065, 1.2910008, 0.0 ], [ 117.5966339, 1.2909386, 0.0 ], [ 117.5972388, 1.29063, 0.0 ], [ 117.5973622, 1.2905949, 0.0 ], [ 117.5974863, 1.2905762, 0.0 ], [ 117.5976076, 1.2905683, 0.0 ], [ 117.5977182, 1.2905749, 0.0 ], [ 117.597813, 1.2905889, 0.0 ], [ 117.5978958, 1.2906024, 0.0 ], [ 117.5980512, 1.2906305, 0.0 ], [ 117.5983067, 1.2906801, 0.0 ], [ 117.5984035, 1.2906977, 0.0 ], [ 117.5991795, 1.2908752, 0.0 ], [ 117.599446, 1.290957, 0.0 ], [ 117.5997224, 1.2910496, 0.0 ], [ 117.600122, 1.2912085, 0.0 ], [ 117.6008367, 1.2915339, 0.0 ], [ 117.6010938, 1.2916209, 0.0 ], [ 117.6012298, 1.2916434, 0.0 ], [ 117.6013744, 1.2916566, 0.0 ], [ 117.6016695, 1.2916328, 0.0 ], [ 117.6018133, 1.2916032, 0.0 ], [ 117.6031342, 1.291211, 0.0 ], [ 117.6034685, 1.2911453, 0.0 ], [ 117.6046448, 1.2910268, 0.0 ], [ 117.604952, 1.2909403, 0.0 ], [ 117.6052555, 1.2908258, 0.0 ], [ 117.6058252, 1.2905841, 0.0 ], [ 117.6061371, 1.2903756, 0.0 ], [ 117.6063015, 1.2901899, 0.0 ], [ 117.6063972, 1.2899584, 0.0 ], [ 117.6064336, 1.2898319, 0.0 ], [ 117.6070394, 1.2884052, 0.0 ], [ 117.6075157, 1.2877481, 0.0 ], [ 117.6076, 1.2876321, 0.0 ], [ 117.6078788, 1.2871474, 0.0 ], [ 117.6079331, 1.2870171, 0.0 ], [ 117.6081346, 1.2865283, 0.0 ], [ 117.6081928, 1.286429, 0.0 ], [ 117.6082628, 1.2863403, 0.0 ], [ 117.6083405, 1.2862653, 0.0 ], [ 117.6084236, 1.2861936, 0.0 ], [ 117.6085138, 1.2861317, 0.0 ], [ 117.6086072, 1.286077, 0.0 ], [ 117.6089271, 1.285917, 0.0 ], [ 117.6090497, 1.2858749, 0.0 ], [ 117.6104257, 1.2856592, 0.0 ], [ 117.6112619, 1.285701, 0.0 ], [ 117.6126549, 1.286177, 0.0 ], [ 117.6126958, 1.2861999, 0.0 ], [ 117.6127096, 1.2862069, 0.0 ], [ 117.6127331, 1.2862158, 0.0 ], [ 117.6130718, 1.2864076, 0.0 ], [ 117.6133666, 1.2865904, 0.0 ], [ 117.6135027, 1.2866813, 0.0 ], [ 117.6136492, 1.2867806, 0.0 ], [ 117.6139546, 1.2869893, 0.0 ], [ 117.6143015, 1.287239, 0.0 ], [ 117.6148127, 1.2877964, 0.0 ], [ 117.614875, 1.2878453, 0.0 ], [ 117.6149417, 1.2878937, 0.0 ], [ 117.6157868, 1.2882819, 0.0 ], [ 117.6160694, 1.2883522, 0.0 ], [ 117.6163387, 1.2884117, 0.0 ], [ 117.6169179, 1.2885496, 0.0 ], [ 117.6170165, 1.2885862, 0.0 ], [ 117.6171925, 1.2886693, 0.0 ], [ 117.61727, 1.2887213, 0.0 ], [ 117.617344, 1.2887795, 0.0 ], [ 117.61741, 1.2888421, 0.0 ], [ 117.6174699, 1.2889075, 0.0 ], [ 117.617526, 1.2889764, 0.0 ], [ 117.6179239, 1.2895854, 0.0 ], [ 117.6180606, 1.2897537, 0.0 ], [ 117.6181373, 1.2898289, 0.0 ], [ 117.6182225, 1.2898995, 0.0 ], [ 117.6183137, 1.2899642, 0.0 ], [ 117.6185168, 1.2900716, 0.0 ], [ 117.6193917, 1.2902716, 0.0 ], [ 117.6198969, 1.2904117, 0.0 ], [ 117.6200046, 1.2904466, 0.0 ], [ 117.6207129, 1.2906134, 0.0 ], [ 117.620832, 1.2906179, 0.0 ], [ 117.6209458, 1.2906164, 0.0 ], [ 117.6222265, 1.2905518, 0.0 ], [ 117.6226623, 1.2905574, 0.0 ], [ 117.62296, 1.2905543, 0.0 ], [ 117.6232512, 1.29055, 0.0 ], [ 117.6235403, 1.2905434, 0.0 ], [ 117.6236871, 1.2905391, 0.0 ], [ 117.6242985, 1.2905193, 0.0 ], [ 117.6244571, 1.2905148, 0.0 ], [ 117.6249311, 1.290503, 0.0 ], [ 117.6252264, 1.2904941, 0.0 ], [ 117.6264535, 1.2904166, 0.0 ], [ 117.6271436, 1.290285, 0.0 ], [ 117.6274064, 1.290221, 0.0 ], [ 117.6278051, 1.2900896, 0.0 ], [ 117.6285338, 1.2898109, 0.0 ], [ 117.6289689, 1.2896685, 0.0 ], [ 117.6297134, 1.289467, 0.0 ], [ 117.6302153, 1.2894904, 0.0 ], [ 117.6306269, 1.2895637, 0.0 ], [ 117.630735, 1.2896036, 0.0 ], [ 117.6314026, 1.2898793, 0.0 ], [ 117.6327814, 1.2903663, 0.0 ], [ 117.6340221, 1.2905522, 0.0 ], [ 117.6344361, 1.2904885, 0.0 ], [ 117.635038, 1.2902553, 0.0 ], [ 117.6352866, 1.2901594, 0.0 ], [ 117.6355197, 1.2900883, 0.0 ], [ 117.6359833, 1.2900088, 0.0 ], [ 117.6363275, 1.2899575, 0.0 ], [ 117.6370997, 1.2898342, 0.0 ], [ 117.6381824, 1.2896521, 0.0 ], [ 117.6382759, 1.2896688, 0.0 ], [ 117.6383706, 1.2896982, 0.0 ], [ 117.6384665, 1.2897414, 0.0 ], [ 117.6385645, 1.2897986, 0.0 ], [ 117.6386674, 1.2898673, 0.0 ], [ 117.6392537, 1.2902624, 0.0 ], [ 117.639716, 1.2905192, 0.0 ], [ 117.6399529, 1.29065, 0.0 ], [ 117.6407531, 1.29109, 0.0 ], [ 117.641065, 1.2912702, 0.0 ], [ 117.6413602, 1.2914806, 0.0 ], [ 117.6416145, 1.2917172, 0.0 ], [ 117.6416851, 1.2918104, 0.0 ], [ 117.6423191, 1.2929366, 0.0 ], [ 117.6426584, 1.2935808, 0.0 ], [ 117.6428733, 1.2945623, 0.0 ], [ 117.6430483, 1.2951877, 0.0 ], [ 117.6431428, 1.295433, 0.0 ], [ 117.643368, 1.2959417, 0.0 ], [ 117.6436032, 1.296329, 0.0 ], [ 117.643915, 1.2967112, 0.0 ], [ 117.6440098, 1.2967696, 0.0 ], [ 117.644208, 1.2968115, 0.0 ], [ 117.644301, 1.296769, 0.0 ], [ 117.6443839, 1.2967075, 0.0 ], [ 117.6444563, 1.2966332, 0.0 ], [ 117.6449022, 1.2962181, 0.0 ], [ 117.6450852, 1.2961477, 0.0 ], [ 117.6451824, 1.2961301, 0.0 ], [ 117.6452816, 1.2961508, 0.0 ], [ 117.6453806, 1.2961907, 0.0 ], [ 117.6454674, 1.2962367, 0.0 ], [ 117.6455508, 1.296311, 0.0 ], [ 117.6456294, 1.2964033, 0.0 ], [ 117.6457032, 1.2965056, 0.0 ], [ 117.6457749, 1.2966183, 0.0 ], [ 117.6459035, 1.2968652, 0.0 ], [ 117.6459592, 1.2969946, 0.0 ], [ 117.6460083, 1.2971288, 0.0 ], [ 117.6460449, 1.2972656, 0.0 ], [ 117.6460728, 1.2974004, 0.0 ], [ 117.6461751, 1.2981489, 0.0 ], [ 117.6462, 1.2984204, 0.0 ], [ 117.6463486, 1.2994277, 0.0 ], [ 117.6465549, 1.3000813, 0.0 ], [ 117.6467352, 1.3005087, 0.0 ], [ 117.647029, 1.3010751, 0.0 ], [ 117.6471569, 1.3013089, 0.0 ], [ 117.6472052, 1.301418, 0.0 ], [ 117.6472408, 1.3015297, 0.0 ], [ 117.6472646, 1.3016473, 0.0 ], [ 117.6472742, 1.3017651, 0.0 ], [ 117.6472681, 1.3018826, 0.0 ], [ 117.6472528, 1.3020016, 0.0 ], [ 117.6471412, 1.3025954, 0.0 ], [ 117.6469608, 1.3030484, 0.0 ], [ 117.6467108, 1.303507, 0.0 ], [ 117.6463558, 1.3044599, 0.0 ], [ 117.6462302, 1.305228, 0.0 ], [ 117.646225, 1.3057015, 0.0 ], [ 117.6464049, 1.3071744, 0.0 ], [ 117.6465024, 1.3084061, 0.0 ], [ 117.6464813, 1.3090389, 0.0 ], [ 117.6464837, 1.3092447, 0.0 ], [ 117.6464523, 1.309741, 0.0 ], [ 117.6464251, 1.3098522, 0.0 ], [ 117.6463869, 1.309958, 0.0 ], [ 117.6463378, 1.3100549, 0.0 ], [ 117.6462736, 1.3101415, 0.0 ], [ 117.6461911, 1.3102096, 0.0 ], [ 117.6460947, 1.3102652, 0.0 ], [ 117.6459935, 1.3103085, 0.0 ], [ 117.6457642, 1.3103568, 0.0 ], [ 117.6454458, 1.3104596, 0.0 ], [ 117.6452591, 1.3106039, 0.0 ], [ 117.645176, 1.3106986, 0.0 ], [ 117.6451029, 1.3108059, 0.0 ], [ 117.6450415, 1.3109214, 0.0 ], [ 117.645003, 1.3110431, 0.0 ], [ 117.6449915, 1.3111651, 0.0 ], [ 117.6450045, 1.3112841, 0.0 ], [ 117.64505, 1.3113903, 0.0 ], [ 117.6451215, 1.3114834, 0.0 ], [ 117.6452098, 1.3115648, 0.0 ], [ 117.6453101, 1.3116428, 0.0 ], [ 117.6454146, 1.3117211, 0.0 ], [ 117.645735, 1.3120151, 0.0 ], [ 117.6462674, 1.3127001, 0.0 ], [ 117.646777, 1.3133068, 0.0 ], [ 117.646803, 1.3134003, 0.0 ], [ 117.6467936, 1.3134955, 0.0 ], [ 117.6467573, 1.3135814, 0.0 ], [ 117.6467035, 1.3136592, 0.0 ], [ 117.6466376, 1.3137299, 0.0 ], [ 117.6463727, 1.3140223, 0.0 ], [ 117.6461966, 1.3142798, 0.0 ], [ 117.6460555, 1.3145133, 0.0 ], [ 117.6459715, 1.3146666, 0.0 ], [ 117.6459341, 1.3147615, 0.0 ], [ 117.6458862, 1.3149735, 0.0 ], [ 117.6459456, 1.3150475, 0.0 ], [ 117.645976, 1.3150593, 0.0 ], [ 117.6461799, 1.3153488, 0.0 ], [ 117.6462063, 1.3153835, 0.0 ], [ 117.64637, 1.3155942, 0.0 ], [ 117.6463996, 1.3156526, 0.0 ], [ 117.6464233, 1.3157114, 0.0 ], [ 117.6464628, 1.3159029, 0.0 ], [ 117.6465643, 1.3166915, 0.0 ], [ 117.6463804, 1.3174969, 0.0 ], [ 117.6461767, 1.3180997, 0.0 ], [ 117.6460207, 1.3185138, 0.0 ], [ 117.6458631, 1.3189329, 0.0 ], [ 117.6458254, 1.3190476, 0.0 ], [ 117.6457381, 1.3194105, 0.0 ], [ 117.6456902, 1.3197695, 0.0 ], [ 117.6456867, 1.319889, 0.0 ], [ 117.6456934, 1.3200099, 0.0 ], [ 117.6457074, 1.320137, 0.0 ], [ 117.6457262, 1.3202652, 0.0 ], [ 117.6460503, 1.3218004, 0.0 ], [ 117.6461943, 1.3224146, 0.0 ], [ 117.6462795, 1.3227666, 0.0 ], [ 117.6467475, 1.3247255, 0.0 ], [ 117.6471863, 1.3267142, 0.0 ], [ 117.6472384, 1.3274388, 0.0 ], [ 117.6472333, 1.3275723, 0.0 ], [ 117.6472401, 1.3276458, 0.0 ], [ 117.6473036, 1.3285944, 0.0 ], [ 117.6473811, 1.3299101, 0.0 ], [ 117.6474979, 1.3312522, 0.0 ], [ 117.6475588, 1.3312477, 0.0 ], [ 117.6476159, 1.332295, 0.0 ], [ 117.6476546, 1.332899, 0.0 ], [ 117.647661, 1.3344782, 0.0 ], [ 117.64772, 1.3350417, 0.0 ], [ 117.6478152, 1.3353177, 0.0 ], [ 117.6481687, 1.3359761, 0.0 ], [ 117.6485999, 1.3364474, 0.0 ], [ 117.6497665, 1.3370819, 0.0 ], [ 117.6507418, 1.3374288, 0.0 ], [ 117.6525861, 1.3378114, 0.0 ], [ 117.6536839, 1.3381427, 0.0 ], [ 117.6537981, 1.3382147, 0.0 ], [ 117.6539092, 1.3382978, 0.0 ], [ 117.6540176, 1.3383905, 0.0 ], [ 117.6541247, 1.3384893, 0.0 ], [ 117.65451, 1.3389084, 0.0 ], [ 117.6552023, 1.339879, 0.0 ], [ 117.6557958, 1.3412296, 0.0 ], [ 117.6562025, 1.3425434, 0.0 ], [ 117.6562151, 1.3437819, 0.0 ], [ 117.6559471, 1.345098, 0.0 ], [ 117.6557447, 1.3461322, 0.0 ], [ 117.655744, 1.3463949, 0.0 ], [ 117.6558231, 1.3467116, 0.0 ], [ 117.6558453, 1.3467373, 0.0 ], [ 117.655856, 1.3467619, 0.0 ], [ 117.6558676, 1.3467957, 0.0 ], [ 117.6559311, 1.3470262, 0.0 ], [ 117.6559612, 1.3471021, 0.0 ], [ 117.6563557, 1.3478481, 0.0 ], [ 117.6569174, 1.3490445, 0.0 ], [ 117.6576781, 1.3500766, 0.0 ], [ 117.6582546, 1.3509585, 0.0 ], [ 117.658311, 1.3510937, 0.0 ], [ 117.6583321, 1.3511679, 0.0 ], [ 117.658337, 1.3512482, 0.0 ], [ 117.6583365, 1.3513349, 0.0 ], [ 117.6583306, 1.3514223, 0.0 ], [ 117.6583174, 1.3515147, 0.0 ], [ 117.6583098, 1.3516936, 0.0 ], [ 117.6583048, 1.3519312, 0.0 ], [ 117.6582837, 1.3519592, 0.0 ], [ 117.6580522, 1.3520495, 0.0 ], [ 117.6577049, 1.3521969, 0.0 ], [ 117.6567021, 1.3526389, 0.0 ], [ 117.6556721, 1.3533059, 0.0 ], [ 117.6545925, 1.3543884, 0.0 ], [ 117.6545379, 1.3544575, 0.0 ], [ 117.6544334, 1.354889, 0.0 ], [ 117.6545804, 1.3556393, 0.0 ], [ 117.6548599, 1.3563471, 0.0 ], [ 117.6559381, 1.3575709, 0.0 ], [ 117.6562889, 1.3579277, 0.0 ], [ 117.6571553, 1.3587376, 0.0 ], [ 117.6573267, 1.3589142, 0.0 ], [ 117.6577478, 1.3590961, 0.0 ], [ 117.6578231, 1.3590736, 0.0 ], [ 117.6578932, 1.3590354, 0.0 ], [ 117.6579577, 1.3589743, 0.0 ], [ 117.6580259, 1.3589037, 0.0 ], [ 117.6580878, 1.3588261, 0.0 ], [ 117.658167, 1.3587348, 0.0 ], [ 117.6589963, 1.3577506, 0.0 ], [ 117.6601725, 1.3565646, 0.0 ], [ 117.6612233, 1.3557306, 0.0 ], [ 117.6622125, 1.3552871, 0.0 ], [ 117.6630772, 1.354984, 0.0 ], [ 117.6635831, 1.3548912, 0.0 ], [ 117.6637027, 1.3548974, 0.0 ], [ 117.6638237, 1.354919, 0.0 ], [ 117.6652468, 1.3552116, 0.0 ], [ 117.6664737, 1.3553546, 0.0 ], [ 117.6680122, 1.3558446, 0.0 ], [ 117.6684069, 1.3559179, 0.0 ], [ 117.668544, 1.3559142, 0.0 ], [ 117.6688293, 1.3558401, 0.0 ], [ 117.6689747, 1.355786, 0.0 ], [ 117.6701041, 1.3554335, 0.0 ], [ 117.6702405, 1.3554262, 0.0 ], [ 117.6703784, 1.3554309, 0.0 ], [ 117.6705149, 1.3554489, 0.0 ], [ 117.6706555, 1.355473, 0.0 ], [ 117.6722673, 1.3557805, 0.0 ], [ 117.6737722, 1.3560429, 0.0 ], [ 117.6754359, 1.3561488, 0.0 ], [ 117.6764937, 1.3560922, 0.0 ], [ 117.6777882, 1.3562084, 0.0 ], [ 117.6784322, 1.356302, 0.0 ], [ 117.6805272, 1.3565169, 0.0 ], [ 117.6828139, 1.356841, 0.0 ], [ 117.6846006, 1.3572357, 0.0 ], [ 117.6866177, 1.3573706, 0.0 ], [ 117.6871901, 1.3573884, 0.0 ], [ 117.6875994, 1.3573939, 0.0 ], [ 117.6886211, 1.3576356, 0.0 ], [ 117.6888874, 1.3576962, 0.0 ], [ 117.689027, 1.3577159, 0.0 ], [ 117.6891815, 1.3577189, 0.0 ], [ 117.690135, 1.3576723, 0.0 ], [ 117.6907021, 1.3577116, 0.0 ], [ 117.6908235, 1.3577597, 0.0 ], [ 117.6909386, 1.3578212, 0.0 ], [ 117.6910508, 1.3578921, 0.0 ], [ 117.6911618, 1.3579728, 0.0 ], [ 117.691612, 1.3583214, 0.0 ], [ 117.6917322, 1.358404, 0.0 ], [ 117.6919794, 1.3585386, 0.0 ], [ 117.6921123, 1.3585904, 0.0 ], [ 117.693549, 1.3591614, 0.0 ], [ 117.6947106, 1.3595739, 0.0 ], [ 117.6953488, 1.3598068, 0.0 ], [ 117.6959767, 1.3599535, 0.0 ], [ 117.6964532, 1.3599545, 0.0 ], [ 117.6966019, 1.3599318, 0.0 ], [ 117.6967464, 1.3598998, 0.0 ], [ 117.69689, 1.3598502, 0.0 ], [ 117.6970359, 1.3597791, 0.0 ], [ 117.6971866, 1.3596967, 0.0 ], [ 117.6981119, 1.3591806, 0.0 ], [ 117.6987117, 1.3588712, 0.0 ], [ 117.699266, 1.3585783, 0.0 ], [ 117.6998171, 1.358301, 0.0 ], [ 117.7011767, 1.3575868, 0.0 ], [ 117.7016553, 1.3573937, 0.0 ], [ 117.7026172, 1.3572713, 0.0 ], [ 117.7033652, 1.3572165, 0.0 ], [ 117.7035083, 1.3571804, 0.0 ], [ 117.7036421, 1.3571309, 0.0 ], [ 117.7037683, 1.3570668, 0.0 ], [ 117.7038876, 1.356984, 0.0 ], [ 117.7039968, 1.3568872, 0.0 ], [ 117.7040973, 1.3567798, 0.0 ], [ 117.7041853, 1.3566627, 0.0 ], [ 117.7042527, 1.3565322, 0.0 ], [ 117.7043028, 1.3563939, 0.0 ], [ 117.7043273, 1.3562378, 0.0 ], [ 117.7043403, 1.3560744, 0.0 ], [ 117.704488, 1.3555051, 0.0 ], [ 117.7045073, 1.3553602, 0.0 ], [ 117.7045779, 1.3542048, 0.0 ], [ 117.7046161, 1.354116, 0.0 ], [ 117.7046605, 1.3540369, 0.0 ], [ 117.7047078, 1.3539656, 0.0 ], [ 117.7047553, 1.3539029, 0.0 ], [ 117.704888, 1.3537328, 0.0 ], [ 117.7050391, 1.3535155, 0.0 ], [ 117.7050713, 1.3534635, 0.0 ], [ 117.7053356, 1.3530661, 0.0 ], [ 117.7054954, 1.3528959, 0.0 ], [ 117.7058264, 1.3525636, 0.0 ], [ 117.705859, 1.3525288, 0.0 ], [ 117.706026, 1.3523834, 0.0 ], [ 117.7060601, 1.3523636, 0.0 ], [ 117.7060946, 1.3523471, 0.0 ], [ 117.7063718, 1.352324, 0.0 ], [ 117.7072513, 1.3524877, 0.0 ], [ 117.7089422, 1.3531543, 0.0 ], [ 117.7096457, 1.353243, 0.0 ], [ 117.7101758, 1.3532423, 0.0 ], [ 117.7115962, 1.3532012, 0.0 ], [ 117.7120573, 1.3531177, 0.0 ], [ 117.7122382, 1.3530697, 0.0 ], [ 117.7122761, 1.3530628, 0.0 ], [ 117.7124305, 1.3530209, 0.0 ], [ 117.7124661, 1.3529989, 0.0 ], [ 117.7126029, 1.3529155, 0.0 ], [ 117.7131565, 1.3525499, 0.0 ], [ 117.7134615, 1.3523946, 0.0 ], [ 117.7143105, 1.3521034, 0.0 ], [ 117.7146147, 1.3519758, 0.0 ], [ 117.7156615, 1.3514966, 0.0 ], [ 117.7159217, 1.3513848, 0.0 ], [ 117.7173146, 1.3508257, 0.0 ], [ 117.7192961, 1.3501501, 0.0 ], [ 117.7214087, 1.3495189, 0.0 ], [ 117.7229727, 1.3491494, 0.0 ], [ 117.7237653, 1.3488114, 0.0 ], [ 117.7238336, 1.3487719, 0.0 ], [ 117.7239691, 1.3486944, 0.0 ], [ 117.7242149, 1.3485097, 0.0 ], [ 117.7249814, 1.347976, 0.0 ], [ 117.7254066, 1.3477821, 0.0 ], [ 117.7262001, 1.3475993, 0.0 ], [ 117.7280593, 1.3474577, 0.0 ], [ 117.7287967, 1.3473642, 0.0 ], [ 117.7291354, 1.3472352, 0.0 ], [ 117.7303708, 1.3467982, 0.0 ], [ 117.7315566, 1.3465533, 0.0 ], [ 117.7336767, 1.3465437, 0.0 ], [ 117.7347847, 1.346583, 0.0 ], [ 117.7351499, 1.3466247, 0.0 ], [ 117.7352723, 1.3466237, 0.0 ], [ 117.7353961, 1.346607, 0.0 ], [ 117.7355262, 1.3465817, 0.0 ], [ 117.736347, 1.3464166, 0.0 ], [ 117.7364858, 1.3464143, 0.0 ], [ 117.737034, 1.3464658, 0.0 ], [ 117.7376344, 1.3465745, 0.0 ], [ 117.7380579, 1.3466963, 0.0 ], [ 117.7383084, 1.3468445, 0.0 ], [ 117.7384148, 1.3469399, 0.0 ], [ 117.738614, 1.3471847, 0.0 ], [ 117.7387053, 1.3473376, 0.0 ], [ 117.739496, 1.3484357, 0.0 ], [ 117.7396319, 1.3485189, 0.0 ], [ 117.7402513, 1.3488383, 0.0 ], [ 117.7408257, 1.3491474, 0.0 ], [ 117.7409191, 1.3491952, 0.0 ], [ 117.7418146, 1.3497271, 0.0 ], [ 117.7419476, 1.3497776, 0.0 ], [ 117.742085, 1.3498145, 0.0 ], [ 117.7422439, 1.3498305, 0.0 ], [ 117.742405, 1.3498422, 0.0 ], [ 117.7425844, 1.3498163, 0.0 ], [ 117.7427677, 1.3497992, 0.0 ], [ 117.7446473, 1.3497168, 0.0 ], [ 117.7454184, 1.3496627, 0.0 ], [ 117.7462958, 1.349656, 0.0 ], [ 117.7464044, 1.3496805, 0.0 ], [ 117.746512, 1.3497288, 0.0 ], [ 117.7466162, 1.3497926, 0.0 ], [ 117.7467187, 1.3498716, 0.0 ], [ 117.746819, 1.3499638, 0.0 ], [ 117.7469167, 1.3500637, 0.0 ], [ 117.7472917, 1.3505205, 0.0 ], [ 117.7475621, 1.3509096, 0.0 ], [ 117.7478585, 1.3512861, 0.0 ], [ 117.7488386, 1.3526374, 0.0 ], [ 117.749849, 1.3539195, 0.0 ], [ 117.7499869, 1.3540216, 0.0 ], [ 117.7501387, 1.3541168, 0.0 ], [ 117.7510019, 1.35459, 0.0 ], [ 117.7511102, 1.3546724, 0.0 ], [ 117.751211, 1.3547682, 0.0 ], [ 117.7514001, 1.3549937, 0.0 ], [ 117.7521626, 1.3561034, 0.0 ], [ 117.7529565, 1.3573889, 0.0 ], [ 117.7537171, 1.3585431, 0.0 ], [ 117.7541256, 1.3590707, 0.0 ], [ 117.7542658, 1.3592833, 0.0 ], [ 117.754929, 1.3601537, 0.0 ], [ 117.7554231, 1.3610357, 0.0 ], [ 117.7554556, 1.3611614, 0.0 ], [ 117.7556465, 1.362122, 0.0 ], [ 117.7557301, 1.3623456, 0.0 ], [ 117.7557436, 1.3623811, 0.0 ], [ 117.7557879, 1.3626558, 0.0 ], [ 117.7558111, 1.3627175, 0.0 ], [ 117.7559886, 1.3632714, 0.0 ], [ 117.7562373, 1.3637947, 0.0 ], [ 117.7568014, 1.3646873, 0.0 ], [ 117.7575592, 1.3657991, 0.0 ], [ 117.7587109, 1.3673273, 0.0 ], [ 117.7589445, 1.3676152, 0.0 ], [ 117.7589715, 1.3676545, 0.0 ], [ 117.758966, 1.3676483, 0.0 ], [ 117.7589152, 1.3675835, 0.0 ], [ 117.7588767, 1.3676601, 0.0 ], [ 117.7588854, 1.3677574, 0.0 ], [ 117.7589457, 1.3678249, 0.0 ], [ 117.7592044, 1.3681923, 0.0 ], [ 117.7592656, 1.36828, 0.0 ], [ 117.7607691, 1.369757, 0.0 ], [ 117.7613909, 1.370713, 0.0 ], [ 117.7618879, 1.3715963, 0.0 ], [ 117.7619013, 1.3716259, 0.0 ], [ 117.7619771, 1.3717338, 0.0 ], [ 117.762053, 1.3718823, 0.0 ], [ 117.762352, 1.3724429, 0.0 ], [ 117.7626193, 1.3729412, 0.0 ], [ 117.7630008, 1.3736022, 0.0 ], [ 117.7636652, 1.3744486, 0.0 ], [ 117.7650308, 1.3761601, 0.0 ], [ 117.7660174, 1.3772414, 0.0 ], [ 117.7661134, 1.3773469, 0.0 ], [ 117.7671652, 1.3782606, 0.0 ], [ 117.7680213, 1.3790148, 0.0 ], [ 117.7689584, 1.3799542, 0.0 ], [ 117.7699091, 1.3814764, 0.0 ], [ 117.7703846, 1.3823016, 0.0 ], [ 117.7713856, 1.3832473, 0.0 ], [ 117.7715345, 1.3834913, 0.0 ], [ 117.7715794, 1.3836281, 0.0 ], [ 117.7716213, 1.3837669, 0.0 ], [ 117.7716532, 1.3839116, 0.0 ], [ 117.771667, 1.3840578, 0.0 ], [ 117.7716388, 1.3842236, 0.0 ], [ 117.7715967, 1.3843871, 0.0 ], [ 117.771546, 1.3845541, 0.0 ], [ 117.771497, 1.3847139, 0.0 ], [ 117.7714481, 1.3848634, 0.0 ], [ 117.7714272, 1.3858987, 0.0 ], [ 117.7716001, 1.3863075, 0.0 ], [ 117.7716841, 1.3863811, 0.0 ], [ 117.7717845, 1.3864435, 0.0 ], [ 117.771948, 1.3864804, 0.0 ], [ 117.7720961, 1.3865229, 0.0 ], [ 117.7723223, 1.3865402, 0.0 ], [ 117.772624, 1.3865169, 0.0 ], [ 117.7728716, 1.3865157, 0.0 ], [ 117.7742528, 1.3866784, 0.0 ], [ 117.7743813, 1.3867596, 0.0 ], [ 117.7746416, 1.3869419, 0.0 ], [ 117.7753915, 1.38764, 0.0 ], [ 117.7754652, 1.3877498, 0.0 ], [ 117.7755248, 1.3878662, 0.0 ], [ 117.7755549, 1.3879852, 0.0 ], [ 117.7755599, 1.3881083, 0.0 ], [ 117.7755077, 1.3883619, 0.0 ], [ 117.7754513, 1.3884861, 0.0 ], [ 117.7753746, 1.3886074, 0.0 ], [ 117.7748866, 1.3893596, 0.0 ], [ 117.7748548, 1.3894812, 0.0 ], [ 117.7748485, 1.3896061, 0.0 ], [ 117.7748611, 1.389734, 0.0 ], [ 117.7748887, 1.3898636, 0.0 ], [ 117.7749271, 1.3899939, 0.0 ], [ 117.7749812, 1.3901249, 0.0 ], [ 117.7750471, 1.390255, 0.0 ], [ 117.7754772, 1.3908893, 0.0 ], [ 117.7755791, 1.3910107, 0.0 ], [ 117.7758424, 1.3913989, 0.0 ], [ 117.7763702, 1.3926463, 0.0 ], [ 117.7770174, 1.3937957, 0.0 ], [ 117.7773751, 1.3943432, 0.0 ], [ 117.7779848, 1.3950502, 0.0 ], [ 117.7788546, 1.3958936, 0.0 ], [ 117.7789309, 1.3960161, 0.0 ], [ 117.7790366, 1.3962209, 0.0 ], [ 117.7790571, 1.3962863, 0.0 ], [ 117.7790589, 1.3963463, 0.0 ], [ 117.7790603, 1.3964184, 0.0 ], [ 117.7790707, 1.396527, 0.0 ], [ 117.7791172, 1.3972974, 0.0 ], [ 117.7791285, 1.3975937, 0.0 ], [ 117.7791554, 1.3978119, 0.0 ], [ 117.7791903, 1.3980642, 0.0 ], [ 117.7791954, 1.3980942, 0.0 ], [ 117.7792845, 1.398449, 0.0 ], [ 117.7793887, 1.3988118, 0.0 ], [ 117.779394, 1.3988821, 0.0 ], [ 117.7793892, 1.3989514, 0.0 ], [ 117.7793284, 1.3993001, 0.0 ], [ 117.7793152, 1.399343, 0.0 ], [ 117.7793037, 1.3993853, 0.0 ], [ 117.7792957, 1.3994224, 0.0 ], [ 117.7792762, 1.399554, 0.0 ], [ 117.7792193, 1.3998475, 0.0 ], [ 117.7791799, 1.4006754, 0.0 ], [ 117.7792188, 1.4010087, 0.0 ], [ 117.7792869, 1.4013632, 0.0 ], [ 117.7793507, 1.4016154, 0.0 ], [ 117.7795053, 1.4021653, 0.0 ], [ 117.7796237, 1.4026006, 0.0 ], [ 117.7800176, 1.4041853, 0.0 ], [ 117.7801252, 1.4061226, 0.0 ], [ 117.780138, 1.4064353, 0.0 ], [ 117.7801628, 1.408281, 0.0 ], [ 117.7801925, 1.4104362, 0.0 ], [ 117.7802018, 1.4107966, 0.0 ], [ 117.7802118, 1.4135014, 0.0 ], [ 117.7801366, 1.4158464, 0.0 ], [ 117.7800873, 1.4168219, 0.0 ], [ 117.7800797, 1.4168967, 0.0 ], [ 117.7800803, 1.4169203, 0.0 ], [ 117.7800777, 1.4170734, 0.0 ], [ 117.7800723, 1.4173408, 0.0 ], [ 117.780035, 1.4180712, 0.0 ], [ 117.7799226, 1.4190325, 0.0 ], [ 117.7798719, 1.4194587, 0.0 ], [ 117.7798558, 1.4200649, 0.0 ], [ 117.779752, 1.4221153, 0.0 ], [ 117.7796928, 1.4229171, 0.0 ], [ 117.7796736, 1.4231716, 0.0 ], [ 117.7796674, 1.4232441, 0.0 ], [ 117.7796425, 1.4234028, 0.0 ], [ 117.7796388, 1.4234648, 0.0 ], [ 117.7796181, 1.4240756, 0.0 ], [ 117.7796122, 1.4241804, 0.0 ], [ 117.7795954, 1.4244872, 0.0 ], [ 117.7795763, 1.4254215, 0.0 ], [ 117.7795862, 1.4259744, 0.0 ], [ 117.7795922, 1.4260817, 0.0 ], [ 117.7795979, 1.4261591, 0.0 ], [ 117.7796011, 1.4261975, 0.0 ], [ 117.7796337, 1.4264465, 0.0 ], [ 117.7796317, 1.4269158, 0.0 ], [ 117.7796239, 1.4271061, 0.0 ], [ 117.7796255, 1.4274123, 0.0 ], [ 117.7796134, 1.4277299, 0.0 ], [ 117.7795669, 1.428822, 0.0 ], [ 117.7796212, 1.429629, 0.0 ], [ 117.7797123, 1.4299982, 0.0 ], [ 117.7798345, 1.4303637, 0.0 ], [ 117.7798873, 1.4306467, 0.0 ], [ 117.7798908, 1.4311612, 0.0 ], [ 117.7798839, 1.4312442, 0.0 ], [ 117.7798806, 1.4313088, 0.0 ], [ 117.7798674, 1.4314487, 0.0 ], [ 117.7798655, 1.4315189, 0.0 ], [ 117.7798526, 1.4317744, 0.0 ], [ 117.779835, 1.4323197, 0.0 ], [ 117.7798419, 1.4328651, 0.0 ], [ 117.7798388, 1.433523, 0.0 ], [ 117.7796949, 1.4344985, 0.0 ], [ 117.7796948, 1.4346062, 0.0 ], [ 117.779693, 1.4346243, 0.0 ], [ 117.7796885, 1.4346377, 0.0 ], [ 117.7796855, 1.434696, 0.0 ], [ 117.7797234, 1.4349252, 0.0 ], [ 117.7797876, 1.4352285, 0.0 ], [ 117.77979, 1.4353635, 0.0 ], [ 117.7797772, 1.435407, 0.0 ], [ 117.779757, 1.4354484, 0.0 ], [ 117.7796886, 1.4356051, 0.0 ], [ 117.7796382, 1.4359336, 0.0 ], [ 117.7796473, 1.436648, 0.0 ], [ 117.7796584, 1.4367056, 0.0 ], [ 117.7796836, 1.4369312, 0.0 ], [ 117.7796747, 1.4370164, 0.0 ], [ 117.7796556, 1.4372107, 0.0 ], [ 117.7796684, 1.4372993, 0.0 ], [ 117.779742, 1.4377431, 0.0 ], [ 117.779862, 1.4383679, 0.0 ], [ 117.7800741, 1.4398288, 0.0 ], [ 117.7801353, 1.440093, 0.0 ], [ 117.7801672, 1.4401887, 0.0 ], [ 117.7801892, 1.4402669, 0.0 ], [ 117.780203, 1.4403242, 0.0 ], [ 117.780255, 1.4405907, 0.0 ], [ 117.780537, 1.4413579, 0.0 ], [ 117.7808379, 1.4419173, 0.0 ], [ 117.7811103, 1.4423214, 0.0 ], [ 117.7812384, 1.4425152, 0.0 ], [ 117.781417, 1.4428187, 0.0 ], [ 117.7816771, 1.4432164, 0.0 ], [ 117.7818259, 1.4435536, 0.0 ], [ 117.7819777, 1.4439543, 0.0 ], [ 117.7820433, 1.4442126, 0.0 ], [ 117.782069, 1.4443321, 0.0 ], [ 117.7821916, 1.4446452, 0.0 ], [ 117.7822464, 1.4448377, 0.0 ], [ 117.7823029, 1.4452746, 0.0 ], [ 117.7823107, 1.4453465, 0.0 ], [ 117.7823249, 1.4454589, 0.0 ], [ 117.7823446, 1.4455568, 0.0 ], [ 117.7823778, 1.4457011, 0.0 ], [ 117.7825377, 1.4463533, 0.0 ], [ 117.7827154, 1.4468409, 0.0 ], [ 117.7828711, 1.4472751, 0.0 ], [ 117.7830287, 1.4479154, 0.0 ], [ 117.7830658, 1.4480295, 0.0 ], [ 117.783075, 1.4480651, 0.0 ], [ 117.7830905, 1.4481344, 0.0 ], [ 117.7831032, 1.4482473, 0.0 ], [ 117.783132, 1.4483895, 0.0 ], [ 117.7833486, 1.4487581, 0.0 ], [ 117.7834222, 1.448844, 0.0 ], [ 117.7835053, 1.4489264, 0.0 ], [ 117.7835972, 1.4490052, 0.0 ], [ 117.7836949, 1.4490818, 0.0 ], [ 117.7839886, 1.4492842, 0.0 ], [ 117.7841709, 1.4494097, 0.0 ], [ 117.7843427, 1.4495348, 0.0 ], [ 117.784504, 1.4496637, 0.0 ], [ 117.7846372, 1.4498078, 0.0 ], [ 117.7846887, 1.4498908, 0.0 ], [ 117.784732, 1.4499846, 0.0 ], [ 117.7847971, 1.4501984, 0.0 ], [ 117.784816, 1.4502959, 0.0 ], [ 117.7848522, 1.4506341, 0.0 ], [ 117.7848898, 1.450813, 0.0 ], [ 117.78499, 1.450983, 0.0 ], [ 117.7853675, 1.4518429, 0.0 ], [ 117.7854271, 1.4520993, 0.0 ], [ 117.7854886, 1.4522501, 0.0 ], [ 117.7855651, 1.452359, 0.0 ], [ 117.7856154, 1.4524187, 0.0 ], [ 117.785677, 1.4524769, 0.0 ], [ 117.7857515, 1.4525264, 0.0 ], [ 117.7858347, 1.4525673, 0.0 ], [ 117.7859389, 1.4525771, 0.0 ], [ 117.786052, 1.4525746, 0.0 ], [ 117.786173, 1.4525611, 0.0 ], [ 117.7862951, 1.452534, 0.0 ], [ 117.7870185, 1.4523319, 0.0 ], [ 117.7871904, 1.4522924, 0.0 ], [ 117.7872894, 1.4522678, 0.0 ], [ 117.7873251, 1.4522595, 0.0 ], [ 117.7874108, 1.4522407, 0.0 ], [ 117.7875363, 1.4522122, 0.0 ], [ 117.7877524, 1.452119, 0.0 ], [ 117.7878518, 1.4520428, 0.0 ], [ 117.787898, 1.4520035, 0.0 ], [ 117.7881122, 1.451917, 0.0 ], [ 117.7883129, 1.4518798, 0.0 ], [ 117.7887688, 1.4516512, 0.0 ], [ 117.7891997, 1.4512326, 0.0 ], [ 117.7895086, 1.450855, 0.0 ], [ 117.7899144, 1.450482, 0.0 ], [ 117.7904824, 1.4501792, 0.0 ], [ 117.7908814, 1.4500845, 0.0 ], [ 117.7913622, 1.4500655, 0.0 ], [ 117.7919669, 1.4500802, 0.0 ], [ 117.7921066, 1.4500814, 0.0 ], [ 117.7923627, 1.450091, 0.0 ], [ 117.7930393, 1.45012, 0.0 ], [ 117.793233, 1.4501386, 0.0 ], [ 117.7934177, 1.4501574, 0.0 ], [ 117.7936691, 1.4502018, 0.0 ], [ 117.7939567, 1.4502562, 0.0 ], [ 117.7943125, 1.4503066, 0.0 ], [ 117.7947618, 1.4503557, 0.0 ], [ 117.7950519, 1.4503662, 0.0 ], [ 117.7956948, 1.4503357, 0.0 ], [ 117.7962567, 1.4502474, 0.0 ], [ 117.7968049, 1.450178, 0.0 ], [ 117.7981405, 1.4501636, 0.0 ], [ 117.7985278, 1.450149, 0.0 ], [ 117.798816, 1.4501241, 0.0 ], [ 117.7989229, 1.4501138, 0.0 ], [ 117.7989485, 1.4501125, 0.0 ], [ 117.7989691, 1.4501103, 0.0 ], [ 117.7992663, 1.4500925, 0.0 ], [ 117.7999009, 1.4500261, 0.0 ], [ 117.8007273, 1.4500547, 0.0 ], [ 117.8012907, 1.4500976, 0.0 ], [ 117.8018383, 1.4501164, 0.0 ], [ 117.8022684, 1.4501374, 0.0 ], [ 117.8024765, 1.4501485, 0.0 ], [ 117.8027394, 1.4501562, 0.0 ], [ 117.8028852, 1.4501693, 0.0 ], [ 117.8032442, 1.4502157, 0.0 ], [ 117.8033435, 1.4502282, 0.0 ], [ 117.803361, 1.4502305, 0.0 ], [ 117.8034145, 1.4502363, 0.0 ], [ 117.8036622, 1.4502568, 0.0 ], [ 117.8043862, 1.4503379, 0.0 ], [ 117.8050287, 1.4504045, 0.0 ], [ 117.8052441, 1.450464, 0.0 ], [ 117.8053106, 1.4504958, 0.0 ], [ 117.8053786, 1.4505353, 0.0 ], [ 117.8058108, 1.4509172, 0.0 ], [ 117.8059583, 1.451132, 0.0 ], [ 117.8060588, 1.4513115, 0.0 ], [ 117.8063583, 1.4520488, 0.0 ], [ 117.8064613, 1.4522617, 0.0 ], [ 117.8065107, 1.4523599, 0.0 ], [ 117.8065688, 1.4524452, 0.0 ], [ 117.8065903, 1.452469, 0.0 ], [ 117.8066106, 1.4527323, 0.0 ], [ 117.8065722, 1.4537314, 0.0 ], [ 117.8065578, 1.453815, 0.0 ], [ 117.8064307, 1.4544505, 0.0 ], [ 117.8063782, 1.4547057, 0.0 ], [ 117.8063709, 1.4547781, 0.0 ], [ 117.8063509, 1.4551421, 0.0 ], [ 117.8063643, 1.4554218, 0.0 ], [ 117.8064133, 1.4556357, 0.0 ], [ 117.8065868, 1.4560837, 0.0 ], [ 117.8066606, 1.4562037, 0.0 ], [ 117.8069122, 1.4565448, 0.0 ], [ 117.8069629, 1.456598, 0.0 ], [ 117.807392, 1.457001, 0.0 ], [ 117.807459, 1.4571208, 0.0 ], [ 117.8074772, 1.4571885, 0.0 ], [ 117.8074837, 1.4572596, 0.0 ], [ 117.8074811, 1.4573323, 0.0 ], [ 117.8074748, 1.4574041, 0.0 ], [ 117.8074763, 1.4576274, 0.0 ], [ 117.8074888, 1.4577065, 0.0 ], [ 117.8076466, 1.4582742, 0.0 ], [ 117.807658, 1.4583333, 0.0 ], [ 117.807673, 1.4583917, 0.0 ], [ 117.8077292, 1.458558, 0.0 ], [ 117.8077862, 1.458709, 0.0 ], [ 117.8078398, 1.4588679, 0.0 ], [ 117.8079193, 1.4591253, 0.0 ], [ 117.8080646, 1.4595928, 0.0 ], [ 117.808078, 1.4596192, 0.0 ], [ 117.8081403, 1.4597206, 0.0 ], [ 117.8082892, 1.4600367, 0.0 ], [ 117.808371, 1.4601809, 0.0 ], [ 117.8088458, 1.4609554, 0.0 ], [ 117.8091789, 1.4613421, 0.0 ], [ 117.8092297, 1.4613862, 0.0 ], [ 117.8092352, 1.4613905, 0.0 ], [ 117.8093804, 1.4615497, 0.0 ], [ 117.8095755, 1.4618285, 0.0 ], [ 117.8097492, 1.4621345, 0.0 ], [ 117.8097679, 1.462171, 0.0 ], [ 117.8098165, 1.462246, 0.0 ], [ 117.8098947, 1.4623391, 0.0 ], [ 117.8102458, 1.4626982, 0.0 ], [ 117.8105513, 1.4629616, 0.0 ], [ 117.8108572, 1.4631992, 0.0 ], [ 117.8109612, 1.4632742, 0.0 ], [ 117.8111747, 1.4634103, 0.0 ], [ 117.8113271, 1.4635074, 0.0 ], [ 117.811512, 1.4636185, 0.0 ], [ 117.8116413, 1.4636908, 0.0 ], [ 117.8117234, 1.4637386, 0.0 ], [ 117.8117925, 1.4637965, 0.0 ], [ 117.8119237, 1.4639329, 0.0 ], [ 117.8119891, 1.4640277, 0.0 ], [ 117.8121179, 1.464285, 0.0 ], [ 117.8124152, 1.4650446, 0.0 ], [ 117.8124532, 1.4651028, 0.0 ], [ 117.8125001, 1.4651569, 0.0 ], [ 117.812555, 1.4652086, 0.0 ], [ 117.8126128, 1.465256, 0.0 ], [ 117.8126736, 1.4653038, 0.0 ], [ 117.8132614, 1.4657655, 0.0 ], [ 117.8134856, 1.4659028, 0.0 ], [ 117.8136864, 1.4660295, 0.0 ], [ 117.8137477, 1.4660595, 0.0 ], [ 117.8138162, 1.4660878, 0.0 ], [ 117.8138922, 1.4661125, 0.0 ], [ 117.813975, 1.4661326, 0.0 ], [ 117.8141502, 1.4661534, 0.0 ], [ 117.8142395, 1.4661548, 0.0 ], [ 117.814662, 1.4661118, 0.0 ], [ 117.8154413, 1.4658899, 0.0 ], [ 117.8156895, 1.4658509, 0.0 ], [ 117.8159797, 1.4658311, 0.0 ], [ 117.8160432, 1.4658169, 0.0 ], [ 117.8162457, 1.4657511, 0.0 ], [ 117.8163211, 1.4657126, 0.0 ], [ 117.8163933, 1.4656614, 0.0 ], [ 117.8164627, 1.4656004, 0.0 ], [ 117.8165274, 1.4655339, 0.0 ], [ 117.8165844, 1.4654624, 0.0 ], [ 117.8166341, 1.4653889, 0.0 ], [ 117.8166829, 1.4653174, 0.0 ], [ 117.8169337, 1.4649715, 0.0 ], [ 117.8172175, 1.4645827, 0.0 ], [ 117.8173122, 1.4645062, 0.0 ], [ 117.8173417, 1.4644718, 0.0 ], [ 117.8173629, 1.4644348, 0.0 ], [ 117.817383, 1.4644129, 0.0 ], [ 117.8173892, 1.4643964, 0.0 ], [ 117.8173967, 1.4643818, 0.0 ], [ 117.8174765, 1.4641478, 0.0 ], [ 117.8175303, 1.463997, 0.0 ], [ 117.8175534, 1.4639376, 0.0 ], [ 117.8175848, 1.4638835, 0.0 ], [ 117.8178699, 1.4634276, 0.0 ], [ 117.8179885, 1.4632394, 0.0 ], [ 117.8180212, 1.4632014, 0.0 ], [ 117.8180509, 1.4631657, 0.0 ], [ 117.8181463, 1.4630594, 0.0 ], [ 117.8182881, 1.4629419, 0.0 ], [ 117.8184451, 1.4627471, 0.0 ], [ 117.8189207, 1.4621626, 0.0 ], [ 117.8194148, 1.4617728, 0.0 ], [ 117.8195199, 1.4616513, 0.0 ], [ 117.8195648, 1.4615844, 0.0 ], [ 117.8198089, 1.461146, 0.0 ], [ 117.8199462, 1.4608644, 0.0 ], [ 117.8200732, 1.4606359, 0.0 ], [ 117.820152, 1.4605082, 0.0 ], [ 117.8203402, 1.4602651, 0.0 ], [ 117.8207735, 1.4597724, 0.0 ], [ 117.8211369, 1.4591002, 0.0 ], [ 117.8214864, 1.45846, 0.0 ], [ 117.8215825, 1.458318, 0.0 ], [ 117.8217307, 1.4580874, 0.0 ], [ 117.8221038, 1.4577011, 0.0 ], [ 117.8222908, 1.4575301, 0.0 ], [ 117.8223419, 1.4574914, 0.0 ], [ 117.822573, 1.4573378, 0.0 ], [ 117.8228326, 1.4571401, 0.0 ], [ 117.8233088, 1.4566718, 0.0 ], [ 117.8234108, 1.4565363, 0.0 ], [ 117.8234781, 1.4564069, 0.0 ], [ 117.8234827, 1.4564054, 0.0 ], [ 117.8235516, 1.4562661, 0.0 ], [ 117.8236355, 1.4561346, 0.0 ], [ 117.8239422, 1.4557081, 0.0 ], [ 117.8240666, 1.4555348, 0.0 ], [ 117.8242451, 1.4553277, 0.0 ], [ 117.8243512, 1.4552077, 0.0 ], [ 117.8250917, 1.454488, 0.0 ], [ 117.8253118, 1.4543029, 0.0 ], [ 117.8255606, 1.4541198, 0.0 ], [ 117.8258158, 1.4539706, 0.0 ], [ 117.8262117, 1.4537476, 0.0 ], [ 117.826394, 1.4536424, 0.0 ], [ 117.8264587, 1.4536188, 0.0 ], [ 117.8270054, 1.4534601, 0.0 ], [ 117.8271559, 1.4534415, 0.0 ], [ 117.8272258, 1.4534439, 0.0 ], [ 117.8274343, 1.4534298, 0.0 ], [ 117.8276201, 1.4533974, 0.0 ], [ 117.8277531, 1.4533717, 0.0 ], [ 117.8283099, 1.4532531, 0.0 ], [ 117.8284527, 1.4532443, 0.0 ], [ 117.8287414, 1.4532325, 0.0 ], [ 117.8294757, 1.453262, 0.0 ], [ 117.8302157, 1.4531513, 0.0 ], [ 117.8313685, 1.452984, 0.0 ], [ 117.8316638, 1.452955, 0.0 ], [ 117.8319697, 1.4529312, 0.0 ], [ 117.8323148, 1.4528955, 0.0 ], [ 117.8329676, 1.4528552, 0.0 ], [ 117.8330646, 1.4528536, 0.0 ], [ 117.8333382, 1.4528207, 0.0 ], [ 117.833402, 1.4528186, 0.0 ], [ 117.8336532, 1.4528046, 0.0 ], [ 117.834513, 1.4526662, 0.0 ], [ 117.8348685, 1.4525655, 0.0 ], [ 117.8350784, 1.4525102, 0.0 ], [ 117.8352604, 1.4524775, 0.0 ], [ 117.835528, 1.4524364, 0.0 ], [ 117.8356053, 1.4524385, 0.0 ], [ 117.8356833, 1.4524463, 0.0 ], [ 117.8360771, 1.4525581, 0.0 ], [ 117.8361295, 1.4525818, 0.0 ], [ 117.8362533, 1.4526261, 0.0 ], [ 117.8362912, 1.4526341, 0.0 ], [ 117.8364472, 1.4527318, 0.0 ], [ 117.8365909, 1.4528306, 0.0 ], [ 117.8368976, 1.4530215, 0.0 ], [ 117.8369566, 1.4530576, 0.0 ], [ 117.8370899, 1.4531338, 0.0 ], [ 117.837137, 1.4531592, 0.0 ], [ 117.8374288, 1.4533364, 0.0 ], [ 117.83768, 1.4535491, 0.0 ], [ 117.838012, 1.4538246, 0.0 ], [ 117.8385134, 1.4542321, 0.0 ], [ 117.8389431, 1.4544375, 0.0 ], [ 117.8391134, 1.4545514, 0.0 ], [ 117.8393296, 1.4547347, 0.0 ], [ 117.8395532, 1.4549741, 0.0 ], [ 117.8397534, 1.4551514, 0.0 ], [ 117.839826, 1.4552027, 0.0 ], [ 117.839899, 1.4552462, 0.0 ], [ 117.8402367, 1.4554436, 0.0 ], [ 117.8408184, 1.4557544, 0.0 ], [ 117.8419847, 1.4561457, 0.0 ], [ 117.8427432, 1.456263, 0.0 ], [ 117.8430599, 1.4563006, 0.0 ], [ 117.8431797, 1.4562945, 0.0 ], [ 117.8433718, 1.4563791, 0.0 ], [ 117.8434193, 1.4564062, 0.0 ], [ 117.843816, 1.4566513, 0.0 ], [ 117.8440734, 1.456822, 0.0 ], [ 117.8443305, 1.4569896, 0.0 ], [ 117.8444932, 1.4571081, 0.0 ], [ 117.8447044, 1.4572589, 0.0 ], [ 117.8449709, 1.4574569, 0.0 ], [ 117.8451904, 1.4576166, 0.0 ], [ 117.8453957, 1.4577364, 0.0 ], [ 117.8454766, 1.4577956, 0.0 ], [ 117.8455157, 1.4578341, 0.0 ], [ 117.8455582, 1.4578799, 0.0 ], [ 117.8460558, 1.4583671, 0.0 ], [ 117.8470058, 1.4589023, 0.0 ], [ 117.847206, 1.4589842, 0.0 ], [ 117.8480092, 1.459446, 0.0 ], [ 117.8485425, 1.4597644, 0.0 ], [ 117.8490259, 1.4600793, 0.0 ], [ 117.8490926, 1.4601527, 0.0 ], [ 117.8494065, 1.4604802, 0.0 ], [ 117.8494583, 1.4605497, 0.0 ], [ 117.8498862, 1.4610025, 0.0 ], [ 117.8499037, 1.4610158, 0.0 ], [ 117.8501067, 1.4612092, 0.0 ], [ 117.8506416, 1.4618262, 0.0 ], [ 117.850794, 1.4620146, 0.0 ], [ 117.8508956, 1.4621588, 0.0 ], [ 117.850937, 1.4622037, 0.0 ], [ 117.8509833, 1.4622437, 0.0 ], [ 117.8510374, 1.4622767, 0.0 ], [ 117.8511698, 1.4623253, 0.0 ], [ 117.8512453, 1.4623367, 0.0 ], [ 117.8512906, 1.4623356, 0.0 ] ] } },
{ "type": "Feature", "properties": { "OBJECTID": 0, "Kl_Dat_Das": "Jalan Non Tol", "Nm_Ruas": "SIMP. 4 SAMBERA - MUARA BADAK\r\n", "Thn_Data": 2023, "Status": "Jalan Provinsi", "Fungsi": "Jalan Kolektor Primer 3", "Mendukung": "Non Strategis", "Ura_Dukung": null, "Kd_Bd_PU": "2", "Kd_Jns_Inf": "1", "Kd_Inf": "34 032", "Propinsi": "Kalimantan Timur", "Kab_Kot": "Kutai Kartanegara", "Kecamatan": "Muara Badak", "Desa_Kel": "TANAH DATAR / MUARA BADAK ILIR / GAS ALAM / BADAK SATU /GAS ALAM BADAK SATU", "Tk_Ruas_Aw": "-0.321148, 117.287883", "Tk_Ruas_Ak": "-0.328310, 117.415084", "Kd_Patok": null, "Km_Awal": 0.0, "Km_Akhir": 17.9974926073, "Nm_Lintas": null, "Kon_Baik": 0.0, "Kon_Sdg": 0.0, "Kon_Rgn": 8.7, "Kon_Rusak": 0.0, "Kon_Mntp": 9.3, "Kon_T_Mntp": 8.7, "Panjang": 18.0, "Lbr_Keras": 6.0, "LHRT": 0.0, "VCR": 0.0, "Tipe_Jln": 2, "MST": 8.0, "Tanah_Kri": 0.0, "Macadam": 0.0, "Aspal": 100.0, "Rigid": 0.0, "Thn_Pen_Ak": 2015, "Jns_Pen": "Peningkatan", "Koord_X_Aw": 117.28792229699999, "Koord_Y_Aw": -0.321081961, "Koord_X_Ak": 117.415190684, "Koord_Y_Ak": -0.328290481, "Shape_Leng": 0.0, "Status_J_1": "Sudah Terbangun", "Keterangan": null, "Masuk": "YES", "panjangjal": 17.9974926073 }, "geometry": { "type": "LineString", "coordinates": [ [ 117.2878831, -0.3211487, 0.0 ], [ 117.2881701, -0.320906, 0.0 ], [ 117.2886045, -0.3205973, 0.0 ], [ 117.2888482, -0.320425, 0.0 ], [ 117.2890302, -0.3203005, 0.0 ], [ 117.2892386, -0.320171, 0.0 ], [ 117.2894437, -0.320047, 0.0 ], [ 117.2896429, -0.3199285, 0.0 ], [ 117.2899774, -0.3197336, 0.0 ], [ 117.2902818, -0.3195413, 0.0 ], [ 117.2903955, -0.3194578, 0.0 ], [ 117.2906016, -0.3193429, 0.0 ], [ 117.2906685, -0.3193209, 0.0 ], [ 117.2907434, -0.3193097, 0.0 ], [ 117.2908208, -0.3193156, 0.0 ], [ 117.2908959, -0.3193429, 0.0 ], [ 117.2909693, -0.3193885, 0.0 ], [ 117.2910403, -0.3194453, 0.0 ], [ 117.2911118, -0.3195089, 0.0 ], [ 117.2913916, -0.319812, 0.0 ], [ 117.2917163, -0.3201178, 0.0 ], [ 117.2919326, -0.3202523, 0.0 ], [ 117.2920252, -0.3202998, 0.0 ], [ 117.2921261, -0.3203423, 0.0 ], [ 117.2925468, -0.3205288, 0.0 ], [ 117.2926762, -0.320624, 0.0 ], [ 117.2929408, -0.3208334, 0.0 ], [ 117.2931664, -0.3209064, 0.0 ], [ 117.2932555, -0.3209312, 0.0 ], [ 117.2933497, -0.3209492, 0.0 ], [ 117.2934484, -0.3209613, 0.0 ], [ 117.2937967, -0.3209779, 0.0 ], [ 117.2938915, -0.3209624, 0.0 ], [ 117.2939885, -0.3209343, 0.0 ], [ 117.2940805, -0.3208901, 0.0 ], [ 117.2941689, -0.3208325, 0.0 ], [ 117.2942473, -0.320764, 0.0 ], [ 117.2943194, -0.3206898, 0.0 ], [ 117.294458, -0.3205174, 0.0 ], [ 117.2946007, -0.3203689, 0.0 ], [ 117.2947721, -0.3202794, 0.0 ], [ 117.294873, -0.3202242, 0.0 ], [ 117.2950367, -0.3201519, 0.0 ], [ 117.2951718, -0.3201043, 0.0 ], [ 117.295345, -0.3200662, 0.0 ], [ 117.2954647, -0.3200688, 0.0 ], [ 117.2955533, -0.320076, 0.0 ], [ 117.2957298, -0.3201191, 0.0 ], [ 117.2958324, -0.3201709, 0.0 ], [ 117.2959694, -0.3202128, 0.0 ], [ 117.2961255, -0.3202471, 0.0 ], [ 117.296316, -0.3202553, 0.0 ], [ 117.2964132, -0.320248, 0.0 ], [ 117.2965051, -0.3202328, 0.0 ], [ 117.2967425, -0.3201634, 0.0 ], [ 117.2969828, -0.3200858, 0.0 ], [ 117.2976131, -0.3197336, 0.0 ], [ 117.2978977, -0.3195523, 0.0 ], [ 117.2979929, -0.3195109, 0.0 ], [ 117.2980895, -0.319491, 0.0 ], [ 117.2981864, -0.3194933, 0.0 ], [ 117.2982801, -0.3195108, 0.0 ], [ 117.2983703, -0.3195336, 0.0 ], [ 117.2986536, -0.3195789, 0.0 ], [ 117.2987548, -0.3195767, 0.0 ], [ 117.2988589, -0.3195655, 0.0 ], [ 117.2991748, -0.3195383, 0.0 ], [ 117.2992769, -0.3195474, 0.0 ], [ 117.2993706, -0.3195631, 0.0 ], [ 117.2994576, -0.3195845, 0.0 ], [ 117.2995394, -0.3196098, 0.0 ], [ 117.2996176, -0.3196414, 0.0 ], [ 117.2999325, -0.3197773, 0.0 ], [ 117.3001257, -0.3198084, 0.0 ], [ 117.3002382, -0.3197991, 0.0 ], [ 117.300328, -0.3197427, 0.0 ], [ 117.3003762, -0.3197156, 0.0 ], [ 117.300415, -0.319686, 0.0 ], [ 117.3004462, -0.3196586, 0.0 ], [ 117.3007575, -0.3194288, 0.0 ], [ 117.3008075, -0.3194138, 0.0 ], [ 117.3008643, -0.3194015, 0.0 ], [ 117.3009819, -0.3193943, 0.0 ], [ 117.3011012, -0.3193907, 0.0 ], [ 117.301166, -0.3193943, 0.0 ], [ 117.3012341, -0.3194038, 0.0 ], [ 117.3016391, -0.3195548, 0.0 ], [ 117.3019953, -0.3197272, 0.0 ], [ 117.3022779, -0.3198771, 0.0 ], [ 117.3026734, -0.3201626, 0.0 ], [ 117.3028462, -0.3202912, 0.0 ], [ 117.3029607, -0.3203482, 0.0 ], [ 117.3030868, -0.3203781, 0.0 ], [ 117.303151, -0.3203931, 0.0 ], [ 117.3032141, -0.320402, 0.0 ], [ 117.3032761, -0.3204064, 0.0 ], [ 117.3034258, -0.3203939, 0.0 ], [ 117.3035429, -0.3203996, 0.0 ], [ 117.3036428, -0.3204239, 0.0 ], [ 117.3037556, -0.3204596, 0.0 ], [ 117.3038969, -0.3205252, 0.0 ], [ 117.3040287, -0.3205947, 0.0 ], [ 117.3041303, -0.3206676, 0.0 ], [ 117.3041808, -0.3207151, 0.0 ], [ 117.304232, -0.3207702, 0.0 ], [ 117.3044637, -0.3213062, 0.0 ], [ 117.3044837, -0.3214632, 0.0 ], [ 117.3045294, -0.3216317, 0.0 ], [ 117.3045594, -0.3217216, 0.0 ], [ 117.3046093, -0.321793, 0.0 ], [ 117.3046686, -0.321844, 0.0 ], [ 117.3047186, -0.3219036, 0.0 ], [ 117.3048411, -0.3220053, 0.0 ], [ 117.3049087, -0.3220464, 0.0 ], [ 117.305128, -0.3221849, 0.0 ], [ 117.3051951, -0.3222465, 0.0 ], [ 117.3052318, -0.3223227, 0.0 ], [ 117.3052703, -0.3223841, 0.0 ], [ 117.3053175, -0.3224783, 0.0 ], [ 117.3054445, -0.3226825, 0.0 ], [ 117.3055665, -0.3228138, 0.0 ], [ 117.3056851, -0.3229021, 0.0 ], [ 117.3058163, -0.3229629, 0.0 ], [ 117.3058851, -0.3229932, 0.0 ], [ 117.3060214, -0.3230705, 0.0 ], [ 117.3060846, -0.3231196, 0.0 ], [ 117.3061936, -0.3232376, 0.0 ], [ 117.3062612, -0.3233963, 0.0 ], [ 117.3063478, -0.3237644, 0.0 ], [ 117.3063544, -0.323984, 0.0 ], [ 117.3063806, -0.3243243, 0.0 ], [ 117.3064153, -0.3244956, 0.0 ], [ 117.3064901, -0.3246622, 0.0 ], [ 117.3065353, -0.3247455, 0.0 ], [ 117.3066185, -0.3248216, 0.0 ], [ 117.30681, -0.324864, 0.0 ], [ 117.3068541, -0.3248736, 0.0 ], [ 117.3070435, -0.3248825, 0.0 ], [ 117.3072734, -0.3249253, 0.0 ], [ 117.3076195, -0.3250916, 0.0 ], [ 117.3077405, -0.3251462, 0.0 ], [ 117.3078494, -0.3251991, 0.0 ], [ 117.3080388, -0.3252824, 0.0 ], [ 117.3084388, -0.3254522, 0.0 ], [ 117.3087601, -0.3256538, 0.0 ], [ 117.3091693, -0.32584, 0.0 ], [ 117.3095812, -0.325976, 0.0 ], [ 117.3097334, -0.3260073, 0.0 ], [ 117.3098079, -0.3260145, 0.0 ], [ 117.3102329, -0.3259685, 0.0 ], [ 117.3105425, -0.3258913, 0.0 ], [ 117.3108064, -0.3258162, 0.0 ], [ 117.3111353, -0.325688, 0.0 ], [ 117.3113566, -0.3256402, 0.0 ], [ 117.3115934, -0.3255537, 0.0 ], [ 117.3117225, -0.3255069, 0.0 ], [ 117.3121487, -0.3253729, 0.0 ], [ 117.3123531, -0.3253193, 0.0 ], [ 117.3130526, -0.325188, 0.0 ], [ 117.31345, -0.3251404, 0.0 ], [ 117.3136723, -0.3251691, 0.0 ], [ 117.3137503, -0.3251717, 0.0 ], [ 117.3142364, -0.3252482, 0.0 ], [ 117.3146322, -0.3253567, 0.0 ], [ 117.3148817, -0.3254542, 0.0 ], [ 117.3150564, -0.325535, 0.0 ], [ 117.3152433, -0.3256188, 0.0 ], [ 117.3155362, -0.3257306, 0.0 ], [ 117.3157733, -0.3258141, 0.0 ], [ 117.3159497, -0.3258824, 0.0 ], [ 117.3160126, -0.3259239, 0.0 ], [ 117.3160618, -0.3259721, 0.0 ], [ 117.3161051, -0.3260308, 0.0 ], [ 117.3161398, -0.3260994, 0.0 ], [ 117.3161641, -0.3262494, 0.0 ], [ 117.3161603, -0.3263345, 0.0 ], [ 117.3161513, -0.3264254, 0.0 ], [ 117.3161368, -0.3265196, 0.0 ], [ 117.3159341, -0.327213, 0.0 ], [ 117.315739, -0.3278031, 0.0 ], [ 117.3156928, -0.3279177, 0.0 ], [ 117.3153369, -0.328555, 0.0 ], [ 117.3152995, -0.3286529, 0.0 ], [ 117.3152734, -0.3287501, 0.0 ], [ 117.3152584, -0.3288447, 0.0 ], [ 117.3152521, -0.3289357, 0.0 ], [ 117.3152535, -0.3290246, 0.0 ], [ 117.3152594, -0.3291109, 0.0 ], [ 117.3153155, -0.3296067, 0.0 ], [ 117.3153298, -0.3299493, 0.0 ], [ 117.3153512, -0.3308321, 0.0 ], [ 117.3153083, -0.3310815, 0.0 ], [ 117.3152665, -0.3312633, 0.0 ], [ 117.3152303, -0.3314127, 0.0 ], [ 117.3151646, -0.3315659, 0.0 ], [ 117.3150685, -0.3317611, 0.0 ], [ 117.314941, -0.3320456, 0.0 ], [ 117.3148191, -0.3323455, 0.0 ], [ 117.3145993, -0.3328651, 0.0 ], [ 117.3144218, -0.3333551, 0.0 ], [ 117.3143619, -0.333555, 0.0 ], [ 117.3143313, -0.3336835, 0.0 ], [ 117.3143328, -0.3337827, 0.0 ], [ 117.3143527, -0.3338867, 0.0 ], [ 117.3143643, -0.3339508, 0.0 ], [ 117.3145146, -0.3344759, 0.0 ], [ 117.3145568, -0.3345545, 0.0 ], [ 117.3146638, -0.334699, 0.0 ], [ 117.3147707, -0.3348319, 0.0 ], [ 117.3148315, -0.3348898, 0.0 ], [ 117.3150976, -0.3350754, 0.0 ], [ 117.3151719, -0.3351056, 0.0 ], [ 117.3152511, -0.3351239, 0.0 ], [ 117.3153309, -0.3351283, 0.0 ], [ 117.3154121, -0.3351216, 0.0 ], [ 117.3154953, -0.3351078, 0.0 ], [ 117.31558, -0.33509, 0.0 ], [ 117.3158433, -0.3350569, 0.0 ], [ 117.3159339, -0.3350641, 0.0 ], [ 117.3160227, -0.3350814, 0.0 ], [ 117.3161087, -0.3351123, 0.0 ], [ 117.3161914, -0.3351584, 0.0 ], [ 117.316238, -0.3352346, 0.0 ], [ 117.3163486, -0.3353976, 0.0 ], [ 117.3165461, -0.33572, 0.0 ], [ 117.3165997, -0.335783, 0.0 ], [ 117.3166782, -0.3358235, 0.0 ], [ 117.3167579, -0.335858, 0.0 ], [ 117.3168622, -0.3358929, 0.0 ], [ 117.316956, -0.3359204, 0.0 ], [ 117.3170542, -0.3359384, 0.0 ], [ 117.3171567, -0.3359484, 0.0 ], [ 117.317304, -0.335921, 0.0 ], [ 117.3174087, -0.3358913, 0.0 ], [ 117.3175174, -0.3358562, 0.0 ], [ 117.3176307, -0.3358222, 0.0 ], [ 117.3177441, -0.3357829, 0.0 ], [ 117.3184652, -0.3355629, 0.0 ], [ 117.3185795, -0.3355552, 0.0 ], [ 117.3186865, -0.335568, 0.0 ], [ 117.318783, -0.3355884, 0.0 ], [ 117.3188734, -0.3356197, 0.0 ], [ 117.3189569, -0.335663, 0.0 ], [ 117.3190315, -0.3357286, 0.0 ], [ 117.3190933, -0.3358053, 0.0 ], [ 117.3191461, -0.3358917, 0.0 ], [ 117.3191893, -0.3359853, 0.0 ], [ 117.3192742, -0.3361863, 0.0 ], [ 117.3194812, -0.3365385, 0.0 ], [ 117.3195686, -0.3366617, 0.0 ], [ 117.3196787, -0.3368169, 0.0 ], [ 117.3199843, -0.3370704, 0.0 ], [ 117.32007, -0.3371444, 0.0 ], [ 117.320342, -0.3373445, 0.0 ], [ 117.3213849, -0.338156, 0.0 ], [ 117.3214647, -0.3382164, 0.0 ], [ 117.3215294, -0.3382719, 0.0 ], [ 117.3216169, -0.3383213, 0.0 ], [ 117.3217656, -0.3384045, 0.0 ], [ 117.3218662, -0.3384333, 0.0 ], [ 117.3219681, -0.3384543, 0.0 ], [ 117.3221787, -0.3384806, 0.0 ], [ 117.3222853, -0.3384844, 0.0 ], [ 117.3223938, -0.3384787, 0.0 ], [ 117.3225149, -0.3384618, 0.0 ], [ 117.3226282, -0.3384274, 0.0 ], [ 117.3227369, -0.3383794, 0.0 ], [ 117.3228408, -0.33832, 0.0 ], [ 117.3229391, -0.3382553, 0.0 ], [ 117.3231096, -0.338117, 0.0 ], [ 117.3234027, -0.3377363, 0.0 ], [ 117.3235036, -0.3375974, 0.0 ], [ 117.3236911, -0.3374193, 0.0 ], [ 117.3238443, -0.3372738, 0.0 ], [ 117.3239738, -0.3371653, 0.0 ], [ 117.3241032, -0.3370891, 0.0 ], [ 117.3242136, -0.3370358, 0.0 ], [ 117.3243297, -0.3370073, 0.0 ], [ 117.324459, -0.3370049, 0.0 ], [ 117.3245821, -0.3369916, 0.0 ], [ 117.3253502, -0.3369493, 0.0 ], [ 117.3256026, -0.3369311, 0.0 ], [ 117.3256832, -0.3369175, 0.0 ], [ 117.3257627, -0.3368954, 0.0 ], [ 117.3258426, -0.3368647, 0.0 ], [ 117.3259251, -0.336829, 0.0 ], [ 117.3261715, -0.3366803, 0.0 ], [ 117.3263742, -0.336558, 0.0 ], [ 117.3267447, -0.3363643, 0.0 ], [ 117.3269567, -0.3362534, 0.0 ], [ 117.3270882, -0.336241, 0.0 ], [ 117.3271792, -0.3362329, 0.0 ], [ 117.3273509, -0.3362628, 0.0 ], [ 117.3274353, -0.3362959, 0.0 ], [ 117.3275236, -0.336338, 0.0 ], [ 117.3279901, -0.336573, 0.0 ], [ 117.3281465, -0.3366477, 0.0 ], [ 117.3283201, -0.3367037, 0.0 ], [ 117.3284164, -0.3367282, 0.0 ], [ 117.3285164, -0.3367451, 0.0 ], [ 117.3287179, -0.3367495, 0.0 ], [ 117.3289092, -0.3367217, 0.0 ], [ 117.3289966, -0.3366973, 0.0 ], [ 117.3290818, -0.3366587, 0.0 ], [ 117.3291651, -0.336605, 0.0 ], [ 117.3292507, -0.3365419, 0.0 ], [ 117.3293343, -0.3364695, 0.0 ], [ 117.3294126, -0.3363878, 0.0 ], [ 117.3294824, -0.3362934, 0.0 ], [ 117.3295481, -0.3361988, 0.0 ], [ 117.3301237, -0.3353725, 0.0 ], [ 117.3304824, -0.3349676, 0.0 ], [ 117.3308897, -0.3345695, 0.0 ], [ 117.3312169, -0.3342199, 0.0 ], [ 117.3313545, -0.3340136, 0.0 ], [ 117.3314083, -0.3339025, 0.0 ], [ 117.3314531, -0.3337884, 0.0 ], [ 117.3314852, -0.3336751, 0.0 ], [ 117.3315071, -0.333563, 0.0 ], [ 117.3315234, -0.3334495, 0.0 ], [ 117.3316356, -0.3326206, 0.0 ], [ 117.3316871, -0.3325129, 0.0 ], [ 117.3317549, -0.3324161, 0.0 ], [ 117.3318361, -0.3323291, 0.0 ], [ 117.3319297, -0.3322502, 0.0 ], [ 117.3320295, -0.3321736, 0.0 ], [ 117.332135, -0.3321018, 0.0 ], [ 117.3323476, -0.3319716, 0.0 ], [ 117.3325563, -0.3318769, 0.0 ], [ 117.3327085, -0.3318412, 0.0 ], [ 117.3328466, -0.3318293, 0.0 ], [ 117.3330084, -0.3318103, 0.0 ], [ 117.3331725, -0.3318031, 0.0 ], [ 117.3334155, -0.331777, 0.0 ], [ 117.3336151, -0.3317555, 0.0 ], [ 117.3338623, -0.3317001, 0.0 ], [ 117.333998, -0.3316298, 0.0 ], [ 117.3341299, -0.3315587, 0.0 ], [ 117.3342695, -0.3314224, 0.0 ], [ 117.3345217, -0.331213, 0.0 ], [ 117.3348225, -0.3309953, 0.0 ], [ 117.3349786, -0.3308894, 0.0 ], [ 117.3351475, -0.3308323, 0.0 ], [ 117.3352278, -0.3308219, 0.0 ], [ 117.3353124, -0.3308197, 0.0 ], [ 117.3353971, -0.3308245, 0.0 ], [ 117.3354788, -0.3308363, 0.0 ], [ 117.3355581, -0.330852, 0.0 ], [ 117.3359271, -0.3309914, 0.0 ], [ 117.3360004, -0.3310179, 0.0 ], [ 117.3361588, -0.331079, 0.0 ], [ 117.3362419, -0.3311144, 0.0 ], [ 117.3364501, -0.3311985, 0.0 ], [ 117.3366671, -0.3313231, 0.0 ], [ 117.3368517, -0.3314674, 0.0 ], [ 117.3371163, -0.3316387, 0.0 ], [ 117.3374171, -0.3317719, 0.0 ], [ 117.3378949, -0.3319337, 0.0 ], [ 117.3383575, -0.3319949, 0.0 ], [ 117.3384761, -0.3319924, 0.0 ], [ 117.3385931, -0.3319784, 0.0 ], [ 117.3387071, -0.3319522, 0.0 ], [ 117.338818, -0.3319134, 0.0 ], [ 117.3390325, -0.331807, 0.0 ], [ 117.33913, -0.3317354, 0.0 ], [ 117.3392169, -0.3316513, 0.0 ], [ 117.3392912, -0.3315593, 0.0 ], [ 117.3393539, -0.3314626, 0.0 ], [ 117.3394014, -0.331358, 0.0 ], [ 117.3394335, -0.331248, 0.0 ], [ 117.3394559, -0.3310133, 0.0 ], [ 117.3394557, -0.3303236, 0.0 ], [ 117.339455, -0.3299972, 0.0 ], [ 117.3394423, -0.3297633, 0.0 ], [ 117.3394144, -0.3292593, 0.0 ], [ 117.3394033, -0.328891, 0.0 ], [ 117.339421, -0.3284493, 0.0 ], [ 117.3394492, -0.3283452, 0.0 ], [ 117.3394883, -0.3282454, 0.0 ], [ 117.3395993, -0.3280606, 0.0 ], [ 117.3396691, -0.3279774, 0.0 ], [ 117.3397449, -0.3278993, 0.0 ], [ 117.3398278, -0.3278265, 0.0 ], [ 117.3400022, -0.3277025, 0.0 ], [ 117.3400842, -0.3276604, 0.0 ], [ 117.3402954, -0.3275837, 0.0 ], [ 117.3403747, -0.3275712, 0.0 ], [ 117.341001, -0.3275622, 0.0 ], [ 117.3411575, -0.3275622, 0.0 ], [ 117.3420209, -0.3275084, 0.0 ], [ 117.3440412, -0.3274271, 0.0 ], [ 117.3445252, -0.3274135, 0.0 ], [ 117.345126, -0.327402, 0.0 ], [ 117.3459148, -0.3273835, 0.0 ], [ 117.3464659, -0.3273695, 0.0 ], [ 117.3468641, -0.3273567, 0.0 ], [ 117.3480761, -0.3272874, 0.0 ], [ 117.3486266, -0.3272449, 0.0 ], [ 117.349401, -0.3271901, 0.0 ], [ 117.35075, -0.3271382, 0.0 ], [ 117.3519472, -0.3270783, 0.0 ], [ 117.3545257, -0.3269568, 0.0 ], [ 117.3573022, -0.3268234, 0.0 ], [ 117.3581433, -0.3267306, 0.0 ], [ 117.3589357, -0.3267092, 0.0 ], [ 117.3598744, -0.3267056, 0.0 ], [ 117.3610477, -0.32667, 0.0 ], [ 117.3620659, -0.3266449, 0.0 ], [ 117.3631488, -0.3265742, 0.0 ], [ 117.3634222, -0.3264701, 0.0 ], [ 117.3640396, -0.3262309, 0.0 ], [ 117.3646214, -0.3260207, 0.0 ], [ 117.3653005, -0.3257857, 0.0 ], [ 117.3656863, -0.3257091, 0.0 ], [ 117.3660598, -0.3256349, 0.0 ], [ 117.3663917, -0.3256352, 0.0 ], [ 117.3666492, -0.3256355, 0.0 ], [ 117.3669271, -0.3256563, 0.0 ], [ 117.3673732, -0.3256491, 0.0 ], [ 117.3676014, -0.3256116, 0.0 ], [ 117.3678721, -0.3255671, 0.0 ], [ 117.3684691, -0.3253898, 0.0 ], [ 117.3688218, -0.3253112, 0.0 ], [ 117.3689433, -0.325303, 0.0 ], [ 117.3690693, -0.3253083, 0.0 ], [ 117.3691988, -0.3253265, 0.0 ], [ 117.3693291, -0.3253556, 0.0 ], [ 117.3695832, -0.3254416, 0.0 ], [ 117.3709802, -0.3263199, 0.0 ], [ 117.3726347, -0.3276061, 0.0 ], [ 117.3730483, -0.3279941, 0.0 ], [ 117.373448, -0.3280905, 0.0 ], [ 117.37368, -0.3281047, 0.0 ], [ 117.3751184, -0.3282404, 0.0 ], [ 117.3753076, -0.328301, 0.0 ], [ 117.3754989, -0.3284585, 0.0 ], [ 117.3755781, -0.3285259, 0.0 ], [ 117.3756529, -0.3286022, 0.0 ], [ 117.3757222, -0.3286849, 0.0 ], [ 117.3757894, -0.3287715, 0.0 ], [ 117.376562, -0.3298754, 0.0 ], [ 117.3768866, -0.3303659, 0.0 ], [ 117.3769494, -0.3304605, 0.0 ], [ 117.37789, -0.3319919, 0.0 ], [ 117.3781736, -0.3324035, 0.0 ], [ 117.378236, -0.3324729, 0.0 ], [ 117.3783831, -0.3325951, 0.0 ], [ 117.378467, -0.3326412, 0.0 ], [ 117.378616, -0.3326815, 0.0 ], [ 117.3787097, -0.3327078, 0.0 ], [ 117.3788091, -0.3327275, 0.0 ], [ 117.378916, -0.3327438, 0.0 ], [ 117.3801229, -0.3328352, 0.0 ], [ 117.3815905, -0.3330008, 0.0 ], [ 117.3826565, -0.3330331, 0.0 ], [ 117.383298, -0.3330549, 0.0 ], [ 117.3836151, -0.3330594, 0.0 ], [ 117.3842879, -0.3331017, 0.0 ], [ 117.3844516, -0.3331131, 0.0 ], [ 117.3846058, -0.3331397, 0.0 ], [ 117.3847441, -0.3331915, 0.0 ], [ 117.3848364, -0.3332212, 0.0 ], [ 117.3849264, -0.3332594, 0.0 ], [ 117.3850139, -0.3333045, 0.0 ], [ 117.3850945, -0.3333713, 0.0 ], [ 117.3851576, -0.3334189, 0.0 ], [ 117.3852242, -0.3334736, 0.0 ], [ 117.385292, -0.3335414, 0.0 ], [ 117.3853563, -0.3336187, 0.0 ], [ 117.3854502, -0.333746, 0.0 ], [ 117.3855094, -0.3338243, 0.0 ], [ 117.3855894, -0.3339352, 0.0 ], [ 117.3856537, -0.334022, 0.0 ], [ 117.3857144, -0.3340934, 0.0 ], [ 117.3857739, -0.3341624, 0.0 ], [ 117.3858159, -0.3341974, 0.0 ], [ 117.3858649, -0.3342383, 0.0 ], [ 117.3859399, -0.3342916, 0.0 ], [ 117.3860142, -0.3343321, 0.0 ], [ 117.3860892, -0.3343519, 0.0 ], [ 117.3861656, -0.3343471, 0.0 ], [ 117.3862369, -0.3343146, 0.0 ], [ 117.3862991, -0.3342628, 0.0 ], [ 117.3863555, -0.3342028, 0.0 ], [ 117.3864069, -0.3341371, 0.0 ], [ 117.3864537, -0.3340671, 0.0 ], [ 117.3864971, -0.3339914, 0.0 ], [ 117.3865384, -0.3339117, 0.0 ], [ 117.3868926, -0.3332627, 0.0 ], [ 117.3870556, -0.3329277, 0.0 ], [ 117.387194, -0.3327092, 0.0 ], [ 117.3872697, -0.332625, 0.0 ], [ 117.3873332, -0.332561, 0.0 ], [ 117.3874571, -0.3324503, 0.0 ], [ 117.387511, -0.3323794, 0.0 ], [ 117.3875654, -0.3323023, 0.0 ], [ 117.3876145, -0.332217, 0.0 ], [ 117.3876612, -0.3321267, 0.0 ], [ 117.3883078, -0.3308808, 0.0 ], [ 117.3885938, -0.330419, 0.0 ], [ 117.3886707, -0.3303423, 0.0 ], [ 117.3887576, -0.3302719, 0.0 ], [ 117.3888514, -0.330206, 0.0 ], [ 117.3889491, -0.330143, 0.0 ], [ 117.390143, -0.329357, 0.0 ], [ 117.390218, -0.329279, 0.0 ], [ 117.3902906, -0.3291948, 0.0 ], [ 117.3908552, -0.3283558, 0.0 ], [ 117.3910673, -0.3280502, 0.0 ], [ 117.3912834, -0.327769, 0.0 ], [ 117.3913601, -0.3276941, 0.0 ], [ 117.3915753, -0.3275106, 0.0 ], [ 117.3916917, -0.3274144, 0.0 ], [ 117.3922482, -0.3269472, 0.0 ], [ 117.392325, -0.3268711, 0.0 ], [ 117.3928773, -0.3264385, 0.0 ], [ 117.3935061, -0.3259984, 0.0 ], [ 117.3939592, -0.3256675, 0.0 ], [ 117.3944569, -0.3253407, 0.0 ], [ 117.395139, -0.3249599, 0.0 ], [ 117.3952369, -0.3249379, 0.0 ], [ 117.3953366, -0.3249302, 0.0 ], [ 117.3954356, -0.324937, 0.0 ], [ 117.3955316, -0.3249512, 0.0 ], [ 117.3967975, -0.3252167, 0.0 ], [ 117.3977897, -0.3255069, 0.0 ], [ 117.397889, -0.3255395, 0.0 ], [ 117.3984137, -0.3256938, 0.0 ], [ 117.3992199, -0.3259332, 0.0 ], [ 117.3995662, -0.3260748, 0.0 ], [ 117.3999824, -0.3262966, 0.0 ], [ 117.4009237, -0.3268829, 0.0 ], [ 117.4016793, -0.3271287, 0.0 ], [ 117.4020456, -0.3271761, 0.0 ], [ 117.4035899, -0.3273157, 0.0 ], [ 117.4040959, -0.3273457, 0.0 ], [ 117.4044899, -0.3272739, 0.0 ], [ 117.4045738, -0.3272391, 0.0 ], [ 117.4049868, -0.3270196, 0.0 ], [ 117.4050534, -0.3269961, 0.0 ], [ 117.4051249, -0.3269784, 0.0 ], [ 117.4052023, -0.3269682, 0.0 ], [ 117.4052848, -0.3269656, 0.0 ], [ 117.4053729, -0.3269667, 0.0 ], [ 117.4058921, -0.3269963, 0.0 ], [ 117.4063181, -0.3271184, 0.0 ], [ 117.4064226, -0.3271764, 0.0 ], [ 117.4072294, -0.3277592, 0.0 ], [ 117.4073266, -0.3278419, 0.0 ], [ 117.4073874, -0.3278878, 0.0 ], [ 117.40757, -0.328019, 0.0 ], [ 117.4078799, -0.3282286, 0.0 ], [ 117.4079221, -0.3282565, 0.0 ], [ 117.4080209, -0.3283005, 0.0 ], [ 117.4081781, -0.3283355, 0.0 ], [ 117.4087252, -0.328286, 0.0 ], [ 117.409163, -0.3282918, 0.0 ], [ 117.4096279, -0.3282836, 0.0 ], [ 117.4103127, -0.328257, 0.0 ], [ 117.4107704, -0.3282765, 0.0 ], [ 117.4108755, -0.3283121, 0.0 ], [ 117.4109664, -0.3283699, 0.0 ], [ 117.411041, -0.328447, 0.0 ], [ 117.4111052, -0.3285329, 0.0 ], [ 117.4113592, -0.3288601, 0.0 ], [ 117.4114348, -0.3289225, 0.0 ], [ 117.4115172, -0.3289705, 0.0 ], [ 117.4116073, -0.329007, 0.0 ], [ 117.4117062, -0.3290292, 0.0 ], [ 117.4119207, -0.3290357, 0.0 ], [ 117.4130981, -0.3288498, 0.0 ], [ 117.4137983, -0.3287163, 0.0 ], [ 117.4140709, -0.3286638, 0.0 ], [ 117.4142653, -0.3286266, 0.0 ], [ 117.4144671, -0.3285676, 0.0 ], [ 117.4148573, -0.3284086, 0.0 ], [ 117.4150842, -0.3283102, 0.0 ] ] } },
{ "type": "Feature", "properties": { "OBJECTID": 0, "Kl_Dat_Das": "Jalan Non Tol", "Nm_Ruas": "DONDANG - SIMP. SAMBOJA", "Thn_Data": 2023, "Status": "Jalan Provinsi", "Fungsi": "Jalan Kolektor Primer 2", "Mendukung": "Non Strategis", "Ura_Dukung": null, "Kd_Bd_PU": "2", "Kd_Jns_Inf": "1", "Kd_Inf": "34 044", "Propinsi": "Kalimantan Timur", "Kab_Kot": "Kutai Kartanegara", "Kecamatan": "Muara Jawa / Samboja", "Desa_Kel": "HANDIL BARU DARAT / HANDIL BARU / SENIPAH / TELUK PEMEDAS / SEMBOJA KUALA / WONOTIRTO / SEI. SELUANG", "Tk_Ruas_Aw": "-0.791615, 117.228734", "Tk_Ruas_Ak": "-1.017733, 117.023401", "Kd_Patok": null, "Km_Awal": 0.0, "Km_Akhir": 44.682552894600001, "Nm_Lintas": null, "Kon_Baik": 0.0, "Kon_Sdg": 0.0, "Kon_Rgn": 24.17, "Kon_Rusak": 0.0, "Kon_Mntp": 20.5, "Kon_T_Mntp": 24.17, "Panjang": 44.671984229499998, "Lbr_Keras": 6.0, "LHRT": 0.0, "VCR": 0.0, "Tipe_Jln": 2, "MST": 8.0, "Tanah_Kri": 0.0, "Macadam": 0.0, "Aspal": 74.457130064899999, "Rigid": 25.542869935100001, "Thn_Pen_Ak": 2016, "Jns_Pen": "Peningkatan", "Koord_X_Aw": 117.228734242, "Koord_Y_Aw": -0.791615183, "Koord_X_Ak": 117.023325562, "Koord_Y_Ak": -1.017725654, "Shape_Leng": 0.0, "Status_J_1": "Sudah Terbangun", "Keterangan": null, "Masuk": "YES", "panjangjal": 44.682552894600001 }, "geometry": { "type": "LineString", "coordinates": [ [ 117.2287342, -0.7916152, 0.0 ], [ 117.2295301, -0.8034239, 0.0 ], [ 117.2295371, -0.8036374, 0.0 ], [ 117.2295915, -0.8046619, 0.0 ], [ 117.2297568, -0.8072702, 0.0 ], [ 117.2299386, -0.8095794, 0.0 ], [ 117.2300324, -0.8108355, 0.0 ], [ 117.2300462, -0.8110423, 0.0 ], [ 117.2300674, -0.8111322, 0.0 ], [ 117.2303571, -0.8116936, 0.0 ], [ 117.2304164, -0.811768, 0.0 ], [ 117.2317034, -0.8128313, 0.0 ], [ 117.2329777, -0.8138616, 0.0 ], [ 117.2341213, -0.8149392, 0.0 ], [ 117.2341983, -0.8150262, 0.0 ], [ 117.2342717, -0.8151123, 0.0 ], [ 117.2343319, -0.815199, 0.0 ], [ 117.2343809, -0.815284, 0.0 ], [ 117.2344213, -0.8153691, 0.0 ], [ 117.2344491, -0.8154543, 0.0 ], [ 117.2344623, -0.8155393, 0.0 ], [ 117.2344604, -0.8156241, 0.0 ], [ 117.2344413, -0.8157095, 0.0 ], [ 117.2344092, -0.8157929, 0.0 ], [ 117.2343655, -0.8158722, 0.0 ], [ 117.2334098, -0.8167893, 0.0 ], [ 117.2332669, -0.8169346, 0.0 ], [ 117.2332021, -0.8170166, 0.0 ], [ 117.2329845, -0.8174324, 0.0 ], [ 117.232941, -0.8175487, 0.0 ], [ 117.232906, -0.8176689, 0.0 ], [ 117.232879, -0.8177926, 0.0 ], [ 117.2328582, -0.8179198, 0.0 ], [ 117.2328478, -0.8180483, 0.0 ], [ 117.2328459, -0.8181745, 0.0 ], [ 117.2328769, -0.8184203, 0.0 ], [ 117.2330702, -0.8190124, 0.0 ], [ 117.2336952, -0.8208066, 0.0 ], [ 117.2339806, -0.821731, 0.0 ], [ 117.2340573, -0.8224633, 0.0 ], [ 117.2340355, -0.8234791, 0.0 ], [ 117.2340057, -0.8248325, 0.0 ], [ 117.2339869, -0.8257706, 0.0 ], [ 117.2339685, -0.8266647, 0.0 ], [ 117.2339532, -0.82702, 0.0 ], [ 117.233925, -0.827305, 0.0 ], [ 117.2335107, -0.8283886, 0.0 ], [ 117.2332181, -0.8289346, 0.0 ], [ 117.2329525, -0.8293954, 0.0 ], [ 117.2329239, -0.8294427, 0.0 ], [ 117.2327047, -0.8298148, 0.0 ], [ 117.2323636, -0.8303929, 0.0 ], [ 117.2316601, -0.8316021, 0.0 ], [ 117.2313485, -0.8321512, 0.0 ], [ 117.2310683, -0.8326574, 0.0 ], [ 117.2305712, -0.8334611, 0.0 ], [ 117.229804, -0.8344469, 0.0 ], [ 117.2291123, -0.8353195, 0.0 ], [ 117.2290676, -0.8353919, 0.0 ], [ 117.2290339, -0.8354639, 0.0 ], [ 117.2290084, -0.8355386, 0.0 ], [ 117.2288874, -0.836489, 0.0 ], [ 117.2287168, -0.8368705, 0.0 ], [ 117.2279705, -0.8378303, 0.0 ], [ 117.2270476, -0.8387929, 0.0 ], [ 117.2259274, -0.839739, 0.0 ], [ 117.2250118, -0.8405134, 0.0 ], [ 117.2248563, -0.8406241, 0.0 ], [ 117.2243413, -0.8410221, 0.0 ], [ 117.2242773, -0.8410762, 0.0 ], [ 117.2242166, -0.8411378, 0.0 ], [ 117.2241234, -0.8412811, 0.0 ], [ 117.2240923, -0.8413582, 0.0 ], [ 117.22402, -0.841697, 0.0 ], [ 117.2238762, -0.8425954, 0.0 ], [ 117.2237854, -0.8431812, 0.0 ], [ 117.2237294, -0.8434741, 0.0 ], [ 117.2237178, -0.8435387, 0.0 ], [ 117.2237028, -0.8435989, 0.0 ], [ 117.2236839, -0.8436536, 0.0 ], [ 117.2236598, -0.8437064, 0.0 ], [ 117.2236279, -0.8437617, 0.0 ], [ 117.2234084, -0.8440387, 0.0 ], [ 117.223191, -0.8442891, 0.0 ], [ 117.2228994, -0.8446254, 0.0 ], [ 117.222144, -0.8454649, 0.0 ], [ 117.2215137, -0.8461636, 0.0 ], [ 117.2212254, -0.8464838, 0.0 ], [ 117.2209383, -0.8468292, 0.0 ], [ 117.2202048, -0.8476453, 0.0 ], [ 117.2195224, -0.8484489, 0.0 ], [ 117.2190897, -0.8491104, 0.0 ], [ 117.2189267, -0.8493569, 0.0 ], [ 117.2185802, -0.8498964, 0.0 ], [ 117.2183856, -0.8501831, 0.0 ], [ 117.2181476, -0.8505053, 0.0 ], [ 117.2178596, -0.8508757, 0.0 ], [ 117.2174359, -0.8513925, 0.0 ], [ 117.2173828, -0.8514701, 0.0 ], [ 117.2173395, -0.8515543, 0.0 ], [ 117.21713, -0.8525141, 0.0 ], [ 117.2171144, -0.8525846, 0.0 ], [ 117.2171029, -0.8526446, 0.0 ], [ 117.2168972, -0.8535609, 0.0 ], [ 117.2166386, -0.854745, 0.0 ], [ 117.2164921, -0.8553838, 0.0 ], [ 117.2164218, -0.8556308, 0.0 ], [ 117.2163201, -0.8561596, 0.0 ], [ 117.2162341, -0.8565875, 0.0 ], [ 117.2161442, -0.8569979, 0.0 ], [ 117.2160977, -0.8571395, 0.0 ], [ 117.2157881, -0.8576093, 0.0 ], [ 117.2149089, -0.8588556, 0.0 ], [ 117.2144793, -0.859453, 0.0 ], [ 117.2141926, -0.8598582, 0.0 ], [ 117.2135007, -0.8608361, 0.0 ], [ 117.2131258, -0.8613641, 0.0 ], [ 117.2128666, -0.8617364, 0.0 ], [ 117.2125296, -0.8622532, 0.0 ], [ 117.212477, -0.8623205, 0.0 ], [ 117.212425, -0.8623795, 0.0 ], [ 117.2123767, -0.862436, 0.0 ], [ 117.2121806, -0.8627213, 0.0 ], [ 117.2119088, -0.8632271, 0.0 ], [ 117.2117116, -0.8637606, 0.0 ], [ 117.2115685, -0.8641859, 0.0 ], [ 117.2114798, -0.8644715, 0.0 ], [ 117.21124, -0.8651199, 0.0 ], [ 117.2111197, -0.8654506, 0.0 ], [ 117.2109998, -0.8657871, 0.0 ], [ 117.2106274, -0.8668223, 0.0 ], [ 117.2101716, -0.8680971, 0.0 ], [ 117.2099765, -0.8686617, 0.0 ], [ 117.2098619, -0.8689307, 0.0 ], [ 117.2098243, -0.8690082, 0.0 ], [ 117.2096055, -0.8693301, 0.0 ], [ 117.2090042, -0.8700866, 0.0 ], [ 117.2082271, -0.8710271, 0.0 ], [ 117.2078155, -0.8715458, 0.0 ], [ 117.2077935, -0.8715883, 0.0 ], [ 117.2076533, -0.8719534, 0.0 ], [ 117.2076117, -0.8721591, 0.0 ], [ 117.2077485, -0.8730901, 0.0 ], [ 117.2078998, -0.8736665, 0.0 ], [ 117.2079724, -0.8738279, 0.0 ], [ 117.2084383, -0.8746823, 0.0 ], [ 117.2084807, -0.8747637, 0.0 ], [ 117.2085132, -0.8748362, 0.0 ], [ 117.2085272, -0.8749051, 0.0 ], [ 117.2085302, -0.874965, 0.0 ], [ 117.208525, -0.8750217, 0.0 ], [ 117.2085082, -0.8750746, 0.0 ], [ 117.2084844, -0.8751188, 0.0 ], [ 117.2082472, -0.8754, 0.0 ], [ 117.2082134, -0.8754331, 0.0 ], [ 117.2081813, -0.875461, 0.0 ], [ 117.2080916, -0.8755677, 0.0 ], [ 117.2079091, -0.8758165, 0.0 ], [ 117.2075872, -0.8767011, 0.0 ], [ 117.2072455, -0.8777884, 0.0 ], [ 117.2072111, -0.8778838, 0.0 ], [ 117.2069929, -0.8782624, 0.0 ], [ 117.2066838, -0.8785913, 0.0 ], [ 117.206651, -0.878623, 0.0 ], [ 117.2065909, -0.878717, 0.0 ], [ 117.2065583, -0.8787841, 0.0 ], [ 117.2065316, -0.8788612, 0.0 ], [ 117.2065299, -0.8792359, 0.0 ], [ 117.2065373, -0.8793253, 0.0 ], [ 117.206173, -0.8806431, 0.0 ], [ 117.2061251, -0.8807463, 0.0 ], [ 117.2056334, -0.8814323, 0.0 ], [ 117.2054326, -0.8816826, 0.0 ], [ 117.2053792, -0.8817512, 0.0 ], [ 117.2053211, -0.8818239, 0.0 ], [ 117.2052549, -0.8818936, 0.0 ], [ 117.2051765, -0.8819618, 0.0 ], [ 117.2050853, -0.8820243, 0.0 ], [ 117.2041415, -0.8825061, 0.0 ], [ 117.2039195, -0.8826331, 0.0 ], [ 117.2038256, -0.8827017, 0.0 ], [ 117.2037443, -0.8827754, 0.0 ], [ 117.2036744, -0.8828543, 0.0 ], [ 117.2031823, -0.8838835, 0.0 ], [ 117.202516, -0.8854504, 0.0 ], [ 117.2020073, -0.8866243, 0.0 ], [ 117.2017768, -0.8871524, 0.0 ], [ 117.2016313, -0.8877046, 0.0 ], [ 117.2016218, -0.8877988, 0.0 ], [ 117.2016319, -0.8880508, 0.0 ], [ 117.2017503, -0.8884252, 0.0 ], [ 117.2018713, -0.8886692, 0.0 ], [ 117.2021757, -0.8893618, 0.0 ], [ 117.2022232, -0.8894894, 0.0 ], [ 117.2023271, -0.8897076, 0.0 ], [ 117.2023789, -0.8900533, 0.0 ], [ 117.2025291, -0.8909785, 0.0 ], [ 117.2029145, -0.8924499, 0.0 ], [ 117.2032943, -0.8936591, 0.0 ], [ 117.2038591, -0.8953849, 0.0 ], [ 117.2044349, -0.8970221, 0.0 ], [ 117.2049905, -0.8986629, 0.0 ], [ 117.2054235, -0.8999773, 0.0 ], [ 117.2059908, -0.9015618, 0.0 ], [ 117.206792, -0.9039835, 0.0 ], [ 117.2072532, -0.9053802, 0.0 ], [ 117.2078331, -0.907068, 0.0 ], [ 117.2085323, -0.9092159, 0.0 ], [ 117.2086602, -0.9096133, 0.0 ], [ 117.2089167, -0.9103773, 0.0 ], [ 117.2094025, -0.9117121, 0.0 ], [ 117.2100315, -0.9135234, 0.0 ], [ 117.2109323, -0.916044, 0.0 ], [ 117.2112936, -0.9170573, 0.0 ], [ 117.2120111, -0.919101, 0.0 ], [ 117.2123433, -0.9200216, 0.0 ], [ 117.2128152, -0.9212996, 0.0 ], [ 117.2130983, -0.9219213, 0.0 ], [ 117.2131319, -0.9219823, 0.0 ], [ 117.2132434, -0.9222896, 0.0 ], [ 117.2132495, -0.9223349, 0.0 ], [ 117.2132413, -0.9223813, 0.0 ], [ 117.2132093, -0.922426, 0.0 ], [ 117.2131245, -0.9224851, 0.0 ], [ 117.2130925, -0.9224986, 0.0 ], [ 117.2130683, -0.9225066, 0.0 ], [ 117.2126788, -0.9226572, 0.0 ], [ 117.2125972, -0.9226909, 0.0 ], [ 117.2116889, -0.923069, 0.0 ], [ 117.2103147, -0.923661, 0.0 ], [ 117.2089302, -0.9242155, 0.0 ], [ 117.2073388, -0.924834, 0.0 ], [ 117.2060505, -0.9254131, 0.0 ], [ 117.2052069, -0.925785, 0.0 ], [ 117.2051681, -0.9258002, 0.0 ], [ 117.2047829, -0.9259724, 0.0 ], [ 117.2041528, -0.9262848, 0.0 ], [ 117.2031967, -0.9267869, 0.0 ], [ 117.2012693, -0.9276774, 0.0 ], [ 117.1994608, -0.9284534, 0.0 ], [ 117.1977841, -0.9292701, 0.0 ], [ 117.1959931, -0.9301579, 0.0 ], [ 117.1956069, -0.9303818, 0.0 ], [ 117.1955432, -0.93042, 0.0 ], [ 117.1954013, -0.930509, 0.0 ], [ 117.1946602, -0.9309885, 0.0 ], [ 117.19337, -0.931765, 0.0 ], [ 117.192787, -0.9321021, 0.0 ], [ 117.1914236, -0.9331248, 0.0 ], [ 117.189649, -0.9346007, 0.0 ], [ 117.188005, -0.9358727, 0.0 ], [ 117.1871592, -0.9366118, 0.0 ], [ 117.1870251, -0.9367037, 0.0 ], [ 117.1856449, -0.9374916, 0.0 ], [ 117.1852114, -0.9377456, 0.0 ], [ 117.1851107, -0.9378224, 0.0 ], [ 117.1844894, -0.9384703, 0.0 ], [ 117.1841766, -0.9388943, 0.0 ], [ 117.1840847, -0.9389819, 0.0 ], [ 117.1839834, -0.9390589, 0.0 ], [ 117.1825311, -0.939856, 0.0 ], [ 117.1814882, -0.9404021, 0.0 ], [ 117.1814399, -0.9404164, 0.0 ], [ 117.1813047, -0.9404839, 0.0 ], [ 117.1812132, -0.9405303, 0.0 ], [ 117.1807113, -0.9408349, 0.0 ], [ 117.179761, -0.9414599, 0.0 ], [ 117.178265, -0.9425207, 0.0 ], [ 117.1767244, -0.9436194, 0.0 ], [ 117.1758296, -0.9442752, 0.0 ], [ 117.175361, -0.944765, 0.0 ], [ 117.1749967, -0.9453375, 0.0 ], [ 117.174365, -0.9462978, 0.0 ], [ 117.1733232, -0.9476193, 0.0 ], [ 117.171797, -0.9489761, 0.0 ], [ 117.1699277, -0.9505816, 0.0 ], [ 117.1694572, -0.9509875, 0.0 ], [ 117.1693497, -0.951074, 0.0 ], [ 117.1692896, -0.9511223, 0.0 ], [ 117.1690727, -0.9513002, 0.0 ], [ 117.1682187, -0.9518073, 0.0 ], [ 117.1679645, -0.9519357, 0.0 ], [ 117.1678851, -0.9519972, 0.0 ], [ 117.1678102, -0.9520743, 0.0 ], [ 117.1677396, -0.9521615, 0.0 ], [ 117.1676683, -0.9522538, 0.0 ], [ 117.1667223, -0.9535177, 0.0 ], [ 117.1659644, -0.9545172, 0.0 ], [ 117.1652275, -0.9554891, 0.0 ], [ 117.1645163, -0.9564697, 0.0 ], [ 117.1641332, -0.9573629, 0.0 ], [ 117.1640642, -0.9574858, 0.0 ], [ 117.1639883, -0.9576022, 0.0 ], [ 117.162961, -0.9590022, 0.0 ], [ 117.1619662, -0.9604362, 0.0 ], [ 117.161014, -0.9620674, 0.0 ], [ 117.1602706, -0.9632188, 0.0 ], [ 117.1596622, -0.9645202, 0.0 ], [ 117.1592131, -0.9653449, 0.0 ], [ 117.1590446, -0.9656204, 0.0 ], [ 117.1588387, -0.9659497, 0.0 ], [ 117.1586499, -0.9661639, 0.0 ], [ 117.1579318, -0.9669337, 0.0 ], [ 117.1568277, -0.9679931, 0.0 ], [ 117.1556769, -0.9694223, 0.0 ], [ 117.1546505, -0.9709138, 0.0 ], [ 117.1541047, -0.9716952, 0.0 ], [ 117.1532166, -0.9727921, 0.0 ], [ 117.1527187, -0.9735446, 0.0 ], [ 117.1524914, -0.9739436, 0.0 ], [ 117.1523092, -0.9741931, 0.0 ], [ 117.1518878, -0.9748738, 0.0 ], [ 117.1516677, -0.9752354, 0.0 ], [ 117.1514995, -0.9755049, 0.0 ], [ 117.1509951, -0.9763424, 0.0 ], [ 117.1503924, -0.9775652, 0.0 ], [ 117.1494704, -0.9789545, 0.0 ], [ 117.1487733, -0.9801079, 0.0 ], [ 117.1484096, -0.9807449, 0.0 ], [ 117.1483823, -0.9808457, 0.0 ], [ 117.1481713, -0.9819944, 0.0 ], [ 117.14797, -0.9831298, 0.0 ], [ 117.1476034, -0.9841025, 0.0 ], [ 117.1472478, -0.9851812, 0.0 ], [ 117.146921, -0.9858744, 0.0 ], [ 117.146872, -0.9859307, 0.0 ], [ 117.1468191, -0.9859817, 0.0 ], [ 117.1467638, -0.9860281, 0.0 ], [ 117.1467041, -0.9860709, 0.0 ], [ 117.1466404, -0.9861081, 0.0 ], [ 117.1465717, -0.9861393, 0.0 ], [ 117.1464997, -0.9861667, 0.0 ], [ 117.1460443, -0.9864035, 0.0 ], [ 117.1460023, -0.9864528, 0.0 ], [ 117.1459673, -0.9865083, 0.0 ], [ 117.1459378, -0.9865668, 0.0 ], [ 117.1459113, -0.9866263, 0.0 ], [ 117.1456731, -0.9870901, 0.0 ], [ 117.1456189, -0.9871459, 0.0 ], [ 117.1455533, -0.9871999, 0.0 ], [ 117.1448299, -0.9877899, 0.0 ], [ 117.1439616, -0.9885969, 0.0 ], [ 117.1438698, -0.9887118, 0.0 ], [ 117.1432398, -0.989548, 0.0 ], [ 117.142592, -0.9904859, 0.0 ], [ 117.1416572, -0.9921074, 0.0 ], [ 117.1409203, -0.9932932, 0.0 ], [ 117.1396393, -0.9947027, 0.0 ], [ 117.1388024, -0.9953787, 0.0 ], [ 117.138717, -0.9954941, 0.0 ], [ 117.1379013, -0.9967428, 0.0 ], [ 117.1373309, -0.997284, 0.0 ], [ 117.1361422, -0.998371, 0.0 ], [ 117.1348782, -0.9995227, 0.0 ], [ 117.133842, -1.0006207, 0.0 ], [ 117.1329517, -1.001473, 0.0 ], [ 117.1318385, -1.0025089, 0.0 ], [ 117.1307668, -1.0035298, 0.0 ], [ 117.1296389, -1.0046133, 0.0 ], [ 117.128842, -1.0053939, 0.0 ], [ 117.1281931, -1.0060347, 0.0 ], [ 117.1281104, -1.0061173, 0.0 ], [ 117.1270786, -1.0071268, 0.0 ], [ 117.1260057, -1.0082782, 0.0 ], [ 117.124762, -1.0097238, 0.0 ], [ 117.1234682, -1.0110957, 0.0 ], [ 117.1220693, -1.0123273, 0.0 ], [ 117.121082, -1.013183, 0.0 ], [ 117.119919, -1.0142381, 0.0 ], [ 117.1194278, -1.0146736, 0.0 ], [ 117.1189345, -1.0151308, 0.0 ], [ 117.1182393, -1.0157557, 0.0 ], [ 117.1178119, -1.01614, 0.0 ], [ 117.1170018, -1.016872, 0.0 ], [ 117.1161559, -1.0176592, 0.0 ], [ 117.1155082, -1.0184333, 0.0 ], [ 117.1154661, -1.0184835, 0.0 ], [ 117.1153483, -1.0186736, 0.0 ], [ 117.1152893, -1.0188003, 0.0 ], [ 117.115272, -1.0188548, 0.0 ], [ 117.1152641, -1.0188981, 0.0 ], [ 117.115261, -1.0189283, 0.0 ], [ 117.1152601, -1.0189564, 0.0 ], [ 117.1152226, -1.0192653, 0.0 ], [ 117.1151783, -1.0197284, 0.0 ], [ 117.1151777, -1.019799, 0.0 ], [ 117.1151609, -1.0202888, 0.0 ], [ 117.1151604, -1.0204877, 0.0 ], [ 117.1151233, -1.0206696, 0.0 ], [ 117.1150965, -1.0207333, 0.0 ], [ 117.1145223, -1.0216802, 0.0 ], [ 117.1136904, -1.0229561, 0.0 ], [ 117.1130609, -1.0236124, 0.0 ], [ 117.1126487, -1.0239274, 0.0 ], [ 117.1125461, -1.0239697, 0.0 ], [ 117.112441, -1.0240021, 0.0 ], [ 117.1123343, -1.0240241, 0.0 ], [ 117.1122292, -1.0240351, 0.0 ], [ 117.1121301, -1.0240323, 0.0 ], [ 117.1120371, -1.0240186, 0.0 ], [ 117.1119536, -1.0239994, 0.0 ], [ 117.1118858, -1.0239762, 0.0 ], [ 117.1118241, -1.0239485, 0.0 ], [ 117.1117642, -1.0239151, 0.0 ], [ 117.1117048, -1.0238789, 0.0 ], [ 117.1112856, -1.023544, 0.0 ], [ 117.111062, -1.0233765, 0.0 ], [ 117.1103806, -1.0228374, 0.0 ], [ 117.109822, -1.0224011, 0.0 ], [ 117.1091817, -1.0218919, 0.0 ], [ 117.1085487, -1.0213739, 0.0 ], [ 117.1075651, -1.0206084, 0.0 ], [ 117.1064343, -1.019721, 0.0 ], [ 117.1054318, -1.0189576, 0.0 ], [ 117.104672, -1.0183625, 0.0 ], [ 117.1038834, -1.0177244, 0.0 ], [ 117.1029951, -1.0170014, 0.0 ], [ 117.1020002, -1.0161971, 0.0 ], [ 117.1010785, -1.0154544, 0.0 ], [ 117.1001628, -1.0147068, 0.0 ], [ 117.0989768, -1.0137335, 0.0 ], [ 117.0980657, -1.0130173, 0.0 ], [ 117.0979846, -1.0129764, 0.0 ], [ 117.0978996, -1.012945, 0.0 ], [ 117.0978118, -1.0129191, 0.0 ], [ 117.0977212, -1.0129065, 0.0 ], [ 117.0976295, -1.0129029, 0.0 ], [ 117.0975397, -1.012906, 0.0 ], [ 117.0963158, -1.0130215, 0.0 ], [ 117.0958076, -1.0130303, 0.0 ], [ 117.0957505, -1.0130153, 0.0 ], [ 117.0954295, -1.0129154, 0.0 ], [ 117.0952498, -1.0128653, 0.0 ], [ 117.0943069, -1.0125625, 0.0 ], [ 117.0933212, -1.0122416, 0.0 ], [ 117.0932436, -1.0122031, 0.0 ], [ 117.0925643, -1.0116128, 0.0 ], [ 117.0919969, -1.0109962, 0.0 ], [ 117.0919276, -1.0109444, 0.0 ], [ 117.0918555, -1.0108991, 0.0 ], [ 117.0917796, -1.0108605, 0.0 ], [ 117.0916997, -1.0108273, 0.0 ], [ 117.0916166, -1.0107994, 0.0 ], [ 117.091533, -1.0107762, 0.0 ], [ 117.0909828, -1.0107856, 0.0 ], [ 117.090902, -1.0108204, 0.0 ], [ 117.0902817, -1.011131, 0.0 ], [ 117.08957, -1.0114814, 0.0 ], [ 117.0887562, -1.0118846, 0.0 ], [ 117.0882197, -1.0121446, 0.0 ], [ 117.0872895, -1.0125906, 0.0 ], [ 117.0869094, -1.012763, 0.0 ], [ 117.0859664, -1.0132252, 0.0 ], [ 117.0848767, -1.0137564, 0.0 ], [ 117.0839518, -1.0142074, 0.0 ], [ 117.0834428, -1.0144866, 0.0 ], [ 117.0828433, -1.0152233, 0.0 ], [ 117.0827163, -1.0155578, 0.0 ], [ 117.0826876, -1.015685, 0.0 ], [ 117.0823584, -1.0169529, 0.0 ], [ 117.0819419, -1.0184998, 0.0 ], [ 117.0817017, -1.0192993, 0.0 ], [ 117.0815611, -1.0197218, 0.0 ], [ 117.0815032, -1.0198198, 0.0 ], [ 117.0814322, -1.0199069, 0.0 ], [ 117.0813513, -1.0199826, 0.0 ], [ 117.0812639, -1.0200483, 0.0 ], [ 117.0811682, -1.0201017, 0.0 ], [ 117.0810709, -1.0201496, 0.0 ], [ 117.0809697, -1.020195, 0.0 ], [ 117.0799441, -1.0207022, 0.0 ], [ 117.0796324, -1.0208975, 0.0 ], [ 117.0795046, -1.0210197, 0.0 ], [ 117.07945, -1.0210875, 0.0 ], [ 117.0793971, -1.02116, 0.0 ], [ 117.0787332, -1.0222372, 0.0 ], [ 117.0784568, -1.0226949, 0.0 ], [ 117.0781212, -1.0232342, 0.0 ], [ 117.0774171, -1.0239667, 0.0 ], [ 117.0764079, -1.0243213, 0.0 ], [ 117.0753872, -1.0247084, 0.0 ], [ 117.0746302, -1.0249732, 0.0 ], [ 117.0745233, -1.0249823, 0.0 ], [ 117.0744148, -1.0249702, 0.0 ], [ 117.0743087, -1.0249421, 0.0 ], [ 117.0742085, -1.0249001, 0.0 ], [ 117.07412, -1.0248376, 0.0 ], [ 117.0740518, -1.0247502, 0.0 ], [ 117.0739946, -1.0246545, 0.0 ], [ 117.0739486, -1.0245631, 0.0 ], [ 117.0739011, -1.0244194, 0.0 ], [ 117.073899, -1.0243545, 0.0 ], [ 117.0739031, -1.0242816, 0.0 ], [ 117.0739237, -1.024119, 0.0 ], [ 117.0742015, -1.0230593, 0.0 ], [ 117.0742698, -1.0227091, 0.0 ], [ 117.0741885, -1.0223582, 0.0 ], [ 117.0741008, -1.0222327, 0.0 ], [ 117.0740025, -1.0221174, 0.0 ], [ 117.0739481, -1.0220633, 0.0 ], [ 117.073887, -1.0220126, 0.0 ], [ 117.0738183, -1.0219668, 0.0 ], [ 117.0737411, -1.0219254, 0.0 ], [ 117.0736669, -1.0218816, 0.0 ], [ 117.0735947, -1.0218387, 0.0 ], [ 117.073517, -1.0218017, 0.0 ], [ 117.0734317, -1.0217649, 0.0 ], [ 117.0723827, -1.0212393, 0.0 ], [ 117.0710694, -1.0205827, 0.0 ], [ 117.0700887, -1.0201411, 0.0 ], [ 117.0699858, -1.020119, 0.0 ], [ 117.0695875, -1.0200562, 0.0 ], [ 117.0688495, -1.0199384, 0.0 ], [ 117.0679902, -1.0197997, 0.0 ], [ 117.0672434, -1.0196449, 0.0 ], [ 117.067162, -1.0196045, 0.0 ], [ 117.0670795, -1.0195565, 0.0 ], [ 117.0670005, -1.0195013, 0.0 ], [ 117.066925, -1.0194397, 0.0 ], [ 117.0661043, -1.018551, 0.0 ], [ 117.0655041, -1.017978, 0.0 ], [ 117.0654347, -1.0179372, 0.0 ], [ 117.0653613, -1.0179043, 0.0 ], [ 117.0651404, -1.0178111, 0.0 ], [ 117.064354, -1.0174931, 0.0 ], [ 117.0633342, -1.0171942, 0.0 ], [ 117.0627105, -1.0172525, 0.0 ], [ 117.0626412, -1.0172637, 0.0 ], [ 117.0624204, -1.0172797, 0.0 ], [ 117.0623463, -1.0173014, 0.0 ], [ 117.0618229, -1.0174463, 0.0 ], [ 117.0613204, -1.0175089, 0.0 ], [ 117.0612367, -1.0174981, 0.0 ], [ 117.0610623, -1.0174415, 0.0 ], [ 117.0609748, -1.017396, 0.0 ], [ 117.0608905, -1.017345, 0.0 ], [ 117.0608135, -1.0172891, 0.0 ], [ 117.0607466, -1.0172356, 0.0 ], [ 117.0606084, -1.0171094, 0.0 ], [ 117.0603807, -1.0169217, 0.0 ], [ 117.0603434, -1.0169017, 0.0 ], [ 117.0602872, -1.016878, 0.0 ], [ 117.0601302, -1.0168204, 0.0 ], [ 117.0598563, -1.016742, 0.0 ], [ 117.0590552, -1.0164884, 0.0 ], [ 117.0579369, -1.0161511, 0.0 ], [ 117.0563507, -1.0156696, 0.0 ], [ 117.0552935, -1.0153513, 0.0 ], [ 117.0546198, -1.0151418, 0.0 ], [ 117.0544621, -1.0150999, 0.0 ], [ 117.0543114, -1.0150545, 0.0 ], [ 117.0535668, -1.0148228, 0.0 ], [ 117.0523137, -1.0144367, 0.0 ], [ 117.0512899, -1.014121, 0.0 ], [ 117.0508934, -1.0140224, 0.0 ], [ 117.0504507, -1.0138644, 0.0 ], [ 117.0495638, -1.0136018, 0.0 ], [ 117.0488634, -1.0133672, 0.0 ], [ 117.0488139, -1.0133455, 0.0 ], [ 117.0487537, -1.0133252, 0.0 ], [ 117.048026, -1.0131267, 0.0 ], [ 117.046849, -1.0127908, 0.0 ], [ 117.0458343, -1.0125006, 0.0 ], [ 117.0456081, -1.0124343, 0.0 ], [ 117.0453906, -1.0123622, 0.0 ], [ 117.0449213, -1.0122299, 0.0 ], [ 117.0448112, -1.012205, 0.0 ], [ 117.0445288, -1.0121188, 0.0 ], [ 117.0443741, -1.012077, 0.0 ], [ 117.0436842, -1.0118886, 0.0 ], [ 117.0431593, -1.0117267, 0.0 ], [ 117.0431227, -1.0117139, 0.0 ], [ 117.0429282, -1.0116575, 0.0 ], [ 117.042175, -1.0114445, 0.0 ], [ 117.0415374, -1.011258, 0.0 ], [ 117.0410421, -1.0111334, 0.0 ], [ 117.0400998, -1.0111727, 0.0 ], [ 117.0396133, -1.0111846, 0.0 ], [ 117.0392581, -1.0111631, 0.0 ], [ 117.039082, -1.0111156, 0.0 ], [ 117.0388547, -1.0110811, 0.0 ], [ 117.0387875, -1.0110812, 0.0 ], [ 117.0387178, -1.0110922, 0.0 ], [ 117.0386471, -1.0111174, 0.0 ], [ 117.0385741, -1.0111557, 0.0 ], [ 117.0384978, -1.0112019, 0.0 ], [ 117.0379022, -1.0116363, 0.0 ], [ 117.037788, -1.0117134, 0.0 ], [ 117.0376421, -1.0117673, 0.0 ], [ 117.0373982, -1.0118191, 0.0 ], [ 117.0370384, -1.0118676, 0.0 ], [ 117.0367993, -1.0119012, 0.0 ], [ 117.0367157, -1.0119376, 0.0 ], [ 117.0366403, -1.0119871, 0.0 ], [ 117.0365702, -1.012047, 0.0 ], [ 117.0364994, -1.0121159, 0.0 ], [ 117.0362796, -1.0123676, 0.0 ], [ 117.036114, -1.0125332, 0.0 ], [ 117.0358837, -1.0126855, 0.0 ], [ 117.035739, -1.0127578, 0.0 ], [ 117.0355391, -1.0128511, 0.0 ], [ 117.0353659, -1.0129215, 0.0 ], [ 117.0350766, -1.013089, 0.0 ], [ 117.0349585, -1.0131709, 0.0 ], [ 117.0349049, -1.0132395, 0.0 ], [ 117.0348474, -1.0133131, 0.0 ], [ 117.0348031, -1.0133698, 0.0 ], [ 117.0347453, -1.0134259, 0.0 ], [ 117.0346798, -1.0134953, 0.0 ], [ 117.0346235, -1.0135421, 0.0 ], [ 117.0345685, -1.0135667, 0.0 ], [ 117.0345124, -1.0135832, 0.0 ], [ 117.0344513, -1.0135916, 0.0 ], [ 117.034373, -1.0136078, 0.0 ], [ 117.034279, -1.0136161, 0.0 ], [ 117.0341837, -1.013617, 0.0 ], [ 117.0340993, -1.0136114, 0.0 ], [ 117.0339706, -1.0136277, 0.0 ], [ 117.0339037, -1.0136452, 0.0 ], [ 117.03384, -1.0136686, 0.0 ], [ 117.0336637, -1.0137597, 0.0 ], [ 117.0334438, -1.0138612, 0.0 ], [ 117.0330226, -1.0140563, 0.0 ], [ 117.0328882, -1.0141408, 0.0 ], [ 117.0324254, -1.0144442, 0.0 ], [ 117.0323577, -1.0144749, 0.0 ], [ 117.0322847, -1.0144968, 0.0 ], [ 117.0322068, -1.0145107, 0.0 ], [ 117.0320478, -1.0145196, 0.0 ], [ 117.0316663, -1.0144954, 0.0 ], [ 117.0315592, -1.0144989, 0.0 ], [ 117.0314789, -1.0145128, 0.0 ], [ 117.0313965, -1.0145323, 0.0 ], [ 117.0310358, -1.0146238, 0.0 ], [ 117.0305694, -1.0147726, 0.0 ], [ 117.0303421, -1.0148451, 0.0 ], [ 117.0301732, -1.0149272, 0.0 ], [ 117.0300899, -1.014995, 0.0 ], [ 117.0298698, -1.0151747, 0.0 ], [ 117.0294582, -1.0155328, 0.0 ], [ 117.0293954, -1.0155598, 0.0 ], [ 117.0293309, -1.0155779, 0.0 ], [ 117.0292676, -1.0155889, 0.0 ], [ 117.0291469, -1.0155822, 0.0 ], [ 117.0290934, -1.0155688, 0.0 ], [ 117.0290515, -1.0155532, 0.0 ], [ 117.0289109, -1.0154971, 0.0 ], [ 117.0287298, -1.015423, 0.0 ], [ 117.0285302, -1.0153056, 0.0 ], [ 117.0283601, -1.0152603, 0.0 ], [ 117.0281436, -1.0152325, 0.0 ], [ 117.0279571, -1.0151987, 0.0 ], [ 117.0278935, -1.0151621, 0.0 ], [ 117.0278354, -1.0151101, 0.0 ], [ 117.0277803, -1.0150497, 0.0 ], [ 117.0277294, -1.0149869, 0.0 ], [ 117.0276807, -1.0149248, 0.0 ], [ 117.0276164, -1.0148559, 0.0 ], [ 117.0274987, -1.0147297, 0.0 ], [ 117.0274056, -1.0146299, 0.0 ], [ 117.0273428, -1.0145798, 0.0 ], [ 117.0272772, -1.0145384, 0.0 ], [ 117.0271982, -1.0145039, 0.0 ], [ 117.0271086, -1.0144783, 0.0 ], [ 117.0270078, -1.0144617, 0.0 ], [ 117.0268777, -1.0144263, 0.0 ], [ 117.0266623, -1.0143776, 0.0 ], [ 117.026491, -1.0143538, 0.0 ], [ 117.0263304, -1.0143431, 0.0 ], [ 117.0261828, -1.0143562, 0.0 ], [ 117.0260911, -1.0144029, 0.0 ], [ 117.0260094, -1.0144669, 0.0 ], [ 117.025939, -1.0145444, 0.0 ], [ 117.0258819, -1.0146337, 0.0 ], [ 117.0258342, -1.0147329, 0.0 ], [ 117.025789, -1.0148573, 0.0 ], [ 117.0256866, -1.015042, 0.0 ], [ 117.0256328, -1.0151157, 0.0 ], [ 117.0255772, -1.0151758, 0.0 ], [ 117.0255187, -1.0152241, 0.0 ], [ 117.0254572, -1.0152666, 0.0 ], [ 117.0253912, -1.015301, 0.0 ], [ 117.025318, -1.0153262, 0.0 ], [ 117.0252442, -1.0153454, 0.0 ], [ 117.0251664, -1.015361, 0.0 ], [ 117.0248956, -1.0153888, 0.0 ], [ 117.0246976, -1.0154231, 0.0 ], [ 117.024603, -1.015444, 0.0 ], [ 117.0245468, -1.0154743, 0.0 ], [ 117.0244984, -1.0155086, 0.0 ], [ 117.0244575, -1.0155488, 0.0 ], [ 117.0244217, -1.0155951, 0.0 ], [ 117.0243911, -1.0156515, 0.0 ], [ 117.0243672, -1.015713, 0.0 ], [ 117.0243545, -1.0157738, 0.0 ], [ 117.0243531, -1.0158307, 0.0 ], [ 117.0243614, -1.0158906, 0.0 ], [ 117.024388, -1.0159752, 0.0 ], [ 117.0244087, -1.0160477, 0.0 ], [ 117.0244687, -1.0161989, 0.0 ], [ 117.0245075, -1.016323, 0.0 ], [ 117.0245737, -1.0165453, 0.0 ], [ 117.0245754, -1.0166353, 0.0 ], [ 117.024563, -1.016724, 0.0 ], [ 117.0245393, -1.0168119, 0.0 ], [ 117.0245056, -1.0168952, 0.0 ], [ 117.0244333, -1.0169817, 0.0 ], [ 117.0243327, -1.017095, 0.0 ], [ 117.0242712, -1.0171363, 0.0 ], [ 117.0238676, -1.0174257, 0.0 ], [ 117.0235516, -1.0176465, 0.0 ], [ 117.0234964, -1.0176807, 0.0 ], [ 117.0234018, -1.017734, 0.0 ] ] } },
{ "type": "Feature", "properties": { "OBJECTID": 0, "Kl_Dat_Das": "Jalan Non Tol", "Nm_Ruas": "JL. PANGERAN SURYANATA (SAMARINDA)", "Thn_Data": 2023, "Status": "Jalan Provinsi", "Fungsi": "Jalan Kolektor Primer 2", "Mendukung": "Non Strategis", "Ura_Dukung": null, "Kd_Bd_PU": "2", "Kd_Jns_Inf": "1", "Kd_Inf": "34 005 K", "Propinsi": "Kalimantan Timur", "Kab_Kot": "Samarinda", "Kecamatan": "Samarinda Ulu", "Desa_Kel": "BUKIT PINANG / BUKIT RAYA", "Tk_Ruas_Aw": "-0.467703, 117.120725\r\n-0.467703, 117.120725\r\n-0.467703, 117.120725", "Tk_Ruas_Ak": "-0.423972, 117.092252\r\n-0.423972, 117.092252", "Kd_Patok": null, "Km_Awal": 0.0, "Km_Akhir": 9.1177608355800004, "Nm_Lintas": null, "Kon_Baik": 0.0, "Kon_Sdg": 0.0, "Kon_Rgn": 1.16, "Kon_Rusak": 0.0, "Kon_Mntp": 8.0, "Kon_T_Mntp": 1.16, "Panjang": 9.1587447774800008, "Lbr_Keras": 8.0, "LHRT": 0.0, "VCR": 0.0, "Tipe_Jln": 2, "MST": 8.0, "Tanah_Kri": 0.0, "Macadam": 0.0, "Aspal": 33.8427947598, "Rigid": 66.1572052402, "Thn_Pen_Ak": 2016, "Jns_Pen": "Peningkatan", "Koord_X_Aw": 117.12678908700001, "Koord_Y_Aw": -0.484592397, "Koord_X_Ak": 117.09253602699999, "Koord_Y_Ak": -0.424095718, "Shape_Leng": 0.0, "Status_J_1": "Sudah Terbangun", "Keterangan": null, "Masuk": "YES", "panjangjal": 9.1518500035100008 }, "geometry": { "type": "LineString", "coordinates": [ [ 117.1266715, -0.4846031, 0.0 ], [ 117.1266673, -0.4844474, 0.0 ], [ 117.1266525, -0.4841526, 0.0 ], [ 117.1266673, -0.4836718, 0.0 ], [ 117.1266668, -0.483484, 0.0 ], [ 117.1266543, -0.4830945, 0.0 ], [ 117.1266168, -0.482736, 0.0 ], [ 117.1266115, -0.4826096, 0.0 ], [ 117.1265342, -0.4823835, 0.0 ], [ 117.126433, -0.4822526, 0.0 ], [ 117.1263557, -0.4821456, 0.0 ], [ 117.1261901, -0.4816444, 0.0 ], [ 117.126081, -0.4813157, 0.0 ], [ 117.1257388, -0.4807051, 0.0 ], [ 117.1252555, -0.4799752, 0.0 ], [ 117.1245121, -0.4790202, 0.0 ], [ 117.1240807, -0.4784483, 0.0 ], [ 117.12373, -0.4777909, 0.0 ], [ 117.1236605, -0.4775603, 0.0 ], [ 117.1235248, -0.4770139, 0.0 ], [ 117.1233207, -0.4761905, 0.0 ], [ 117.1231607, -0.4754328, 0.0 ], [ 117.1230621, -0.4743721, 0.0 ], [ 117.1230417, -0.4742358, 0.0 ], [ 117.1230026, -0.4739947, 0.0 ], [ 117.1229587, -0.4738512, 0.0 ], [ 117.1227963, -0.4731621, 0.0 ], [ 117.1227117, -0.4725709, 0.0 ], [ 117.1226411, -0.4722208, 0.0 ], [ 117.1226267, -0.4721424, 0.0 ], [ 117.1225988, -0.4720028, 0.0 ], [ 117.122506, -0.4715631, 0.0 ], [ 117.1224442, -0.4713228, 0.0 ], [ 117.1223204, -0.4707041, 0.0 ], [ 117.1222238, -0.4697719, 0.0 ], [ 117.122189, -0.4696789, 0.0 ], [ 117.1221478, -0.469588, 0.0 ], [ 117.1220944, -0.469498, 0.0 ], [ 117.1220324, -0.4694149, 0.0 ], [ 117.1217571, -0.4691484, 0.0 ], [ 117.1210407, -0.4684429, 0.0 ], [ 117.1209967, -0.4683996, 0.0 ], [ 117.1209552, -0.4683579, 0.0 ], [ 117.1209178, -0.4683139, 0.0 ], [ 117.1208839, -0.4682649, 0.0 ], [ 117.1208539, -0.4682107, 0.0 ], [ 117.1208295, -0.4681543, 0.0 ], [ 117.1208114, -0.4680976, 0.0 ], [ 117.1207257, -0.4677036, 0.0 ], [ 117.1206705, -0.4675094, 0.0 ], [ 117.1206248, -0.4673819, 0.0 ], [ 117.1205544, -0.4672296, 0.0 ], [ 117.1204649, -0.4670316, 0.0 ], [ 117.1203545, -0.4667823, 0.0 ], [ 117.1202727, -0.4666033, 0.0 ], [ 117.1201617, -0.4663981, 0.0 ], [ 117.1200873, -0.4662519, 0.0 ], [ 117.1198516, -0.4659445, 0.0 ], [ 117.119806, -0.4659141, 0.0 ], [ 117.1197806, -0.4658909, 0.0 ], [ 117.1197404, -0.4658707, 0.0 ], [ 117.1196337, -0.4657877, 0.0 ], [ 117.1194568, -0.4656705, 0.0 ], [ 117.1193808, -0.4655944, 0.0 ], [ 117.1188826, -0.46532, 0.0 ], [ 117.1187995, -0.4652944, 0.0 ], [ 117.1184733, -0.4651344, 0.0 ], [ 117.1174487, -0.4645213, 0.0 ], [ 117.1172341, -0.4643061, 0.0 ], [ 117.1164296, -0.4632735, 0.0 ], [ 117.1159746, -0.4627216, 0.0 ], [ 117.1156111, -0.4622657, 0.0 ], [ 117.1153883, -0.4619525, 0.0 ], [ 117.1151802, -0.4616223, 0.0 ], [ 117.1150565, -0.4614097, 0.0 ], [ 117.11496, -0.4612041, 0.0 ], [ 117.1148831, -0.4610109, 0.0 ], [ 117.1148121, -0.4608116, 0.0 ], [ 117.1146888, -0.460493, 0.0 ], [ 117.1145803, -0.4602933, 0.0 ], [ 117.1143735, -0.4600513, 0.0 ], [ 117.1143022, -0.4599755, 0.0 ], [ 117.1142325, -0.4599004, 0.0 ], [ 117.1141665, -0.4598201, 0.0 ], [ 117.1141058, -0.4597353, 0.0 ], [ 117.114053, -0.4596433, 0.0 ], [ 117.113985, -0.4594393, 0.0 ], [ 117.1139666, -0.4593316, 0.0 ], [ 117.1139566, -0.4592221, 0.0 ], [ 117.1139536, -0.4591113, 0.0 ], [ 117.1139979, -0.4587816, 0.0 ], [ 117.1142718, -0.4576496, 0.0 ], [ 117.1142894, -0.4574398, 0.0 ], [ 117.1142411, -0.4569246, 0.0 ], [ 117.1141848, -0.4566585, 0.0 ], [ 117.114166, -0.4566053, 0.0 ], [ 117.1140694, -0.4564065, 0.0 ], [ 117.1139759, -0.4561997, 0.0 ], [ 117.1137939, -0.4558884, 0.0 ], [ 117.1135737, -0.4555577, 0.0 ], [ 117.1135619, -0.4555391, 0.0 ], [ 117.1135447, -0.4555127, 0.0 ], [ 117.1130227, -0.4548671, 0.0 ], [ 117.1125666, -0.4543468, 0.0 ], [ 117.1123616, -0.4541152, 0.0 ], [ 117.1121846, -0.4539173, 0.0 ], [ 117.1120225, -0.4537298, 0.0 ], [ 117.1118607, -0.4535419, 0.0 ], [ 117.1116999, -0.45336, 0.0 ], [ 117.1115502, -0.4531848, 0.0 ], [ 117.1115066, -0.4531225, 0.0 ], [ 117.1114688, -0.4530579, 0.0 ], [ 117.1114364, -0.4529928, 0.0 ], [ 117.1114122, -0.4529267, 0.0 ], [ 117.1113946, -0.4528635, 0.0 ], [ 117.1113653, -0.4526677, 0.0 ], [ 117.1113706, -0.4524626, 0.0 ], [ 117.111436, -0.4521743, 0.0 ], [ 117.1115461, -0.4518722, 0.0 ], [ 117.1115648, -0.4518107, 0.0 ], [ 117.1115796, -0.4517442, 0.0 ], [ 117.1115854, -0.4516796, 0.0 ], [ 117.1115854, -0.4516142, 0.0 ], [ 117.1115659, -0.4514864, 0.0 ], [ 117.1115473, -0.4514239, 0.0 ], [ 117.1115261, -0.4513629, 0.0 ], [ 117.1114692, -0.4512392, 0.0 ], [ 117.111436, -0.4511844, 0.0 ], [ 117.1114076, -0.4511367, 0.0 ], [ 117.1112753, -0.4507941, 0.0 ], [ 117.1112383, -0.4507205, 0.0 ], [ 117.1111328, -0.4505051, 0.0 ], [ 117.1110192, -0.4503369, 0.0 ], [ 117.1108734, -0.4501436, 0.0 ], [ 117.1106974, -0.4499575, 0.0 ], [ 117.1106075, -0.4498375, 0.0 ], [ 117.1103717, -0.4495666, 0.0 ], [ 117.110335, -0.4495224, 0.0 ], [ 117.1102935, -0.449481, 0.0 ], [ 117.1101748, -0.4494115, 0.0 ], [ 117.1101003, -0.4493896, 0.0 ], [ 117.1098267, -0.4493636, 0.0 ], [ 117.1095855, -0.4493789, 0.0 ], [ 117.1095208, -0.449388, 0.0 ], [ 117.1094547, -0.4494004, 0.0 ], [ 117.1093877, -0.4494148, 0.0 ], [ 117.1093186, -0.4494375, 0.0 ], [ 117.1092501, -0.4494675, 0.0 ], [ 117.1091825, -0.4495059, 0.0 ], [ 117.1089655, -0.4496543, 0.0 ], [ 117.1087819, -0.4498726, 0.0 ], [ 117.1087406, -0.4499235, 0.0 ], [ 117.1086923, -0.449972, 0.0 ], [ 117.1086398, -0.4500234, 0.0 ], [ 117.1085775, -0.4500583, 0.0 ], [ 117.108443, -0.4501188, 0.0 ], [ 117.108243, -0.4501703, 0.0 ], [ 117.1080639, -0.450206, 0.0 ], [ 117.1078528, -0.4502482, 0.0 ], [ 117.1073536, -0.4503426, 0.0 ], [ 117.1062579, -0.4505616, 0.0 ], [ 117.1061851, -0.4505666, 0.0 ], [ 117.1060407, -0.4505542, 0.0 ], [ 117.1058182, -0.4505119, 0.0 ], [ 117.1048526, -0.4503055, 0.0 ], [ 117.1041903, -0.4500733, 0.0 ], [ 117.1038866, -0.4498935, 0.0 ], [ 117.1036294, -0.4497816, 0.0 ], [ 117.1035476, -0.4497422, 0.0 ], [ 117.1034608, -0.4496932, 0.0 ], [ 117.1033762, -0.4496357, 0.0 ], [ 117.1032975, -0.4495681, 0.0 ], [ 117.1032308, -0.4494858, 0.0 ], [ 117.1030831, -0.4491834, 0.0 ], [ 117.1022268, -0.4472955, 0.0 ], [ 117.1021722, -0.4471915, 0.0 ], [ 117.1021095, -0.4470934, 0.0 ], [ 117.1019555, -0.4469292, 0.0 ], [ 117.1017794, -0.4468045, 0.0 ], [ 117.1007899, -0.4461998, 0.0 ], [ 117.1003416, -0.4458363, 0.0 ], [ 117.0999219, -0.4453666, 0.0 ], [ 117.0998503, -0.4452827, 0.0 ], [ 117.0997854, -0.4451969, 0.0 ], [ 117.0997354, -0.4451061, 0.0 ], [ 117.0997056, -0.4450087, 0.0 ], [ 117.0996977, -0.4449084, 0.0 ], [ 117.0997083, -0.444809, 0.0 ], [ 117.099732, -0.4447141, 0.0 ], [ 117.0999074, -0.4442837, 0.0 ], [ 117.1002465, -0.4434271, 0.0 ], [ 117.1004086, -0.4422628, 0.0 ], [ 117.1004059, -0.4421648, 0.0 ], [ 117.1003936, -0.4420675, 0.0 ], [ 117.1002941, -0.4416961, 0.0 ], [ 117.1002632, -0.4415966, 0.0 ], [ 117.1001023, -0.4410885, 0.0 ], [ 117.0996908, -0.4398565, 0.0 ], [ 117.0996338, -0.4397508, 0.0 ], [ 117.0994028, -0.4393299, 0.0 ], [ 117.0992147, -0.4390334, 0.0 ], [ 117.0988504, -0.4383755, 0.0 ], [ 117.0979773, -0.4375047, 0.0 ], [ 117.0978842, -0.4374182, 0.0 ], [ 117.0978006, -0.4373258, 0.0 ], [ 117.0976659, -0.4371222, 0.0 ], [ 117.097616, -0.4370098, 0.0 ], [ 117.0975727, -0.4368914, 0.0 ], [ 117.0974489, -0.4358398, 0.0 ], [ 117.0974119, -0.4352366, 0.0 ], [ 117.0974162, -0.4350954, 0.0 ], [ 117.0974282, -0.4349607, 0.0 ], [ 117.0974528, -0.4348395, 0.0 ], [ 117.0974955, -0.4347365, 0.0 ], [ 117.0975596, -0.4346572, 0.0 ], [ 117.0976391, -0.4346023, 0.0 ], [ 117.0979253, -0.4345158, 0.0 ], [ 117.0982697, -0.4344314, 0.0 ], [ 117.0983728, -0.434389, 0.0 ], [ 117.098471, -0.4343403, 0.0 ], [ 117.0985606, -0.4342762, 0.0 ], [ 117.0986369, -0.434196, 0.0 ], [ 117.0987037, -0.4341057, 0.0 ], [ 117.0988758, -0.4337892, 0.0 ], [ 117.0989215, -0.4336763, 0.0 ], [ 117.0989597, -0.4335648, 0.0 ], [ 117.0989848, -0.433458, 0.0 ], [ 117.0989939, -0.4333545, 0.0 ], [ 117.0989873, -0.4332528, 0.0 ], [ 117.0989684, -0.4331553, 0.0 ], [ 117.0989423, -0.4330685, 0.0 ], [ 117.0989112, -0.4329894, 0.0 ], [ 117.0988768, -0.4329189, 0.0 ], [ 117.0987973, -0.4327989, 0.0 ], [ 117.0987496, -0.4327427, 0.0 ], [ 117.0986975, -0.4326886, 0.0 ], [ 117.0986449, -0.432642, 0.0 ], [ 117.0985233, -0.4325173, 0.0 ], [ 117.0984775, -0.4324614, 0.0 ], [ 117.0983881, -0.4323203, 0.0 ], [ 117.0983535, -0.4322019, 0.0 ], [ 117.0983195, -0.4320642, 0.0 ], [ 117.0982878, -0.4319094, 0.0 ], [ 117.0982594, -0.4317883, 0.0 ], [ 117.0982486, -0.4317321, 0.0 ], [ 117.0982408, -0.4316684, 0.0 ], [ 117.0982371, -0.4316061, 0.0 ], [ 117.0982385, -0.4315445, 0.0 ], [ 117.098245, -0.4314831, 0.0 ], [ 117.0982675, -0.431374, 0.0 ], [ 117.0983568, -0.4308559, 0.0 ], [ 117.0983737, -0.4304672, 0.0 ], [ 117.0983965, -0.4299821, 0.0 ], [ 117.0983986, -0.4299194, 0.0 ], [ 117.09842, -0.4298163, 0.0 ], [ 117.0984651, -0.4293922, 0.0 ], [ 117.0985793, -0.4288996, 0.0 ], [ 117.098922, -0.428043, 0.0 ], [ 117.0992733, -0.4273744, 0.0 ], [ 117.0992975, -0.4273005, 0.0 ], [ 117.0993147, -0.4272288, 0.0 ], [ 117.0993228, -0.4271615, 0.0 ], [ 117.0993199, -0.4270956, 0.0 ], [ 117.09931, -0.4270308, 0.0 ], [ 117.0992924, -0.4269651, 0.0 ], [ 117.0992632, -0.4268993, 0.0 ], [ 117.0992235, -0.4268349, 0.0 ], [ 117.0988042, -0.426444, 0.0 ], [ 117.0987358, -0.4264012, 0.0 ], [ 117.0986657, -0.4263628, 0.0 ], [ 117.0985936, -0.4263293, 0.0 ], [ 117.0985198, -0.4263005, 0.0 ], [ 117.0984424, -0.4262773, 0.0 ], [ 117.0983603, -0.4262606, 0.0 ], [ 117.0978048, -0.426312, 0.0 ], [ 117.0977332, -0.426323, 0.0 ], [ 117.0972343, -0.4263554, 0.0 ], [ 117.0969397, -0.4262559, 0.0 ], [ 117.0968905, -0.4262407, 0.0 ], [ 117.0968419, -0.4262228, 0.0 ], [ 117.0967956, -0.426199, 0.0 ], [ 117.0967508, -0.4261698, 0.0 ], [ 117.096606, -0.4260527, 0.0 ], [ 117.0965074, -0.4259252, 0.0 ], [ 117.0962721, -0.425634, 0.0 ], [ 117.0961779, -0.4255316, 0.0 ], [ 117.0952192, -0.4247987, 0.0 ], [ 117.0951535, -0.4247578, 0.0 ], [ 117.0950833, -0.4247234, 0.0 ], [ 117.0939773, -0.4244249, 0.0 ], [ 117.0934931, -0.4243128, 0.0 ], [ 117.0928815, -0.4241713, 0.0 ], [ 117.0922521, -0.4239722, 0.0 ] ] } },
{ "type": "Feature", "properties": { "OBJECTID": 0, "Kl_Dat_Das": "Jalan Non Tol", "Nm_Ruas": "TANJUNG REDEB - TALISAYAN", "Thn_Data": 2023, "Status": "Jalan Provinsi", "Fungsi": "Jalan Kolektor Primer 2", "Mendukung": "Strategis", "Ura_Dukung": null, "Kd_Bd_PU": "2", "Kd_Jns_Inf": "1", "Kd_Inf": "34 062", "Propinsi": "Kalimantan Timur", "Kab_Kot": "Berau", "Kecamatan": "Talisayan / Tabalar / Sambaliung", "Desa_Kel": "SAMBALIUNG / BEBANIR / SUARAN / PESAYAN / RADAK/ BUYUNG - BUYUNG / SEMURUT / TUBAAN / TABALAR ULU / TABALAR MUARA / HARAPAN MAJU / BIATANG BAPINANG / MANUNGGAL JAYA / KARANGAN / BIATAN ILIR / TALISAYAN / DUMARING / DUMARING", "Tk_Ruas_Aw": "1.586547, 118.189563", "Tk_Ruas_Ak": "2.158313, 117.505567", "Kd_Patok": null, "Km_Awal": 0.0, "Km_Akhir": 151.609747914, "Nm_Lintas": null, "Kon_Baik": 0.0, "Kon_Sdg": 3.8, "Kon_Rgn": 52.68, "Kon_Rusak": 0.0, "Kon_Mntp": 98.6, "Kon_T_Mntp": 52.68, "Panjang": 151.28, "Lbr_Keras": 6.0, "LHRT": 0.0, "VCR": 0.0, "Tipe_Jln": 2, "MST": 8.0, "Tanah_Kri": 0.0, "Macadam": 0.0, "Aspal": 100.0, "Rigid": 0.0, "Thn_Pen_Ak": 0, "Jns_Pen": null, "Koord_X_Aw": 117.50724198, "Koord_Y_Aw": 2.160498443, "Koord_X_Ak": 118.189563034, "Koord_Y_Ak": 1.586547671, "Shape_Leng": 0.0, "Status_J_1": "Sudah Terbangun", "Keterangan": null, "Masuk": "YES", "panjangjal": 151.609747914 }, "geometry": { "type": "LineString", "coordinates": [ [ 117.5055675, 2.1583134, 0.0 ], [ 117.5073304, 2.1605986, 0.0 ], [ 117.5074114, 2.1607049, 0.0 ], [ 117.5075424, 2.1608792, 0.0 ], [ 117.5077103, 2.1610845, 0.0 ], [ 117.5080963, 2.1615155, 0.0 ], [ 117.5082254, 2.161662, 0.0 ], [ 117.5082774, 2.1617213, 0.0 ], [ 117.5083282, 2.161767, 0.0 ], [ 117.5084195, 2.1618322, 0.0 ], [ 117.5084751, 2.1618455, 0.0 ], [ 117.5085529, 2.1618468, 0.0 ], [ 117.5086292, 2.1618594, 0.0 ], [ 117.5087975, 2.1618599, 0.0 ], [ 117.5088882, 2.1618491, 0.0 ], [ 117.5089815, 2.1618335, 0.0 ], [ 117.5090677, 2.1618375, 0.0 ], [ 117.5091572, 2.1618515, 0.0 ], [ 117.5092581, 2.161875, 0.0 ], [ 117.5093578, 2.1619061, 0.0 ], [ 117.5094434, 2.1619612, 0.0 ], [ 117.5098108, 2.1622398, 0.0 ], [ 117.5099012, 2.1623278, 0.0 ], [ 117.5099939, 2.1624191, 0.0 ], [ 117.5100842, 2.1625214, 0.0 ], [ 117.5101749, 2.1626358, 0.0 ], [ 117.5102589, 2.1627604, 0.0 ], [ 117.5103312, 2.1628872, 0.0 ], [ 117.5104401, 2.1631633, 0.0 ], [ 117.5105013, 2.163452, 0.0 ], [ 117.5105581, 2.1642238, 0.0 ], [ 117.5105625, 2.1643333, 0.0 ], [ 117.5105597, 2.1644407, 0.0 ], [ 117.5105451, 2.1645476, 0.0 ], [ 117.5104954, 2.1647621, 0.0 ], [ 117.5104623, 2.1648653, 0.0 ], [ 117.5104175, 2.1649567, 0.0 ], [ 117.510308, 2.1650854, 0.0 ], [ 117.5102478, 2.1651154, 0.0 ], [ 117.5101157, 2.1651825, 0.0 ], [ 117.5098466, 2.1652198, 0.0 ], [ 117.5097351, 2.1652288, 0.0 ], [ 117.5096816, 2.1652331, 0.0 ], [ 117.5096293, 2.1652376, 0.0 ], [ 117.5095778, 2.1652462, 0.0 ], [ 117.5095305, 2.165262, 0.0 ], [ 117.5094783, 2.1652872, 0.0 ], [ 117.509421, 2.1653228, 0.0 ], [ 117.5093695, 2.1653749, 0.0 ], [ 117.5093486, 2.1654611, 0.0 ], [ 117.5093475, 2.1655569, 0.0 ], [ 117.5093913, 2.165764, 0.0 ], [ 117.5094244, 2.1658635, 0.0 ], [ 117.509448, 2.1659635, 0.0 ], [ 117.5094616, 2.1660652, 0.0 ], [ 117.5094706, 2.1661756, 0.0 ], [ 117.5094353, 2.1662669, 0.0 ], [ 117.5091217, 2.1665746, 0.0 ], [ 117.5090609, 2.166601, 0.0 ], [ 117.5090017, 2.1666315, 0.0 ], [ 117.5087865, 2.1666909, 0.0 ], [ 117.5087106, 2.1666996, 0.0 ], [ 117.5085714, 2.1666978, 0.0 ], [ 117.5085083, 2.1666896, 0.0 ], [ 117.5084485, 2.1666794, 0.0 ], [ 117.5081576, 2.1665919, 0.0 ], [ 117.5080811, 2.1665682, 0.0 ], [ 117.5079951, 2.166552, 0.0 ], [ 117.5079049, 2.1665422, 0.0 ], [ 117.507814, 2.1665444, 0.0 ], [ 117.5077297, 2.1665575, 0.0 ], [ 117.5076507, 2.1665811, 0.0 ], [ 117.5075291, 2.1666736, 0.0 ], [ 117.50732, 2.1670099, 0.0 ], [ 117.5072853, 2.1670717, 0.0 ], [ 117.5071444, 2.167346, 0.0 ], [ 117.5071101, 2.1674177, 0.0 ], [ 117.5071129, 2.1674732, 0.0 ], [ 117.5071256, 2.1675439, 0.0 ], [ 117.5074559, 2.1680626, 0.0 ], [ 117.507825, 2.1685018, 0.0 ], [ 117.5079176, 2.1686037, 0.0 ], [ 117.5081028, 2.1687632, 0.0 ], [ 117.5082006, 2.1688025, 0.0 ], [ 117.508371, 2.1688487, 0.0 ], [ 117.5084611, 2.1688485, 0.0 ], [ 117.5086669, 2.168771, 0.0 ], [ 117.5087749, 2.1687219, 0.0 ], [ 117.5088879, 2.1686755, 0.0 ], [ 117.509002, 2.1686434, 0.0 ], [ 117.5091209, 2.1686263, 0.0 ], [ 117.5092278, 2.1686328, 0.0 ], [ 117.5093154, 2.1686663, 0.0 ], [ 117.509536, 2.168803, 0.0 ], [ 117.5098332, 2.1690014, 0.0 ], [ 117.50991, 2.1690591, 0.0 ], [ 117.5101155, 2.1691111, 0.0 ], [ 117.510865, 2.1689724, 0.0 ], [ 117.5112264, 2.1689407, 0.0 ], [ 117.5114542, 2.1689395, 0.0 ], [ 117.5117836, 2.1689499, 0.0 ], [ 117.5122898, 2.1688975, 0.0 ], [ 117.5128838, 2.1687623, 0.0 ], [ 117.5139753, 2.1685821, 0.0 ], [ 117.5145727, 2.1684444, 0.0 ], [ 117.5149093, 2.1683407, 0.0 ], [ 117.5150082, 2.1683051, 0.0 ], [ 117.5151002, 2.1682668, 0.0 ], [ 117.5151885, 2.1682253, 0.0 ], [ 117.5152757, 2.1681761, 0.0 ], [ 117.5154215, 2.1680392, 0.0 ], [ 117.5154662, 2.1679456, 0.0 ], [ 117.515498, 2.1678439, 0.0 ], [ 117.5155191, 2.1667072, 0.0 ], [ 117.5155486, 2.166433, 0.0 ], [ 117.515598, 2.166313, 0.0 ], [ 117.5157682, 2.1661145, 0.0 ], [ 117.5163532, 2.1657384, 0.0 ], [ 117.517378, 2.1650135, 0.0 ], [ 117.5176175, 2.1648936, 0.0 ], [ 117.5178561, 2.1648524, 0.0 ], [ 117.5179623, 2.164856, 0.0 ], [ 117.5180438, 2.164897, 0.0 ], [ 117.5181139, 2.1649565, 0.0 ], [ 117.5181674, 2.1650297, 0.0 ], [ 117.5182361, 2.165196, 0.0 ], [ 117.5183389, 2.1657658, 0.0 ], [ 117.5183525, 2.1658839, 0.0 ], [ 117.5184119, 2.1661175, 0.0 ], [ 117.5184592, 2.1662331, 0.0 ], [ 117.5185225, 2.1663412, 0.0 ], [ 117.5186652, 2.1665565, 0.0 ], [ 117.5189092, 2.166839, 0.0 ], [ 117.5190663, 2.1670024, 0.0 ], [ 117.5191399, 2.1670742, 0.0 ], [ 117.5192168, 2.1671355, 0.0 ], [ 117.5195896, 2.1672994, 0.0 ], [ 117.519687, 2.1673315, 0.0 ], [ 117.5198713, 2.1674224, 0.0 ], [ 117.5199578, 2.1674868, 0.0 ], [ 117.520033, 2.1675613, 0.0 ], [ 117.5200988, 2.1676357, 0.0 ], [ 117.520163, 2.1677048, 0.0 ], [ 117.5202359, 2.1677569, 0.0 ], [ 117.520326, 2.1677804, 0.0 ], [ 117.5204256, 2.1677805, 0.0 ], [ 117.5205198, 2.1677507, 0.0 ], [ 117.52068, 2.1676505, 0.0 ], [ 117.5207455, 2.1675877, 0.0 ], [ 117.5208456, 2.167464, 0.0 ], [ 117.520926, 2.1672767, 0.0 ], [ 117.5209641, 2.1671507, 0.0 ], [ 117.5209977, 2.1669634, 0.0 ], [ 117.5210079, 2.1669031, 0.0 ], [ 117.521025, 2.1668445, 0.0 ], [ 117.521047, 2.166789, 0.0 ], [ 117.5210828, 2.166734, 0.0 ], [ 117.5211226, 2.1666832, 0.0 ], [ 117.52117, 2.1666365, 0.0 ], [ 117.5212294, 2.166602, 0.0 ], [ 117.5212946, 2.1665658, 0.0 ], [ 117.5213709, 2.1665317, 0.0 ], [ 117.5214606, 2.1665015, 0.0 ], [ 117.5220338, 2.1664858, 0.0 ], [ 117.5222501, 2.1664824, 0.0 ], [ 117.5224488, 2.1664567, 0.0 ], [ 117.5225433, 2.1664242, 0.0 ], [ 117.5226296, 2.1663726, 0.0 ], [ 117.5227066, 2.1662994, 0.0 ], [ 117.5227762, 2.1662164, 0.0 ], [ 117.5228349, 2.166133, 0.0 ], [ 117.5229571, 2.1659068, 0.0 ], [ 117.5231211, 2.1653602, 0.0 ], [ 117.5231416, 2.165248, 0.0 ], [ 117.5231631, 2.1651217, 0.0 ], [ 117.523178, 2.1649904, 0.0 ], [ 117.5231743, 2.1648703, 0.0 ], [ 117.5231605, 2.164752, 0.0 ], [ 117.5231359, 2.1646351, 0.0 ], [ 117.523095, 2.1645227, 0.0 ], [ 117.523028, 2.1644176, 0.0 ], [ 117.5229383, 2.1643172, 0.0 ], [ 117.5228282, 2.1642149, 0.0 ], [ 117.5227126, 2.1641117, 0.0 ], [ 117.5226075, 2.1640019, 0.0 ], [ 117.5225076, 2.163885, 0.0 ], [ 117.5224182, 2.1637595, 0.0 ], [ 117.5223605, 2.1636378, 0.0 ], [ 117.5223298, 2.1635202, 0.0 ], [ 117.5223186, 2.1632962, 0.0 ], [ 117.5223443, 2.1631894, 0.0 ], [ 117.5224169, 2.1630872, 0.0 ], [ 117.5225065, 2.1629909, 0.0 ], [ 117.5226092, 2.162904, 0.0 ], [ 117.5227225, 2.1628325, 0.0 ], [ 117.5228473, 2.1627813, 0.0 ], [ 117.5229796, 2.1627453, 0.0 ], [ 117.5233863, 2.1627008, 0.0 ], [ 117.5235181, 2.1626859, 0.0 ], [ 117.5236508, 2.1626764, 0.0 ], [ 117.5237626, 2.1626139, 0.0 ], [ 117.5238726, 2.1625496, 0.0 ], [ 117.523974, 2.1624641, 0.0 ], [ 117.5240617, 2.1623477, 0.0 ], [ 117.5243589, 2.1613741, 0.0 ], [ 117.5243875, 2.1612409, 0.0 ], [ 117.524481, 2.1610016, 0.0 ], [ 117.5245692, 2.1608821, 0.0 ], [ 117.5246755, 2.1607668, 0.0 ], [ 117.5249282, 2.160555, 0.0 ], [ 117.5264237, 2.1595163, 0.0 ], [ 117.5267408, 2.1592337, 0.0 ], [ 117.527991, 2.1577438, 0.0 ], [ 117.5287844, 2.1567656, 0.0 ], [ 117.5293172, 2.1556456, 0.0 ], [ 117.5295292, 2.1542024, 0.0 ], [ 117.5295607, 2.1540593, 0.0 ], [ 117.529612, 2.1539285, 0.0 ], [ 117.5296796, 2.153804, 0.0 ], [ 117.5297596, 2.1536902, 0.0 ], [ 117.529842, 2.1535871, 0.0 ], [ 117.5300383, 2.1534318, 0.0 ], [ 117.5302865, 2.153343, 0.0 ], [ 117.5304242, 2.1533111, 0.0 ], [ 117.5305641, 2.1532799, 0.0 ], [ 117.5306985, 2.1532334, 0.0 ], [ 117.5308189, 2.1531789, 0.0 ], [ 117.5309281, 2.1531102, 0.0 ], [ 117.5310234, 2.1530233, 0.0 ], [ 117.5315918, 2.1521509, 0.0 ], [ 117.5323427, 2.15134, 0.0 ], [ 117.533234, 2.1507329, 0.0 ], [ 117.5333326, 2.1506871, 0.0 ], [ 117.5334444, 2.1506404, 0.0 ], [ 117.5335642, 2.1506037, 0.0 ], [ 117.5336873, 2.1505798, 0.0 ], [ 117.533813, 2.1505686, 0.0 ], [ 117.5345834, 2.1507457, 0.0 ], [ 117.5348425, 2.1507979, 0.0 ], [ 117.53638, 2.1505887, 0.0 ], [ 117.5381086, 2.1503975, 0.0 ], [ 117.539345, 2.1503089, 0.0 ], [ 117.540835, 2.1503642, 0.0 ], [ 117.5418824, 2.1503911, 0.0 ], [ 117.542092, 2.1503837, 0.0 ], [ 117.5429788, 2.1504305, 0.0 ], [ 117.5443328, 2.1506042, 0.0 ], [ 117.5457729, 2.1507303, 0.0 ], [ 117.5473321, 2.1507749, 0.0 ], [ 117.5488313, 2.1507653, 0.0 ], [ 117.5500783, 2.1507417, 0.0 ], [ 117.5512151, 2.1508052, 0.0 ], [ 117.5521066, 2.1512313, 0.0 ], [ 117.5530927, 2.1517816, 0.0 ], [ 117.5541278, 2.1523897, 0.0 ], [ 117.5550891, 2.1529539, 0.0 ], [ 117.5561402, 2.1533781, 0.0 ], [ 117.5571668, 2.1537558, 0.0 ], [ 117.5580868, 2.1542683, 0.0 ], [ 117.5581892, 2.1543275, 0.0 ], [ 117.5585533, 2.1549275, 0.0 ], [ 117.5588463, 2.155445, 0.0 ], [ 117.5590806, 2.1561761, 0.0 ], [ 117.5590872, 2.1562771, 0.0 ], [ 117.5591045, 2.1563577, 0.0 ], [ 117.5591364, 2.1564306, 0.0 ], [ 117.5591833, 2.1565005, 0.0 ], [ 117.5592432, 2.1565663, 0.0 ], [ 117.5593171, 2.1566335, 0.0 ], [ 117.5605574, 2.1578157, 0.0 ], [ 117.5613243, 2.1587279, 0.0 ], [ 117.562241, 2.1598523, 0.0 ], [ 117.5629187, 2.1606811, 0.0 ], [ 117.5635013, 2.1614064, 0.0 ], [ 117.5635487, 2.1614524, 0.0 ], [ 117.5635992, 2.1614846, 0.0 ], [ 117.5646899, 2.1614568, 0.0 ], [ 117.5654905, 2.1614161, 0.0 ], [ 117.5661021, 2.1613678, 0.0 ], [ 117.5668456, 2.1613039, 0.0 ], [ 117.5675562, 2.1612594, 0.0 ], [ 117.5682106, 2.1612193, 0.0 ], [ 117.5682592, 2.1612151, 0.0 ], [ 117.5683075, 2.1612161, 0.0 ], [ 117.5683571, 2.1612265, 0.0 ], [ 117.5683998, 2.1612473, 0.0 ], [ 117.5684405, 2.1612829, 0.0 ], [ 117.5684712, 2.1613405, 0.0 ], [ 117.5685161, 2.1616276, 0.0 ], [ 117.5685814, 2.1627484, 0.0 ], [ 117.5686461, 2.1637696, 0.0 ], [ 117.5686442, 2.1638388, 0.0 ], [ 117.5686505, 2.1640322, 0.0 ], [ 117.5686777, 2.1646664, 0.0 ], [ 117.5686752, 2.1647458, 0.0 ], [ 117.5686705, 2.1648175, 0.0 ], [ 117.5686901, 2.1648634, 0.0 ], [ 117.5687143, 2.1649062, 0.0 ], [ 117.5689159, 2.1649379, 0.0 ], [ 117.5698929, 2.1648686, 0.0 ], [ 117.5711428, 2.1647413, 0.0 ], [ 117.5713745, 2.1647444, 0.0 ], [ 117.5718662, 2.1648003, 0.0 ], [ 117.5719876, 2.1648172, 0.0 ], [ 117.5721069, 2.1648379, 0.0 ], [ 117.5722263, 2.1648702, 0.0 ], [ 117.5723427, 2.1649155, 0.0 ], [ 117.5725556, 2.1650489, 0.0 ], [ 117.5729504, 2.1653571, 0.0 ], [ 117.5731777, 2.1654996, 0.0 ], [ 117.573423, 2.1656416, 0.0 ], [ 117.5741167, 2.1660557, 0.0 ], [ 117.5742134, 2.1661222, 0.0 ], [ 117.5743089, 2.1661823, 0.0 ], [ 117.5744824, 2.1662325, 0.0 ], [ 117.5745685, 2.1662415, 0.0 ], [ 117.5746563, 2.1662266, 0.0 ], [ 117.5750728, 2.1660147, 0.0 ], [ 117.5751769, 2.1659471, 0.0 ], [ 117.5752803, 2.1658708, 0.0 ], [ 117.5753937, 2.1658057, 0.0 ], [ 117.5755357, 2.1657772, 0.0 ], [ 117.5758423, 2.1657876, 0.0 ], [ 117.5769484, 2.1659285, 0.0 ], [ 117.5776297, 2.1658026, 0.0 ], [ 117.5779617, 2.1657432, 0.0 ], [ 117.578056, 2.1657361, 0.0 ], [ 117.5782338, 2.1657192, 0.0 ], [ 117.5784759, 2.1657193, 0.0 ], [ 117.5793801, 2.1656322, 0.0 ], [ 117.5794987, 2.1656185, 0.0 ], [ 117.5796158, 2.1656037, 0.0 ], [ 117.5798547, 2.1656162, 0.0 ], [ 117.5799712, 2.1656395, 0.0 ], [ 117.5800852, 2.1656752, 0.0 ], [ 117.5802781, 2.1658141, 0.0 ], [ 117.5803428, 2.1659246, 0.0 ], [ 117.5803887, 2.1660426, 0.0 ], [ 117.5804605, 2.1662973, 0.0 ], [ 117.580528, 2.1665654, 0.0 ], [ 117.5805763, 2.1666799, 0.0 ], [ 117.5807373, 2.166851, 0.0 ], [ 117.5808406, 2.1669192, 0.0 ], [ 117.5809589, 2.166967, 0.0 ], [ 117.581094, 2.1669992, 0.0 ], [ 117.5812401, 2.1670202, 0.0 ], [ 117.5813916, 2.1670303, 0.0 ], [ 117.5815431, 2.1670263, 0.0 ], [ 117.5827317, 2.1667731, 0.0 ], [ 117.5829546, 2.1667432, 0.0 ], [ 117.5831965, 2.1666599, 0.0 ], [ 117.5837811, 2.1662014, 0.0 ], [ 117.5842271, 2.1658404, 0.0 ], [ 117.5843628, 2.1657587, 0.0 ], [ 117.5845169, 2.165687, 0.0 ], [ 117.5848402, 2.1655929, 0.0 ], [ 117.5864201, 2.1653734, 0.0 ], [ 117.5865668, 2.1653652, 0.0 ], [ 117.5866959, 2.1653849, 0.0 ], [ 117.5869252, 2.1654562, 0.0 ], [ 117.5870252, 2.1654832, 0.0 ], [ 117.5871215, 2.1655036, 0.0 ], [ 117.587323, 2.1655215, 0.0 ], [ 117.5875881, 2.1655067, 0.0 ], [ 117.5876564, 2.1654976, 0.0 ], [ 117.5877701, 2.1654794, 0.0 ], [ 117.5878968, 2.1654269, 0.0 ], [ 117.5880518, 2.1653589, 0.0 ], [ 117.5882272, 2.1652651, 0.0 ], [ 117.5889657, 2.1647731, 0.0 ], [ 117.5897755, 2.1638441, 0.0 ], [ 117.5900538, 2.1634251, 0.0 ], [ 117.5901339, 2.1632992, 0.0 ], [ 117.5902501, 2.1623132, 0.0 ], [ 117.5901895, 2.1618438, 0.0 ], [ 117.5901252, 2.1605059, 0.0 ], [ 117.5901145, 2.1603851, 0.0 ], [ 117.5901074, 2.160263, 0.0 ], [ 117.590179, 2.1598854, 0.0 ], [ 117.5902234, 2.1597482, 0.0 ], [ 117.5902661, 2.1596077, 0.0 ], [ 117.5902981, 2.1594658, 0.0 ], [ 117.5903238, 2.1593257, 0.0 ], [ 117.5903346, 2.1591898, 0.0 ], [ 117.5903181, 2.1589219, 0.0 ], [ 117.5902648, 2.158437, 0.0 ], [ 117.5902407, 2.157973, 0.0 ], [ 117.5902385, 2.1574942, 0.0 ], [ 117.5903899, 2.1568948, 0.0 ], [ 117.5905079, 2.1565139, 0.0 ], [ 117.5905398, 2.1563951, 0.0 ], [ 117.5905589, 2.1561757, 0.0 ], [ 117.5904927, 2.1560084, 0.0 ], [ 117.590428, 2.1559507, 0.0 ], [ 117.5903325, 2.155917, 0.0 ], [ 117.5902302, 2.1558968, 0.0 ], [ 117.5898934, 2.1559032, 0.0 ], [ 117.5897914, 2.1558973, 0.0 ], [ 117.5896221, 2.1558219, 0.0 ], [ 117.589546, 2.1557679, 0.0 ], [ 117.5894313, 2.1556204, 0.0 ], [ 117.5894064, 2.1555258, 0.0 ], [ 117.5893995, 2.155428, 0.0 ], [ 117.589611, 2.1546685, 0.0 ], [ 117.5897632, 2.1537377, 0.0 ], [ 117.5897509, 2.1534724, 0.0 ], [ 117.5897201, 2.1527405, 0.0 ], [ 117.5896789, 2.152443, 0.0 ], [ 117.5896501, 2.1522477, 0.0 ], [ 117.589559, 2.1517196, 0.0 ], [ 117.5895105, 2.1514237, 0.0 ], [ 117.5894703, 2.1511572, 0.0 ], [ 117.5894235, 2.150829, 0.0 ], [ 117.5894041, 2.1507127, 0.0 ], [ 117.5893825, 2.1504393, 0.0 ], [ 117.5893909, 2.150298, 0.0 ], [ 117.5894145, 2.1501554, 0.0 ], [ 117.5896399, 2.1496203, 0.0 ], [ 117.5902145, 2.1482823, 0.0 ], [ 117.5902585, 2.1481384, 0.0 ], [ 117.5902924, 2.1479945, 0.0 ], [ 117.5903212, 2.1475575, 0.0 ], [ 117.590303, 2.147138, 0.0 ], [ 117.5902592, 2.1467269, 0.0 ], [ 117.5902366, 2.146587, 0.0 ], [ 117.5902192, 2.1464493, 0.0 ], [ 117.5902165, 2.1463143, 0.0 ], [ 117.5902282, 2.1461757, 0.0 ], [ 117.5904112, 2.1455365, 0.0 ], [ 117.5904694, 2.1453764, 0.0 ], [ 117.5906958, 2.1442305, 0.0 ], [ 117.5907527, 2.1439573, 0.0 ], [ 117.5907948, 2.143828, 0.0 ], [ 117.5908295, 2.1436975, 0.0 ], [ 117.5908499, 2.1435633, 0.0 ], [ 117.5908449, 2.1434241, 0.0 ], [ 117.5908295, 2.143281, 0.0 ], [ 117.590799, 2.1431407, 0.0 ], [ 117.5905901, 2.1427677, 0.0 ], [ 117.5905176, 2.1426556, 0.0 ], [ 117.590467, 2.1425415, 0.0 ], [ 117.5904378, 2.1424236, 0.0 ], [ 117.5904928, 2.1418831, 0.0 ], [ 117.5905681, 2.1415552, 0.0 ], [ 117.5905887, 2.1413978, 0.0 ], [ 117.5904623, 2.1402577, 0.0 ], [ 117.5904212, 2.1401136, 0.0 ], [ 117.5903862, 2.1399731, 0.0 ], [ 117.5903595, 2.1398358, 0.0 ], [ 117.5903434, 2.1397052, 0.0 ], [ 117.5903456, 2.1393273, 0.0 ], [ 117.5903607, 2.1391034, 0.0 ], [ 117.5903904, 2.1387934, 0.0 ], [ 117.5904365, 2.1384936, 0.0 ], [ 117.5904801, 2.1381602, 0.0 ], [ 117.5905137, 2.1378951, 0.0 ], [ 117.5906535, 2.1370965, 0.0 ], [ 117.5906754, 2.1369443, 0.0 ], [ 117.5906649, 2.1362526, 0.0 ], [ 117.590661, 2.1361276, 0.0 ], [ 117.590648, 2.1357425, 0.0 ], [ 117.5906498, 2.1355982, 0.0 ], [ 117.5906761, 2.1352666, 0.0 ], [ 117.5907006, 2.1349084, 0.0 ], [ 117.5907211, 2.1345593, 0.0 ], [ 117.5907303, 2.1343889, 0.0 ], [ 117.5907444, 2.1340507, 0.0 ], [ 117.5907383, 2.1337264, 0.0 ], [ 117.5907123, 2.1334157, 0.0 ], [ 117.5906766, 2.1331074, 0.0 ], [ 117.5906564, 2.132642, 0.0 ], [ 117.5906611, 2.132494, 0.0 ], [ 117.590677, 2.1323562, 0.0 ], [ 117.5909396, 2.1317167, 0.0 ], [ 117.5910528, 2.1314526, 0.0 ], [ 117.5910898, 2.1313495, 0.0 ], [ 117.5911203, 2.1311493, 0.0 ], [ 117.5911072, 2.1308725, 0.0 ], [ 117.5910964, 2.1307857, 0.0 ], [ 117.5909952, 2.129847, 0.0 ], [ 117.5909809, 2.1295011, 0.0 ], [ 117.5910028, 2.1291642, 0.0 ], [ 117.5910931, 2.1286743, 0.0 ], [ 117.5911268, 2.1285162, 0.0 ], [ 117.591193, 2.1281919, 0.0 ], [ 117.5912533, 2.1278556, 0.0 ], [ 117.5913309, 2.1273512, 0.0 ], [ 117.591379, 2.126625, 0.0 ], [ 117.5913583, 2.1264037, 0.0 ], [ 117.5912722, 2.126137, 0.0 ], [ 117.5910889, 2.125764, 0.0 ], [ 117.5909747, 2.1255247, 0.0 ], [ 117.5908469, 2.1252543, 0.0 ], [ 117.5904455, 2.1239428, 0.0 ], [ 117.5904093, 2.1237774, 0.0 ], [ 117.5903803, 2.1236188, 0.0 ], [ 117.5903672, 2.1234723, 0.0 ], [ 117.5903775, 2.1233408, 0.0 ], [ 117.5904021, 2.1232138, 0.0 ], [ 117.5904429, 2.1230911, 0.0 ], [ 117.5905543, 2.1228751, 0.0 ], [ 117.5908743, 2.1223623, 0.0 ], [ 117.5909289, 2.1222635, 0.0 ], [ 117.5910053, 2.1220724, 0.0 ], [ 117.5910662, 2.1217606, 0.0 ], [ 117.591074, 2.1217029, 0.0 ], [ 117.5910821, 2.1216486, 0.0 ], [ 117.5911175, 2.1214855, 0.0 ], [ 117.5911322, 2.1213437, 0.0 ], [ 117.5911687, 2.1210647, 0.0 ], [ 117.5912154, 2.1207351, 0.0 ], [ 117.5912243, 2.1206139, 0.0 ], [ 117.5912107, 2.1203673, 0.0 ], [ 117.5911576, 2.1201074, 0.0 ], [ 117.5909844, 2.1196461, 0.0 ], [ 117.5909201, 2.1194855, 0.0 ], [ 117.5907672, 2.1190278, 0.0 ], [ 117.5907378, 2.1188868, 0.0 ], [ 117.5907185, 2.1187502, 0.0 ], [ 117.5907061, 2.1186184, 0.0 ], [ 117.5907103, 2.1184929, 0.0 ], [ 117.5907327, 2.1183706, 0.0 ], [ 117.5907862, 2.1182743, 0.0 ], [ 117.5909454, 2.1181273, 0.0 ], [ 117.5910521, 2.1181009, 0.0 ], [ 117.5911613, 2.1180892, 0.0 ], [ 117.5912755, 2.1180949, 0.0 ], [ 117.591664, 2.1181909, 0.0 ], [ 117.5919405, 2.1182274, 0.0 ], [ 117.5922115, 2.1182455, 0.0 ], [ 117.59231, 2.1182066, 0.0 ], [ 117.5924543, 2.1180607, 0.0 ], [ 117.5925051, 2.117955, 0.0 ], [ 117.5925238, 2.1178266, 0.0 ], [ 117.5925246, 2.1176931, 0.0 ], [ 117.5925059, 2.1175541, 0.0 ], [ 117.5922668, 2.1168061, 0.0 ], [ 117.5921986, 2.1165407, 0.0 ], [ 117.5921801, 2.1164207, 0.0 ], [ 117.5921608, 2.1163067, 0.0 ], [ 117.5921045, 2.1161017, 0.0 ], [ 117.5920607, 2.1160096, 0.0 ], [ 117.5920097, 2.115923, 0.0 ], [ 117.5918278, 2.1156772, 0.0 ], [ 117.5917583, 2.1155923, 0.0 ], [ 117.5916317, 2.1153736, 0.0 ], [ 117.5915764, 2.1152436, 0.0 ], [ 117.5915241, 2.1151098, 0.0 ], [ 117.5914899, 2.1149758, 0.0 ], [ 117.5915022, 2.114823, 0.0 ], [ 117.59154, 2.1146706, 0.0 ], [ 117.5917172, 2.1142193, 0.0 ], [ 117.5917608, 2.1140709, 0.0 ], [ 117.5917932, 2.1139195, 0.0 ], [ 117.5918131, 2.1134344, 0.0 ], [ 117.5917973, 2.1132686, 0.0 ], [ 117.591639, 2.11265, 0.0 ], [ 117.5914807, 2.1122224, 0.0 ], [ 117.5913915, 2.1119436, 0.0 ], [ 117.591341, 2.1116488, 0.0 ], [ 117.5913278, 2.1114977, 0.0 ], [ 117.591332, 2.1113471, 0.0 ], [ 117.5914106, 2.1110465, 0.0 ], [ 117.5914816, 2.1109079, 0.0 ], [ 117.5916852, 2.1104993, 0.0 ], [ 117.5919818, 2.1090989, 0.0 ], [ 117.5919975, 2.1089545, 0.0 ], [ 117.5920016, 2.1088086, 0.0 ], [ 117.5919903, 2.1086616, 0.0 ], [ 117.5919269, 2.1083798, 0.0 ], [ 117.5916781, 2.1079899, 0.0 ], [ 117.5915038, 2.1077362, 0.0 ], [ 117.5914386, 2.1076079, 0.0 ], [ 117.5913874, 2.107467, 0.0 ], [ 117.5910911, 2.1060631, 0.0 ], [ 117.5910744, 2.1059186, 0.0 ], [ 117.5910266, 2.105467, 0.0 ], [ 117.5910182, 2.1049874, 0.0 ], [ 117.591235, 2.1039357, 0.0 ], [ 117.5913071, 2.103274, 0.0 ], [ 117.5913194, 2.1029396, 0.0 ], [ 117.5913254, 2.102594, 0.0 ], [ 117.5913702, 2.1022474, 0.0 ], [ 117.591787, 2.1010041, 0.0 ], [ 117.5922459, 2.1002659, 0.0 ], [ 117.5923509, 2.1001136, 0.0 ], [ 117.5924365, 2.0999568, 0.0 ], [ 117.5924633, 2.0998653, 0.0 ], [ 117.5924799, 2.0997698, 0.0 ], [ 117.5924878, 2.099668, 0.0 ], [ 117.592457, 2.0993133, 0.0 ], [ 117.5924363, 2.0990699, 0.0 ], [ 117.5924257, 2.098959, 0.0 ], [ 117.5922208, 2.0982204, 0.0 ], [ 117.5920726, 2.0977881, 0.0 ], [ 117.5920507, 2.0976655, 0.0 ], [ 117.5920364, 2.0975465, 0.0 ], [ 117.5921549, 2.0969508, 0.0 ], [ 117.5922006, 2.0968166, 0.0 ], [ 117.5922337, 2.0966697, 0.0 ], [ 117.5922201, 2.0956148, 0.0 ], [ 117.5918788, 2.0941354, 0.0 ], [ 117.5917682, 2.0932102, 0.0 ], [ 117.591796, 2.0929543, 0.0 ], [ 117.5918286, 2.0928341, 0.0 ], [ 117.5920327, 2.092111, 0.0 ], [ 117.5920795, 2.0918899, 0.0 ], [ 117.5920903, 2.0917795, 0.0 ], [ 117.5920865, 2.0916716, 0.0 ], [ 117.5920658, 2.0915614, 0.0 ], [ 117.5920198, 2.0914437, 0.0 ], [ 117.5917348, 2.0910659, 0.0 ], [ 117.5909872, 2.0898625, 0.0 ], [ 117.5905453, 2.0884361, 0.0 ], [ 117.5905006, 2.0881011, 0.0 ], [ 117.5904883, 2.0879432, 0.0 ], [ 117.5904844, 2.0877908, 0.0 ], [ 117.5904887, 2.0876425, 0.0 ], [ 117.5905097, 2.0874992, 0.0 ], [ 117.5905512, 2.0873629, 0.0 ], [ 117.5906199, 2.087237, 0.0 ], [ 117.5908151, 2.0870433, 0.0 ], [ 117.5914809, 2.0862079, 0.0 ], [ 117.5915554, 2.0860915, 0.0 ], [ 117.5917421, 2.0858636, 0.0 ], [ 117.5918623, 2.0857679, 0.0 ], [ 117.5919993, 2.085683, 0.0 ], [ 117.5921506, 2.0856127, 0.0 ], [ 117.5923068, 2.0855565, 0.0 ], [ 117.5938183, 2.0854736, 0.0 ], [ 117.5945663, 2.0855966, 0.0 ], [ 117.5947, 2.0856176, 0.0 ], [ 117.5949556, 2.0856249, 0.0 ], [ 117.5950779, 2.0856036, 0.0 ], [ 117.5953107, 2.0855217, 0.0 ], [ 117.5954133, 2.085463, 0.0 ], [ 117.5955065, 2.0853746, 0.0 ], [ 117.5955909, 2.0852683, 0.0 ], [ 117.5956643, 2.085147, 0.0 ], [ 117.5957664, 2.0848915, 0.0 ], [ 117.5957914, 2.0847641, 0.0 ], [ 117.5958015, 2.084631, 0.0 ], [ 117.5957823, 2.084347, 0.0 ], [ 117.5957231, 2.0840509, 0.0 ], [ 117.5956828, 2.0839047, 0.0 ], [ 117.5956455, 2.0837595, 0.0 ], [ 117.5956213, 2.0836122, 0.0 ], [ 117.5956136, 2.0834582, 0.0 ], [ 117.5956158, 2.0833002, 0.0 ], [ 117.595635, 2.0831409, 0.0 ], [ 117.5961902, 2.0819395, 0.0 ], [ 117.5969821, 2.0804174, 0.0 ], [ 117.5979006, 2.0789302, 0.0 ], [ 117.5982608, 2.0784304, 0.0 ], [ 117.59834, 2.0782989, 0.0 ], [ 117.5984058, 2.0781586, 0.0 ], [ 117.5984979, 2.0778597, 0.0 ], [ 117.5985238, 2.077705, 0.0 ], [ 117.5985393, 2.0773959, 0.0 ], [ 117.5984635, 2.076312, 0.0 ], [ 117.5984615, 2.0760628, 0.0 ], [ 117.5984439, 2.0749032, 0.0 ], [ 117.5984459, 2.0748142, 0.0 ], [ 117.5983922, 2.0743419, 0.0 ], [ 117.5983695, 2.0740672, 0.0 ], [ 117.5984229, 2.0728627, 0.0 ], [ 117.5985353, 2.070989, 0.0 ], [ 117.5986084, 2.0698763, 0.0 ], [ 117.5986826, 2.0681433, 0.0 ], [ 117.5986871, 2.067997, 0.0 ], [ 117.5987498, 2.0667991, 0.0 ], [ 117.5988891, 2.0648917, 0.0 ], [ 117.5989155, 2.0641181, 0.0 ], [ 117.5989333, 2.0638331, 0.0 ], [ 117.5990111, 2.0620271, 0.0 ], [ 117.599006, 2.0606585, 0.0 ], [ 117.5990867, 2.0599471, 0.0 ], [ 117.5991098, 2.0596882, 0.0 ], [ 117.599101, 2.0590484, 0.0 ], [ 117.5990476, 2.0577796, 0.0 ], [ 117.5989999, 2.0567269, 0.0 ], [ 117.5990265, 2.0563005, 0.0 ], [ 117.5990752, 2.0557202, 0.0 ], [ 117.5991802, 2.0541213, 0.0 ], [ 117.599245, 2.0524866, 0.0 ], [ 117.5993188, 2.0511292, 0.0 ], [ 117.599369, 2.0501232, 0.0 ], [ 117.5993537, 2.0488934, 0.0 ], [ 117.5992822, 2.0486423, 0.0 ], [ 117.5992248, 2.0485253, 0.0 ], [ 117.5991526, 2.048413, 0.0 ], [ 117.5990694, 2.0483087, 0.0 ], [ 117.5987846, 2.0480489, 0.0 ], [ 117.5983503, 2.0477256, 0.0 ], [ 117.5972168, 2.0468509, 0.0 ], [ 117.5963222, 2.0460456, 0.0 ], [ 117.5957391, 2.0455447, 0.0 ], [ 117.5956201, 2.0454559, 0.0 ], [ 117.5955029, 2.0453768, 0.0 ], [ 117.5953841, 2.0453074, 0.0 ], [ 117.5952636, 2.0452483, 0.0 ], [ 117.5942573, 2.0450277, 0.0 ], [ 117.5925623, 2.0448324, 0.0 ], [ 117.5918203, 2.0447562, 0.0 ], [ 117.59172, 2.0447386, 0.0 ], [ 117.5916282, 2.0447101, 0.0 ], [ 117.5915437, 2.0446737, 0.0 ], [ 117.591469, 2.0446236, 0.0 ], [ 117.5914022, 2.044565, 0.0 ], [ 117.5912876, 2.0444106, 0.0 ], [ 117.5912373, 2.0443165, 0.0 ], [ 117.5910414, 2.04379, 0.0 ], [ 117.5908184, 2.0433317, 0.0 ], [ 117.5906881, 2.0431209, 0.0 ], [ 117.5905144, 2.0428327, 0.0 ], [ 117.5903266, 2.0421491, 0.0 ], [ 117.5902964, 2.0419966, 0.0 ], [ 117.5902588, 2.0418457, 0.0 ], [ 117.5902106, 2.0417022, 0.0 ], [ 117.5901514, 2.0415693, 0.0 ], [ 117.5899994, 2.0413306, 0.0 ], [ 117.5890556, 2.0401125, 0.0 ], [ 117.5888762, 2.0398866, 0.0 ], [ 117.5887759, 2.0397888, 0.0 ], [ 117.5885625, 2.0396309, 0.0 ], [ 117.5884509, 2.0395643, 0.0 ], [ 117.5882308, 2.0394617, 0.0 ], [ 117.5873007, 2.0391745, 0.0 ], [ 117.5860458, 2.0388493, 0.0 ], [ 117.5857823, 2.0387661, 0.0 ], [ 117.5856605, 2.0387126, 0.0 ], [ 117.5854571, 2.0385792, 0.0 ], [ 117.5851119, 2.0381137, 0.0 ], [ 117.58508, 2.0380475, 0.0 ], [ 117.5850301, 2.0379104, 0.0 ], [ 117.5848868, 2.0373897, 0.0 ], [ 117.5847578, 2.0370293, 0.0 ], [ 117.5846958, 2.0369252, 0.0 ], [ 117.5846241, 2.0368326, 0.0 ], [ 117.5845463, 2.0367458, 0.0 ], [ 117.5844635, 2.036666, 0.0 ], [ 117.5836141, 2.0361687, 0.0 ], [ 117.5829769, 2.0359008, 0.0 ], [ 117.5828631, 2.0358413, 0.0 ], [ 117.5827558, 2.0357821, 0.0 ], [ 117.5826594, 2.0357163, 0.0 ], [ 117.5825751, 2.0356379, 0.0 ], [ 117.5825081, 2.0355433, 0.0 ], [ 117.582458, 2.0354434, 0.0 ], [ 117.5824243, 2.0353381, 0.0 ], [ 117.5823892, 2.0351257, 0.0 ], [ 117.5823948, 2.0341615, 0.0 ], [ 117.5823668, 2.0338451, 0.0 ], [ 117.582259, 2.0334114, 0.0 ], [ 117.5822315, 2.0332946, 0.0 ], [ 117.5822113, 2.0331867, 0.0 ], [ 117.5822014, 2.0330874, 0.0 ], [ 117.5822008, 2.032994, 0.0 ], [ 117.5822088, 2.0329035, 0.0 ], [ 117.5822333, 2.0328168, 0.0 ], [ 117.5830297, 2.0318168, 0.0 ], [ 117.5835624, 2.0309262, 0.0 ], [ 117.5837031, 2.0307125, 0.0 ], [ 117.5837762, 2.0306241, 0.0 ], [ 117.5838558, 2.0305434, 0.0 ], [ 117.5839466, 2.0304735, 0.0 ], [ 117.5840437, 2.0304093, 0.0 ], [ 117.5841533, 2.0303556, 0.0 ], [ 117.5845309, 2.0302697, 0.0 ], [ 117.5850085, 2.0301854, 0.0 ], [ 117.5853131, 2.0300993, 0.0 ], [ 117.5854064, 2.0300613, 0.0 ], [ 117.5854941, 2.0300172, 0.0 ], [ 117.5856531, 2.0299022, 0.0 ], [ 117.5857934, 2.0297581, 0.0 ], [ 117.5858641, 2.0296827, 0.0 ], [ 117.5859316, 2.0295989, 0.0 ], [ 117.5864569, 2.0286691, 0.0 ], [ 117.587309, 2.0275955, 0.0 ], [ 117.5875618, 2.027295, 0.0 ], [ 117.5878928, 2.0269483, 0.0 ], [ 117.5883018, 2.0266489, 0.0 ], [ 117.5884939, 2.0265164, 0.0 ], [ 117.5886022, 2.0264766, 0.0 ], [ 117.58872, 2.0264571, 0.0 ], [ 117.5889587, 2.0264725, 0.0 ], [ 117.5890759, 2.0264993, 0.0 ], [ 117.5894226, 2.0266242, 0.0 ], [ 117.5900767, 2.0268201, 0.0 ], [ 117.5913948, 2.0273051, 0.0 ], [ 117.5914966, 2.0273488, 0.0 ], [ 117.5915977, 2.0273803, 0.0 ], [ 117.5917016, 2.0273998, 0.0 ], [ 117.5918061, 2.0274048, 0.0 ], [ 117.5919095, 2.0273981, 0.0 ], [ 117.5922892, 2.0273047, 0.0 ], [ 117.5923948, 2.0272732, 0.0 ], [ 117.5929211, 2.0271314, 0.0 ], [ 117.5930191, 2.0271189, 0.0 ], [ 117.5933522, 2.0271025, 0.0 ], [ 117.5937223, 2.0270913, 0.0 ], [ 117.5940739, 2.0271321, 0.0 ], [ 117.5944065, 2.027152, 0.0 ], [ 117.5945139, 2.0271467, 0.0 ], [ 117.5946183, 2.0271321, 0.0 ], [ 117.5951419, 2.0269656, 0.0 ], [ 117.5952118, 2.0269423, 0.0 ], [ 117.5952744, 2.0269161, 0.0 ], [ 117.5953248, 2.0268889, 0.0 ], [ 117.5954493, 2.0268152, 0.0 ], [ 117.5955405, 2.0267439, 0.0 ], [ 117.5958055, 2.0264407, 0.0 ], [ 117.5959341, 2.0262962, 0.0 ], [ 117.5962962, 2.0259476, 0.0 ], [ 117.5964497, 2.0257666, 0.0 ], [ 117.5968799, 2.0252527, 0.0 ], [ 117.5974635, 2.0244363, 0.0 ], [ 117.5975081, 2.0243586, 0.0 ], [ 117.5976191, 2.0242116, 0.0 ], [ 117.5976791, 2.0241455, 0.0 ], [ 117.5978298, 2.024049, 0.0 ], [ 117.5979339, 2.0240249, 0.0 ], [ 117.5980481, 2.0240175, 0.0 ], [ 117.5981648, 2.0240235, 0.0 ], [ 117.5988637, 2.0241659, 0.0 ], [ 117.5993325, 2.0242298, 0.0 ], [ 117.5994465, 2.0242378, 0.0 ], [ 117.5995471, 2.024239, 0.0 ], [ 117.5996495, 2.0242309, 0.0 ], [ 117.5997398, 2.0242269, 0.0 ], [ 117.5998138, 2.0241977, 0.0 ], [ 117.5998817, 2.0241533, 0.0 ], [ 117.5999433, 2.0240958, 0.0 ], [ 117.6000396, 2.0239552, 0.0 ], [ 117.6000707, 2.0238774, 0.0 ], [ 117.6003838, 2.0228453, 0.0 ], [ 117.6004991, 2.0225141, 0.0 ], [ 117.6008683, 2.0215752, 0.0 ], [ 117.6012826, 2.0207965, 0.0 ], [ 117.6013486, 2.0206762, 0.0 ], [ 117.6014152, 2.020566, 0.0 ], [ 117.6014834, 2.0204669, 0.0 ], [ 117.6015492, 2.0203739, 0.0 ], [ 117.6016096, 2.0202905, 0.0 ], [ 117.6016737, 2.0202265, 0.0 ], [ 117.6017454, 2.0202005, 0.0 ], [ 117.6018231, 2.0201931, 0.0 ], [ 117.60191, 2.0201956, 0.0 ], [ 117.6020198, 2.0202096, 0.0 ], [ 117.6026115, 2.0203894, 0.0 ], [ 117.6035095, 2.0207349, 0.0 ], [ 117.6047747, 2.0211192, 0.0 ], [ 117.6049286, 2.0211747, 0.0 ], [ 117.6052097, 2.0213354, 0.0 ], [ 117.6056869, 2.0217111, 0.0 ], [ 117.6060432, 2.021959, 0.0 ], [ 117.6070804, 2.0222605, 0.0 ], [ 117.6080553, 2.0224995, 0.0 ], [ 117.6082335, 2.0225295, 0.0 ], [ 117.6087529, 2.0224716, 0.0 ], [ 117.6091593, 2.0223905, 0.0 ], [ 117.6096501, 2.0222859, 0.0 ], [ 117.609742, 2.0222668, 0.0 ], [ 117.6101711, 2.0222298, 0.0 ], [ 117.6102572, 2.0222191, 0.0 ], [ 117.6107127, 2.0221897, 0.0 ], [ 117.6107894, 2.022189, 0.0 ], [ 117.6108232, 2.0221838, 0.0 ], [ 117.6110118, 2.0221724, 0.0 ], [ 117.6111323, 2.0221744, 0.0 ], [ 117.6114025, 2.0222351, 0.0 ], [ 117.6120643, 2.0225347, 0.0 ], [ 117.6123455, 2.0226339, 0.0 ], [ 117.6124917, 2.0226633, 0.0 ], [ 117.6127949, 2.0226992, 0.0 ], [ 117.6129487, 2.0227042, 0.0 ], [ 117.6135575, 2.0226364, 0.0 ], [ 117.6140761, 2.0224781, 0.0 ], [ 117.6144067, 2.0223135, 0.0 ], [ 117.6151706, 2.0219124, 0.0 ], [ 117.6153152, 2.0218543, 0.0 ], [ 117.6153912, 2.0218218, 0.0 ], [ 117.6157176, 2.0216252, 0.0 ], [ 117.6158754, 2.0215067, 0.0 ], [ 117.6159386, 2.0214374, 0.0 ], [ 117.615987, 2.0213653, 0.0 ], [ 117.6160803, 2.0210832, 0.0 ], [ 117.6161124, 2.0209784, 0.0 ], [ 117.6161114, 2.0208934, 0.0 ], [ 117.6160556, 2.0202535, 0.0 ], [ 117.6160441, 2.0201397, 0.0 ], [ 117.6160349, 2.0200264, 0.0 ], [ 117.6160372, 2.0199167, 0.0 ], [ 117.6160548, 2.0198113, 0.0 ], [ 117.616085, 2.0197137, 0.0 ], [ 117.6161238, 2.0196225, 0.0 ], [ 117.6161733, 2.019538, 0.0 ], [ 117.6162344, 2.0194607, 0.0 ], [ 117.6163207, 2.0193897, 0.0 ], [ 117.6165385, 2.0192933, 0.0 ], [ 117.6174727, 2.0191307, 0.0 ], [ 117.6177245, 2.0190803, 0.0 ], [ 117.6180778, 2.0190293, 0.0 ], [ 117.618733, 2.0188948, 0.0 ], [ 117.6191559, 2.0188675, 0.0 ], [ 117.6194583, 2.0188887, 0.0 ], [ 117.6196596, 2.0189124, 0.0 ], [ 117.6199473, 2.0189297, 0.0 ], [ 117.6204214, 2.0189647, 0.0 ], [ 117.6205653, 2.0189678, 0.0 ], [ 117.6208588, 2.0189302, 0.0 ], [ 117.6211362, 2.0188361, 0.0 ], [ 117.6217351, 2.0184811, 0.0 ], [ 117.6218299, 2.0184003, 0.0 ], [ 117.6221281, 2.0179565, 0.0 ], [ 117.6222951, 2.017714, 0.0 ], [ 117.6223975, 2.0176085, 0.0 ], [ 117.6225155, 2.0175177, 0.0 ], [ 117.6228025, 2.0174131, 0.0 ], [ 117.6229571, 2.0173953, 0.0 ], [ 117.6231143, 2.017395, 0.0 ], [ 117.623578, 2.0174588, 0.0 ], [ 117.6237183, 2.0174945, 0.0 ], [ 117.623969, 2.0175867, 0.0 ], [ 117.6246599, 2.0180605, 0.0 ], [ 117.625801, 2.0187419, 0.0 ], [ 117.6270264, 2.01947, 0.0 ], [ 117.6276577, 2.0197786, 0.0 ], [ 117.6277837, 2.0198258, 0.0 ], [ 117.6282086, 2.0199141, 0.0 ], [ 117.6294149, 2.0202032, 0.0 ], [ 117.6295449, 2.0202352, 0.0 ], [ 117.6303655, 2.0202163, 0.0 ], [ 117.6305009, 2.0201864, 0.0 ], [ 117.6312121, 2.0197883, 0.0 ], [ 117.6313195, 2.0196985, 0.0 ], [ 117.6314299, 2.0196122, 0.0 ], [ 117.6315439, 2.0195378, 0.0 ], [ 117.6316603, 2.0194787, 0.0 ], [ 117.6321256, 2.0193253, 0.0 ], [ 117.6322365, 2.0192938, 0.0 ], [ 117.6324646, 2.0192607, 0.0 ], [ 117.6336578, 2.0192534, 0.0 ], [ 117.6348048, 2.019145, 0.0 ], [ 117.6360215, 2.0190966, 0.0 ], [ 117.6375154, 2.0190451, 0.0 ], [ 117.6386026, 2.0188447, 0.0 ], [ 117.638837, 2.0188094, 0.0 ], [ 117.6390356, 2.0187966, 0.0 ], [ 117.6396969, 2.0188142, 0.0 ], [ 117.6411541, 2.0188447, 0.0 ], [ 117.6420014, 2.0187873, 0.0 ], [ 117.642298, 2.0187282, 0.0 ], [ 117.6436793, 2.0181169, 0.0 ], [ 117.6438139, 2.0180718, 0.0 ], [ 117.6439466, 2.0180401, 0.0 ], [ 117.6443513, 2.0180256, 0.0 ], [ 117.6458023, 2.0178657, 0.0 ], [ 117.6459296, 2.0178367, 0.0 ], [ 117.6460463, 2.0177998, 0.0 ], [ 117.6462598, 2.0176959, 0.0 ], [ 117.6478727, 2.0163857, 0.0 ], [ 117.6488422, 2.0155362, 0.0 ], [ 117.6498929, 2.0144222, 0.0 ], [ 117.6499677, 2.0143526, 0.0 ], [ 117.6500432, 2.0142905, 0.0 ], [ 117.6501212, 2.0142372, 0.0 ], [ 117.6502048, 2.0141937, 0.0 ], [ 117.650292, 2.0141575, 0.0 ], [ 117.6503809, 2.0141283, 0.0 ], [ 117.6504719, 2.0141062, 0.0 ], [ 117.6505638, 2.0140932, 0.0 ], [ 117.6506494, 2.0140896, 0.0 ], [ 117.6511278, 2.014139, 0.0 ], [ 117.6515542, 2.0142279, 0.0 ], [ 117.6516641, 2.0142422, 0.0 ], [ 117.6517784, 2.0142477, 0.0 ], [ 117.6528729, 2.0139194, 0.0 ], [ 117.6529991, 2.0138759, 0.0 ], [ 117.6532436, 2.0138195, 0.0 ], [ 117.653594, 2.0137879, 0.0 ], [ 117.6538168, 2.0137686, 0.0 ], [ 117.654052, 2.0137348, 0.0 ], [ 117.6541842, 2.0137077, 0.0 ], [ 117.6543233, 2.0136738, 0.0 ], [ 117.6544586, 2.0136289, 0.0 ], [ 117.6545817, 2.0135682, 0.0 ], [ 117.6548026, 2.0134225, 0.0 ], [ 117.6559739, 2.0128862, 0.0 ], [ 117.6561022, 2.0128504, 0.0 ], [ 117.6562274, 2.0128124, 0.0 ], [ 117.6563442, 2.0127685, 0.0 ], [ 117.6564502, 2.0127178, 0.0 ], [ 117.6565476, 2.012655, 0.0 ], [ 117.6566396, 2.0125787, 0.0 ], [ 117.6567136, 2.0124838, 0.0 ], [ 117.6567679, 2.0123823, 0.0 ], [ 117.6567779, 2.0122698, 0.0 ], [ 117.6567627, 2.0121507, 0.0 ], [ 117.6567275, 2.0120265, 0.0 ], [ 117.6560678, 2.0110491, 0.0 ], [ 117.6556244, 2.0106824, 0.0 ], [ 117.6555187, 2.0105754, 0.0 ], [ 117.6554233, 2.0104618, 0.0 ], [ 117.6553406, 2.0103466, 0.0 ], [ 117.6552686, 2.0102299, 0.0 ], [ 117.6551484, 2.0099737, 0.0 ], [ 117.654903, 2.0095752, 0.0 ], [ 117.6547953, 2.0094447, 0.0 ], [ 117.6546792, 2.009326, 0.0 ], [ 117.6541535, 2.0089059, 0.0 ], [ 117.6531369, 2.0077496, 0.0 ], [ 117.652974, 2.0074959, 0.0 ], [ 117.652901, 2.0073653, 0.0 ], [ 117.6528086, 2.0071149, 0.0 ], [ 117.6527863, 2.0070006, 0.0 ], [ 117.6527892, 2.0068909, 0.0 ], [ 117.6528233, 2.0067941, 0.0 ], [ 117.6528842, 2.0067194, 0.0 ], [ 117.6531882, 2.0065745, 0.0 ], [ 117.6532984, 2.0065309, 0.0 ], [ 117.6534934, 2.0064053, 0.0 ], [ 117.6535497, 2.0063078, 0.0 ], [ 117.65358, 2.0061819, 0.0 ], [ 117.6536009, 2.0060436, 0.0 ], [ 117.6536097, 2.0059059, 0.0 ], [ 117.6536082, 2.0057734, 0.0 ], [ 117.6535972, 2.0056462, 0.0 ], [ 117.6535754, 2.0055214, 0.0 ], [ 117.6535432, 2.0053985, 0.0 ], [ 117.6533271, 2.0047741, 0.0 ], [ 117.6533028, 2.0046458, 0.0 ], [ 117.6531641, 2.0034754, 0.0 ], [ 117.6531384, 2.0033578, 0.0 ], [ 117.6531097, 2.0032474, 0.0 ], [ 117.6530722, 2.0031412, 0.0 ], [ 117.6529704, 2.0029325, 0.0 ], [ 117.6528362, 2.0027313, 0.0 ], [ 117.6526108, 2.0024296, 0.0 ], [ 117.6519831, 2.0016272, 0.0 ], [ 117.6518748, 2.0014862, 0.0 ], [ 117.65176, 2.0012956, 0.0 ], [ 117.651723, 2.0011818, 0.0 ], [ 117.6517049, 2.001059, 0.0 ], [ 117.6517113, 2.0006683, 0.0 ], [ 117.6517172, 1.9998999, 0.0 ], [ 117.6518077, 1.9994206, 0.0 ], [ 117.651894, 1.9991378, 0.0 ], [ 117.6519229, 1.9990318, 0.0 ], [ 117.6519582, 1.9989231, 0.0 ], [ 117.6520033, 1.9988197, 0.0 ], [ 117.6520614, 1.9987261, 0.0 ], [ 117.6521341, 1.9986418, 0.0 ], [ 117.6522222, 1.9985791, 0.0 ], [ 117.6524348, 1.9985023, 0.0 ], [ 117.6526611, 1.9984985, 0.0 ], [ 117.6527651, 1.9985003, 0.0 ], [ 117.652869, 1.9985019, 0.0 ], [ 117.6529778, 1.9984982, 0.0 ], [ 117.6530731, 1.9984736, 0.0 ], [ 117.653164, 1.9984356, 0.0 ], [ 117.6532469, 1.9983873, 0.0 ], [ 117.6533149, 1.9983393, 0.0 ], [ 117.6534257, 1.9982446, 0.0 ], [ 117.6535378, 1.9981197, 0.0 ], [ 117.6537906, 1.9977231, 0.0 ], [ 117.6538487, 1.9976097, 0.0 ], [ 117.6539005, 1.9974865, 0.0 ], [ 117.6539372, 1.9973542, 0.0 ], [ 117.6539552, 1.9972212, 0.0 ], [ 117.6539598, 1.9970941, 0.0 ], [ 117.6539411, 1.9969717, 0.0 ], [ 117.6538431, 1.9967445, 0.0 ], [ 117.6537677, 1.9966506, 0.0 ], [ 117.6535703, 1.9964901, 0.0 ], [ 117.6534677, 1.996417, 0.0 ], [ 117.6533706, 1.996344, 0.0 ], [ 117.6531041, 1.9960887, 0.0 ], [ 117.6529525, 1.9959146, 0.0 ], [ 117.6528941, 1.9958228, 0.0 ], [ 117.6528457, 1.9957257, 0.0 ], [ 117.6527645, 1.9952736, 0.0 ], [ 117.6527585, 1.9951401, 0.0 ], [ 117.6527818, 1.9947046, 0.0 ], [ 117.652806, 1.9945606, 0.0 ], [ 117.6528366, 1.9944123, 0.0 ], [ 117.652881, 1.994264, 0.0 ], [ 117.6529509, 1.9941261, 0.0 ], [ 117.653149, 1.9938823, 0.0 ], [ 117.6533845, 1.9936493, 0.0 ], [ 117.6538538, 1.9932302, 0.0 ], [ 117.6539655, 1.9931387, 0.0 ], [ 117.6540759, 1.9930558, 0.0 ], [ 117.6541857, 1.9929846, 0.0 ], [ 117.654295, 1.9929264, 0.0 ], [ 117.6544068, 1.9928784, 0.0 ], [ 117.6546399, 1.9928398, 0.0 ], [ 117.6547495, 1.9928429, 0.0 ], [ 117.6548484, 1.9928707, 0.0 ], [ 117.6549408, 1.9929106, 0.0 ], [ 117.6550259, 1.9929828, 0.0 ], [ 117.6551005, 1.9930721, 0.0 ], [ 117.6551567, 1.9931783, 0.0 ], [ 117.6551864, 1.9933027, 0.0 ], [ 117.655173, 1.9935775, 0.0 ], [ 117.655175, 1.9938578, 0.0 ], [ 117.6552049, 1.9940014, 0.0 ], [ 117.655309, 1.9942647, 0.0 ], [ 117.6555466, 1.994967, 0.0 ], [ 117.6555678, 1.9950619, 0.0 ], [ 117.6555891, 1.9951507, 0.0 ], [ 117.6556154, 1.995225, 0.0 ], [ 117.6556606, 1.9952925, 0.0 ], [ 117.6557283, 1.9953445, 0.0 ], [ 117.6558493, 1.9953517, 0.0 ], [ 117.6561557, 1.9952996, 0.0 ], [ 117.6566213, 1.9951618, 0.0 ], [ 117.6567581, 1.995108, 0.0 ], [ 117.6568862, 1.9950484, 0.0 ], [ 117.6573477, 1.9947143, 0.0 ], [ 117.657763, 1.9943941, 0.0 ], [ 117.6579968, 1.9941351, 0.0 ], [ 117.6584208, 1.9933923, 0.0 ], [ 117.6585084, 1.9932549, 0.0 ], [ 117.6586032, 1.993139, 0.0 ], [ 117.6587034, 1.993041, 0.0 ], [ 117.6588159, 1.9929599, 0.0 ], [ 117.658932, 1.9928909, 0.0 ], [ 117.6595086, 1.9926724, 0.0 ], [ 117.6598527, 1.9924863, 0.0 ], [ 117.6601617, 1.992229, 0.0 ], [ 117.6603333, 1.9920424, 0.0 ], [ 117.6605869, 1.9917837, 0.0 ], [ 117.6609661, 1.9915046, 0.0 ], [ 117.6611588, 1.9913379, 0.0 ], [ 117.6613425, 1.991134, 0.0 ], [ 117.6614993, 1.9909157, 0.0 ], [ 117.6615747, 1.9908036, 0.0 ], [ 117.6617071, 1.9905528, 0.0 ], [ 117.6617653, 1.9904316, 0.0 ], [ 117.6618719, 1.990209, 0.0 ], [ 117.6619383, 1.9901134, 0.0 ], [ 117.6620143, 1.990026, 0.0 ], [ 117.6621074, 1.9899473, 0.0 ], [ 117.6622148, 1.9898739, 0.0 ], [ 117.662586, 1.9897307, 0.0 ], [ 117.6629264, 1.9895939, 0.0 ], [ 117.6631306, 1.9894799, 0.0 ], [ 117.6638686, 1.9888535, 0.0 ], [ 117.6639519, 1.9887912, 0.0 ], [ 117.664147, 1.9886901, 0.0 ], [ 117.6643942, 1.9885944, 0.0 ], [ 117.6646421, 1.9884873, 0.0 ], [ 117.6647499, 1.9884265, 0.0 ], [ 117.6649252, 1.9882993, 0.0 ], [ 117.665001, 1.9882346, 0.0 ], [ 117.665069, 1.9881597, 0.0 ], [ 117.6651913, 1.9879612, 0.0 ], [ 117.6653519, 1.9876267, 0.0 ], [ 117.6654641, 1.9874321, 0.0 ], [ 117.6655301, 1.9873422, 0.0 ], [ 117.6656023, 1.9872563, 0.0 ], [ 117.6656887, 1.9871736, 0.0 ], [ 117.6658987, 1.9870239, 0.0 ], [ 117.6660315, 1.9869754, 0.0 ], [ 117.6665619, 1.9868479, 0.0 ], [ 117.6666832, 1.9868209, 0.0 ], [ 117.6668075, 1.9868033, 0.0 ], [ 117.6669221, 1.9867941, 0.0 ], [ 117.6670281, 1.9868002, 0.0 ], [ 117.667133, 1.9868252, 0.0 ], [ 117.667416, 1.9869391, 0.0 ], [ 117.6676499, 1.9870429, 0.0 ], [ 117.6677171, 1.9870671, 0.0 ], [ 117.6677997, 1.9870931, 0.0 ], [ 117.66791, 1.9871118, 0.0 ], [ 117.6680243, 1.987147, 0.0 ], [ 117.6681494, 1.9871811, 0.0 ], [ 117.6682552, 1.9872284, 0.0 ], [ 117.6683453, 1.9872813, 0.0 ], [ 117.6684936, 1.9874228, 0.0 ], [ 117.6686025, 1.9876273, 0.0 ], [ 117.6686304, 1.9877465, 0.0 ], [ 117.6686435, 1.9878698, 0.0 ], [ 117.6686294, 1.9881252, 0.0 ], [ 117.6685454, 1.9885096, 0.0 ], [ 117.6684651, 1.9888419, 0.0 ], [ 117.6684006, 1.9891283, 0.0 ], [ 117.6683498, 1.9893942, 0.0 ], [ 117.6683369, 1.9896443, 0.0 ], [ 117.6683864, 1.9902351, 0.0 ], [ 117.66842, 1.9906338, 0.0 ], [ 117.6684418, 1.9907661, 0.0 ], [ 117.668534, 1.991038, 0.0 ], [ 117.6685931, 1.9911863, 0.0 ], [ 117.6686738, 1.9913146, 0.0 ], [ 117.6687684, 1.9914239, 0.0 ], [ 117.6688743, 1.9915122, 0.0 ], [ 117.6689823, 1.9915897, 0.0 ], [ 117.6690898, 1.9916627, 0.0 ], [ 117.6691934, 1.9917242, 0.0 ], [ 117.6692944, 1.9917724, 0.0 ], [ 117.669398, 1.9918113, 0.0 ], [ 117.6695013, 1.9918015, 0.0 ], [ 117.6697161, 1.9917084, 0.0 ], [ 117.6698254, 1.9916308, 0.0 ], [ 117.6702601, 1.9911036, 0.0 ], [ 117.6703476, 1.9909811, 0.0 ], [ 117.670435, 1.990862, 0.0 ], [ 117.6705267, 1.9907532, 0.0 ], [ 117.6706285, 1.9906507, 0.0 ], [ 117.6713001, 1.9902806, 0.0 ], [ 117.6724041, 1.989867, 0.0 ], [ 117.6726967, 1.9897233, 0.0 ], [ 117.6728755, 1.9896272, 0.0 ], [ 117.672948, 1.9895815, 0.0 ], [ 117.6731144, 1.9894496, 0.0 ], [ 117.6733291, 1.9893045, 0.0 ], [ 117.6733826, 1.9892589, 0.0 ], [ 117.6736274, 1.989162, 0.0 ], [ 117.6737297, 1.9891329, 0.0 ], [ 117.6739762, 1.9891012, 0.0 ], [ 117.6741102, 1.9891097, 0.0 ], [ 117.6742494, 1.9891423, 0.0 ], [ 117.6743746, 1.9892099, 0.0 ], [ 117.6744876, 1.9893045, 0.0 ], [ 117.6745812, 1.9894234, 0.0 ], [ 117.6746622, 1.9895541, 0.0 ], [ 117.6748952, 1.9902904, 0.0 ], [ 117.674919, 1.9904119, 0.0 ], [ 117.6749527, 1.9905298, 0.0 ], [ 117.674999, 1.9906428, 0.0 ], [ 117.6750645, 1.990742, 0.0 ], [ 117.6751507, 1.9908282, 0.0 ], [ 117.6752464, 1.9909077, 0.0 ], [ 117.6755697, 1.9911048, 0.0 ], [ 117.6756776, 1.9911601, 0.0 ], [ 117.6757832, 1.991208, 0.0 ], [ 117.6758901, 1.9912451, 0.0 ], [ 117.6759991, 1.9912726, 0.0 ], [ 117.6761146, 1.9912884, 0.0 ], [ 117.67624, 1.9912944, 0.0 ], [ 117.6768185, 1.991227, 0.0 ], [ 117.6772628, 1.9911874, 0.0 ], [ 117.6774029, 1.991172, 0.0 ], [ 117.6776619, 1.9911085, 0.0 ], [ 117.6777788, 1.9910708, 0.0 ], [ 117.6778905, 1.9910369, 0.0 ], [ 117.6780022, 1.9910223, 0.0 ], [ 117.6781144, 1.9910209, 0.0 ], [ 117.6782182, 1.9910392, 0.0 ], [ 117.678316, 1.9910727, 0.0 ], [ 117.678407, 1.9911159, 0.0 ], [ 117.6785843, 1.9912139, 0.0 ], [ 117.6787679, 1.9912834, 0.0 ], [ 117.6788567, 1.9913098, 0.0 ], [ 117.6794312, 1.9914016, 0.0 ], [ 117.6795469, 1.9914327, 0.0 ], [ 117.6798872, 1.9916135, 0.0 ], [ 117.680443, 1.9919912, 0.0 ], [ 117.6805498, 1.9920507, 0.0 ], [ 117.6809779, 1.9922045, 0.0 ], [ 117.6816129, 1.9923832, 0.0 ], [ 117.6818376, 1.9924559, 0.0 ], [ 117.6820332, 1.9925286, 0.0 ], [ 117.6823266, 1.9926185, 0.0 ], [ 117.6828611, 1.9927878, 0.0 ], [ 117.6829593, 1.9928295, 0.0 ], [ 117.6832073, 1.9929803, 0.0 ], [ 117.6834713, 1.9931374, 0.0 ], [ 117.6837303, 1.9932747, 0.0 ], [ 117.6840305, 1.9934585, 0.0 ], [ 117.6843516, 1.9936412, 0.0 ], [ 117.6852918, 1.9942589, 0.0 ], [ 117.6853841, 1.9943311, 0.0 ], [ 117.68558, 1.9945663, 0.0 ], [ 117.6856345, 1.9946452, 0.0 ], [ 117.6856984, 1.9947186, 0.0 ], [ 117.6857745, 1.9947848, 0.0 ], [ 117.6858658, 1.9948395, 0.0 ], [ 117.6859899, 1.994879, 0.0 ], [ 117.686133, 1.9949059, 0.0 ], [ 117.6862821, 1.994921, 0.0 ], [ 117.6864251, 1.9949246, 0.0 ], [ 117.6865609, 1.9949168, 0.0 ], [ 117.6870441, 1.9947667, 0.0 ], [ 117.6871467, 1.9947186, 0.0 ], [ 117.6872455, 1.9946738, 0.0 ], [ 117.6873469, 1.9946364, 0.0 ], [ 117.687454, 1.9946096, 0.0 ], [ 117.6879229, 1.9945911, 0.0 ], [ 117.688032, 1.9945828, 0.0 ], [ 117.6882486, 1.9945117, 0.0 ], [ 117.688351, 1.9944532, 0.0 ], [ 117.6884451, 1.9943819, 0.0 ], [ 117.6887676, 1.9939113, 0.0 ], [ 117.6890964, 1.9931734, 0.0 ], [ 117.6891547, 1.9930483, 0.0 ], [ 117.6892977, 1.9928057, 0.0 ], [ 117.6895427, 1.992482, 0.0 ], [ 117.6896224, 1.9923742, 0.0 ], [ 117.6896938, 1.9922676, 0.0 ], [ 117.6897465, 1.9921563, 0.0 ], [ 117.6897845, 1.9920398, 0.0 ], [ 117.6898107, 1.9919142, 0.0 ], [ 117.6898328, 1.9914983, 0.0 ], [ 117.689832, 1.9913569, 0.0 ], [ 117.6898287, 1.9912213, 0.0 ], [ 117.6898347, 1.9910931, 0.0 ], [ 117.6898647, 1.9909716, 0.0 ], [ 117.6899123, 1.9908638, 0.0 ], [ 117.689976, 1.9907701, 0.0 ], [ 117.6900554, 1.9907035, 0.0 ], [ 117.6901371, 1.9906465, 0.0 ], [ 117.690222, 1.9905972, 0.0 ], [ 117.6903237, 1.9905547, 0.0 ], [ 117.6905779, 1.9904831, 0.0 ], [ 117.6909986, 1.9904205, 0.0 ], [ 117.6912736, 1.9904045, 0.0 ], [ 117.6915262, 1.990393, 0.0 ], [ 117.6916402, 1.9903839, 0.0 ], [ 117.6917412, 1.9903746, 0.0 ], [ 117.6919223, 1.9903149, 0.0 ], [ 117.6920061, 1.9902557, 0.0 ], [ 117.6920866, 1.9901827, 0.0 ], [ 117.6921597, 1.9900946, 0.0 ], [ 117.6923586, 1.9897688, 0.0 ], [ 117.6924355, 1.9896529, 0.0 ], [ 117.6926514, 1.989435, 0.0 ], [ 117.6927828, 1.9893518, 0.0 ], [ 117.6933782, 1.9891403, 0.0 ], [ 117.6936356, 1.9890503, 0.0 ], [ 117.6940644, 1.9888478, 0.0 ], [ 117.6944365, 1.9886427, 0.0 ], [ 117.6945759, 1.9885239, 0.0 ], [ 117.6946937, 1.9883797, 0.0 ], [ 117.6948134, 1.9882684, 0.0 ], [ 117.6948976, 1.9882557, 0.0 ], [ 117.6949823, 1.9882752, 0.0 ], [ 117.6950643, 1.988329, 0.0 ], [ 117.6951274, 1.9884178, 0.0 ], [ 117.6951842, 1.9885213, 0.0 ], [ 117.6952385, 1.9886351, 0.0 ], [ 117.6953044, 1.9887449, 0.0 ], [ 117.6953832, 1.9888426, 0.0 ], [ 117.6954665, 1.988928, 0.0 ], [ 117.6955607, 1.9889952, 0.0 ], [ 117.695922, 1.9891588, 0.0 ], [ 117.6963615, 1.9892768, 0.0 ], [ 117.6965089, 1.9892948, 0.0 ], [ 117.6966533, 1.9893028, 0.0 ], [ 117.6969189, 1.9892811, 0.0 ], [ 117.697293, 1.9891697, 0.0 ], [ 117.6974214, 1.989132, 0.0 ], [ 117.6975456, 1.9891023, 0.0 ], [ 117.6976696, 1.989089, 0.0 ], [ 117.6977916, 1.9890897, 0.0 ], [ 117.6979145, 1.989118, 0.0 ], [ 117.6981751, 1.9892447, 0.0 ], [ 117.6990413, 1.9896825, 0.0 ], [ 117.6991403, 1.9897424, 0.0 ], [ 117.6992286, 1.9897948, 0.0 ], [ 117.6993117, 1.9898325, 0.0 ], [ 117.6993982, 1.9898549, 0.0 ], [ 117.6994908, 1.98986, 0.0 ], [ 117.6995825, 1.9898512, 0.0 ], [ 117.6996659, 1.9898352, 0.0 ], [ 117.7004408, 1.9894066, 0.0 ], [ 117.7009175, 1.9890496, 0.0 ], [ 117.7018431, 1.988295, 0.0 ], [ 117.7019679, 1.9882086, 0.0 ], [ 117.7022195, 1.9880848, 0.0 ], [ 117.7024951, 1.9880177, 0.0 ], [ 117.7026411, 1.9880021, 0.0 ], [ 117.7030984, 1.9879986, 0.0 ], [ 117.7032453, 1.9880078, 0.0 ], [ 117.7033714, 1.9880059, 0.0 ], [ 117.7034837, 1.9879925, 0.0 ], [ 117.7035825, 1.9879579, 0.0 ], [ 117.7037398, 1.9878378, 0.0 ], [ 117.7038616, 1.9876915, 0.0 ], [ 117.7040292, 1.9873997, 0.0 ], [ 117.7044919, 1.9864898, 0.0 ], [ 117.704721, 1.9861257, 0.0 ], [ 117.7050361, 1.9857229, 0.0 ], [ 117.7052552, 1.9855001, 0.0 ], [ 117.7054302, 1.9853583, 0.0 ], [ 117.7055196, 1.9852919, 0.0 ], [ 117.705822, 1.9851335, 0.0 ], [ 117.705935, 1.9850918, 0.0 ], [ 117.7060517, 1.9850625, 0.0 ], [ 117.7064238, 1.9850359, 0.0 ], [ 117.7071536, 1.985058, 0.0 ], [ 117.7072615, 1.9850748, 0.0 ], [ 117.7073682, 1.9851047, 0.0 ], [ 117.7074713, 1.9851481, 0.0 ], [ 117.7075707, 1.985206, 0.0 ], [ 117.7076651, 1.9852759, 0.0 ], [ 117.7083883, 1.9862206, 0.0 ], [ 117.7087915, 1.9869165, 0.0 ], [ 117.7089197, 1.987144, 0.0 ], [ 117.7090413, 1.9874015, 0.0 ], [ 117.7091263, 1.9875512, 0.0 ], [ 117.7091791, 1.9876144, 0.0 ], [ 117.7092407, 1.9876649, 0.0 ], [ 117.7093079, 1.9876959, 0.0 ], [ 117.7093778, 1.9877133, 0.0 ], [ 117.7097138, 1.9877514, 0.0 ], [ 117.709851, 1.9877646, 0.0 ], [ 117.7100955, 1.9877754, 0.0 ], [ 117.7102887, 1.9878037, 0.0 ], [ 117.7104022, 1.9878271, 0.0 ], [ 117.7105129, 1.9878443, 0.0 ], [ 117.7107276, 1.9878927, 0.0 ], [ 117.7109808, 1.9879897, 0.0 ], [ 117.711075, 1.9880227, 0.0 ], [ 117.7111678, 1.9880468, 0.0 ], [ 117.7112624, 1.9880589, 0.0 ], [ 117.7116899, 1.9880769, 0.0 ], [ 117.7119041, 1.9881181, 0.0 ], [ 117.712001, 1.9881564, 0.0 ], [ 117.7122492, 1.9883092, 0.0 ], [ 117.7123907, 1.9884096, 0.0 ], [ 117.7124473, 1.9884582, 0.0 ], [ 117.7124899, 1.9885116, 0.0 ], [ 117.7125279, 1.9885674, 0.0 ], [ 117.7125576, 1.9886243, 0.0 ], [ 117.7126266, 1.988821, 0.0 ], [ 117.7126864, 1.9890083, 0.0 ], [ 117.7127263, 1.9891229, 0.0 ], [ 117.712805, 1.9892727, 0.0 ], [ 117.7129264, 1.9894947, 0.0 ], [ 117.7129719, 1.9895766, 0.0 ], [ 117.7130331, 1.9897118, 0.0 ], [ 117.713143, 1.9898876, 0.0 ], [ 117.7132548, 1.9900157, 0.0 ], [ 117.7133209, 1.9900784, 0.0 ], [ 117.7134693, 1.9902029, 0.0 ], [ 117.7135496, 1.9902625, 0.0 ], [ 117.7136361, 1.9903199, 0.0 ], [ 117.7137317, 1.9903687, 0.0 ], [ 117.7138351, 1.9904089, 0.0 ], [ 117.7139439, 1.9904337, 0.0 ], [ 117.7140582, 1.990445, 0.0 ], [ 117.7141687, 1.9904427, 0.0 ], [ 117.7142783, 1.9904319, 0.0 ], [ 117.7143853, 1.9904104, 0.0 ], [ 117.7144874, 1.9903832, 0.0 ], [ 117.7145774, 1.9903485, 0.0 ], [ 117.7146591, 1.9903105, 0.0 ], [ 117.7147306, 1.9902645, 0.0 ], [ 117.7147918, 1.9902103, 0.0 ], [ 117.7150871, 1.9898527, 0.0 ], [ 117.7152917, 1.9895612, 0.0 ], [ 117.7153417, 1.9894995, 0.0 ], [ 117.7154626, 1.989385, 0.0 ], [ 117.7155284, 1.9893311, 0.0 ], [ 117.715597, 1.9892872, 0.0 ], [ 117.7156667, 1.9892504, 0.0 ], [ 117.7158854, 1.9891741, 0.0 ], [ 117.71593, 1.9891648, 0.0 ], [ 117.715977, 1.9891629, 0.0 ], [ 117.7161671, 1.9891881, 0.0 ], [ 117.7162118, 1.9891954, 0.0 ], [ 117.7162685, 1.9892029, 0.0 ], [ 117.7163939, 1.9892052, 0.0 ], [ 117.716707, 1.9891695, 0.0 ], [ 117.7168357, 1.9891422, 0.0 ], [ 117.71707, 1.9890645, 0.0 ], [ 117.7172625, 1.98897, 0.0 ], [ 117.7173459, 1.9889126, 0.0 ], [ 117.717488, 1.9887867, 0.0 ], [ 117.71771, 1.9885287, 0.0 ], [ 117.7178703, 1.9883277, 0.0 ], [ 117.7178729, 1.9882787, 0.0 ], [ 117.7179784, 1.9881512, 0.0 ], [ 117.7179923, 1.9881348, 0.0 ], [ 117.7180159, 1.9881134, 0.0 ], [ 117.7180594, 1.9880769, 0.0 ], [ 117.7181222, 1.9880136, 0.0 ], [ 117.7184596, 1.9876664, 0.0 ], [ 117.718474, 1.9876496, 0.0 ], [ 117.7184973, 1.9876345, 0.0 ], [ 117.718767, 1.9875351, 0.0 ], [ 117.7190949, 1.9874357, 0.0 ], [ 117.719281, 1.9873871, 0.0 ], [ 117.7195149, 1.9873259, 0.0 ], [ 117.7196424, 1.9872901, 0.0 ], [ 117.7197667, 1.9872461, 0.0 ], [ 117.7201299, 1.9870375, 0.0 ], [ 117.7204697, 1.9867312, 0.0 ], [ 117.7208105, 1.9863825, 0.0 ], [ 117.721045, 1.9862006, 0.0 ], [ 117.721982, 1.985596, 0.0 ], [ 117.7222372, 1.9853885, 0.0 ], [ 117.7226987, 1.9847684, 0.0 ], [ 117.7227636, 1.9846538, 0.0 ], [ 117.7228218, 1.9845544, 0.0 ], [ 117.7228909, 1.984467, 0.0 ], [ 117.7229712, 1.9843953, 0.0 ], [ 117.723068, 1.9843313, 0.0 ], [ 117.7231949, 1.9842953, 0.0 ], [ 117.7234598, 1.9842629, 0.0 ], [ 117.7237174, 1.984275, 0.0 ], [ 117.7239542, 1.9843525, 0.0 ], [ 117.7240387, 1.9844261, 0.0 ], [ 117.7241148, 1.984512, 0.0 ], [ 117.7241811, 1.9846096, 0.0 ], [ 117.7242392, 1.9847131, 0.0 ], [ 117.7243005, 1.9848152, 0.0 ], [ 117.7243721, 1.9849111, 0.0 ], [ 117.7244482, 1.9850049, 0.0 ], [ 117.7245361, 1.9850886, 0.0 ], [ 117.7246355, 1.9851471, 0.0 ], [ 117.7247393, 1.9851902, 0.0 ], [ 117.7249743, 1.9852508, 0.0 ], [ 117.7253693, 1.9852968, 0.0 ], [ 117.7255153, 1.9853047, 0.0 ], [ 117.7256719, 1.9853011, 0.0 ], [ 117.7261331, 1.9851972, 0.0 ], [ 117.7262861, 1.9851445, 0.0 ], [ 117.7264351, 1.9851007, 0.0 ], [ 117.7265811, 1.9850708, 0.0 ], [ 117.7267203, 1.9850664, 0.0 ], [ 117.7271229, 1.9851513, 0.0 ], [ 117.7272522, 1.985224, 0.0 ], [ 117.7273603, 1.9852191, 0.0 ], [ 117.7274729, 1.9852202, 0.0 ], [ 117.7275879, 1.9852028, 0.0 ], [ 117.7277001, 1.9851705, 0.0 ], [ 117.7278057, 1.9851269, 0.0 ], [ 117.7279042, 1.9850686, 0.0 ], [ 117.7279785, 1.9849938, 0.0 ], [ 117.7280372, 1.9849092, 0.0 ], [ 117.7280766, 1.9848115, 0.0 ], [ 117.7281125, 1.9846259, 0.0 ], [ 117.7281179, 1.9845439, 0.0 ], [ 117.7281131, 1.9844772, 0.0 ], [ 117.7280256, 1.9842, 0.0 ], [ 117.7278123, 1.9837036, 0.0 ], [ 117.727758, 1.9835636, 0.0 ], [ 117.7276871, 1.9832498, 0.0 ], [ 117.7276732, 1.983087, 0.0 ], [ 117.7277163, 1.9827673, 0.0 ], [ 117.7282379, 1.9816247, 0.0 ], [ 117.7282836, 1.9815017, 0.0 ], [ 117.7283141, 1.9813737, 0.0 ], [ 117.7283279, 1.9811159, 0.0 ], [ 117.7283126, 1.9808632, 0.0 ], [ 117.7283022, 1.980737, 0.0 ], [ 117.7282984, 1.9805987, 0.0 ], [ 117.7283123, 1.9804389, 0.0 ], [ 117.7283402, 1.9802721, 0.0 ], [ 117.7285025, 1.9797756, 0.0 ], [ 117.7290872, 1.9781677, 0.0 ], [ 117.7296789, 1.9763451, 0.0 ], [ 117.729758, 1.9759976, 0.0 ], [ 117.7298159, 1.9758442, 0.0 ], [ 117.7298985, 1.9757068, 0.0 ], [ 117.7299969, 1.9755826, 0.0 ], [ 117.7301216, 1.9754658, 0.0 ], [ 117.7302657, 1.9753597, 0.0 ], [ 117.7304103, 1.9752667, 0.0 ], [ 117.7306918, 1.9751515, 0.0 ], [ 117.7308328, 1.9751299, 0.0 ], [ 117.7320808, 1.9752768, 0.0 ], [ 117.7322393, 1.9752998, 0.0 ], [ 117.7323916, 1.9753126, 0.0 ], [ 117.7325429, 1.9753106, 0.0 ], [ 117.7326911, 1.9752902, 0.0 ], [ 117.7328335, 1.9752458, 0.0 ], [ 117.7329738, 1.9751836, 0.0 ], [ 117.7331091, 1.9751096, 0.0 ], [ 117.733237, 1.9750234, 0.0 ], [ 117.7333485, 1.9749217, 0.0 ], [ 117.7334408, 1.974804, 0.0 ], [ 117.7335167, 1.9746798, 0.0 ], [ 117.7336197, 1.9743951, 0.0 ], [ 117.733667, 1.9742496, 0.0 ], [ 117.7338115, 1.9740123, 0.0 ], [ 117.7339313, 1.9739348, 0.0 ], [ 117.7342026, 1.9738155, 0.0 ], [ 117.7346538, 1.9738075, 0.0 ], [ 117.7349499, 1.9738441, 0.0 ], [ 117.735105, 1.9738757, 0.0 ], [ 117.7362209, 1.974638, 0.0 ], [ 117.7364643, 1.9748216, 0.0 ], [ 117.7365965, 1.9748882, 0.0 ], [ 117.7371813, 1.9749729, 0.0 ], [ 117.7373237, 1.974977, 0.0 ], [ 117.7376015, 1.9750439, 0.0 ], [ 117.7381863, 1.9756012, 0.0 ], [ 117.7383017, 1.9757298, 0.0 ], [ 117.7384248, 1.9758431, 0.0 ], [ 117.7385576, 1.9759377, 0.0 ], [ 117.7387, 1.9760122, 0.0 ], [ 117.7397938, 1.9761536, 0.0 ], [ 117.7399831, 1.9761767, 0.0 ], [ 117.7406802, 1.9763787, 0.0 ], [ 117.7408496, 1.9764287, 0.0 ], [ 117.7410157, 1.9764611, 0.0 ], [ 117.7421753, 1.9764967, 0.0 ], [ 117.7423169, 1.9764808, 0.0 ], [ 117.7424435, 1.9764497, 0.0 ], [ 117.7425595, 1.976401, 0.0 ], [ 117.7426527, 1.9763267, 0.0 ], [ 117.7427276, 1.9762384, 0.0 ], [ 117.7427702, 1.976121, 0.0 ], [ 117.7427886, 1.9759925, 0.0 ], [ 117.7427072, 1.9755691, 0.0 ], [ 117.7426759, 1.9754138, 0.0 ], [ 117.742699, 1.9745717, 0.0 ], [ 117.7428827, 1.973611, 0.0 ], [ 117.7429124, 1.9734602, 0.0 ], [ 117.7429327, 1.9733076, 0.0 ], [ 117.7429322, 1.9731532, 0.0 ], [ 117.7428591, 1.9728641, 0.0 ], [ 117.7427139, 1.9725994, 0.0 ], [ 117.7422321, 1.9721394, 0.0 ], [ 117.7420945, 1.9720191, 0.0 ], [ 117.7419722, 1.9718863, 0.0 ], [ 117.7418692, 1.9717441, 0.0 ], [ 117.7417886, 1.9715928, 0.0 ], [ 117.7417263, 1.9714365, 0.0 ], [ 117.7416358, 1.9711138, 0.0 ], [ 117.7415975, 1.970953, 0.0 ], [ 117.7415652, 1.9707973, 0.0 ], [ 117.7415487, 1.9706414, 0.0 ], [ 117.7415541, 1.9704848, 0.0 ], [ 117.7416827, 1.9700503, 0.0 ], [ 117.7417564, 1.9697803, 0.0 ], [ 117.7417658, 1.9696434, 0.0 ], [ 117.7414869, 1.9687068, 0.0 ], [ 117.7414274, 1.9685483, 0.0 ], [ 117.7413658, 1.9683909, 0.0 ], [ 117.7412886, 1.968248, 0.0 ], [ 117.7411988, 1.9681207, 0.0 ], [ 117.7410916, 1.9680062, 0.0 ], [ 117.7408434, 1.9678282, 0.0 ], [ 117.7407052, 1.9677536, 0.0 ], [ 117.7405592, 1.9676923, 0.0 ], [ 117.7400985, 1.9675881, 0.0 ], [ 117.7399283, 1.9675466, 0.0 ], [ 117.7397733, 1.9674957, 0.0 ], [ 117.7396153, 1.9674146, 0.0 ], [ 117.7395185, 1.967292, 0.0 ], [ 117.7394399, 1.9671546, 0.0 ], [ 117.7393697, 1.9670059, 0.0 ], [ 117.7393154, 1.9668513, 0.0 ], [ 117.7392769, 1.9666921, 0.0 ], [ 117.7392543, 1.9665307, 0.0 ], [ 117.7392538, 1.9662036, 0.0 ], [ 117.7393093, 1.9652189, 0.0 ], [ 117.7392804, 1.964384, 0.0 ], [ 117.73932, 1.963303, 0.0 ], [ 117.7393398, 1.9631358, 0.0 ], [ 117.7393839, 1.962881, 0.0 ], [ 117.7397531, 1.9619791, 0.0 ], [ 117.7398922, 1.9617125, 0.0 ], [ 117.7399422, 1.9615777, 0.0 ], [ 117.739979, 1.9614378, 0.0 ], [ 117.7400064, 1.9613014, 0.0 ], [ 117.7400177, 1.9611656, 0.0 ], [ 117.7400062, 1.9610342, 0.0 ], [ 117.7399718, 1.9609037, 0.0 ], [ 117.7399152, 1.960781, 0.0 ], [ 117.7398443, 1.9606628, 0.0 ], [ 117.7397621, 1.960556, 0.0 ], [ 117.7396729, 1.9604627, 0.0 ], [ 117.7395746, 1.9603839, 0.0 ], [ 117.7387103, 1.9598294, 0.0 ], [ 117.7385974, 1.9597552, 0.0 ], [ 117.7384773, 1.9596918, 0.0 ], [ 117.7382108, 1.9596021, 0.0 ], [ 117.7371023, 1.9595512, 0.0 ], [ 117.7369429, 1.9595389, 0.0 ], [ 117.7363846, 1.9593322, 0.0 ], [ 117.7361259, 1.9592401, 0.0 ], [ 117.7359976, 1.9592233, 0.0 ], [ 117.7348503, 1.9593432, 0.0 ], [ 117.7345769, 1.9593529, 0.0 ], [ 117.7344515, 1.9593337, 0.0 ], [ 117.7343761, 1.9592805, 0.0 ], [ 117.7343257, 1.9592021, 0.0 ], [ 117.7342926, 1.959111, 0.0 ], [ 117.7342798, 1.9590167, 0.0 ], [ 117.7343067, 1.9587172, 0.0 ], [ 117.7343316, 1.9585049, 0.0 ], [ 117.7343435, 1.958272, 0.0 ], [ 117.7343227, 1.9577972, 0.0 ], [ 117.7343229, 1.957457, 0.0 ], [ 117.7343427, 1.9571585, 0.0 ], [ 117.7343553, 1.9570173, 0.0 ], [ 117.7343769, 1.956882, 0.0 ], [ 117.7344085, 1.9567547, 0.0 ], [ 117.7344322, 1.9566275, 0.0 ], [ 117.7344451, 1.9565012, 0.0 ], [ 117.7344424, 1.9563789, 0.0 ], [ 117.7344331, 1.9562562, 0.0 ], [ 117.7344127, 1.9561298, 0.0 ], [ 117.7343951, 1.955999, 0.0 ], [ 117.7344124, 1.9558646, 0.0 ], [ 117.7344492, 1.9557364, 0.0 ], [ 117.7345683, 1.9554943, 0.0 ], [ 117.7346435, 1.9553789, 0.0 ], [ 117.7348295, 1.9551677, 0.0 ], [ 117.7352948, 1.9548471, 0.0 ], [ 117.7354182, 1.9547803, 0.0 ], [ 117.7357862, 1.9546433, 0.0 ], [ 117.7358967, 1.9546066, 0.0 ], [ 117.7360715, 1.9545208, 0.0 ], [ 117.7361462, 1.9544775, 0.0 ], [ 117.7363126, 1.9544146, 0.0 ], [ 117.7364145, 1.9543978, 0.0 ], [ 117.7365125, 1.9543915, 0.0 ], [ 117.7366098, 1.9543947, 0.0 ], [ 117.7367024, 1.9543935, 0.0 ], [ 117.736784, 1.9543787, 0.0 ], [ 117.7368533, 1.9543256, 0.0 ], [ 117.7369203, 1.9542635, 0.0 ], [ 117.7369755, 1.9541911, 0.0 ], [ 117.7371294, 1.953875, 0.0 ], [ 117.7372, 1.9536834, 0.0 ], [ 117.737273, 1.9534415, 0.0 ], [ 117.7373236, 1.9532525, 0.0 ], [ 117.7373586, 1.9531504, 0.0 ], [ 117.7374022, 1.9530483, 0.0 ], [ 117.7374527, 1.952947, 0.0 ], [ 117.7375153, 1.9528528, 0.0 ], [ 117.7376649, 1.9526949, 0.0 ], [ 117.737939, 1.9524141, 0.0 ], [ 117.7382803, 1.9520021, 0.0 ], [ 117.7383369, 1.9519343, 0.0 ], [ 117.7384358, 1.9517876, 0.0 ], [ 117.7384838, 1.9517198, 0.0 ], [ 117.7386488, 1.9514271, 0.0 ], [ 117.738859, 1.9506489, 0.0 ], [ 117.7389312, 1.9503719, 0.0 ], [ 117.7389828, 1.950152, 0.0 ], [ 117.7390366, 1.949958, 0.0 ], [ 117.7390742, 1.9498425, 0.0 ], [ 117.739118, 1.9497248, 0.0 ], [ 117.73917, 1.9496139, 0.0 ], [ 117.7392318, 1.9495129, 0.0 ], [ 117.739395, 1.9493262, 0.0 ], [ 117.7394948, 1.9492499, 0.0 ], [ 117.7395984, 1.9491869, 0.0 ], [ 117.7398051, 1.949098, 0.0 ], [ 117.740124, 1.9490091, 0.0 ], [ 117.7403613, 1.9489672, 0.0 ], [ 117.7408355, 1.9489494, 0.0 ], [ 117.7409473, 1.9489449, 0.0 ], [ 117.7410499, 1.9489289, 0.0 ], [ 117.7411461, 1.9489102, 0.0 ], [ 117.7412301, 1.948888, 0.0 ], [ 117.7416135, 1.9487337, 0.0 ], [ 117.7417166, 1.9487113, 0.0 ], [ 117.7418179, 1.9487064, 0.0 ], [ 117.7420189, 1.9487439, 0.0 ], [ 117.742377, 1.9488854, 0.0 ], [ 117.7424852, 1.9489398, 0.0 ], [ 117.7425934, 1.9489758, 0.0 ], [ 117.7429446, 1.94898, 0.0 ], [ 117.7430596, 1.9489477, 0.0 ], [ 117.7431687, 1.9488986, 0.0 ], [ 117.7432699, 1.9488332, 0.0 ], [ 117.7433611, 1.9487537, 0.0 ], [ 117.7434465, 1.9486652, 0.0 ], [ 117.7437796, 1.9483415, 0.0 ], [ 117.7438625, 1.9482867, 0.0 ], [ 117.7439392, 1.948231, 0.0 ], [ 117.7440034, 1.9481735, 0.0 ], [ 117.7440628, 1.9481149, 0.0 ], [ 117.7441735, 1.9479656, 0.0 ], [ 117.7441995, 1.9479251, 0.0 ], [ 117.7442303, 1.947861, 0.0 ], [ 117.7444459, 1.9473978, 0.0 ], [ 117.7444847, 1.9473121, 0.0 ], [ 117.7445193, 1.9472386, 0.0 ], [ 117.744595, 1.9471142, 0.0 ], [ 117.744655, 1.9469537, 0.0 ], [ 117.7450078, 1.9461439, 0.0 ], [ 117.7450627, 1.9460178, 0.0 ], [ 117.7451094, 1.9459026, 0.0 ], [ 117.7451456, 1.9457934, 0.0 ], [ 117.7451934, 1.9455171, 0.0 ], [ 117.7452443, 1.9453103, 0.0 ], [ 117.7452716, 1.9452245, 0.0 ], [ 117.7453966, 1.945053, 0.0 ], [ 117.7454725, 1.9449775, 0.0 ], [ 117.7455406, 1.9448972, 0.0 ], [ 117.745588, 1.9448025, 0.0 ], [ 117.7456093, 1.9446809, 0.0 ], [ 117.7456149, 1.9445536, 0.0 ], [ 117.7455305, 1.9438242, 0.0 ], [ 117.7455217, 1.9437222, 0.0 ], [ 117.7455308, 1.9436202, 0.0 ], [ 117.7455497, 1.943525, 0.0 ], [ 117.7456025, 1.9433769, 0.0 ], [ 117.7456279, 1.943329, 0.0 ], [ 117.7456818, 1.9432609, 0.0 ], [ 117.7457218, 1.9432213, 0.0 ], [ 117.7458994, 1.9429319, 0.0 ], [ 117.7459595, 1.9428071, 0.0 ], [ 117.7460139, 1.9426803, 0.0 ], [ 117.7460566, 1.9425549, 0.0 ], [ 117.7460874, 1.9424306, 0.0 ], [ 117.7461069, 1.9423045, 0.0 ], [ 117.7461237, 1.9421778, 0.0 ], [ 117.7461588, 1.9420565, 0.0 ], [ 117.7464566, 1.9416085, 0.0 ], [ 117.7465303, 1.9414898, 0.0 ], [ 117.7465938, 1.9413724, 0.0 ], [ 117.7466425, 1.9412543, 0.0 ], [ 117.7466823, 1.9411424, 0.0 ], [ 117.7467114, 1.9410351, 0.0 ], [ 117.746731, 1.9409246, 0.0 ], [ 117.7467031, 1.9405807, 0.0 ], [ 117.7466779, 1.9404682, 0.0 ], [ 117.7466611, 1.9403582, 0.0 ], [ 117.7466617, 1.9402557, 0.0 ], [ 117.7466763, 1.9401604, 0.0 ], [ 117.7467014, 1.9400698, 0.0 ], [ 117.7467692, 1.9398808, 0.0 ], [ 117.7468561, 1.9396674, 0.0 ], [ 117.7469416, 1.9392111, 0.0 ], [ 117.7469467, 1.939089, 0.0 ], [ 117.7469549, 1.9389659, 0.0 ], [ 117.7470062, 1.9387329, 0.0 ], [ 117.7470545, 1.9386388, 0.0 ], [ 117.7471143, 1.9385611, 0.0 ], [ 117.7472519, 1.9384448, 0.0 ], [ 117.747322, 1.9383957, 0.0 ], [ 117.7473918, 1.9383423, 0.0 ], [ 117.7474532, 1.9382802, 0.0 ], [ 117.7475743, 1.9380797, 0.0 ], [ 117.7476707, 1.9377923, 0.0 ], [ 117.7477283, 1.9376192, 0.0 ], [ 117.7479392, 1.9367547, 0.0 ], [ 117.7483054, 1.9353265, 0.0 ], [ 117.748342, 1.9350401, 0.0 ], [ 117.7484702, 1.9345539, 0.0 ], [ 117.7485567, 1.9341973, 0.0 ], [ 117.7486424, 1.9339805, 0.0 ], [ 117.7487489, 1.9337913, 0.0 ], [ 117.7488149, 1.9337156, 0.0 ], [ 117.7489834, 1.9336005, 0.0 ], [ 117.7491556, 1.9334892, 0.0 ], [ 117.7494483, 1.933213, 0.0 ], [ 117.7495259, 1.9331265, 0.0 ], [ 117.7497124, 1.9329823, 0.0 ], [ 117.7498218, 1.9329417, 0.0 ], [ 117.7500413, 1.9328965, 0.0 ], [ 117.7501406, 1.9329, 0.0 ], [ 117.7502345, 1.9329119, 0.0 ], [ 117.7503228, 1.9329355, 0.0 ], [ 117.7504013, 1.9329737, 0.0 ], [ 117.7505231, 1.9330897, 0.0 ], [ 117.7509927, 1.9334466, 0.0 ], [ 117.751215, 1.9335836, 0.0 ], [ 117.7513405, 1.9336256, 0.0 ], [ 117.751472, 1.9336464, 0.0 ], [ 117.7516011, 1.9336506, 0.0 ], [ 117.7519901, 1.9336065, 0.0 ], [ 117.7521123, 1.9335802, 0.0 ], [ 117.752231, 1.9335418, 0.0 ], [ 117.7525443, 1.9333321, 0.0 ], [ 117.7526421, 1.9332468, 0.0 ], [ 117.752742, 1.9331653, 0.0 ], [ 117.7528508, 1.9331037, 0.0 ], [ 117.7529687, 1.9330689, 0.0 ], [ 117.7530818, 1.933049, 0.0 ], [ 117.7531909, 1.9330478, 0.0 ], [ 117.7534042, 1.9330661, 0.0 ], [ 117.7535184, 1.9330751, 0.0 ], [ 117.7535968, 1.9330081, 0.0 ], [ 117.7536672, 1.9329253, 0.0 ], [ 117.753814, 1.9324849, 0.0 ], [ 117.7538929, 1.9322687, 0.0 ], [ 117.7539619, 1.9321786, 0.0 ], [ 117.754043, 1.9321036, 0.0 ], [ 117.7542405, 1.9319936, 0.0 ], [ 117.7546113, 1.9318796, 0.0 ], [ 117.7547541, 1.9318477, 0.0 ], [ 117.7548932, 1.9318119, 0.0 ], [ 117.7550208, 1.9317657, 0.0 ], [ 117.755136, 1.9317051, 0.0 ], [ 117.7552401, 1.9316292, 0.0 ], [ 117.7553278, 1.9315407, 0.0 ], [ 117.7554022, 1.9314418, 0.0 ], [ 117.7554718, 1.9313394, 0.0 ], [ 117.7555484, 1.9312458, 0.0 ], [ 117.7556315, 1.9311624, 0.0 ], [ 117.7557279, 1.9310912, 0.0 ], [ 117.7559617, 1.9309792, 0.0 ], [ 117.7562973, 1.930876, 0.0 ], [ 117.756405, 1.9308392, 0.0 ], [ 117.7565018, 1.9307843, 0.0 ], [ 117.7566526, 1.9306138, 0.0 ], [ 117.7567905, 1.9303685, 0.0 ], [ 117.7569179, 1.9300631, 0.0 ], [ 117.7570796, 1.929604, 0.0 ], [ 117.7571276, 1.9294563, 0.0 ], [ 117.757185, 1.9293127, 0.0 ], [ 117.7573349, 1.9290365, 0.0 ], [ 117.7574079, 1.9289012, 0.0 ], [ 117.7575045, 1.9288089, 0.0 ], [ 117.7576205, 1.9287486, 0.0 ], [ 117.7577472, 1.9287022, 0.0 ], [ 117.7578869, 1.9286935, 0.0 ], [ 117.7581655, 1.9287102, 0.0 ], [ 117.7583037, 1.9287233, 0.0 ], [ 117.7584405, 1.9287281, 0.0 ], [ 117.7585667, 1.9287193, 0.0 ], [ 117.7586788, 1.9286979, 0.0 ], [ 117.7587813, 1.9286654, 0.0 ], [ 117.7588759, 1.928623, 0.0 ], [ 117.7589612, 1.9285701, 0.0 ], [ 117.7591877, 1.9283789, 0.0 ], [ 117.7592728, 1.9282915, 0.0 ], [ 117.7594051, 1.9280681, 0.0 ], [ 117.7596919, 1.9266374, 0.0 ], [ 117.7597321, 1.9264985, 0.0 ], [ 117.7597817, 1.9263612, 0.0 ], [ 117.7598294, 1.9262242, 0.0 ], [ 117.759866, 1.9260883, 0.0 ], [ 117.7598901, 1.9259542, 0.0 ], [ 117.7599154, 1.9256785, 0.0 ], [ 117.7599143, 1.9255345, 0.0 ], [ 117.7598516, 1.9251084, 0.0 ], [ 117.7597169, 1.9244997, 0.0 ], [ 117.7596124, 1.9241835, 0.0 ], [ 117.7595686, 1.9239876, 0.0 ], [ 117.7595909, 1.923897, 0.0 ], [ 117.7596344, 1.9238163, 0.0 ], [ 117.7596975, 1.9237458, 0.0 ], [ 117.7601236, 1.923411, 0.0 ], [ 117.7605817, 1.9229936, 0.0 ], [ 117.76062, 1.9229614, 0.0 ], [ 117.7608665, 1.9227435, 0.0 ], [ 117.7610215, 1.922627, 0.0 ], [ 117.7611623, 1.9225299, 0.0 ], [ 117.7612155, 1.9224747, 0.0 ], [ 117.7612567, 1.9224253, 0.0 ], [ 117.7612915, 1.9223778, 0.0 ], [ 117.7613215, 1.9223194, 0.0 ], [ 117.761344, 1.9222542, 0.0 ], [ 117.7613684, 1.9220678, 0.0 ], [ 117.7613669, 1.9220056, 0.0 ], [ 117.7613972, 1.9218784, 0.0 ], [ 117.7614285, 1.9217762, 0.0 ], [ 117.7614747, 1.9216806, 0.0 ], [ 117.7615427, 1.9216002, 0.0 ], [ 117.761735, 1.9214971, 0.0 ], [ 117.7618439, 1.9214674, 0.0 ], [ 117.7620741, 1.9214486, 0.0 ], [ 117.7623008, 1.9214315, 0.0 ], [ 117.7624118, 1.9214069, 0.0 ], [ 117.7627087, 1.9212397, 0.0 ], [ 117.7629239, 1.9211417, 0.0 ], [ 117.7630372, 1.9211535, 0.0 ], [ 117.7631489, 1.9212002, 0.0 ], [ 117.7632481, 1.921269, 0.0 ], [ 117.7634148, 1.9214498, 0.0 ], [ 117.7636489, 1.9217481, 0.0 ], [ 117.7637279, 1.9218314, 0.0 ], [ 117.7638102, 1.9218941, 0.0 ], [ 117.7638982, 1.9219406, 0.0 ], [ 117.7639774, 1.9219406, 0.0 ], [ 117.764053, 1.9219175, 0.0 ], [ 117.7641292, 1.9218854, 0.0 ], [ 117.7642484, 1.9217757, 0.0 ], [ 117.7643047, 1.9217146, 0.0 ], [ 117.7643664, 1.9216538, 0.0 ], [ 117.7644285, 1.9215984, 0.0 ], [ 117.7645648, 1.9215284, 0.0 ], [ 117.7646438, 1.9215213, 0.0 ], [ 117.7648883, 1.9215438, 0.0 ], [ 117.765046, 1.9215617, 0.0 ], [ 117.7651249, 1.9215585, 0.0 ], [ 117.7652009, 1.9215528, 0.0 ], [ 117.7653567, 1.9215472, 0.0 ], [ 117.7654276, 1.9215253, 0.0 ], [ 117.7655496, 1.9214566, 0.0 ], [ 117.7661025, 1.9210936, 0.0 ], [ 117.7661867, 1.9210487, 0.0 ], [ 117.766373, 1.9209745, 0.0 ], [ 117.7667086, 1.9209289, 0.0 ], [ 117.7671178, 1.92089, 0.0 ], [ 117.767681, 1.9207746, 0.0 ], [ 117.7679653, 1.9207302, 0.0 ], [ 117.7681986, 1.9206912, 0.0 ], [ 117.7683141, 1.9206848, 0.0 ], [ 117.7687209, 1.9207406, 0.0 ], [ 117.7690509, 1.9208772, 0.0 ], [ 117.7691265, 1.9209148, 0.0 ], [ 117.7695978, 1.9212185, 0.0 ], [ 117.7705119, 1.9214254, 0.0 ], [ 117.7706313, 1.9214262, 0.0 ], [ 117.7719299, 1.9212164, 0.0 ], [ 117.7720469, 1.9211962, 0.0 ], [ 117.772161, 1.9211699, 0.0 ], [ 117.7722712, 1.9211336, 0.0 ], [ 117.7723753, 1.9210873, 0.0 ], [ 117.7724665, 1.9210364, 0.0 ], [ 117.7726186, 1.9208988, 0.0 ], [ 117.7727604, 1.9206852, 0.0 ], [ 117.7728825, 1.9204329, 0.0 ], [ 117.7730481, 1.9200534, 0.0 ], [ 117.7731885, 1.9198413, 0.0 ], [ 117.7732804, 1.9197571, 0.0 ], [ 117.7737479, 1.9194965, 0.0 ], [ 117.7740877, 1.9193903, 0.0 ], [ 117.7742826, 1.9193547, 0.0 ], [ 117.7743736, 1.9193412, 0.0 ], [ 117.774715, 1.919288, 0.0 ], [ 117.7748401, 1.9192695, 0.0 ], [ 117.7751808, 1.9192582, 0.0 ], [ 117.7755305, 1.9192777, 0.0 ], [ 117.7756419, 1.919274, 0.0 ], [ 117.7759223, 1.9192273, 0.0 ], [ 117.776316, 1.9190661, 0.0 ], [ 117.7763763, 1.9190382, 0.0 ], [ 117.7764394, 1.9190009, 0.0 ], [ 117.7765026, 1.9189568, 0.0 ], [ 117.7765591, 1.9188983, 0.0 ], [ 117.7766097, 1.9188218, 0.0 ], [ 117.7766525, 1.9186364, 0.0 ], [ 117.7765331, 1.9184524, 0.0 ], [ 117.7764594, 1.9183673, 0.0 ], [ 117.7759651, 1.917956, 0.0 ], [ 117.7757917, 1.9177851, 0.0 ], [ 117.7756828, 1.9175992, 0.0 ], [ 117.7756504, 1.9175002, 0.0 ], [ 117.7756326, 1.9173924, 0.0 ], [ 117.7756437, 1.9171832, 0.0 ], [ 117.7756627, 1.9170777, 0.0 ], [ 117.7756984, 1.9169826, 0.0 ], [ 117.7757502, 1.9168929, 0.0 ], [ 117.7758183, 1.9168088, 0.0 ], [ 117.775917, 1.91675, 0.0 ], [ 117.7760292, 1.916704, 0.0 ], [ 117.7764054, 1.9166264, 0.0 ], [ 117.7766639, 1.9165554, 0.0 ], [ 117.7767967, 1.9164849, 0.0 ], [ 117.7769236, 1.9164071, 0.0 ], [ 117.7770431, 1.9163414, 0.0 ], [ 117.7771564, 1.9162847, 0.0 ], [ 117.7772716, 1.9162355, 0.0 ], [ 117.7777454, 1.9161317, 0.0 ], [ 117.7780714, 1.9160982, 0.0 ], [ 117.7783428, 1.9160328, 0.0 ], [ 117.7785583, 1.9159585, 0.0 ], [ 117.7787951, 1.9158461, 0.0 ], [ 117.7788567, 1.9158128, 0.0 ], [ 117.7789093, 1.9157785, 0.0 ], [ 117.7789556, 1.91574, 0.0 ], [ 117.7790022, 1.9156978, 0.0 ], [ 117.7790495, 1.9156533, 0.0 ], [ 117.7790929, 1.9156035, 0.0 ], [ 117.7791322, 1.9155499, 0.0 ], [ 117.7791644, 1.9154962, 0.0 ], [ 117.7791926, 1.91544, 0.0 ], [ 117.7792174, 1.9153729, 0.0 ], [ 117.7792324, 1.9152973, 0.0 ], [ 117.77924, 1.915219, 0.0 ], [ 117.7792343, 1.915135, 0.0 ], [ 117.7792223, 1.9150535, 0.0 ], [ 117.779182, 1.9149645, 0.0 ], [ 117.7791214, 1.9148631, 0.0 ], [ 117.7790399, 1.9147569, 0.0 ], [ 117.7789392, 1.9146591, 0.0 ], [ 117.7788191, 1.9145772, 0.0 ], [ 117.7784247, 1.9143726, 0.0 ], [ 117.7780146, 1.9141797, 0.0 ], [ 117.7774864, 1.913923, 0.0 ], [ 117.7770074, 1.9135842, 0.0 ], [ 117.7767712, 1.9133885, 0.0 ], [ 117.7765332, 1.9131973, 0.0 ], [ 117.7764146, 1.9131044, 0.0 ], [ 117.7762977, 1.9130068, 0.0 ], [ 117.7757464, 1.9125484, 0.0 ], [ 117.775206, 1.9118979, 0.0 ], [ 117.7751601, 1.9118029, 0.0 ], [ 117.7751237, 1.9117109, 0.0 ], [ 117.775101, 1.9116202, 0.0 ], [ 117.7750938, 1.9115266, 0.0 ], [ 117.775115, 1.9112616, 0.0 ], [ 117.7751206, 1.9111209, 0.0 ], [ 117.7750877, 1.9109126, 0.0 ], [ 117.7750138, 1.9106107, 0.0 ], [ 117.7749853, 1.9104868, 0.0 ], [ 117.7749649, 1.9103557, 0.0 ], [ 117.7749607, 1.9102167, 0.0 ], [ 117.7749771, 1.9100741, 0.0 ], [ 117.7751507, 1.9095552, 0.0 ], [ 117.7754596, 1.9089365, 0.0 ], [ 117.7757145, 1.9084701, 0.0 ], [ 117.7762998, 1.9079346, 0.0 ], [ 117.7763822, 1.9078528, 0.0 ], [ 117.7764485, 1.9077616, 0.0 ], [ 117.7764957, 1.9076661, 0.0 ], [ 117.7765997, 1.907178, 0.0 ], [ 117.7766581, 1.9069059, 0.0 ], [ 117.7768194, 1.906466, 0.0 ], [ 117.776863, 1.9063792, 0.0 ], [ 117.7770821, 1.9060483, 0.0 ], [ 117.7771605, 1.9059532, 0.0 ], [ 117.7772424, 1.905851, 0.0 ], [ 117.7773177, 1.9057411, 0.0 ], [ 117.7773913, 1.9056253, 0.0 ], [ 117.7774511, 1.9055095, 0.0 ], [ 117.7775486, 1.9052908, 0.0 ], [ 117.7776229, 1.9050578, 0.0 ], [ 117.7776415, 1.9049245, 0.0 ], [ 117.7776427, 1.9046659, 0.0 ], [ 117.7776264, 1.9045378, 0.0 ], [ 117.7775936, 1.9044133, 0.0 ], [ 117.7775464, 1.904296, 0.0 ], [ 117.7774135, 1.9040951, 0.0 ], [ 117.7770697, 1.9037569, 0.0 ], [ 117.7769799, 1.9036689, 0.0 ], [ 117.7768837, 1.9035845, 0.0 ], [ 117.7767785, 1.9035113, 0.0 ], [ 117.776663, 1.9034515, 0.0 ], [ 117.7765347, 1.903411, 0.0 ], [ 117.7760988, 1.9034103, 0.0 ], [ 117.7759585, 1.9033966, 0.0 ], [ 117.7757075, 1.9032871, 0.0 ], [ 117.7756163, 1.9031859, 0.0 ], [ 117.7754721, 1.902924, 0.0 ], [ 117.7754213, 1.9027752, 0.0 ], [ 117.7753571, 1.9024712, 0.0 ], [ 117.7753497, 1.9020194, 0.0 ], [ 117.7753533, 1.9018702, 0.0 ], [ 117.7753658, 1.9017267, 0.0 ], [ 117.7753929, 1.9015922, 0.0 ], [ 117.7754362, 1.9014647, 0.0 ], [ 117.7755766, 1.901229, 0.0 ], [ 117.775677, 1.9011244, 0.0 ], [ 117.7757883, 1.901025, 0.0 ], [ 117.7758993, 1.9009317, 0.0 ], [ 117.7759727, 1.9008262, 0.0 ], [ 117.7760299, 1.9007224, 0.0 ], [ 117.7760642, 1.9006183, 0.0 ], [ 117.7760852, 1.9005205, 0.0 ], [ 117.7760481, 1.9001089, 0.0 ], [ 117.7759808, 1.8998609, 0.0 ], [ 117.7758781, 1.8996128, 0.0 ], [ 117.7758051, 1.8994897, 0.0 ], [ 117.7757156, 1.8993654, 0.0 ], [ 117.7756244, 1.8992501, 0.0 ], [ 117.7755347, 1.8991476, 0.0 ], [ 117.7754438, 1.8990461, 0.0 ], [ 117.7753636, 1.898939, 0.0 ], [ 117.7752916, 1.8988128, 0.0 ], [ 117.7752319, 1.8986799, 0.0 ], [ 117.7751457, 1.8983991, 0.0 ], [ 117.7751266, 1.8982569, 0.0 ], [ 117.7751281, 1.898129, 0.0 ], [ 117.77514, 1.8980034, 0.0 ], [ 117.7751695, 1.8978939, 0.0 ], [ 117.7752127, 1.8977936, 0.0 ], [ 117.7752694, 1.8977029, 0.0 ], [ 117.7753474, 1.8976247, 0.0 ], [ 117.7754399, 1.8975503, 0.0 ], [ 117.7755405, 1.897491, 0.0 ], [ 117.7756461, 1.8974403, 0.0 ], [ 117.7757552, 1.8973999, 0.0 ], [ 117.7761024, 1.8973147, 0.0 ], [ 117.7764926, 1.8972636, 0.0 ], [ 117.7766199, 1.8972557, 0.0 ], [ 117.7767447, 1.8972485, 0.0 ], [ 117.7772729, 1.8972874, 0.0 ], [ 117.7773714, 1.8972995, 0.0 ], [ 117.7776905, 1.8972947, 0.0 ], [ 117.7780001, 1.8972253, 0.0 ], [ 117.7783475, 1.8971251, 0.0 ], [ 117.778479, 1.8970818, 0.0 ], [ 117.7785378, 1.8970551, 0.0 ], [ 117.7786611, 1.896987, 0.0 ], [ 117.7788305, 1.8968846, 0.0 ], [ 117.7790419, 1.8967522, 0.0 ], [ 117.7790698, 1.896741, 0.0 ], [ 117.7791695, 1.8966819, 0.0 ], [ 117.7792443, 1.8966422, 0.0 ], [ 117.7793381, 1.8966139, 0.0 ], [ 117.7795882, 1.8965815, 0.0 ], [ 117.7796559, 1.8965798, 0.0 ], [ 117.7797214, 1.8965836, 0.0 ], [ 117.7798424, 1.8966039, 0.0 ], [ 117.7800318, 1.896676, 0.0 ], [ 117.7801307, 1.8967473, 0.0 ], [ 117.7802893, 1.8968078, 0.0 ], [ 117.7803404, 1.8968254, 0.0 ], [ 117.7803956, 1.8968495, 0.0 ], [ 117.7804592, 1.8968754, 0.0 ], [ 117.7805323, 1.8969016, 0.0 ], [ 117.7806156, 1.8969263, 0.0 ], [ 117.7807197, 1.8969362, 0.0 ], [ 117.7809513, 1.8969182, 0.0 ], [ 117.7810774, 1.8968896, 0.0 ], [ 117.7811924, 1.8968383, 0.0 ], [ 117.7818549, 1.896401, 0.0 ], [ 117.7821142, 1.8962297, 0.0 ], [ 117.7823745, 1.896045, 0.0 ], [ 117.7824575, 1.8959815, 0.0 ], [ 117.7825321, 1.8959143, 0.0 ], [ 117.782652, 1.8957773, 0.0 ], [ 117.7827025, 1.8957117, 0.0 ], [ 117.7828624, 1.8954202, 0.0 ], [ 117.7829426, 1.8952351, 0.0 ], [ 117.7829738, 1.8951325, 0.0 ], [ 117.7830124, 1.8949119, 0.0 ], [ 117.7830183, 1.8947923, 0.0 ], [ 117.783003, 1.8944522, 0.0 ], [ 117.783007, 1.8943524, 0.0 ], [ 117.7830674, 1.8940818, 0.0 ], [ 117.7830952, 1.8939976, 0.0 ], [ 117.7831971, 1.8937406, 0.0 ], [ 117.7832989, 1.8934629, 0.0 ], [ 117.7834175, 1.893196, 0.0 ], [ 117.7834605, 1.8931092, 0.0 ], [ 117.7835105, 1.8930303, 0.0 ], [ 117.7836277, 1.8929016, 0.0 ], [ 117.7838244, 1.8927209, 0.0 ], [ 117.7840015, 1.892545, 0.0 ], [ 117.7844776, 1.8917323, 0.0 ], [ 117.7846444, 1.8913649, 0.0 ], [ 117.7849424, 1.8906739, 0.0 ], [ 117.7849939, 1.8905397, 0.0 ], [ 117.7851366, 1.8900257, 0.0 ], [ 117.7851749, 1.8898968, 0.0 ], [ 117.7854117, 1.8894491, 0.0 ], [ 117.7855793, 1.8891241, 0.0 ], [ 117.785805, 1.8886427, 0.0 ], [ 117.7860152, 1.8882781, 0.0 ], [ 117.7861486, 1.8880109, 0.0 ], [ 117.7861972, 1.887869, 0.0 ], [ 117.7862602, 1.8875819, 0.0 ], [ 117.7862782, 1.8874402, 0.0 ], [ 117.7862822, 1.8873041, 0.0 ], [ 117.7862098, 1.8867854, 0.0 ], [ 117.7861074, 1.8863937, 0.0 ], [ 117.7860647, 1.8862644, 0.0 ], [ 117.7860188, 1.8861386, 0.0 ], [ 117.7859578, 1.8860107, 0.0 ], [ 117.7858766, 1.8858855, 0.0 ], [ 117.7853286, 1.8851171, 0.0 ], [ 117.7852349, 1.8849963, 0.0 ], [ 117.7851575, 1.8848692, 0.0 ], [ 117.7850427, 1.8845993, 0.0 ], [ 117.7849969, 1.8844595, 0.0 ], [ 117.7849593, 1.8843201, 0.0 ], [ 117.7849423, 1.8841816, 0.0 ], [ 117.784948, 1.8840419, 0.0 ], [ 117.7851314, 1.8833633, 0.0 ], [ 117.7852138, 1.8829546, 0.0 ], [ 117.785244, 1.8826855, 0.0 ], [ 117.7852483, 1.8824234, 0.0 ], [ 117.7852483, 1.8815789, 0.0 ], [ 117.7852449, 1.8814516, 0.0 ], [ 117.7853101, 1.8812006, 0.0 ], [ 117.7859311, 1.8803038, 0.0 ], [ 117.7860234, 1.8801895, 0.0 ], [ 117.7861099, 1.8800823, 0.0 ], [ 117.7861834, 1.8799776, 0.0 ], [ 117.7862425, 1.8798762, 0.0 ], [ 117.7862899, 1.8797765, 0.0 ], [ 117.7863297, 1.8796794, 0.0 ], [ 117.7863584, 1.8795793, 0.0 ], [ 117.7863745, 1.879471, 0.0 ], [ 117.7863739, 1.8793555, 0.0 ], [ 117.7861779, 1.8786841, 0.0 ], [ 117.7860871, 1.8784283, 0.0 ], [ 117.7860477, 1.8783096, 0.0 ], [ 117.7859907, 1.8782003, 0.0 ], [ 117.7856519, 1.877838, 0.0 ], [ 117.7855645, 1.8777458, 0.0 ], [ 117.7854867, 1.8776408, 0.0 ], [ 117.7853146, 1.8771742, 0.0 ], [ 117.7852848, 1.8770679, 0.0 ], [ 117.7851762, 1.8768785, 0.0 ], [ 117.7848841, 1.8766436, 0.0 ], [ 117.7847611, 1.876562, 0.0 ], [ 117.784643, 1.8764731, 0.0 ], [ 117.7845406, 1.8763771, 0.0 ], [ 117.7844545, 1.8762767, 0.0 ], [ 117.7843446, 1.876063, 0.0 ], [ 117.7843077, 1.8759429, 0.0 ], [ 117.7842598, 1.8757061, 0.0 ], [ 117.7842348, 1.8752641, 0.0 ], [ 117.7841834, 1.8748771, 0.0 ], [ 117.7840642, 1.874442, 0.0 ], [ 117.7839512, 1.8741681, 0.0 ], [ 117.7838349, 1.873906, 0.0 ], [ 117.7837783, 1.8737764, 0.0 ], [ 117.7837365, 1.8736479, 0.0 ], [ 117.783712, 1.8735206, 0.0 ], [ 117.7836956, 1.8733939, 0.0 ], [ 117.7836918, 1.8732694, 0.0 ], [ 117.7836971, 1.8731446, 0.0 ], [ 117.7837051, 1.8730224, 0.0 ], [ 117.7836986, 1.872905, 0.0 ], [ 117.7836787, 1.8727933, 0.0 ], [ 117.783414, 1.872256, 0.0 ], [ 117.7832356, 1.8719405, 0.0 ], [ 117.7831788, 1.8718418, 0.0 ], [ 117.7830123, 1.8715307, 0.0 ], [ 117.782878, 1.8712188, 0.0 ], [ 117.7827986, 1.8710317, 0.0 ], [ 117.782761, 1.8709433, 0.0 ], [ 117.7827329, 1.8708552, 0.0 ], [ 117.7826864, 1.870616, 0.0 ], [ 117.7826556, 1.8703815, 0.0 ], [ 117.7826279, 1.8701629, 0.0 ], [ 117.7826195, 1.870099, 0.0 ], [ 117.7826036, 1.8700382, 0.0 ], [ 117.7825892, 1.8699787, 0.0 ], [ 117.7825675, 1.8699096, 0.0 ], [ 117.7825289, 1.8698337, 0.0 ], [ 117.7824807, 1.8697571, 0.0 ], [ 117.7822595, 1.8695607, 0.0 ], [ 117.7821694, 1.869496, 0.0 ], [ 117.7820273, 1.869338, 0.0 ], [ 117.7819725, 1.8692465, 0.0 ], [ 117.7819581, 1.8691406, 0.0 ], [ 117.781988, 1.8689116, 0.0 ], [ 117.7820123, 1.8687913, 0.0 ], [ 117.7820305, 1.86867, 0.0 ], [ 117.7820388, 1.8685497, 0.0 ], [ 117.7820367, 1.8684327, 0.0 ], [ 117.7820225, 1.8683196, 0.0 ], [ 117.7818889, 1.8677893, 0.0 ], [ 117.7818414, 1.8675842, 0.0 ], [ 117.7816562, 1.8671797, 0.0 ], [ 117.7815992, 1.8670724, 0.0 ], [ 117.7815437, 1.8669642, 0.0 ], [ 117.7814978, 1.8668528, 0.0 ], [ 117.781477, 1.8667364, 0.0 ], [ 117.7814728, 1.8666169, 0.0 ], [ 117.7814831, 1.8664983, 0.0 ], [ 117.7815079, 1.8663845, 0.0 ], [ 117.7815643, 1.8661726, 0.0 ], [ 117.7815608, 1.8660653, 0.0 ], [ 117.7813518, 1.865592, 0.0 ], [ 117.7812894, 1.865466, 0.0 ], [ 117.7812281, 1.8653397, 0.0 ], [ 117.7811806, 1.8652069, 0.0 ], [ 117.7811469, 1.8650664, 0.0 ], [ 117.7811254, 1.8649263, 0.0 ], [ 117.7811292, 1.8646585, 0.0 ], [ 117.7811639, 1.8642634, 0.0 ], [ 117.7812121, 1.8634531, 0.0 ], [ 117.7812092, 1.8633096, 0.0 ], [ 117.7812114, 1.8631755, 0.0 ], [ 117.7812255, 1.8630436, 0.0 ], [ 117.7812703, 1.8629249, 0.0 ], [ 117.7815581, 1.8625239, 0.0 ], [ 117.7817167, 1.8623006, 0.0 ], [ 117.7817979, 1.8621762, 0.0 ], [ 117.7818838, 1.8620535, 0.0 ], [ 117.7819832, 1.8619457, 0.0 ], [ 117.7820958, 1.8618553, 0.0 ], [ 117.7822151, 1.861787, 0.0 ], [ 117.7823335, 1.8617264, 0.0 ], [ 117.7826506, 1.8616174, 0.0 ], [ 117.7827368, 1.8615856, 0.0 ], [ 117.7828191, 1.8615491, 0.0 ], [ 117.7829005, 1.8615085, 0.0 ], [ 117.7829699, 1.8614536, 0.0 ], [ 117.783228, 1.8611396, 0.0 ], [ 117.7834509, 1.8605357, 0.0 ], [ 117.783567, 1.8602855, 0.0 ], [ 117.7836307, 1.8601675, 0.0 ], [ 117.7836859, 1.8600475, 0.0 ], [ 117.7837223, 1.8599265, 0.0 ], [ 117.7837154, 1.8597938, 0.0 ], [ 117.7836878, 1.8596563, 0.0 ], [ 117.7836458, 1.8595193, 0.0 ], [ 117.7835957, 1.8593851, 0.0 ], [ 117.7835527, 1.8592537, 0.0 ], [ 117.7835253, 1.85913, 0.0 ], [ 117.7835131, 1.8590117, 0.0 ], [ 117.7836979, 1.8581309, 0.0 ], [ 117.7837042, 1.857993, 0.0 ], [ 117.7837065, 1.8577066, 0.0 ], [ 117.7837146, 1.8574069, 0.0 ], [ 117.783751, 1.8570867, 0.0 ], [ 117.7840807, 1.856187, 0.0 ], [ 117.7841501, 1.8560684, 0.0 ], [ 117.7842106, 1.8559473, 0.0 ], [ 117.7842626, 1.8558223, 0.0 ], [ 117.7843008, 1.8557005, 0.0 ], [ 117.7843264, 1.8553516, 0.0 ], [ 117.7842896, 1.8551173, 0.0 ], [ 117.7842084, 1.854634, 0.0 ], [ 117.7841632, 1.854277, 0.0 ], [ 117.7841481, 1.8540461, 0.0 ], [ 117.7841502, 1.8539307, 0.0 ], [ 117.7841849, 1.853707, 0.0 ], [ 117.7842806, 1.8533516, 0.0 ], [ 117.7843254, 1.8532216, 0.0 ], [ 117.7846847, 1.852576, 0.0 ], [ 117.7847631, 1.8524535, 0.0 ], [ 117.784839, 1.8523313, 0.0 ], [ 117.7849059, 1.8522059, 0.0 ], [ 117.7849609, 1.8520743, 0.0 ], [ 117.7849977, 1.8519339, 0.0 ], [ 117.7850118, 1.8517922, 0.0 ], [ 117.7850089, 1.8516475, 0.0 ], [ 117.7849963, 1.8515024, 0.0 ], [ 117.7849868, 1.8513612, 0.0 ], [ 117.7849913, 1.8512302, 0.0 ], [ 117.7850148, 1.8511133, 0.0 ], [ 117.785059, 1.8510064, 0.0 ], [ 117.7851309, 1.8509109, 0.0 ], [ 117.7852233, 1.8508283, 0.0 ], [ 117.7853297, 1.850757, 0.0 ], [ 117.7856719, 1.850606, 0.0 ], [ 117.7857829, 1.8505681, 0.0 ], [ 117.7858862, 1.8505331, 0.0 ], [ 117.7859793, 1.8504937, 0.0 ], [ 117.7860611, 1.8504566, 0.0 ], [ 117.7861279, 1.8504089, 0.0 ], [ 117.7861877, 1.8503553, 0.0 ], [ 117.7862445, 1.8502858, 0.0 ], [ 117.7862974, 1.850194, 0.0 ], [ 117.7863436, 1.8500892, 0.0 ], [ 117.7863742, 1.8499773, 0.0 ], [ 117.7863874, 1.8498574, 0.0 ], [ 117.7863745, 1.8497315, 0.0 ], [ 117.7863475, 1.8496045, 0.0 ], [ 117.7860669, 1.8490119, 0.0 ], [ 117.7860113, 1.8488879, 0.0 ], [ 117.7859685, 1.8487633, 0.0 ], [ 117.7859396, 1.848638, 0.0 ], [ 117.7859229, 1.8485135, 0.0 ], [ 117.7859175, 1.8483926, 0.0 ], [ 117.7859436, 1.8481672, 0.0 ], [ 117.7860563, 1.8473739, 0.0 ], [ 117.786072, 1.8472157, 0.0 ], [ 117.7860935, 1.8470586, 0.0 ], [ 117.7861383, 1.8469091, 0.0 ], [ 117.786198, 1.846769, 0.0 ], [ 117.7863549, 1.8465515, 0.0 ], [ 117.7864538, 1.8464809, 0.0 ], [ 117.7865679, 1.8464316, 0.0 ], [ 117.7866997, 1.8464004, 0.0 ], [ 117.7868403, 1.8463883, 0.0 ], [ 117.7869815, 1.8463817, 0.0 ], [ 117.787126, 1.846371, 0.0 ], [ 117.7872662, 1.8463378, 0.0 ], [ 117.7874004, 1.8462782, 0.0 ], [ 117.7880694, 1.8456853, 0.0 ], [ 117.7891633, 1.8447516, 0.0 ], [ 117.7892566, 1.844653, 0.0 ], [ 117.7894013, 1.844427, 0.0 ], [ 117.7901148, 1.8428714, 0.0 ], [ 117.7902824, 1.8424499, 0.0 ], [ 117.7907127, 1.841686, 0.0 ], [ 117.7907893, 1.8415693, 0.0 ], [ 117.7908606, 1.8414503, 0.0 ], [ 117.7909212, 1.8413294, 0.0 ], [ 117.7909699, 1.8412043, 0.0 ], [ 117.7910058, 1.8410718, 0.0 ], [ 117.7910523, 1.8403514, 0.0 ], [ 117.7909659, 1.8396976, 0.0 ], [ 117.7906527, 1.838876, 0.0 ], [ 117.7906244, 1.8387944, 0.0 ], [ 117.790608, 1.8384633, 0.0 ], [ 117.7906189, 1.8381196, 0.0 ], [ 117.790428, 1.8373563, 0.0 ], [ 117.7903959, 1.8372558, 0.0 ], [ 117.79037, 1.8371547, 0.0 ], [ 117.7903593, 1.8370552, 0.0 ], [ 117.7903684, 1.8369608, 0.0 ], [ 117.7904215, 1.8368773, 0.0 ], [ 117.790495, 1.8368109, 0.0 ], [ 117.7905841, 1.8367623, 0.0 ], [ 117.790677, 1.8367212, 0.0 ], [ 117.7907813, 1.8366908, 0.0 ], [ 117.7911061, 1.8366976, 0.0 ], [ 117.7912086, 1.8367164, 0.0 ], [ 117.791578, 1.8367771, 0.0 ], [ 117.7918374, 1.8368079, 0.0 ], [ 117.7919361, 1.8368194, 0.0 ], [ 117.79204, 1.8368237, 0.0 ], [ 117.7921459, 1.8368154, 0.0 ], [ 117.7922558, 1.8367918, 0.0 ], [ 117.792362, 1.8367391, 0.0 ], [ 117.7924665, 1.8366587, 0.0 ], [ 117.7932827, 1.8357155, 0.0 ], [ 117.7936731, 1.8353398, 0.0 ], [ 117.7937482, 1.8352908, 0.0 ], [ 117.7940545, 1.8351197, 0.0 ], [ 117.794138, 1.8350749, 0.0 ], [ 117.7942252, 1.8350246, 0.0 ], [ 117.7943229, 1.8349862, 0.0 ], [ 117.7944322, 1.8349589, 0.0 ], [ 117.7945535, 1.8349454, 0.0 ], [ 117.7946813, 1.8349455, 0.0 ], [ 117.7952089, 1.8350433, 0.0 ], [ 117.7953423, 1.8350698, 0.0 ], [ 117.7959119, 1.8350768, 0.0 ], [ 117.7962022, 1.8350281, 0.0 ], [ 117.7968136, 1.8348094, 0.0 ], [ 117.7970819, 1.8347398, 0.0 ], [ 117.7972196, 1.8347276, 0.0 ], [ 117.7973554, 1.8347308, 0.0 ], [ 117.7974876, 1.8347488, 0.0 ], [ 117.7977285, 1.8348205, 0.0 ], [ 117.7978404, 1.8348646, 0.0 ], [ 117.7980379, 1.8349743, 0.0 ], [ 117.7981201, 1.8350406, 0.0 ], [ 117.7983995, 1.8354183, 0.0 ], [ 117.798479, 1.8355256, 0.0 ], [ 117.7985696, 1.8356256, 0.0 ], [ 117.7986693, 1.8357086, 0.0 ], [ 117.7987838, 1.8357704, 0.0 ], [ 117.7996106, 1.835902, 0.0 ], [ 117.8000816, 1.8359939, 0.0 ], [ 117.8001837, 1.8360234, 0.0 ], [ 117.800429, 1.8361364, 0.0 ], [ 117.8005499, 1.8362206, 0.0 ], [ 117.8006638, 1.8363177, 0.0 ], [ 117.8007652, 1.8364244, 0.0 ], [ 117.8008531, 1.8365389, 0.0 ], [ 117.8009278, 1.8366693, 0.0 ], [ 117.8009989, 1.8368013, 0.0 ], [ 117.8010695, 1.8369239, 0.0 ], [ 117.801152, 1.8370302, 0.0 ], [ 117.8012417, 1.837116, 0.0 ], [ 117.8013408, 1.8371869, 0.0 ], [ 117.801457, 1.8372309, 0.0 ], [ 117.8024242, 1.8373611, 0.0 ], [ 117.8032981, 1.8374123, 0.0 ], [ 117.8046732, 1.8377697, 0.0 ], [ 117.8048049, 1.8378221, 0.0 ], [ 117.8049352, 1.8378667, 0.0 ], [ 117.8050628, 1.8378945, 0.0 ], [ 117.8051949, 1.8379026, 0.0 ], [ 117.8053279, 1.8378873, 0.0 ], [ 117.805458, 1.8378515, 0.0 ], [ 117.8055867, 1.8378074, 0.0 ], [ 117.8057237, 1.8377654, 0.0 ], [ 117.8058662, 1.8377364, 0.0 ], [ 117.8060041, 1.8377244, 0.0 ], [ 117.806145, 1.8377328, 0.0 ], [ 117.8077564, 1.8381172, 0.0 ], [ 117.8082046, 1.8382556, 0.0 ], [ 117.8085616, 1.8384254, 0.0 ], [ 117.8086777, 1.8384754, 0.0 ], [ 117.8087994, 1.8385186, 0.0 ], [ 117.8089319, 1.8385515, 0.0 ], [ 117.8090701, 1.8385773, 0.0 ], [ 117.8101284, 1.8385976, 0.0 ], [ 117.8103848, 1.8386034, 0.0 ], [ 117.8105051, 1.8385974, 0.0 ], [ 117.8106208, 1.8385746, 0.0 ], [ 117.8108338, 1.8384819, 0.0 ], [ 117.8109289, 1.8384098, 0.0 ], [ 117.8110136, 1.8383239, 0.0 ], [ 117.8112302, 1.838012, 0.0 ], [ 117.8112965, 1.8379021, 0.0 ], [ 117.8113698, 1.8378049, 0.0 ], [ 117.8114513, 1.8377277, 0.0 ], [ 117.8115493, 1.8376771, 0.0 ], [ 117.8116514, 1.837657, 0.0 ], [ 117.8117546, 1.8376753, 0.0 ], [ 117.8118502, 1.8377246, 0.0 ], [ 117.811948, 1.8377875, 0.0 ], [ 117.8120404, 1.8378604, 0.0 ], [ 117.812116, 1.8379339, 0.0 ], [ 117.8121967, 1.8379981, 0.0 ], [ 117.8122932, 1.8380586, 0.0 ], [ 117.8124073, 1.8381141, 0.0 ], [ 117.812537, 1.8381571, 0.0 ], [ 117.8126744, 1.838183, 0.0 ], [ 117.8128161, 1.8381984, 0.0 ], [ 117.8129578, 1.8382063, 0.0 ], [ 117.8130881, 1.8381983, 0.0 ], [ 117.8132157, 1.8381732, 0.0 ], [ 117.8133401, 1.8381312, 0.0 ], [ 117.8134618, 1.8380696, 0.0 ], [ 117.8136959, 1.8379047, 0.0 ], [ 117.8138118, 1.8378173, 0.0 ], [ 117.8140572, 1.8376963, 0.0 ], [ 117.8141834, 1.8376674, 0.0 ], [ 117.8144346, 1.8376516, 0.0 ], [ 117.8145598, 1.8376379, 0.0 ], [ 117.8151697, 1.8374115, 0.0 ], [ 117.8159634, 1.8369278, 0.0 ], [ 117.8164638, 1.8365822, 0.0 ], [ 117.816556, 1.8365079, 0.0 ], [ 117.8167366, 1.8363278, 0.0 ], [ 117.8168379, 1.8362264, 0.0 ], [ 117.8169485, 1.8361255, 0.0 ], [ 117.8170675, 1.83604, 0.0 ], [ 117.8171916, 1.8359727, 0.0 ], [ 117.8175882, 1.8358893, 0.0 ], [ 117.8181332, 1.8358525, 0.0 ], [ 117.8182573, 1.8358401, 0.0 ], [ 117.8183731, 1.8358243, 0.0 ], [ 117.8184808, 1.8357996, 0.0 ], [ 117.8185834, 1.835766, 0.0 ], [ 117.818681, 1.8357203, 0.0 ], [ 117.8187703, 1.8356559, 0.0 ], [ 117.8188476, 1.8355855, 0.0 ], [ 117.8189685, 1.8354436, 0.0 ], [ 117.8190094, 1.8353779, 0.0 ], [ 117.8190382, 1.8353203, 0.0 ], [ 117.819058, 1.8352043, 0.0 ], [ 117.8190559, 1.8350584, 0.0 ], [ 117.8191152, 1.8346567, 0.0 ], [ 117.8192071, 1.8342591, 0.0 ], [ 117.8192338, 1.8341802, 0.0 ], [ 117.819522, 1.833484, 0.0 ], [ 117.8196417, 1.8332871, 0.0 ], [ 117.8202577, 1.8326069, 0.0 ], [ 117.8204488, 1.8324065, 0.0 ], [ 117.8205397, 1.8323038, 0.0 ], [ 117.8206302, 1.8321971, 0.0 ], [ 117.8207101, 1.8320818, 0.0 ], [ 117.8207766, 1.8319573, 0.0 ], [ 117.8208292, 1.8318292, 0.0 ], [ 117.820903, 1.8314463, 0.0 ], [ 117.8209278, 1.8302052, 0.0 ], [ 117.8209193, 1.8293605, 0.0 ], [ 117.820956, 1.8289455, 0.0 ], [ 117.8209709, 1.8286947, 0.0 ], [ 117.8209961, 1.8283417, 0.0 ], [ 117.8210089, 1.8280243, 0.0 ], [ 117.821189, 1.8272658, 0.0 ], [ 117.8213685, 1.8268723, 0.0 ], [ 117.8215113, 1.826592, 0.0 ], [ 117.8216216, 1.8264187, 0.0 ], [ 117.8217588, 1.8261995, 0.0 ], [ 117.8217929, 1.826134, 0.0 ], [ 117.8218653, 1.8259427, 0.0 ], [ 117.8219686, 1.8256619, 0.0 ], [ 117.8219833, 1.8256078, 0.0 ], [ 117.8220383, 1.8254915, 0.0 ], [ 117.8222716, 1.8251423, 0.0 ], [ 117.822457, 1.8248397, 0.0 ], [ 117.8228178, 1.8239325, 0.0 ], [ 117.822962, 1.8235197, 0.0 ], [ 117.8230057, 1.8233855, 0.0 ], [ 117.8232191, 1.8225791, 0.0 ], [ 117.8233571, 1.8216554, 0.0 ], [ 117.823364, 1.8215675, 0.0 ], [ 117.8233676, 1.8214871, 0.0 ], [ 117.8233628, 1.8214173, 0.0 ], [ 117.8233508, 1.8213501, 0.0 ], [ 117.823268, 1.8211089, 0.0 ], [ 117.8232115, 1.8210679, 0.0 ], [ 117.8231357, 1.8209996, 0.0 ], [ 117.8229758, 1.820881, 0.0 ], [ 117.8226104, 1.8207178, 0.0 ], [ 117.8224782, 1.8206707, 0.0 ], [ 117.8223349, 1.8206282, 0.0 ], [ 117.8222398, 1.8205645, 0.0 ], [ 117.8221762, 1.8204785, 0.0 ], [ 117.8221366, 1.8203842, 0.0 ], [ 117.8221121, 1.8202842, 0.0 ], [ 117.8220924, 1.8201796, 0.0 ], [ 117.8221474, 1.8199699, 0.0 ], [ 117.8226394, 1.8193421, 0.0 ], [ 117.8227954, 1.8191351, 0.0 ], [ 117.8229001, 1.8188807, 0.0 ], [ 117.8229995, 1.818164, 0.0 ], [ 117.8230185, 1.8180242, 0.0 ], [ 117.8230459, 1.8178944, 0.0 ], [ 117.8230849, 1.8177776, 0.0 ], [ 117.8231336, 1.81767, 0.0 ], [ 117.8232635, 1.8174767, 0.0 ], [ 117.8239746, 1.8167649, 0.0 ], [ 117.8240418, 1.8166861, 0.0 ], [ 117.8241074, 1.8165973, 0.0 ], [ 117.824317, 1.816143, 0.0 ], [ 117.8243871, 1.8159282, 0.0 ], [ 117.8244104, 1.8158194, 0.0 ], [ 117.8244268, 1.8157097, 0.0 ], [ 117.8243537, 1.8146836, 0.0 ], [ 117.8243348, 1.8145855, 0.0 ], [ 117.8243079, 1.814487, 0.0 ], [ 117.8241484, 1.8141964, 0.0 ], [ 117.824076, 1.8140997, 0.0 ], [ 117.8240044, 1.8140003, 0.0 ], [ 117.8239413, 1.813895, 0.0 ], [ 117.8238883, 1.8137837, 0.0 ], [ 117.8238515, 1.8136691, 0.0 ], [ 117.8238505, 1.8135563, 0.0 ], [ 117.8238799, 1.8134467, 0.0 ], [ 117.8239297, 1.8133453, 0.0 ], [ 117.8240471, 1.813162, 0.0 ], [ 117.8242067, 1.8129282, 0.0 ], [ 117.8242633, 1.8128534, 0.0 ], [ 117.8243138, 1.8127684, 0.0 ], [ 117.8244068, 1.8125555, 0.0 ], [ 117.8244373, 1.8124317, 0.0 ], [ 117.8244575, 1.8120301, 0.0 ], [ 117.8244633, 1.8118908, 0.0 ], [ 117.8244713, 1.8117501, 0.0 ], [ 117.8244903, 1.8116162, 0.0 ], [ 117.8245193, 1.8114912, 0.0 ], [ 117.8246079, 1.811258, 0.0 ], [ 117.8251199, 1.8105079, 0.0 ], [ 117.8252507, 1.810305, 0.0 ], [ 117.8254611, 1.8099455, 0.0 ], [ 117.8255131, 1.8098629, 0.0 ], [ 117.8255665, 1.8097757, 0.0 ], [ 117.8256318, 1.8096938, 0.0 ], [ 117.8257053, 1.8096265, 0.0 ], [ 117.82578, 1.8095688, 0.0 ], [ 117.8258534, 1.8095189, 0.0 ], [ 117.8262441, 1.8093638, 0.0 ], [ 117.8264122, 1.8092959, 0.0 ], [ 117.8267423, 1.8091373, 0.0 ], [ 117.8268383, 1.8090843, 0.0 ], [ 117.8273005, 1.8085838, 0.0 ], [ 117.8276615, 1.8082024, 0.0 ], [ 117.8285986, 1.8074687, 0.0 ], [ 117.8287089, 1.8073698, 0.0 ], [ 117.8288118, 1.8072729, 0.0 ], [ 117.8289317, 1.8072099, 0.0 ], [ 117.829058, 1.8071703, 0.0 ], [ 117.829186, 1.8071482, 0.0 ], [ 117.8295444, 1.8071535, 0.0 ], [ 117.8296615, 1.8071503, 0.0 ], [ 117.8297867, 1.8071369, 0.0 ], [ 117.8299022, 1.8071275, 0.0 ], [ 117.8300282, 1.8071286, 0.0 ], [ 117.8301556, 1.8071453, 0.0 ], [ 117.8302785, 1.8071862, 0.0 ], [ 117.8303802, 1.8072655, 0.0 ], [ 117.830482, 1.807361, 0.0 ], [ 117.8305655, 1.8074605, 0.0 ], [ 117.8307256, 1.8076741, 0.0 ], [ 117.8308164, 1.8077453, 0.0 ], [ 117.8309127, 1.8077814, 0.0 ], [ 117.8309861, 1.8077809, 0.0 ], [ 117.8310654, 1.8077435, 0.0 ], [ 117.8311429, 1.807691, 0.0 ], [ 117.8314499, 1.80737, 0.0 ], [ 117.8315289, 1.8072936, 0.0 ], [ 117.8316121, 1.807222, 0.0 ], [ 117.8317187, 1.8071856, 0.0 ], [ 117.8318306, 1.8071642, 0.0 ], [ 117.8326581, 1.8071378, 0.0 ], [ 117.8332628, 1.8069677, 0.0 ], [ 117.833382, 1.8069313, 0.0 ], [ 117.8335083, 1.8068977, 0.0 ], [ 117.8336364, 1.8068746, 0.0 ], [ 117.8337633, 1.8068686, 0.0 ], [ 117.8338898, 1.8068764, 0.0 ], [ 117.8345704, 1.8070583, 0.0 ], [ 117.8354029, 1.8073662, 0.0 ], [ 117.8357634, 1.8073987, 0.0 ], [ 117.8358556, 1.8073919, 0.0 ], [ 117.8359505, 1.8073819, 0.0 ], [ 117.8360419, 1.8073619, 0.0 ], [ 117.8361234, 1.8073309, 0.0 ], [ 117.8366612, 1.8069452, 0.0 ], [ 117.8367282, 1.8068885, 0.0 ], [ 117.836799, 1.8068339, 0.0 ], [ 117.8368835, 1.8067817, 0.0 ], [ 117.8369839, 1.8067369, 0.0 ], [ 117.8373549, 1.806727, 0.0 ], [ 117.8375646, 1.806731, 0.0 ], [ 117.8376706, 1.8067056, 0.0 ], [ 117.8377803, 1.8066611, 0.0 ], [ 117.8385273, 1.8060723, 0.0 ], [ 117.8386262, 1.8059846, 0.0 ], [ 117.8387238, 1.805903, 0.0 ], [ 117.838833, 1.8058419, 0.0 ], [ 117.8389493, 1.8058009, 0.0 ], [ 117.839079, 1.8057767, 0.0 ], [ 117.8392141, 1.8057628, 0.0 ], [ 117.8393557, 1.8057712, 0.0 ], [ 117.8394874, 1.8058116, 0.0 ], [ 117.8396019, 1.8058758, 0.0 ], [ 117.8397063, 1.8059564, 0.0 ], [ 117.8398074, 1.8060386, 0.0 ], [ 117.840043, 1.8061488, 0.0 ], [ 117.8402995, 1.8062058, 0.0 ], [ 117.8405573, 1.8062792, 0.0 ], [ 117.8406713, 1.8063425, 0.0 ], [ 117.8408689, 1.8065093, 0.0 ], [ 117.8409702, 1.8065952, 0.0 ], [ 117.8410868, 1.8066685, 0.0 ], [ 117.8422122, 1.8070331, 0.0 ], [ 117.8423481, 1.8070719, 0.0 ], [ 117.8424809, 1.8070945, 0.0 ], [ 117.8432714, 1.8069859, 0.0 ], [ 117.8433909, 1.8069688, 0.0 ], [ 117.8435124, 1.8069641, 0.0 ], [ 117.8449714, 1.8073459, 0.0 ], [ 117.8458634, 1.8075928, 0.0 ], [ 117.8467558, 1.8078208, 0.0 ], [ 117.846935, 1.8078652, 0.0 ], [ 117.8473126, 1.8079278, 0.0 ], [ 117.8480327, 1.8081793, 0.0 ], [ 117.8491983, 1.8091522, 0.0 ], [ 117.8502597, 1.8106813, 0.0 ], [ 117.8505493, 1.8110353, 0.0 ], [ 117.8511283, 1.8115423, 0.0 ], [ 117.8512301, 1.8116534, 0.0 ], [ 117.8513317, 1.8117584, 0.0 ], [ 117.8514351, 1.8118426, 0.0 ], [ 117.8515467, 1.8119025, 0.0 ], [ 117.8516634, 1.8119423, 0.0 ], [ 117.8517944, 1.8119524, 0.0 ], [ 117.8519352, 1.8119293, 0.0 ], [ 117.8520718, 1.8118872, 0.0 ], [ 117.8524928, 1.8117012, 0.0 ], [ 117.8531108, 1.811564, 0.0 ], [ 117.8537434, 1.8115296, 0.0 ], [ 117.8542034, 1.8115156, 0.0 ], [ 117.8548221, 1.8115536, 0.0 ], [ 117.8552813, 1.8115294, 0.0 ], [ 117.8571575, 1.8113905, 0.0 ], [ 117.8572885, 1.8113829, 0.0 ], [ 117.8574108, 1.8113719, 0.0 ], [ 117.8575255, 1.8113531, 0.0 ], [ 117.8576329, 1.811324, 0.0 ], [ 117.857733, 1.8112851, 0.0 ], [ 117.8578285, 1.811236, 0.0 ], [ 117.8579142, 1.8111782, 0.0 ], [ 117.8580787, 1.8110422, 0.0 ], [ 117.8582319, 1.8108894, 0.0 ], [ 117.8583077, 1.8108128, 0.0 ], [ 117.8583794, 1.8107334, 0.0 ], [ 117.8584567, 1.8106583, 0.0 ], [ 117.8586534, 1.8105658, 0.0 ], [ 117.8587576, 1.8105351, 0.0 ], [ 117.8588645, 1.8105156, 0.0 ], [ 117.8589742, 1.8105027, 0.0 ], [ 117.8590903, 1.8105028, 0.0 ], [ 117.85921, 1.8105187, 0.0 ], [ 117.8595545, 1.8106435, 0.0 ], [ 117.8598816, 1.8108373, 0.0 ], [ 117.8601055, 1.8109634, 0.0 ], [ 117.8604621, 1.8111152, 0.0 ], [ 117.8605867, 1.8111584, 0.0 ], [ 117.8607104, 1.8111938, 0.0 ], [ 117.860835, 1.8112136, 0.0 ], [ 117.8609661, 1.8112196, 0.0 ], [ 117.8617661, 1.8111251, 0.0 ], [ 117.8627697, 1.8112337, 0.0 ], [ 117.8638248, 1.8113093, 0.0 ], [ 117.8648531, 1.8114506, 0.0 ], [ 117.8665417, 1.8109407, 0.0 ], [ 117.8672089, 1.810875, 0.0 ], [ 117.8674753, 1.8108647, 0.0 ], [ 117.8687853, 1.8106047, 0.0 ], [ 117.8692683, 1.8104447, 0.0 ], [ 117.8705021, 1.8099762, 0.0 ], [ 117.8706059, 1.809917, 0.0 ], [ 117.8707076, 1.8098624, 0.0 ], [ 117.8708131, 1.8098255, 0.0 ], [ 117.8709213, 1.8098104, 0.0 ], [ 117.8710317, 1.8098132, 0.0 ], [ 117.871141, 1.8098294, 0.0 ], [ 117.8712505, 1.8098584, 0.0 ], [ 117.8717827, 1.8101002, 0.0 ], [ 117.8718701, 1.8101513, 0.0 ], [ 117.8719488, 1.8102032, 0.0 ], [ 117.8720166, 1.8102619, 0.0 ], [ 117.8720715, 1.8103263, 0.0 ], [ 117.8721135, 1.8103933, 0.0 ], [ 117.8721421, 1.8104628, 0.0 ], [ 117.8721565, 1.8105316, 0.0 ], [ 117.8721518, 1.8106713, 0.0 ], [ 117.872143, 1.8107436, 0.0 ], [ 117.8721737, 1.8110147, 0.0 ], [ 117.8722449, 1.8110192, 0.0 ], [ 117.8727153, 1.8106113, 0.0 ], [ 117.8728749, 1.8104304, 0.0 ], [ 117.8730547, 1.8102203, 0.0 ], [ 117.8735246, 1.8097467, 0.0 ], [ 117.873994, 1.8094111, 0.0 ], [ 117.8741887, 1.809283, 0.0 ], [ 117.8744321, 1.8090377, 0.0 ], [ 117.8745114, 1.8089417, 0.0 ], [ 117.8745969, 1.8088364, 0.0 ], [ 117.8746778, 1.8087231, 0.0 ], [ 117.874747, 1.8086071, 0.0 ], [ 117.8748051, 1.8084891, 0.0 ], [ 117.8748486, 1.8083706, 0.0 ], [ 117.8748809, 1.8082517, 0.0 ], [ 117.8749061, 1.8081328, 0.0 ], [ 117.8749286, 1.8080142, 0.0 ], [ 117.8749662, 1.8079069, 0.0 ], [ 117.8750256, 1.8078135, 0.0 ], [ 117.8751154, 1.80774, 0.0 ], [ 117.8753438, 1.8076585, 0.0 ], [ 117.8756908, 1.8075094, 0.0 ], [ 117.8764663, 1.8070487, 0.0 ], [ 117.876528, 1.8070123, 0.0 ], [ 117.8765848, 1.8069709, 0.0 ], [ 117.8767243, 1.8068494, 0.0 ], [ 117.8767782, 1.8067994, 0.0 ], [ 117.8768199, 1.8067673, 0.0 ], [ 117.8769516, 1.8066542, 0.0 ], [ 117.8772237, 1.8063698, 0.0 ], [ 117.8774764, 1.8060649, 0.0 ], [ 117.8775416, 1.8059612, 0.0 ], [ 117.8776987, 1.8056386, 0.0 ], [ 117.8777567, 1.8055377, 0.0 ], [ 117.8779612, 1.8052731, 0.0 ], [ 117.878024, 1.8051822, 0.0 ], [ 117.8780835, 1.8050887, 0.0 ], [ 117.8781353, 1.8049898, 0.0 ], [ 117.8781716, 1.8048848, 0.0 ], [ 117.8782255, 1.8046653, 0.0 ], [ 117.878241, 1.8045522, 0.0 ], [ 117.8782535, 1.804436, 0.0 ], [ 117.8782992, 1.8043281, 0.0 ], [ 117.8783726, 1.8042307, 0.0 ], [ 117.8784728, 1.80414, 0.0 ], [ 117.8785951, 1.8040667, 0.0 ], [ 117.8787254, 1.8040138, 0.0 ], [ 117.8789968, 1.8039465, 0.0 ], [ 117.8791295, 1.8039255, 0.0 ], [ 117.879258, 1.8039032, 0.0 ], [ 117.8793858, 1.803868, 0.0 ], [ 117.879508, 1.8038164, 0.0 ], [ 117.8797132, 1.8036588, 0.0 ], [ 117.8797997, 1.8035567, 0.0 ], [ 117.8800135, 1.8032148, 0.0 ], [ 117.88072, 1.8021846, 0.0 ], [ 117.8808003, 1.8020839, 0.0 ], [ 117.8808846, 1.8019932, 0.0 ], [ 117.880975, 1.8019197, 0.0 ], [ 117.8812662, 1.8017191, 0.0 ], [ 117.8813548, 1.801646, 0.0 ], [ 117.881505, 1.8014844, 0.0 ], [ 117.8816987, 1.8012349, 0.0 ], [ 117.8817606, 1.8011469, 0.0 ], [ 117.881822, 1.8010531, 0.0 ], [ 117.8818783, 1.8009551, 0.0 ], [ 117.8819287, 1.8008513, 0.0 ], [ 117.8819947, 1.8005135, 0.0 ], [ 117.8820777, 1.7999617, 0.0 ], [ 117.8821154, 1.7996731, 0.0 ], [ 117.8821371, 1.7995096, 0.0 ], [ 117.8821867, 1.7988166, 0.0 ], [ 117.8821674, 1.7985141, 0.0 ], [ 117.8821341, 1.7983704, 0.0 ], [ 117.8820914, 1.7982279, 0.0 ], [ 117.8820304, 1.7981143, 0.0 ], [ 117.8819678, 1.7980079, 0.0 ], [ 117.8818349, 1.797858, 0.0 ], [ 117.8816805, 1.7977574, 0.0 ], [ 117.8816014, 1.7977193, 0.0 ], [ 117.8815343, 1.797677, 0.0 ], [ 117.8814754, 1.7976241, 0.0 ], [ 117.8814244, 1.7975483, 0.0 ], [ 117.8813716, 1.7974467, 0.0 ], [ 117.8813233, 1.7973265, 0.0 ], [ 117.8812466, 1.7968208, 0.0 ], [ 117.8812333, 1.7967029, 0.0 ], [ 117.8812078, 1.796584, 0.0 ], [ 117.8809969, 1.7960699, 0.0 ], [ 117.8809631, 1.7959739, 0.0 ], [ 117.880934, 1.7958777, 0.0 ], [ 117.8809039, 1.7957798, 0.0 ], [ 117.8808528, 1.7956854, 0.0 ], [ 117.8807829, 1.7955956, 0.0 ], [ 117.8806048, 1.7954242, 0.0 ], [ 117.8805127, 1.7953332, 0.0 ], [ 117.8804331, 1.795236, 0.0 ], [ 117.8803123, 1.7950315, 0.0 ], [ 117.8802437, 1.7948287, 0.0 ], [ 117.8802384, 1.7947156, 0.0 ], [ 117.8803012, 1.7943694, 0.0 ], [ 117.8804438, 1.7940553, 0.0 ], [ 117.8804867, 1.7939639, 0.0 ], [ 117.8805141, 1.7938636, 0.0 ], [ 117.8803389, 1.7931954, 0.0 ], [ 117.8802942, 1.793092, 0.0 ], [ 117.8802348, 1.7930052, 0.0 ], [ 117.8801658, 1.7929261, 0.0 ], [ 117.8795822, 1.7926036, 0.0 ], [ 117.8794993, 1.7925664, 0.0 ], [ 117.8792864, 1.7924754, 0.0 ], [ 117.8791084, 1.7923794, 0.0 ], [ 117.8790174, 1.7923397, 0.0 ], [ 117.8789187, 1.7922991, 0.0 ], [ 117.8788222, 1.7922677, 0.0 ], [ 117.8787252, 1.7922438, 0.0 ], [ 117.8786294, 1.7922288, 0.0 ], [ 117.878535, 1.7922328, 0.0 ], [ 117.8784465, 1.7922687, 0.0 ], [ 117.8781785, 1.7924675, 0.0 ], [ 117.8780898, 1.7925401, 0.0 ], [ 117.8780031, 1.7926046, 0.0 ], [ 117.8779217, 1.7926512, 0.0 ], [ 117.8778334, 1.7926743, 0.0 ], [ 117.877736, 1.7926771, 0.0 ], [ 117.8776417, 1.7926623, 0.0 ], [ 117.8768411, 1.7922557, 0.0 ], [ 117.876774, 1.7922183, 0.0 ], [ 117.8767064, 1.792182, 0.0 ], [ 117.8766433, 1.7921351, 0.0 ], [ 117.8765762, 1.7920725, 0.0 ], [ 117.8765167, 1.7919967, 0.0 ], [ 117.8764432, 1.7918084, 0.0 ], [ 117.8764086, 1.7915948, 0.0 ], [ 117.8763332, 1.7912522, 0.0 ], [ 117.8761752, 1.7906427, 0.0 ], [ 117.8761465, 1.790559, 0.0 ], [ 117.8761282, 1.7904752, 0.0 ], [ 117.8761542, 1.7902135, 0.0 ], [ 117.8761687, 1.7901364, 0.0 ], [ 117.8761754, 1.7900669, 0.0 ], [ 117.8761717, 1.7900115, 0.0 ], [ 117.8761651, 1.7899577, 0.0 ], [ 117.8761146, 1.789846, 0.0 ], [ 117.8760144, 1.7897015, 0.0 ], [ 117.8759162, 1.7895627, 0.0 ], [ 117.8758391, 1.7894325, 0.0 ], [ 117.8757925, 1.7893704, 0.0 ], [ 117.8754392, 1.7890288, 0.0 ], [ 117.8752317, 1.7888658, 0.0 ], [ 117.8751187, 1.7887895, 0.0 ], [ 117.8745051, 1.7884862, 0.0 ], [ 117.8739415, 1.788256, 0.0 ], [ 117.8736701, 1.7881329, 0.0 ], [ 117.873551, 1.7880581, 0.0 ], [ 117.8734427, 1.7879765, 0.0 ], [ 117.8732614, 1.7877993, 0.0 ], [ 117.8730999, 1.7875995, 0.0 ], [ 117.8729429, 1.7873597, 0.0 ], [ 117.8727814, 1.7871302, 0.0 ], [ 117.8721138, 1.786494, 0.0 ], [ 117.8720245, 1.7864052, 0.0 ], [ 117.8717794, 1.7861712, 0.0 ], [ 117.871652, 1.7860454, 0.0 ], [ 117.8715897, 1.7859848, 0.0 ], [ 117.8712541, 1.7854828, 0.0 ], [ 117.8710352, 1.7851808, 0.0 ], [ 117.8709559, 1.7850783, 0.0 ], [ 117.8708811, 1.7849689, 0.0 ], [ 117.8706175, 1.7844079, 0.0 ], [ 117.8703108, 1.7838489, 0.0 ], [ 117.8702428, 1.7837401, 0.0 ], [ 117.8701673, 1.7836447, 0.0 ], [ 117.8700824, 1.7835652, 0.0 ], [ 117.8699874, 1.7834993, 0.0 ], [ 117.8698806, 1.7834454, 0.0 ], [ 117.8697668, 1.7833983, 0.0 ], [ 117.8690742, 1.7832278, 0.0 ], [ 117.8686546, 1.783133, 0.0 ], [ 117.8683243, 1.7830551, 0.0 ], [ 117.8680846, 1.7830196, 0.0 ], [ 117.8680331, 1.7830128, 0.0 ], [ 117.8678873, 1.7829662, 0.0 ], [ 117.8678417, 1.7829438, 0.0 ], [ 117.8676299, 1.7827979, 0.0 ], [ 117.8676317, 1.7827832, 0.0 ], [ 117.8675178, 1.7826958, 0.0 ], [ 117.8672357, 1.7825578, 0.0 ], [ 117.8664779, 1.7820253, 0.0 ], [ 117.8663819, 1.7819396, 0.0 ], [ 117.8660728, 1.7817313, 0.0 ], [ 117.8656173, 1.7815371, 0.0 ], [ 117.8651275, 1.7812113, 0.0 ], [ 117.8650252, 1.7811386, 0.0 ], [ 117.8649227, 1.7810673, 0.0 ], [ 117.8648148, 1.7810033, 0.0 ], [ 117.8647037, 1.7809483, 0.0 ], [ 117.8643552, 1.7808471, 0.0 ], [ 117.8634688, 1.780638, 0.0 ], [ 117.8616658, 1.7801898, 0.0 ], [ 117.8615153, 1.7801477, 0.0 ], [ 117.8613702, 1.7800973, 0.0 ], [ 117.8612366, 1.7800374, 0.0 ], [ 117.8611213, 1.7799691, 0.0 ], [ 117.8607311, 1.7796343, 0.0 ], [ 117.8606349, 1.7795376, 0.0 ], [ 117.8605506, 1.7794328, 0.0 ], [ 117.8601122, 1.778606, 0.0 ], [ 117.8594033, 1.7773411, 0.0 ], [ 117.8590762, 1.7764799, 0.0 ], [ 117.8590477, 1.7763758, 0.0 ], [ 117.8589928, 1.775757, 0.0 ], [ 117.8589521, 1.7755649, 0.0 ], [ 117.8588586, 1.7752598, 0.0 ], [ 117.8584371, 1.7742591, 0.0 ], [ 117.8583712, 1.7741263, 0.0 ], [ 117.8583168, 1.7739949, 0.0 ], [ 117.8582743, 1.7738633, 0.0 ], [ 117.8582448, 1.7737322, 0.0 ], [ 117.8582214, 1.773212, 0.0 ], [ 117.8582153, 1.773094, 0.0 ], [ 117.8581999, 1.7729836, 0.0 ], [ 117.8581443, 1.7727808, 0.0 ], [ 117.8581182, 1.7726905, 0.0 ], [ 117.8580591, 1.771836, 0.0 ], [ 117.8576973, 1.7700553, 0.0 ], [ 117.8576707, 1.7699267, 0.0 ], [ 117.8576459, 1.7697948, 0.0 ], [ 117.8576288, 1.7696638, 0.0 ], [ 117.8576265, 1.7695376, 0.0 ], [ 117.8576478, 1.7694188, 0.0 ], [ 117.8576864, 1.7693044, 0.0 ], [ 117.8585274, 1.768259, 0.0 ], [ 117.8596863, 1.7671401, 0.0 ], [ 117.8609011, 1.7659339, 0.0 ], [ 117.8621652, 1.7646764, 0.0 ], [ 117.8633178, 1.7635688, 0.0 ], [ 117.8642207, 1.7627444, 0.0 ], [ 117.8643207, 1.7626655, 0.0 ], [ 117.8649753, 1.7622391, 0.0 ], [ 117.8650794, 1.7621916, 0.0 ], [ 117.8651802, 1.7621536, 0.0 ], [ 117.8654694, 1.7620937, 0.0 ], [ 117.8656474, 1.7620741, 0.0 ], [ 117.8657262, 1.7620496, 0.0 ], [ 117.8657974, 1.7620085, 0.0 ], [ 117.8658538, 1.7619537, 0.0 ], [ 117.8658865, 1.7618817, 0.0 ], [ 117.8659068, 1.7618066, 0.0 ], [ 117.8659001, 1.7615274, 0.0 ], [ 117.8658846, 1.7614148, 0.0 ], [ 117.8655169, 1.7602724, 0.0 ], [ 117.8654918, 1.7601743, 0.0 ], [ 117.8654723, 1.7600767, 0.0 ], [ 117.8654652, 1.7599779, 0.0 ], [ 117.865474, 1.7598762, 0.0 ], [ 117.8655581, 1.7595522, 0.0 ], [ 117.8656344, 1.7592591, 0.0 ], [ 117.8656528, 1.7590813, 0.0 ], [ 117.865468, 1.7582823, 0.0 ], [ 117.8653766, 1.7577777, 0.0 ], [ 117.86537, 1.7576602, 0.0 ], [ 117.8654436, 1.7572642, 0.0 ], [ 117.8654856, 1.7571244, 0.0 ], [ 117.8657426, 1.756638, 0.0 ], [ 117.8658134, 1.7565226, 0.0 ], [ 117.8665383, 1.7556999, 0.0 ], [ 117.8673049, 1.7548516, 0.0 ], [ 117.8682031, 1.7539599, 0.0 ], [ 117.8683, 1.7538859, 0.0 ], [ 117.8684019, 1.7538124, 0.0 ], [ 117.8685121, 1.7537443, 0.0 ], [ 117.8686273, 1.753686, 0.0 ], [ 117.8687492, 1.7536471, 0.0 ], [ 117.8688741, 1.7536279, 0.0 ], [ 117.8694102, 1.753647, 0.0 ], [ 117.869548, 1.7536553, 0.0 ], [ 117.8696888, 1.753658, 0.0 ], [ 117.8698334, 1.7536529, 0.0 ], [ 117.8699798, 1.7536381, 0.0 ], [ 117.8702532, 1.7535773, 0.0 ], [ 117.8705104, 1.753477, 0.0 ], [ 117.8707475, 1.753333, 0.0 ], [ 117.8720465, 1.7521174, 0.0 ], [ 117.8721504, 1.7520219, 0.0 ], [ 117.8722569, 1.7519317, 0.0 ], [ 117.8723716, 1.7518542, 0.0 ], [ 117.8724868, 1.7517903, 0.0 ], [ 117.8726144, 1.751751, 0.0 ], [ 117.8728728, 1.7516909, 0.0 ], [ 117.8730048, 1.7516748, 0.0 ], [ 117.8731387, 1.7516626, 0.0 ], [ 117.8732569, 1.7516361, 0.0 ], [ 117.8733619, 1.7515848, 0.0 ], [ 117.8735497, 1.7514264, 0.0 ], [ 117.8743324, 1.7506196, 0.0 ], [ 117.8744157, 1.7505233, 0.0 ], [ 117.8746102, 1.7503695, 0.0 ], [ 117.8747121, 1.7503069, 0.0 ], [ 117.8748139, 1.7502489, 0.0 ], [ 117.8749155, 1.7501979, 0.0 ], [ 117.8750145, 1.7501557, 0.0 ], [ 117.8751077, 1.7501237, 0.0 ], [ 117.8751917, 1.7501023, 0.0 ], [ 117.8756624, 1.7499224, 0.0 ], [ 117.8757925, 1.7498545, 0.0 ], [ 117.8759209, 1.7497826, 0.0 ], [ 117.8760391, 1.7497047, 0.0 ], [ 117.8761509, 1.749621, 0.0 ], [ 117.876795, 1.7487668, 0.0 ], [ 117.8769056, 1.7485201, 0.0 ], [ 117.8770677, 1.7480227, 0.0 ], [ 117.8771145, 1.7479035, 0.0 ], [ 117.8771558, 1.7477908, 0.0 ], [ 117.87719, 1.7476824, 0.0 ], [ 117.8772204, 1.7475764, 0.0 ], [ 117.8772639, 1.7474751, 0.0 ], [ 117.877735, 1.7470478, 0.0 ], [ 117.877838, 1.7469643, 0.0 ], [ 117.8779486, 1.7468901, 0.0 ], [ 117.8780628, 1.7468307, 0.0 ], [ 117.8781882, 1.7467858, 0.0 ], [ 117.8783178, 1.7467549, 0.0 ], [ 117.8784522, 1.7467375, 0.0 ], [ 117.8788292, 1.7467144, 0.0 ], [ 117.8789529, 1.7467003, 0.0 ], [ 117.8800821, 1.7462995, 0.0 ], [ 117.8802082, 1.7462608, 0.0 ], [ 117.8803223, 1.7462173, 0.0 ], [ 117.8804168, 1.7461529, 0.0 ], [ 117.880498, 1.7460732, 0.0 ], [ 117.8809598, 1.7450597, 0.0 ], [ 117.8810059, 1.7449432, 0.0 ], [ 117.8816138, 1.7439972, 0.0 ], [ 117.8816802, 1.7438855, 0.0 ], [ 117.8817531, 1.7437863, 0.0 ], [ 117.8818283, 1.743699, 0.0 ], [ 117.8819006, 1.7436172, 0.0 ], [ 117.8819646, 1.743534, 0.0 ], [ 117.8820152, 1.7434497, 0.0 ], [ 117.8820476, 1.7433578, 0.0 ], [ 117.8820893, 1.7431178, 0.0 ], [ 117.8821623, 1.742855, 0.0 ], [ 117.882207, 1.7427321, 0.0 ], [ 117.882263, 1.7426195, 0.0 ], [ 117.8823214, 1.7425172, 0.0 ], [ 117.8824101, 1.7424217, 0.0 ], [ 117.8825026, 1.7423264, 0.0 ], [ 117.8826074, 1.742242, 0.0 ], [ 117.8827235, 1.7421737, 0.0 ], [ 117.8834004, 1.7420023, 0.0 ], [ 117.8835325, 1.7419783, 0.0 ], [ 117.883667, 1.7419587, 0.0 ], [ 117.8838058, 1.7419496, 0.0 ], [ 117.8839491, 1.7419587, 0.0 ], [ 117.8840919, 1.7419936, 0.0 ], [ 117.8846034, 1.7422246, 0.0 ], [ 117.8847079, 1.7422776, 0.0 ], [ 117.8848027, 1.7423213, 0.0 ], [ 117.8848907, 1.742345, 0.0 ], [ 117.8849771, 1.7423507, 0.0 ], [ 117.8850373, 1.7423099, 0.0 ], [ 117.8851341, 1.7421725, 0.0 ], [ 117.885178, 1.7420812, 0.0 ], [ 117.885224, 1.7419883, 0.0 ], [ 117.885345, 1.7418125, 0.0 ], [ 117.8861588, 1.7408831, 0.0 ], [ 117.8866272, 1.7405868, 0.0 ], [ 117.8877026, 1.7400519, 0.0 ], [ 117.8888747, 1.7389634, 0.0 ], [ 117.8889774, 1.7388581, 0.0 ], [ 117.8897715, 1.7378693, 0.0 ], [ 117.8900436, 1.7374827, 0.0 ], [ 117.8908481, 1.7365196, 0.0 ], [ 117.8918441, 1.735917, 0.0 ], [ 117.8923571, 1.7357525, 0.0 ], [ 117.8938079, 1.7353881, 0.0 ], [ 117.8939453, 1.7353328, 0.0 ], [ 117.8940775, 1.7352697, 0.0 ], [ 117.8949223, 1.7346721, 0.0 ], [ 117.8957047, 1.7337574, 0.0 ], [ 117.8957853, 1.7336587, 0.0 ], [ 117.8958614, 1.7335634, 0.0 ], [ 117.8959393, 1.7334863, 0.0 ], [ 117.8960186, 1.7334232, 0.0 ], [ 117.8961167, 1.7333917, 0.0 ], [ 117.8962273, 1.7333874, 0.0 ], [ 117.8972107, 1.7336025, 0.0 ], [ 117.8973448, 1.7336241, 0.0 ], [ 117.8974721, 1.7336306, 0.0 ], [ 117.8979295, 1.7334686, 0.0 ], [ 117.8980552, 1.7334184, 0.0 ], [ 117.8988578, 1.7332412, 0.0 ], [ 117.8990008, 1.7332026, 0.0 ], [ 117.9001058, 1.7329762, 0.0 ], [ 117.9013593, 1.7325269, 0.0 ], [ 117.9025056, 1.732034, 0.0 ], [ 117.903585, 1.7313055, 0.0 ], [ 117.9038728, 1.7310469, 0.0 ], [ 117.903972, 1.7309601, 0.0 ], [ 117.9040762, 1.73089, 0.0 ], [ 117.9043032, 1.7307678, 0.0 ], [ 117.90442, 1.7307213, 0.0 ], [ 117.9055395, 1.730435, 0.0 ], [ 117.9058965, 1.7303226, 0.0 ], [ 117.9066948, 1.7300534, 0.0 ], [ 117.9068078, 1.7300236, 0.0 ], [ 117.9069167, 1.7300053, 0.0 ], [ 117.9070218, 1.7299839, 0.0 ], [ 117.907122, 1.7299548, 0.0 ], [ 117.9072107, 1.7299201, 0.0 ], [ 117.9073677, 1.7298126, 0.0 ], [ 117.9082064, 1.7293179, 0.0 ], [ 117.9093802, 1.729085, 0.0 ], [ 117.9094831, 1.7290903, 0.0 ], [ 117.9095829, 1.7291064, 0.0 ], [ 117.9103483, 1.7293532, 0.0 ], [ 117.9104636, 1.7293813, 0.0 ], [ 117.9105853, 1.7294176, 0.0 ], [ 117.9107004, 1.7294683, 0.0 ], [ 117.9108078, 1.7295343, 0.0 ], [ 117.9109089, 1.7296128, 0.0 ], [ 117.9113428, 1.7300754, 0.0 ], [ 117.9114324, 1.7301699, 0.0 ], [ 117.9115284, 1.7302547, 0.0 ], [ 117.9124694, 1.7305975, 0.0 ], [ 117.9126028, 1.7306073, 0.0 ], [ 117.9127371, 1.7306182, 0.0 ], [ 117.9128664, 1.7306429, 0.0 ], [ 117.9129862, 1.7306892, 0.0 ], [ 117.9132102, 1.7308307, 0.0 ], [ 117.9133176, 1.7309047, 0.0 ], [ 117.9136767, 1.7310632, 0.0 ], [ 117.9139163, 1.7311694, 0.0 ], [ 117.9140286, 1.7312097, 0.0 ], [ 117.9141435, 1.7312313, 0.0 ], [ 117.9143779, 1.7312482, 0.0 ], [ 117.9147245, 1.7312177, 0.0 ], [ 117.9157514, 1.7310055, 0.0 ], [ 117.9169182, 1.7306802, 0.0 ], [ 117.9180115, 1.7304827, 0.0 ], [ 117.9181334, 1.7304525, 0.0 ], [ 117.918811, 1.7300255, 0.0 ], [ 117.9195058, 1.7294541, 0.0 ], [ 117.9196805, 1.7293015, 0.0 ], [ 117.9197573, 1.7292095, 0.0 ], [ 117.9198295, 1.7291066, 0.0 ], [ 117.9199847, 1.72879, 0.0 ], [ 117.920016, 1.728684, 0.0 ], [ 117.9200376, 1.7285736, 0.0 ], [ 117.9201011, 1.7276694, 0.0 ], [ 117.920188, 1.7264182, 0.0 ], [ 117.9201904, 1.7262893, 0.0 ], [ 117.9202042, 1.7261657, 0.0 ], [ 117.9202344, 1.7260503, 0.0 ], [ 117.9202823, 1.7259454, 0.0 ], [ 117.9207728, 1.7254233, 0.0 ], [ 117.9208789, 1.7253154, 0.0 ], [ 117.9209923, 1.7252161, 0.0 ], [ 117.9211062, 1.7251284, 0.0 ], [ 117.9221154, 1.7245074, 0.0 ], [ 117.9222211, 1.7244272, 0.0 ], [ 117.9223325, 1.7243544, 0.0 ], [ 117.9224445, 1.7242938, 0.0 ], [ 117.922557, 1.7242465, 0.0 ], [ 117.9226684, 1.7242117, 0.0 ], [ 117.9228917, 1.7241783, 0.0 ], [ 117.9230095, 1.7241644, 0.0 ], [ 117.9231318, 1.7241304, 0.0 ], [ 117.9232503, 1.7240755, 0.0 ], [ 117.9233478, 1.7239921, 0.0 ], [ 117.9234332, 1.7238924, 0.0 ], [ 117.923714, 1.7234203, 0.0 ], [ 117.9237789, 1.7233019, 0.0 ], [ 117.9238606, 1.7231905, 0.0 ], [ 117.9239548, 1.7230875, 0.0 ], [ 117.9254053, 1.7221536, 0.0 ], [ 117.9270353, 1.7213966, 0.0 ], [ 117.9271764, 1.7213373, 0.0 ], [ 117.9273185, 1.7212696, 0.0 ], [ 117.9274527, 1.7211858, 0.0 ], [ 117.9275755, 1.7210864, 0.0 ], [ 117.9276825, 1.7209713, 0.0 ], [ 117.9279371, 1.7205916, 0.0 ], [ 117.9279985, 1.7204689, 0.0 ], [ 117.9283211, 1.7191485, 0.0 ], [ 117.9283506, 1.7189857, 0.0 ], [ 117.9283697, 1.7188169, 0.0 ], [ 117.9283756, 1.7184815, 0.0 ], [ 117.9282255, 1.7171799, 0.0 ], [ 117.9280817, 1.7158, 0.0 ], [ 117.9280507, 1.7156615, 0.0 ], [ 117.9277584, 1.714965, 0.0 ], [ 117.9273098, 1.7133302, 0.0 ], [ 117.9271079, 1.7122726, 0.0 ], [ 117.9269216, 1.711142, 0.0 ], [ 117.9269088, 1.710993, 0.0 ], [ 117.926912, 1.7108464, 0.0 ], [ 117.9269318, 1.7107048, 0.0 ], [ 117.9269709, 1.7105679, 0.0 ], [ 117.9272589, 1.7100676, 0.0 ], [ 117.9273518, 1.7099587, 0.0 ], [ 117.9278435, 1.7094214, 0.0 ], [ 117.9282862, 1.7087439, 0.0 ], [ 117.928432, 1.7083946, 0.0 ], [ 117.9284662, 1.7082967, 0.0 ], [ 117.9285018, 1.708204, 0.0 ], [ 117.9285405, 1.7081209, 0.0 ], [ 117.9285918, 1.7080477, 0.0 ], [ 117.928666, 1.707971, 0.0 ], [ 117.9287595, 1.7079069, 0.0 ], [ 117.928876, 1.7078721, 0.0 ], [ 117.9301387, 1.7076021, 0.0 ], [ 117.9302654, 1.707555, 0.0 ], [ 117.9303904, 1.7075202, 0.0 ], [ 117.9305144, 1.7075081, 0.0 ], [ 117.9306463, 1.7075162, 0.0 ], [ 117.9309123, 1.7075851, 0.0 ], [ 117.9312656, 1.707805, 0.0 ], [ 117.9313849, 1.7078851, 0.0 ], [ 117.9316449, 1.708028, 0.0 ], [ 117.9327087, 1.7083145, 0.0 ], [ 117.9328311, 1.7083336, 0.0 ], [ 117.9329532, 1.7083451, 0.0 ], [ 117.9330748, 1.7083412, 0.0 ], [ 117.9331916, 1.7083176, 0.0 ], [ 117.9335527, 1.7081687, 0.0 ], [ 117.9336847, 1.7081144, 0.0 ], [ 117.9346235, 1.707956, 0.0 ], [ 117.9361392, 1.7077393, 0.0 ], [ 117.9362939, 1.7077139, 0.0 ], [ 117.9364415, 1.707681, 0.0 ], [ 117.9365778, 1.7076397, 0.0 ], [ 117.9367067, 1.7075928, 0.0 ], [ 117.9368197, 1.7075331, 0.0 ], [ 117.936917, 1.7074564, 0.0 ], [ 117.9369949, 1.7073601, 0.0 ], [ 117.9370631, 1.7072508, 0.0 ], [ 117.9372131, 1.7068526, 0.0 ], [ 117.9372592, 1.7067015, 0.0 ], [ 117.9373166, 1.706551, 0.0 ], [ 117.9373817, 1.7064018, 0.0 ], [ 117.9374577, 1.7062609, 0.0 ], [ 117.9375388, 1.7061299, 0.0 ], [ 117.9376301, 1.7060141, 0.0 ], [ 117.9377344, 1.70591, 0.0 ], [ 117.9379788, 1.7057662, 0.0 ], [ 117.9381147, 1.7057255, 0.0 ], [ 117.9382615, 1.7057025, 0.0 ], [ 117.9384138, 1.7056945, 0.0 ], [ 117.9385689, 1.7057008, 0.0 ], [ 117.9387211, 1.7057171, 0.0 ], [ 117.9390169, 1.7057717, 0.0 ], [ 117.93959, 1.7059304, 0.0 ], [ 117.9408909, 1.7066898, 0.0 ], [ 117.942047, 1.7075039, 0.0 ], [ 117.943093, 1.7077961, 0.0 ], [ 117.9432179, 1.7078033, 0.0 ], [ 117.9433423, 1.7078189, 0.0 ], [ 117.9434641, 1.7078525, 0.0 ], [ 117.9435817, 1.707916, 0.0 ], [ 117.9436895, 1.7080097, 0.0 ], [ 117.94379, 1.7081192, 0.0 ], [ 117.9438775, 1.7082435, 0.0 ], [ 117.9442637, 1.7092028, 0.0 ], [ 117.9443091, 1.7093335, 0.0 ], [ 117.9443552, 1.7094555, 0.0 ], [ 117.9444057, 1.7095671, 0.0 ], [ 117.9444614, 1.7096601, 0.0 ], [ 117.9447181, 1.7099589, 0.0 ], [ 117.9447823, 1.7100201, 0.0 ], [ 117.944842, 1.7100737, 0.0 ], [ 117.9449023, 1.7101195, 0.0 ], [ 117.9449627, 1.7101488, 0.0 ], [ 117.9450747, 1.7101718, 0.0 ], [ 117.9454416, 1.710203, 0.0 ], [ 117.9455849, 1.7102133, 0.0 ], [ 117.9466375, 1.710594, 0.0 ], [ 117.9468665, 1.710742, 0.0 ], [ 117.9471993, 1.7109451, 0.0 ], [ 117.9476618, 1.7111893, 0.0 ], [ 117.94891, 1.7116053, 0.0 ], [ 117.9490664, 1.7116389, 0.0 ], [ 117.9492193, 1.7116647, 0.0 ], [ 117.9493685, 1.7116739, 0.0 ], [ 117.9495191, 1.7116637, 0.0 ], [ 117.9498204, 1.711602, 0.0 ], [ 117.9505327, 1.7112978, 0.0 ], [ 117.9518355, 1.7108826, 0.0 ], [ 117.9530483, 1.7107655, 0.0 ], [ 117.9531637, 1.7107572, 0.0 ], [ 117.9532793, 1.7107441, 0.0 ], [ 117.9533877, 1.7107193, 0.0 ], [ 117.9534877, 1.7106819, 0.0 ], [ 117.9542709, 1.7100284, 0.0 ], [ 117.9543822, 1.7099496, 0.0 ], [ 117.9544942, 1.7098811, 0.0 ], [ 117.9551167, 1.7096654, 0.0 ], [ 117.9552472, 1.7096192, 0.0 ], [ 117.9553796, 1.7095559, 0.0 ], [ 117.9556397, 1.7093775, 0.0 ], [ 117.9563806, 1.7087199, 0.0 ], [ 117.957278, 1.7080827, 0.0 ], [ 117.9579913, 1.7076414, 0.0 ], [ 117.9581142, 1.7075819, 0.0 ], [ 117.9586658, 1.7074214, 0.0 ], [ 117.9588133, 1.7074023, 0.0 ], [ 117.9589583, 1.7073932, 0.0 ], [ 117.9592353, 1.7074365, 0.0 ], [ 117.9596328, 1.7076129, 0.0 ], [ 117.9598887, 1.7077059, 0.0 ], [ 117.9600161, 1.7077316, 0.0 ], [ 117.9601429, 1.7077447, 0.0 ], [ 117.9614329, 1.7075774, 0.0 ], [ 117.9615654, 1.7075586, 0.0 ], [ 117.9618054, 1.7074909, 0.0 ], [ 117.9630013, 1.7069272, 0.0 ], [ 117.9630921, 1.7068798, 0.0 ], [ 117.9631833, 1.70684, 0.0 ], [ 117.9632807, 1.7068122, 0.0 ], [ 117.9633954, 1.706797, 0.0 ], [ 117.9635257, 1.706796, 0.0 ], [ 117.9642726, 1.7069781, 0.0 ], [ 117.9644159, 1.7070374, 0.0 ], [ 117.9645506, 1.7071058, 0.0 ], [ 117.9649035, 1.7073431, 0.0 ], [ 117.965492, 1.7078543, 0.0 ], [ 117.9657611, 1.7080629, 0.0 ], [ 117.9660455, 1.7083185, 0.0 ], [ 117.9663172, 1.7085393, 0.0 ], [ 117.9663904, 1.7085894, 0.0 ], [ 117.9664696, 1.7086353, 0.0 ], [ 117.9672685, 1.708835, 0.0 ], [ 117.9674802, 1.7088455, 0.0 ], [ 117.9675831, 1.7088223, 0.0 ], [ 117.9679174, 1.7086427, 0.0 ], [ 117.9681489, 1.7084946, 0.0 ], [ 117.9682588, 1.7084288, 0.0 ], [ 117.9691663, 1.7081426, 0.0 ], [ 117.9693127, 1.7081125, 0.0 ], [ 117.9702361, 1.70813, 0.0 ], [ 117.9703854, 1.7081537, 0.0 ], [ 117.9705276, 1.7081896, 0.0 ], [ 117.9707756, 1.7083122, 0.0 ], [ 117.9708878, 1.7083955, 0.0 ], [ 117.9714015, 1.7090278, 0.0 ], [ 117.9714678, 1.7091303, 0.0 ], [ 117.9715367, 1.709226, 0.0 ], [ 117.9716123, 1.7093106, 0.0 ], [ 117.9716957, 1.7093822, 0.0 ], [ 117.972218, 1.7096886, 0.0 ], [ 117.9731021, 1.7101273, 0.0 ], [ 117.9732263, 1.7101892, 0.0 ], [ 117.9733446, 1.7102555, 0.0 ], [ 117.9734546, 1.7103291, 0.0 ], [ 117.9735562, 1.7104164, 0.0 ], [ 117.9736455, 1.7105198, 0.0 ], [ 117.9738849, 1.7110277, 0.0 ], [ 117.9739369, 1.7111603, 0.0 ], [ 117.9739952, 1.7112876, 0.0 ], [ 117.9740649, 1.7114038, 0.0 ], [ 117.9741486, 1.7115046, 0.0 ], [ 117.9742466, 1.7115855, 0.0 ], [ 117.9743562, 1.7116481, 0.0 ], [ 117.9747364, 1.7117833, 0.0 ], [ 117.9749852, 1.7118773, 0.0 ], [ 117.9750956, 1.7119376, 0.0 ], [ 117.9751919, 1.7120139, 0.0 ], [ 117.9752709, 1.71211, 0.0 ], [ 117.9753292, 1.712221, 0.0 ], [ 117.9753679, 1.7123392, 0.0 ], [ 117.9754026, 1.7124587, 0.0 ], [ 117.9754438, 1.712573, 0.0 ], [ 117.9754952, 1.7126788, 0.0 ], [ 117.9755611, 1.7127683, 0.0 ], [ 117.975644, 1.7128428, 0.0 ], [ 117.9760796, 1.7130571, 0.0 ], [ 117.9768155, 1.7133647, 0.0 ], [ 117.9769321, 1.7134261, 0.0 ], [ 117.9770408, 1.713491, 0.0 ], [ 117.9771402, 1.7135635, 0.0 ], [ 117.9772291, 1.7136467, 0.0 ], [ 117.9777756, 1.7144849, 0.0 ], [ 117.9778478, 1.7145783, 0.0 ], [ 117.9779326, 1.7146709, 0.0 ], [ 117.9780274, 1.7147597, 0.0 ], [ 117.9787942, 1.7153133, 0.0 ], [ 117.9788833, 1.7153655, 0.0 ], [ 117.9789661, 1.7154059, 0.0 ], [ 117.979114, 1.7154579, 0.0 ], [ 117.9793074, 1.7155165, 0.0 ], [ 117.9793772, 1.715527, 0.0 ], [ 117.9793919, 1.7155314, 0.0 ], [ 117.9801884, 1.7156966, 0.0 ], [ 117.981661, 1.7159853, 0.0 ], [ 117.9817695, 1.7160142, 0.0 ], [ 117.9818723, 1.7160528, 0.0 ], [ 117.982052, 1.7161706, 0.0 ], [ 117.9821306, 1.7162375, 0.0 ], [ 117.9822081, 1.7163067, 0.0 ], [ 117.9822877, 1.7163668, 0.0 ], [ 117.9823705, 1.7164108, 0.0 ], [ 117.9824626, 1.7164322, 0.0 ], [ 117.9825662, 1.7164001, 0.0 ], [ 117.9826732, 1.7163488, 0.0 ], [ 117.9829779, 1.7161143, 0.0 ], [ 117.9834555, 1.7158034, 0.0 ], [ 117.984781, 1.7151079, 0.0 ], [ 117.9849145, 1.7150437, 0.0 ], [ 117.985171, 1.7149591, 0.0 ], [ 117.9852925, 1.7149342, 0.0 ], [ 117.9862711, 1.7149365, 0.0 ], [ 117.9864946, 1.7149231, 0.0 ], [ 117.9865578, 1.7149113, 0.0 ], [ 117.9866201, 1.7148899, 0.0 ], [ 117.9870607, 1.7145431, 0.0 ], [ 117.9871566, 1.7144522, 0.0 ], [ 117.9872429, 1.7143571, 0.0 ], [ 117.9873154, 1.71426, 0.0 ], [ 117.9873747, 1.7141518, 0.0 ], [ 117.9874253, 1.7140377, 0.0 ], [ 117.9874681, 1.7139185, 0.0 ], [ 117.9876033, 1.7132835, 0.0 ], [ 117.987639, 1.7131604, 0.0 ], [ 117.9876859, 1.7130527, 0.0 ], [ 117.98784, 1.7127561, 0.0 ], [ 117.9883776, 1.7118978, 0.0 ], [ 117.9892122, 1.7109721, 0.0 ], [ 117.9892907, 1.7108713, 0.0 ], [ 117.9898358, 1.7097827, 0.0 ], [ 117.9899567, 1.7095472, 0.0 ], [ 117.9900026, 1.7094254, 0.0 ], [ 117.9900728, 1.7090969, 0.0 ], [ 117.9900822, 1.7089991, 0.0 ], [ 117.9900973, 1.7086312, 0.0 ], [ 117.9901535, 1.7079114, 0.0 ], [ 117.9901756, 1.7077748, 0.0 ], [ 117.9902429, 1.7075083, 0.0 ], [ 117.9906655, 1.706688, 0.0 ], [ 117.9908906, 1.7063932, 0.0 ], [ 117.9909792, 1.7062967, 0.0 ], [ 117.9910562, 1.7061951, 0.0 ], [ 117.9912299, 1.705841, 0.0 ], [ 117.9912737, 1.7057167, 0.0 ], [ 117.9913102, 1.7055909, 0.0 ], [ 117.9913366, 1.7054678, 0.0 ], [ 117.9913509, 1.7053495, 0.0 ], [ 117.9912777, 1.7049029, 0.0 ], [ 117.9909473, 1.703842, 0.0 ], [ 117.9909182, 1.7037575, 0.0 ], [ 117.9905894, 1.7031081, 0.0 ], [ 117.990516, 1.7029928, 0.0 ], [ 117.9904213, 1.7028742, 0.0 ], [ 117.9903596, 1.7027649, 0.0 ], [ 117.990329, 1.7026878, 0.0 ], [ 117.9903097, 1.7026041, 0.0 ], [ 117.9903035, 1.7023535, 0.0 ], [ 117.9902897, 1.7017392, 0.0 ], [ 117.9901934, 1.7013875, 0.0 ], [ 117.9901454, 1.7013445, 0.0 ], [ 117.9893008, 1.7005459, 0.0 ], [ 117.9891212, 1.7003785, 0.0 ], [ 117.9889537, 1.700222, 0.0 ], [ 117.9888893, 1.7001368, 0.0 ], [ 117.988845, 1.7000389, 0.0 ], [ 117.988837, 1.6999146, 0.0 ], [ 117.9888586, 1.6997803, 0.0 ], [ 117.9888983, 1.6996439, 0.0 ], [ 117.9889541, 1.6995114, 0.0 ], [ 117.9893693, 1.6984462, 0.0 ], [ 117.9893894, 1.6983123, 0.0 ], [ 117.9892844, 1.6973521, 0.0 ], [ 117.9892652, 1.6958946, 0.0 ], [ 117.9894531, 1.695121, 0.0 ], [ 117.9895152, 1.6949496, 0.0 ], [ 117.9895363, 1.6948714, 0.0 ], [ 117.9895421, 1.6947931, 0.0 ], [ 117.9895055, 1.6945314, 0.0 ], [ 117.9892915, 1.6935339, 0.0 ], [ 117.9891225, 1.6924314, 0.0 ], [ 117.9890796, 1.6915849, 0.0 ], [ 117.9890592, 1.6914628, 0.0 ], [ 117.9890111, 1.690808, 0.0 ], [ 117.9890149, 1.6905066, 0.0 ], [ 117.9890355, 1.6903537, 0.0 ], [ 117.9890734, 1.6902073, 0.0 ], [ 117.9891342, 1.6900751, 0.0 ], [ 117.9892144, 1.6899545, 0.0 ], [ 117.9893134, 1.6898509, 0.0 ], [ 117.9895479, 1.689678, 0.0 ], [ 117.9896723, 1.6895925, 0.0 ], [ 117.9897893, 1.6895042, 0.0 ], [ 117.9898929, 1.689409, 0.0 ], [ 117.989983, 1.6893033, 0.0 ], [ 117.9900624, 1.6891889, 0.0 ], [ 117.9901307, 1.6890617, 0.0 ], [ 117.9901873, 1.6889252, 0.0 ], [ 117.9902712, 1.6886434, 0.0 ], [ 117.9904839, 1.6873962, 0.0 ], [ 117.990528, 1.6872551, 0.0 ], [ 117.9911166, 1.6863805, 0.0 ], [ 117.9917628, 1.6856405, 0.0 ], [ 117.9920613, 1.6851602, 0.0 ], [ 117.9924522, 1.6843704, 0.0 ], [ 117.9928277, 1.6837186, 0.0 ], [ 117.9930859, 1.6833163, 0.0 ], [ 117.9931176, 1.6832893, 0.0 ], [ 117.9931449, 1.6832611, 0.0 ], [ 117.9931698, 1.6832306, 0.0 ], [ 117.9931947, 1.6831936, 0.0 ], [ 117.9932437, 1.6831461, 0.0 ], [ 117.9933309, 1.6830907, 0.0 ], [ 117.9936827, 1.6829875, 0.0 ], [ 117.9941656, 1.6829385, 0.0 ], [ 117.9943939, 1.6829149, 0.0 ], [ 117.9959372, 1.6828881, 0.0 ], [ 117.9963564, 1.6829268, 0.0 ], [ 117.9964999, 1.6829333, 0.0 ], [ 117.9966455, 1.6829434, 0.0 ], [ 117.9967911, 1.682965, 0.0 ], [ 117.9969309, 1.6830008, 0.0 ], [ 117.997064, 1.6830546, 0.0 ], [ 117.9971873, 1.6831281, 0.0 ], [ 117.9977172, 1.6836402, 0.0 ], [ 117.9989057, 1.6844409, 0.0 ], [ 117.9997809, 1.6848248, 0.0 ], [ 117.9998884, 1.6848546, 0.0 ], [ 117.9999956, 1.6848925, 0.0 ], [ 118.0001925, 1.6850153, 0.0 ], [ 118.0002736, 1.6851019, 0.0 ], [ 118.0004178, 1.6852977, 0.0 ], [ 118.0004971, 1.6853927, 0.0 ], [ 118.0009498, 1.6857267, 0.0 ], [ 118.0017516, 1.6862604, 0.0 ], [ 118.0023982, 1.68674, 0.0 ], [ 118.0030838, 1.6874224, 0.0 ], [ 118.0031565, 1.6875048, 0.0 ], [ 118.003226, 1.6875808, 0.0 ], [ 118.0032968, 1.6876467, 0.0 ], [ 118.0033744, 1.6876987, 0.0 ], [ 118.0034614, 1.6877373, 0.0 ], [ 118.0035532, 1.6877626, 0.0 ], [ 118.0036525, 1.6877682, 0.0 ], [ 118.0049187, 1.6876767, 0.0 ], [ 118.0051968, 1.6876835, 0.0 ], [ 118.0053261, 1.687683, 0.0 ], [ 118.0054493, 1.6876746, 0.0 ], [ 118.0055671, 1.6876481, 0.0 ], [ 118.0056786, 1.6875945, 0.0 ], [ 118.0057845, 1.6875198, 0.0 ], [ 118.0062004, 1.6870394, 0.0 ], [ 118.0080284, 1.6858665, 0.0 ], [ 118.0090942, 1.6850846, 0.0 ], [ 118.0091919, 1.6849732, 0.0 ], [ 118.009732, 1.6839051, 0.0 ], [ 118.0103821, 1.6825901, 0.0 ], [ 118.0104369, 1.6824593, 0.0 ], [ 118.0104799, 1.6823326, 0.0 ], [ 118.0105077, 1.6822054, 0.0 ], [ 118.010519, 1.6820701, 0.0 ], [ 118.0104293, 1.6814467, 0.0 ], [ 118.010389, 1.6812923, 0.0 ], [ 118.0103389, 1.6811473, 0.0 ], [ 118.0098876, 1.6805521, 0.0 ], [ 118.0097858, 1.6804601, 0.0 ], [ 118.0096842, 1.6803776, 0.0 ], [ 118.0095851, 1.6803094, 0.0 ], [ 118.0094831, 1.6802533, 0.0 ], [ 118.0093792, 1.6802066, 0.0 ], [ 118.0092644, 1.6801704, 0.0 ], [ 118.0082147, 1.6801233, 0.0 ], [ 118.0071332, 1.680075, 0.0 ], [ 118.0069866, 1.6800523, 0.0 ], [ 118.006845, 1.6800212, 0.0 ], [ 118.006712, 1.679976, 0.0 ], [ 118.0065893, 1.6799146, 0.0 ], [ 118.0064795, 1.6798381, 0.0 ], [ 118.0063843, 1.6797445, 0.0 ], [ 118.0062394, 1.6795181, 0.0 ], [ 118.0061289, 1.6789969, 0.0 ], [ 118.0060225, 1.6781555, 0.0 ], [ 118.0060205, 1.6780161, 0.0 ], [ 118.0060237, 1.677918, 0.0 ], [ 118.0060355, 1.6778018, 0.0 ], [ 118.0060597, 1.6776854, 0.0 ], [ 118.0061241, 1.6775969, 0.0 ], [ 118.0062031, 1.6775212, 0.0 ], [ 118.0068251, 1.6773078, 0.0 ], [ 118.007212, 1.6771588, 0.0 ], [ 118.0076368, 1.6770323, 0.0 ], [ 118.0089621, 1.6764841, 0.0 ], [ 118.0103236, 1.6759001, 0.0 ], [ 118.0117965, 1.6752883, 0.0 ], [ 118.0139535, 1.674535, 0.0 ], [ 118.0161026, 1.6736631, 0.0 ], [ 118.0183285, 1.6728348, 0.0 ], [ 118.0206492, 1.671999, 0.0 ], [ 118.022196, 1.6713511, 0.0 ], [ 118.0238797, 1.6707161, 0.0 ], [ 118.025495, 1.6701747, 0.0 ], [ 118.0264328, 1.6698142, 0.0 ], [ 118.0271043, 1.6694693, 0.0 ], [ 118.0282015, 1.6690815, 0.0 ], [ 118.0293983, 1.6685904, 0.0 ], [ 118.0303746, 1.668113, 0.0 ], [ 118.0304518, 1.6680718, 0.0 ], [ 118.0305268, 1.6680359, 0.0 ], [ 118.0306025, 1.66801, 0.0 ], [ 118.0306766, 1.6679943, 0.0 ], [ 118.030748, 1.6679903, 0.0 ], [ 118.0308159, 1.6679945, 0.0 ], [ 118.0308784, 1.6680067, 0.0 ], [ 118.0309363, 1.668028, 0.0 ], [ 118.03099, 1.6680598, 0.0 ], [ 118.0310428, 1.6681022, 0.0 ], [ 118.0310902, 1.6681517, 0.0 ], [ 118.0311283, 1.6682039, 0.0 ], [ 118.0312094, 1.6683666, 0.0 ], [ 118.0314152, 1.6688696, 0.0 ], [ 118.0318254, 1.6700118, 0.0 ], [ 118.0322056, 1.671446, 0.0 ], [ 118.03222, 1.6715914, 0.0 ], [ 118.0321608, 1.6721376, 0.0 ], [ 118.0321293, 1.6723862, 0.0 ], [ 118.0321503, 1.6725897, 0.0 ], [ 118.0323561, 1.6729561, 0.0 ], [ 118.0326525, 1.6734082, 0.0 ], [ 118.0332637, 1.6744815, 0.0 ], [ 118.0333332, 1.6746025, 0.0 ], [ 118.0334125, 1.674713, 0.0 ], [ 118.0340006, 1.6752739, 0.0 ], [ 118.0346104, 1.6758361, 0.0 ], [ 118.0348354, 1.6760217, 0.0 ], [ 118.0352765, 1.6762828, 0.0 ], [ 118.0363435, 1.6767281, 0.0 ], [ 118.0370999, 1.6770322, 0.0 ], [ 118.0373624, 1.6770719, 0.0 ], [ 118.0374118, 1.6770809, 0.0 ], [ 118.0374592, 1.6770941, 0.0 ], [ 118.037494, 1.6771094, 0.0 ], [ 118.0375464, 1.6771193, 0.0 ], [ 118.0384485, 1.6770661, 0.0 ], [ 118.0385759, 1.6770515, 0.0 ], [ 118.0391273, 1.6768803, 0.0 ], [ 118.0402476, 1.6765095, 0.0 ], [ 118.0403455, 1.6764786, 0.0 ], [ 118.0404533, 1.6764386, 0.0 ], [ 118.0405652, 1.6763843, 0.0 ], [ 118.0406758, 1.6763172, 0.0 ], [ 118.0407774, 1.6762403, 0.0 ], [ 118.0413404, 1.675603, 0.0 ], [ 118.041433, 1.675505, 0.0 ], [ 118.0415356, 1.6754147, 0.0 ], [ 118.0421829, 1.6750327, 0.0 ], [ 118.0422752, 1.6749648, 0.0 ], [ 118.0425215, 1.6747391, 0.0 ], [ 118.0430038, 1.6740858, 0.0 ], [ 118.0430689, 1.6739725, 0.0 ], [ 118.0431381, 1.6738624, 0.0 ], [ 118.0432156, 1.6737602, 0.0 ], [ 118.0433001, 1.6736838, 0.0 ], [ 118.0434755, 1.6735627, 0.0 ], [ 118.0435582, 1.6735031, 0.0 ], [ 118.0444074, 1.6723493, 0.0 ], [ 118.0444796, 1.6722585, 0.0 ], [ 118.0445666, 1.6721759, 0.0 ], [ 118.0449578, 1.6719266, 0.0 ], [ 118.0450489, 1.6718713, 0.0 ], [ 118.0451309, 1.671811, 0.0 ], [ 118.0453766, 1.6714997, 0.0 ], [ 118.045457, 1.6713242, 0.0 ], [ 118.0457622, 1.6703163, 0.0 ], [ 118.045889, 1.670086, 0.0 ], [ 118.046559, 1.6694162, 0.0 ], [ 118.0475564, 1.6687184, 0.0 ], [ 118.0485927, 1.6684053, 0.0 ], [ 118.049291, 1.668209, 0.0 ], [ 118.0494025, 1.6681586, 0.0 ], [ 118.0495234, 1.6681184, 0.0 ], [ 118.0508699, 1.6678555, 0.0 ], [ 118.0521131, 1.6673998, 0.0 ], [ 118.0522302, 1.6673537, 0.0 ], [ 118.0523399, 1.6673076, 0.0 ], [ 118.0524379, 1.6672552, 0.0 ], [ 118.052521, 1.6671917, 0.0 ], [ 118.0525898, 1.6671227, 0.0 ], [ 118.0526464, 1.6670444, 0.0 ], [ 118.0527686, 1.666761, 0.0 ], [ 118.0528175, 1.6666581, 0.0 ], [ 118.0529427, 1.6664627, 0.0 ], [ 118.0530207, 1.6663721, 0.0 ], [ 118.0539941, 1.6656962, 0.0 ], [ 118.0548211, 1.6650491, 0.0 ], [ 118.0557231, 1.6646642, 0.0 ], [ 118.0559995, 1.6645257, 0.0 ], [ 118.056189, 1.6644061, 0.0 ], [ 118.0562174, 1.6643849, 0.0 ], [ 118.0563535, 1.6642997, 0.0 ], [ 118.0564306, 1.6642631, 0.0 ], [ 118.05754, 1.6640497, 0.0 ], [ 118.0576884, 1.6640198, 0.0 ], [ 118.0578312, 1.6639971, 0.0 ], [ 118.0579732, 1.6639875, 0.0 ], [ 118.0581082, 1.6639963, 0.0 ], [ 118.0582347, 1.6640341, 0.0 ], [ 118.0586149, 1.664231, 0.0 ], [ 118.0597831, 1.6647553, 0.0 ], [ 118.0599154, 1.6648374, 0.0 ], [ 118.0600527, 1.6649122, 0.0 ], [ 118.0601902, 1.6649739, 0.0 ], [ 118.0603299, 1.6650181, 0.0 ], [ 118.0604672, 1.6650449, 0.0 ], [ 118.0606015, 1.6650574, 0.0 ], [ 118.0607328, 1.6650582, 0.0 ], [ 118.0611208, 1.6649864, 0.0 ], [ 118.0612419, 1.6649641, 0.0 ], [ 118.0615689, 1.6649734, 0.0 ], [ 118.0617686, 1.6649731, 0.0 ], [ 118.0621661, 1.6647232, 0.0 ], [ 118.0624242, 1.664587, 0.0 ], [ 118.0625635, 1.6645275, 0.0 ], [ 118.0631708, 1.6644332, 0.0 ], [ 118.0633222, 1.6644161, 0.0 ], [ 118.0635946, 1.6643374, 0.0 ], [ 118.0637183, 1.6642796, 0.0 ], [ 118.0646825, 1.663717, 0.0 ], [ 118.0659349, 1.6629938, 0.0 ], [ 118.0671265, 1.6623867, 0.0 ], [ 118.0672276, 1.6623117, 0.0 ], [ 118.0678317, 1.6616838, 0.0 ], [ 118.0679762, 1.6615306, 0.0 ], [ 118.0680533, 1.6614675, 0.0 ], [ 118.0681366, 1.6614175, 0.0 ], [ 118.0682201, 1.6613795, 0.0 ], [ 118.0683027, 1.6613321, 0.0 ], [ 118.0685569, 1.6610685, 0.0 ], [ 118.0686571, 1.6609636, 0.0 ], [ 118.0689949, 1.6607006, 0.0 ], [ 118.0692174, 1.6605735, 0.0 ], [ 118.0693359, 1.6605357, 0.0 ], [ 118.0695907, 1.6605034, 0.0 ], [ 118.0700093, 1.6604319, 0.0 ], [ 118.0701455, 1.6603778, 0.0 ], [ 118.0704013, 1.6602369, 0.0 ], [ 118.0705245, 1.6601572, 0.0 ], [ 118.0706392, 1.6600744, 0.0 ], [ 118.0708311, 1.6598868, 0.0 ], [ 118.0709039, 1.6597795, 0.0 ], [ 118.0709719, 1.6596702, 0.0 ], [ 118.0711527, 1.6594685, 0.0 ], [ 118.071251, 1.6593734, 0.0 ], [ 118.0714058, 1.6591692, 0.0 ], [ 118.0714577, 1.6590583, 0.0 ], [ 118.0714982, 1.6589438, 0.0 ], [ 118.0715448, 1.6585468, 0.0 ], [ 118.0715804, 1.658254, 0.0 ], [ 118.0716242, 1.6581151, 0.0 ], [ 118.0717774, 1.6578684, 0.0 ], [ 118.0725347, 1.6571051, 0.0 ], [ 118.0726317, 1.6569976, 0.0 ], [ 118.0727152, 1.6568866, 0.0 ], [ 118.0728502, 1.6566427, 0.0 ], [ 118.0733495, 1.6557783, 0.0 ], [ 118.0734956, 1.6555926, 0.0 ], [ 118.0735638, 1.6553859, 0.0 ], [ 118.0735295, 1.6550407, 0.0 ], [ 118.0735064, 1.6549239, 0.0 ], [ 118.0734935, 1.6548051, 0.0 ], [ 118.0735205, 1.6545526, 0.0 ], [ 118.073912, 1.6532491, 0.0 ], [ 118.073956, 1.6531089, 0.0 ], [ 118.0740148, 1.6529799, 0.0 ], [ 118.0741988, 1.652761, 0.0 ], [ 118.0746964, 1.652445, 0.0 ], [ 118.0748179, 1.6523703, 0.0 ], [ 118.0749289, 1.652291, 0.0 ], [ 118.0750268, 1.6522035, 0.0 ], [ 118.0751041, 1.6521094, 0.0 ], [ 118.0751642, 1.6520109, 0.0 ], [ 118.0752446, 1.6517961, 0.0 ], [ 118.075463, 1.6506768, 0.0 ], [ 118.0754925, 1.6505433, 0.0 ], [ 118.0756044, 1.6502911, 0.0 ], [ 118.0756874, 1.6501782, 0.0 ], [ 118.0758878, 1.6499807, 0.0 ], [ 118.0760821, 1.6497979, 0.0 ], [ 118.0761549, 1.6496977, 0.0 ], [ 118.0762089, 1.6495905, 0.0 ], [ 118.0762444, 1.6494807, 0.0 ], [ 118.0762652, 1.649374, 0.0 ], [ 118.0762643, 1.6492678, 0.0 ], [ 118.0762456, 1.64917, 0.0 ], [ 118.0762046, 1.6490802, 0.0 ], [ 118.0761446, 1.648992, 0.0 ], [ 118.0760773, 1.6489005, 0.0 ], [ 118.076016, 1.6487962, 0.0 ], [ 118.0759714, 1.6486777, 0.0 ], [ 118.0759509, 1.6484381, 0.0 ], [ 118.075979, 1.6483267, 0.0 ], [ 118.0760329, 1.6482219, 0.0 ], [ 118.0764373, 1.6477711, 0.0 ], [ 118.0765499, 1.6476474, 0.0 ], [ 118.0767954, 1.6472784, 0.0 ], [ 118.0768584, 1.6471641, 0.0 ], [ 118.0769251, 1.6470599, 0.0 ], [ 118.0770069, 1.6469736, 0.0 ], [ 118.0771066, 1.6469125, 0.0 ], [ 118.0774802, 1.6468163, 0.0 ], [ 118.0776127, 1.6467892, 0.0 ], [ 118.0777357, 1.6467638, 0.0 ], [ 118.0778492, 1.6467337, 0.0 ], [ 118.0779538, 1.6466937, 0.0 ], [ 118.0780494, 1.6466297, 0.0 ], [ 118.078138, 1.6465515, 0.0 ], [ 118.0787166, 1.6458452, 0.0 ], [ 118.0789507, 1.6456014, 0.0 ], [ 118.0797785, 1.6446348, 0.0 ], [ 118.0802795, 1.6439256, 0.0 ], [ 118.0803592, 1.643791, 0.0 ], [ 118.080428, 1.6436575, 0.0 ], [ 118.0804856, 1.6435244, 0.0 ], [ 118.0805344, 1.6433895, 0.0 ], [ 118.0805744, 1.6432526, 0.0 ], [ 118.0807883, 1.6422181, 0.0 ], [ 118.0809367, 1.6416005, 0.0 ], [ 118.0810055, 1.6413953, 0.0 ], [ 118.0810429, 1.6413107, 0.0 ], [ 118.0810834, 1.6412405, 0.0 ], [ 118.081181, 1.6411473, 0.0 ], [ 118.0813811, 1.6410697, 0.0 ], [ 118.0818417, 1.6408905, 0.0 ], [ 118.0819807, 1.6408387, 0.0 ], [ 118.082848, 1.6407368, 0.0 ], [ 118.0829793, 1.6407166, 0.0 ], [ 118.0830958, 1.6406829, 0.0 ], [ 118.0831956, 1.6406341, 0.0 ], [ 118.0832761, 1.6405705, 0.0 ], [ 118.0833408, 1.6404949, 0.0 ], [ 118.0833919, 1.640409, 0.0 ], [ 118.083703, 1.639514, 0.0 ], [ 118.0841711, 1.6380238, 0.0 ], [ 118.0848664, 1.6362691, 0.0 ], [ 118.0849112, 1.6361396, 0.0 ], [ 118.0849648, 1.6360058, 0.0 ], [ 118.0850348, 1.6358743, 0.0 ], [ 118.0851176, 1.6357489, 0.0 ], [ 118.0855525, 1.635315, 0.0 ], [ 118.0865899, 1.6344523, 0.0 ], [ 118.0867852, 1.6342888, 0.0 ], [ 118.0875876, 1.6333976, 0.0 ], [ 118.0883334, 1.6324471, 0.0 ], [ 118.0885969, 1.6320943, 0.0 ], [ 118.0890547, 1.6310722, 0.0 ], [ 118.089341, 1.6299845, 0.0 ], [ 118.089384, 1.6297887, 0.0 ], [ 118.0894337, 1.6297063, 0.0 ], [ 118.0895936, 1.6295752, 0.0 ], [ 118.0896854, 1.6295239, 0.0 ], [ 118.0897729, 1.6294699, 0.0 ], [ 118.0898551, 1.6294074, 0.0 ], [ 118.0899276, 1.629336, 0.0 ], [ 118.0899934, 1.6292549, 0.0 ], [ 118.0902423, 1.6288355, 0.0 ], [ 118.0903055, 1.6287216, 0.0 ], [ 118.0903627, 1.6286071, 0.0 ], [ 118.0904113, 1.6284931, 0.0 ], [ 118.0904501, 1.6283805, 0.0 ], [ 118.0904808, 1.6282693, 0.0 ], [ 118.0905158, 1.6279432, 0.0 ], [ 118.0904101, 1.6272597, 0.0 ], [ 118.0903927, 1.6272, 0.0 ], [ 118.0903717, 1.6270892, 0.0 ], [ 118.0903095, 1.6268419, 0.0 ], [ 118.0902853, 1.6267554, 0.0 ], [ 118.0902655, 1.6266685, 0.0 ], [ 118.0902532, 1.626575, 0.0 ], [ 118.0902559, 1.6264715, 0.0 ], [ 118.0902718, 1.6263592, 0.0 ], [ 118.0904371, 1.6257234, 0.0 ], [ 118.0904511, 1.6256303, 0.0 ], [ 118.0904635, 1.6255423, 0.0 ], [ 118.0904791, 1.6254679, 0.0 ], [ 118.0904976, 1.6254062, 0.0 ], [ 118.0905175, 1.625356, 0.0 ], [ 118.0905393, 1.6253135, 0.0 ], [ 118.0905692, 1.6252698, 0.0 ], [ 118.0914161, 1.6246281, 0.0 ], [ 118.0921548, 1.6240965, 0.0 ], [ 118.0930031, 1.6233617, 0.0 ], [ 118.093095, 1.6232871, 0.0 ], [ 118.0931753, 1.6232091, 0.0 ], [ 118.0932416, 1.6231269, 0.0 ], [ 118.0932897, 1.6230388, 0.0 ], [ 118.093321, 1.6229437, 0.0 ], [ 118.0933669, 1.6226147, 0.0 ], [ 118.0933876, 1.6225105, 0.0 ], [ 118.0934506, 1.622326, 0.0 ], [ 118.0935297, 1.6221518, 0.0 ], [ 118.0935721, 1.622077, 0.0 ], [ 118.0936507, 1.6219708, 0.0 ], [ 118.0936789, 1.621937, 0.0 ], [ 118.0937168, 1.6218859, 0.0 ], [ 118.093727, 1.6218656, 0.0 ], [ 118.0937369, 1.6218478, 0.0 ], [ 118.0937637, 1.621795, 0.0 ], [ 118.0938727, 1.6216077, 0.0 ], [ 118.0949815, 1.6202445, 0.0 ], [ 118.0950911, 1.6201179, 0.0 ], [ 118.0956287, 1.6194936, 0.0 ], [ 118.0963486, 1.6187918, 0.0 ], [ 118.0965135, 1.6186585, 0.0 ], [ 118.0966151, 1.6185902, 0.0 ], [ 118.0967327, 1.6185296, 0.0 ], [ 118.0972612, 1.6183703, 0.0 ], [ 118.0973842, 1.6183222, 0.0 ], [ 118.097491, 1.6182569, 0.0 ], [ 118.0975771, 1.6181792, 0.0 ], [ 118.0976496, 1.6180961, 0.0 ], [ 118.0977176, 1.6179999, 0.0 ], [ 118.0982138, 1.6167121, 0.0 ], [ 118.0985753, 1.615946, 0.0 ], [ 118.0986698, 1.6158219, 0.0 ], [ 118.0988879, 1.6156062, 0.0 ], [ 118.099013, 1.6155118, 0.0 ], [ 118.0994298, 1.6152867, 0.0 ], [ 118.100019, 1.6148934, 0.0 ], [ 118.10011, 1.614819, 0.0 ], [ 118.1001968, 1.6147588, 0.0 ], [ 118.1002873, 1.6147152, 0.0 ], [ 118.1003849, 1.6146987, 0.0 ], [ 118.1004857, 1.6147203, 0.0 ], [ 118.1006864, 1.6148577, 0.0 ], [ 118.100789, 1.6149425, 0.0 ], [ 118.1008975, 1.6150224, 0.0 ], [ 118.1010094, 1.615088, 0.0 ], [ 118.1011188, 1.6151393, 0.0 ], [ 118.1012289, 1.615175, 0.0 ], [ 118.1013398, 1.6151963, 0.0 ], [ 118.1014497, 1.6152046, 0.0 ], [ 118.1015669, 1.6151992, 0.0 ], [ 118.1018328, 1.615132, 0.0 ], [ 118.1022231, 1.6149191, 0.0 ], [ 118.102342, 1.614831, 0.0 ], [ 118.1024471, 1.6147316, 0.0 ], [ 118.1026734, 1.6143869, 0.0 ], [ 118.1030496, 1.613681, 0.0 ], [ 118.1032308, 1.6134369, 0.0 ], [ 118.1033258, 1.6133297, 0.0 ], [ 118.1034242, 1.6132297, 0.0 ], [ 118.1039553, 1.6128137, 0.0 ], [ 118.1040676, 1.6127357, 0.0 ], [ 118.1043003, 1.6126124, 0.0 ], [ 118.1048396, 1.6125177, 0.0 ], [ 118.10521, 1.6125613, 0.0 ], [ 118.1053309, 1.6125732, 0.0 ], [ 118.1058443, 1.6124781, 0.0 ], [ 118.1070497, 1.6123808, 0.0 ], [ 118.1072097, 1.6123598, 0.0 ], [ 118.1073594, 1.6123262, 0.0 ], [ 118.1084218, 1.6119497, 0.0 ], [ 118.1086703, 1.6118687, 0.0 ], [ 118.1091381, 1.6117214, 0.0 ], [ 118.1091991, 1.6117061, 0.0 ], [ 118.1092546, 1.6116958, 0.0 ], [ 118.1093097, 1.6116983, 0.0 ], [ 118.10936, 1.6117135, 0.0 ], [ 118.1094109, 1.6117404, 0.0 ], [ 118.1096362, 1.611935, 0.0 ], [ 118.1097739, 1.6120373, 0.0 ], [ 118.109855, 1.6120695, 0.0 ], [ 118.1100098, 1.6120972, 0.0 ], [ 118.1100773, 1.6120954, 0.0 ], [ 118.110576, 1.6119788, 0.0 ], [ 118.110634, 1.6119615, 0.0 ], [ 118.1107104, 1.6119346, 0.0 ], [ 118.1107991, 1.6119081, 0.0 ], [ 118.1108928, 1.6118875, 0.0 ], [ 118.1109874, 1.6118802, 0.0 ], [ 118.1111772, 1.6118856, 0.0 ], [ 118.1114655, 1.6119098, 0.0 ], [ 118.1115676, 1.6119285, 0.0 ], [ 118.1116603, 1.6119572, 0.0 ], [ 118.1120741, 1.6122498, 0.0 ], [ 118.1121196, 1.612289, 0.0 ], [ 118.1121765, 1.6123331, 0.0 ], [ 118.1122506, 1.6123805, 0.0 ], [ 118.1123371, 1.61242, 0.0 ], [ 118.1124281, 1.6124368, 0.0 ], [ 118.1125238, 1.6124227, 0.0 ], [ 118.1126252, 1.6123856, 0.0 ], [ 118.1134765, 1.6118305, 0.0 ], [ 118.1135754, 1.6117374, 0.0 ], [ 118.113676, 1.6116511, 0.0 ], [ 118.1137856, 1.6115835, 0.0 ], [ 118.113902, 1.61154, 0.0 ], [ 118.1144314, 1.6114682, 0.0 ], [ 118.1148697, 1.6114527, 0.0 ], [ 118.1150052, 1.6114595, 0.0 ], [ 118.1151311, 1.6114761, 0.0 ], [ 118.1152514, 1.6115107, 0.0 ], [ 118.1153661, 1.6115665, 0.0 ], [ 118.115472, 1.6116408, 0.0 ], [ 118.1155663, 1.6117293, 0.0 ], [ 118.115652, 1.6118258, 0.0 ], [ 118.1157402, 1.6119183, 0.0 ], [ 118.1158401, 1.6119968, 0.0 ], [ 118.1159507, 1.6120567, 0.0 ], [ 118.1160677, 1.6120952, 0.0 ], [ 118.1161881, 1.6121113, 0.0 ], [ 118.1163099, 1.6121071, 0.0 ], [ 118.1164292, 1.6120853, 0.0 ], [ 118.1175634, 1.6118409, 0.0 ], [ 118.118225, 1.6119069, 0.0 ], [ 118.1183071, 1.6119253, 0.0 ], [ 118.1189661, 1.6119171, 0.0 ], [ 118.1190883, 1.6119043, 0.0 ], [ 118.1192033, 1.6118793, 0.0 ], [ 118.1193108, 1.6118381, 0.0 ], [ 118.1199315, 1.6115423, 0.0 ], [ 118.1200755, 1.6114941, 0.0 ], [ 118.1202205, 1.6114612, 0.0 ], [ 118.1205049, 1.6114576, 0.0 ], [ 118.1206364, 1.6114896, 0.0 ], [ 118.1207599, 1.6115423, 0.0 ], [ 118.1216736, 1.6122031, 0.0 ], [ 118.1219852, 1.6124196, 0.0 ], [ 118.1220935, 1.6125009, 0.0 ], [ 118.1221366, 1.6125345, 0.0 ], [ 118.1221728, 1.6125624, 0.0 ], [ 118.1222042, 1.6125842, 0.0 ], [ 118.1222678, 1.6126236, 0.0 ], [ 118.1223121, 1.6126493, 0.0 ], [ 118.1227136, 1.6129111, 0.0 ], [ 118.1234176, 1.6134451, 0.0 ], [ 118.1234796, 1.6134991, 0.0 ], [ 118.1235384, 1.6135485, 0.0 ], [ 118.1242953, 1.6140608, 0.0 ], [ 118.124476, 1.6141779, 0.0 ], [ 118.1245629, 1.6142206, 0.0 ], [ 118.124655, 1.6142619, 0.0 ], [ 118.1247655, 1.6142965, 0.0 ], [ 118.1248957, 1.6143232, 0.0 ], [ 118.126243, 1.6143343, 0.0 ], [ 118.1270076, 1.6144271, 0.0 ], [ 118.1279564, 1.6144982, 0.0 ], [ 118.1293774, 1.6147506, 0.0 ], [ 118.1297751, 1.6147829, 0.0 ], [ 118.1303618, 1.6147747, 0.0 ], [ 118.1313868, 1.6148491, 0.0 ], [ 118.1314845, 1.6148627, 0.0 ], [ 118.1316631, 1.6148981, 0.0 ], [ 118.1317328, 1.614912, 0.0 ], [ 118.131788, 1.6149204, 0.0 ], [ 118.131832, 1.6149252, 0.0 ], [ 118.1319082, 1.6149283, 0.0 ], [ 118.1319499, 1.614932, 0.0 ], [ 118.1321124, 1.6149429, 0.0 ], [ 118.1323932, 1.6149806, 0.0 ], [ 118.1327181, 1.6149933, 0.0 ], [ 118.1328319, 1.6149855, 0.0 ], [ 118.1329461, 1.6149675, 0.0 ], [ 118.1330569, 1.6149414, 0.0 ], [ 118.1332542, 1.6148784, 0.0 ], [ 118.133359, 1.6148511, 0.0 ], [ 118.1335963, 1.6148404, 0.0 ], [ 118.1337106, 1.6148748, 0.0 ], [ 118.1339028, 1.6150087, 0.0 ], [ 118.1342259, 1.615202, 0.0 ], [ 118.1346249, 1.6153469, 0.0 ], [ 118.1358715, 1.615368, 0.0 ], [ 118.1361561, 1.615357, 0.0 ], [ 118.1365773, 1.6153357, 0.0 ], [ 118.1371701, 1.6154065, 0.0 ], [ 118.1385803, 1.6154843, 0.0 ], [ 118.1396428, 1.6155641, 0.0 ], [ 118.1397514, 1.6155673, 0.0 ], [ 118.1398498, 1.6155725, 0.0 ], [ 118.1399314, 1.6155782, 0.0 ], [ 118.1399946, 1.615583, 0.0 ], [ 118.1400448, 1.6155843, 0.0 ], [ 118.140084, 1.6155821, 0.0 ], [ 118.1401145, 1.6155791, 0.0 ], [ 118.1403535, 1.6155874, 0.0 ], [ 118.1404575, 1.6156004, 0.0 ], [ 118.140571, 1.6156231, 0.0 ], [ 118.1406046, 1.6156305, 0.0 ], [ 118.1406399, 1.6156367, 0.0 ], [ 118.1406742, 1.6156408, 0.0 ], [ 118.1407076, 1.6156426, 0.0 ], [ 118.1407399, 1.6156428, 0.0 ], [ 118.1407703, 1.6156403, 0.0 ], [ 118.1407978, 1.6156401, 0.0 ], [ 118.1408224, 1.615643, 0.0 ], [ 118.1408529, 1.6156537, 0.0 ], [ 118.1409295, 1.6156988, 0.0 ], [ 118.140967, 1.6157178, 0.0 ], [ 118.1410026, 1.6157305, 0.0 ], [ 118.1410336, 1.615741, 0.0 ], [ 118.1410552, 1.6157414, 0.0 ], [ 118.1410947, 1.6157368, 0.0 ], [ 118.1411166, 1.6157407, 0.0 ], [ 118.1417191, 1.6159028, 0.0 ], [ 118.1419305, 1.6159776, 0.0 ], [ 118.1420181, 1.6160238, 0.0 ], [ 118.1420904, 1.6160732, 0.0 ], [ 118.1421487, 1.6161189, 0.0 ], [ 118.1421949, 1.6161572, 0.0 ], [ 118.1422322, 1.6161876, 0.0 ], [ 118.1422622, 1.6162103, 0.0 ], [ 118.142286, 1.6162243, 0.0 ], [ 118.1423061, 1.6162352, 0.0 ], [ 118.1423258, 1.6162438, 0.0 ], [ 118.1423475, 1.6162554, 0.0 ], [ 118.1423793, 1.6162775, 0.0 ], [ 118.1424875, 1.6163787, 0.0 ], [ 118.1429654, 1.6167151, 0.0 ], [ 118.1432576, 1.6168528, 0.0 ], [ 118.1443181, 1.6170464, 0.0 ], [ 118.1444582, 1.6170744, 0.0 ], [ 118.1447354, 1.6170887, 0.0 ], [ 118.1451488, 1.6169762, 0.0 ], [ 118.1452908, 1.6169303, 0.0 ], [ 118.1462408, 1.6168568, 0.0 ], [ 118.1468837, 1.6167409, 0.0 ], [ 118.147188, 1.6167395, 0.0 ], [ 118.1480564, 1.6167731, 0.0 ], [ 118.1485464, 1.6167452, 0.0 ], [ 118.1499407, 1.6167279, 0.0 ], [ 118.1501718, 1.6167053, 0.0 ], [ 118.1504331, 1.6166845, 0.0 ], [ 118.1512473, 1.616556, 0.0 ], [ 118.1519538, 1.6165651, 0.0 ], [ 118.1520626, 1.6165685, 0.0 ], [ 118.1521678, 1.6165594, 0.0 ], [ 118.1527914, 1.6163924, 0.0 ], [ 118.1529277, 1.6163655, 0.0 ], [ 118.152988, 1.6163463, 0.0 ], [ 118.1531195, 1.6162583, 0.0 ], [ 118.153197, 1.6162042, 0.0 ], [ 118.1536124, 1.6160228, 0.0 ], [ 118.1536788, 1.6160037, 0.0 ], [ 118.153735, 1.6159881, 0.0 ], [ 118.1537851, 1.6159729, 0.0 ], [ 118.1538286, 1.615958, 0.0 ], [ 118.1538611, 1.6159448, 0.0 ], [ 118.153886, 1.6159345, 0.0 ], [ 118.1539102, 1.6159246, 0.0 ], [ 118.1539338, 1.6159141, 0.0 ], [ 118.1543486, 1.615781, 0.0 ], [ 118.1544305, 1.6157726, 0.0 ], [ 118.1545309, 1.6157765, 0.0 ], [ 118.1546671, 1.6158069, 0.0 ], [ 118.1549991, 1.615849, 0.0 ], [ 118.1558001, 1.6157947, 0.0 ], [ 118.155883, 1.6157887, 0.0 ], [ 118.1560332, 1.6158013, 0.0 ], [ 118.1563104, 1.6157922, 0.0 ], [ 118.1564048, 1.6157914, 0.0 ], [ 118.1569908, 1.6158466, 0.0 ], [ 118.1571309, 1.6158583, 0.0 ], [ 118.1573308, 1.6158981, 0.0 ], [ 118.1575499, 1.6159354, 0.0 ], [ 118.1579786, 1.6159488, 0.0 ], [ 118.1580582, 1.6159511, 0.0 ], [ 118.1581834, 1.6159562, 0.0 ], [ 118.1582904, 1.6159597, 0.0 ], [ 118.1583101, 1.6159588, 0.0 ], [ 118.1583532, 1.6159554, 0.0 ], [ 118.1583807, 1.6159516, 0.0 ], [ 118.1584108, 1.6159492, 0.0 ], [ 118.1584924, 1.6159539, 0.0 ], [ 118.1588294, 1.6159432, 0.0 ], [ 118.1590145, 1.6159143, 0.0 ], [ 118.1591074, 1.6158898, 0.0 ], [ 118.1591918, 1.6158567, 0.0 ], [ 118.1593204, 1.6157886, 0.0 ], [ 118.1593671, 1.6157532, 0.0 ], [ 118.1594059, 1.6157182, 0.0 ], [ 118.1594381, 1.6156899, 0.0 ], [ 118.1594676, 1.6156651, 0.0 ], [ 118.1595236, 1.6156165, 0.0 ], [ 118.1595474, 1.6155924, 0.0 ], [ 118.1595677, 1.6155684, 0.0 ], [ 118.1595906, 1.6155443, 0.0 ], [ 118.1596202, 1.6155231, 0.0 ], [ 118.1596572, 1.6155033, 0.0 ], [ 118.1596991, 1.6154764, 0.0 ], [ 118.1598209, 1.6153407, 0.0 ], [ 118.1598608, 1.6153006, 0.0 ], [ 118.159902, 1.6152678, 0.0 ], [ 118.1599944, 1.6151972, 0.0 ], [ 118.1605623, 1.6146162, 0.0 ], [ 118.1612158, 1.6137996, 0.0 ], [ 118.1616223, 1.6133941, 0.0 ], [ 118.1617894, 1.6132818, 0.0 ], [ 118.162398, 1.6129376, 0.0 ], [ 118.1624651, 1.6128911, 0.0 ], [ 118.1625208, 1.6128521, 0.0 ], [ 118.1626031, 1.6127876, 0.0 ], [ 118.1626316, 1.6127637, 0.0 ], [ 118.1626566, 1.6127441, 0.0 ], [ 118.1626808, 1.612725, 0.0 ], [ 118.1627816, 1.6126512, 0.0 ], [ 118.1628311, 1.6126152, 0.0 ], [ 118.1628823, 1.6125695, 0.0 ], [ 118.1637105, 1.6119827, 0.0 ], [ 118.1638286, 1.6119238, 0.0 ], [ 118.1639485, 1.611871, 0.0 ], [ 118.1640738, 1.6118255, 0.0 ], [ 118.1642036, 1.6117884, 0.0 ], [ 118.1645949, 1.6117238, 0.0 ], [ 118.1652403, 1.6117381, 0.0 ], [ 118.1653654, 1.6117544, 0.0 ], [ 118.1654868, 1.6117655, 0.0 ], [ 118.1656052, 1.6117686, 0.0 ], [ 118.1657205, 1.6117631, 0.0 ], [ 118.1658329, 1.6117493, 0.0 ], [ 118.1660382, 1.6116903, 0.0 ], [ 118.1661292, 1.6116413, 0.0 ], [ 118.1662117, 1.6115796, 0.0 ], [ 118.1662848, 1.611502, 0.0 ], [ 118.166418, 1.6113117, 0.0 ], [ 118.1668849, 1.6107842, 0.0 ], [ 118.1676033, 1.6102709, 0.0 ], [ 118.1681557, 1.6099825, 0.0 ], [ 118.16838, 1.6098805, 0.0 ], [ 118.1687936, 1.6097137, 0.0 ], [ 118.1688759, 1.6096724, 0.0 ], [ 118.1693951, 1.6094081, 0.0 ], [ 118.1696273, 1.6093355, 0.0 ], [ 118.1697454, 1.6093296, 0.0 ], [ 118.170079, 1.6093792, 0.0 ], [ 118.1701947, 1.6093955, 0.0 ], [ 118.1703104, 1.6093962, 0.0 ], [ 118.1709656, 1.6091729, 0.0 ], [ 118.1712165, 1.6090898, 0.0 ], [ 118.1713464, 1.6090694, 0.0 ], [ 118.1714715, 1.6090646, 0.0 ], [ 118.1720396, 1.6091501, 0.0 ], [ 118.1725851, 1.6092079, 0.0 ], [ 118.1731531, 1.6092429, 0.0 ], [ 118.1742998, 1.6093091, 0.0 ], [ 118.1744031, 1.6093072, 0.0 ], [ 118.1745025, 1.6093006, 0.0 ], [ 118.1745972, 1.6092853, 0.0 ], [ 118.1746877, 1.6092582, 0.0 ], [ 118.1747742, 1.6092211, 0.0 ], [ 118.1748597, 1.6091727, 0.0 ], [ 118.1753144, 1.6087078, 0.0 ], [ 118.1759276, 1.6078219, 0.0 ], [ 118.1764824, 1.6071699, 0.0 ], [ 118.1773323, 1.6060723, 0.0 ], [ 118.1779562, 1.6053139, 0.0 ], [ 118.1780326, 1.6052092, 0.0 ], [ 118.1780486, 1.6051627, 0.0 ], [ 118.1780332, 1.6050822, 0.0 ], [ 118.1780119, 1.6050468, 0.0 ], [ 118.1775623, 1.6045118, 0.0 ], [ 118.1768666, 1.6037435, 0.0 ], [ 118.1768208, 1.6036933, 0.0 ], [ 118.176779, 1.6036393, 0.0 ], [ 118.1767452, 1.6035783, 0.0 ], [ 118.1767233, 1.6035126, 0.0 ], [ 118.1767168, 1.6034475, 0.0 ], [ 118.1767252, 1.6033882, 0.0 ], [ 118.1767722, 1.603293, 0.0 ], [ 118.1769428, 1.6030897, 0.0 ], [ 118.1779709, 1.6019573, 0.0 ], [ 118.1780504, 1.6018543, 0.0 ], [ 118.1782753, 1.6013943, 0.0 ], [ 118.1789801, 1.5997365, 0.0 ], [ 118.1793411, 1.5990422, 0.0 ], [ 118.179491, 1.5987726, 0.0 ], [ 118.1798249, 1.59819, 0.0 ], [ 118.1807508, 1.5968582, 0.0 ], [ 118.1813035, 1.5961916, 0.0 ], [ 118.18156, 1.5958874, 0.0 ], [ 118.1816617, 1.5957728, 0.0 ], [ 118.18223, 1.5950206, 0.0 ], [ 118.1829779, 1.5941227, 0.0 ], [ 118.1834566, 1.5935354, 0.0 ], [ 118.1835884, 1.5933819, 0.0 ], [ 118.183769, 1.5931721, 0.0 ], [ 118.1838672, 1.5930261, 0.0 ], [ 118.1842544, 1.5923588, 0.0 ], [ 118.1849507, 1.591149, 0.0 ], [ 118.185254, 1.5906518, 0.0 ], [ 118.1859171, 1.5894724, 0.0 ], [ 118.1867087, 1.5884464, 0.0 ], [ 118.1874439, 1.5878032, 0.0 ], [ 118.1882127, 1.587294, 0.0 ], [ 118.1885171, 1.587125, 0.0 ], [ 118.189563, 1.5865477, 0.0 ] ] } },
{ "type": "Feature", "properties": { "OBJECTID": 0, "Kl_Dat_Das": "Jalan Non Tol", "Nm_Ruas": "JL. TEUKU UMAR (SAMARINDA)", "Thn_Data": 2023, "Status": "Jalan Provinsi", "Fungsi": "Jalan Kolektor Primer 3", "Mendukung": "Non Strategis", "Ura_Dukung": null, "Kd_Bd_PU": "2", "Kd_Jns_Inf": "1", "Kd_Inf": "34 007 K", "Propinsi": "Kalimantan Timur", "Kab_Kot": "Samarinda", "Kecamatan": "Sungai Kunjang", "Desa_Kel": "KARANG ANYAR / KARANG ASAM ULU / LOA BAKUNG / KARANG ASAM ULU", "Tk_Ruas_Aw": "-0.500020, 117.112420", "Tk_Ruas_Ak": "-0.530349, 117.110245", "Kd_Patok": null, "Km_Awal": 0.0, "Km_Akhir": 3.9417011481699999, "Nm_Lintas": null, "Kon_Baik": 0.0, "Kon_Sdg": 0.86, "Kon_Rgn": 0.0, "Kon_Rusak": 0.0, "Kon_Mntp": 3.96, "Kon_T_Mntp": 0.0, "Panjang": 3.9560180974399999, "Lbr_Keras": 6.0, "LHRT": 0.0, "VCR": 0.0, "Tipe_Jln": 2, "MST": 8.0, "Tanah_Kri": 0.0, "Macadam": 0.0, "Aspal": 22.727272727300001, "Rigid": 77.272727272699996, "Thn_Pen_Ak": 2015, "Jns_Pen": "Peningkatan", "Koord_X_Aw": 117.112394839, "Koord_Y_Aw": -0.500065072, "Koord_X_Ak": 117.110248523, "Koord_Y_Ak": -0.530364535, "Shape_Leng": 0.0, "Status_J_1": "Sudah Terbangun", "Keterangan": null, "Masuk": "YES", "panjangjal": 3.9417011481699999 }, "geometry": { "type": "LineString", "coordinates": [ [ 117.1123948, -0.5000651, 0.0 ], [ 117.1118176, -0.5013477, 0.0 ], [ 117.1115668, -0.5019143, 0.0 ], [ 117.1112372, -0.5026643, 0.0 ], [ 117.1107189, -0.5037558, 0.0 ], [ 117.1103163, -0.5044827, 0.0 ], [ 117.1095249, -0.5056687, 0.0 ], [ 117.1093253, -0.5059341, 0.0 ], [ 117.1092012, -0.5061987, 0.0 ], [ 117.1091066, -0.5063783, 0.0 ], [ 117.1090257, -0.5065265, 0.0 ], [ 117.108702, -0.5074428, 0.0 ], [ 117.108284, -0.5088306, 0.0 ], [ 117.1080278, -0.5096257, 0.0 ], [ 117.1076636, -0.5103129, 0.0 ], [ 117.1072725, -0.5110944, 0.0 ], [ 117.1066657, -0.5126171, 0.0 ], [ 117.1064139, -0.5135962, 0.0 ], [ 117.1063712, -0.5138492, 0.0 ], [ 117.10636, -0.514207, 0.0 ], [ 117.1063879, -0.5144964, 0.0 ], [ 117.1064753, -0.5148738, 0.0 ], [ 117.1068219, -0.5157164, 0.0 ], [ 117.1073489, -0.5168121, 0.0 ], [ 117.107442, -0.5170115, 0.0 ], [ 117.1074349, -0.5171519, 0.0 ], [ 117.1073706, -0.517278, 0.0 ], [ 117.107259, -0.5174051, 0.0 ], [ 117.1068993, -0.5178183, 0.0 ], [ 117.1068091, -0.5179443, 0.0 ], [ 117.1067376, -0.5181776, 0.0 ], [ 117.1067555, -0.5184651, 0.0 ], [ 117.1067555, -0.5186987, 0.0 ], [ 117.1067189, -0.5188936, 0.0 ], [ 117.1066478, -0.5191476, 0.0 ], [ 117.1065759, -0.519453, 0.0 ], [ 117.1064759, -0.5196099, 0.0 ], [ 117.1063642, -0.5197385, 0.0 ], [ 117.1062094, -0.5198645, 0.0 ], [ 117.1057488, -0.5201178, 0.0 ], [ 117.1055862, -0.5202054, 0.0 ], [ 117.1053683, -0.5203725, 0.0 ], [ 117.1051194, -0.5206029, 0.0 ], [ 117.1049245, -0.5209329, 0.0 ], [ 117.1047777, -0.5213934, 0.0 ], [ 117.1044541, -0.5231541, 0.0 ], [ 117.1044098, -0.5233044, 0.0 ], [ 117.1043821, -0.5234595, 0.0 ], [ 117.1043641, -0.523729, 0.0 ], [ 117.104418, -0.5240344, 0.0 ], [ 117.104526, -0.5243219, 0.0 ], [ 117.1046878, -0.524771, 0.0 ], [ 117.1049215, -0.5252741, 0.0 ], [ 117.1051733, -0.5257053, 0.0 ], [ 117.1052757, -0.5257964, 0.0 ], [ 117.1056031, -0.5260629, 0.0 ], [ 117.105999, -0.5263009, 0.0 ], [ 117.1066462, -0.526693, 0.0 ], [ 117.1070433, -0.526891, 0.0 ], [ 117.1074749, -0.5271066, 0.0 ], [ 117.1077941, -0.5273421, 0.0 ], [ 117.1081843, -0.5276334, 0.0 ], [ 117.108565, -0.5279037, 0.0 ], [ 117.1090752, -0.5282825, 0.0 ], [ 117.1093989, -0.5285978, 0.0 ], [ 117.1096327, -0.5289033, 0.0 ], [ 117.1099203, -0.5292985, 0.0 ], [ 117.1100121, -0.5295034, 0.0 ], [ 117.1102452, -0.5303497, 0.0 ] ] } },
{ "type": "Feature", "properties": { "OBJECTID": 0, "Kl_Dat_Das": "Jalan Non Tol", "Nm_Ruas": "JL. BATU BESAUNG", "Thn_Data": 2023, "Status": "Jalan Provinsi", "Fungsi": "Jalan Kolektor Primer 2", "Mendukung": "Strategis", "Ura_Dukung": null, "Kd_Bd_PU": "2", "Kd_Jns_Inf": "1", "Kd_Inf": "34 030", "Propinsi": "Kalimantan Timur", "Kab_Kot": "Samarinda", "Kecamatan": "Samarinda Utara", "Desa_Kel": "SEMPAJA UTARA", "Tk_Ruas_Aw": "-0.435401, 117.148454", "Tk_Ruas_Ak": "-0.318823, 117.215173", "Kd_Patok": null, "Km_Awal": 0.0, "Km_Akhir": 20.8987387367, "Nm_Lintas": null, "Kon_Baik": 0.0, "Kon_Sdg": 0.0, "Kon_Rgn": 0.0, "Kon_Rusak": 4.0, "Kon_Mntp": 3.1, "Kon_T_Mntp": 4.0, "Panjang": 7.1, "Lbr_Keras": 6.0, "LHRT": 0.0, "VCR": 0.0, "Tipe_Jln": 2, "MST": 8.0, "Tanah_Kri": 5.6338028169000003, "Macadam": 0.0, "Aspal": 19.718309859200001, "Rigid": 74.647887323899994, "Thn_Pen_Ak": 0, "Jns_Pen": null, "Koord_X_Aw": 117.14845421699999, "Koord_Y_Aw": -0.435401648, "Koord_X_Ak": 117.14859798099999, "Koord_Y_Ak": -0.377207051, "Shape_Leng": 0.0, "Status_J_1": "Sudah Terbangun", "Keterangan": null, "Masuk": "YES", "panjangjal": 20.8987387367 }, "geometry": { "type": "LineString", "coordinates": [ [ 117.2151738, -0.3188239, 0.0 ], [ 117.2151318, -0.3189929, 0.0 ], [ 117.2150509, -0.319307, 0.0 ], [ 117.2149557, -0.3195592, 0.0 ], [ 117.214713, -0.3197496, 0.0 ], [ 117.2144465, -0.3199637, 0.0 ], [ 117.2141994, -0.3202304, 0.0 ], [ 117.2139162, -0.3205587, 0.0 ], [ 117.2137901, -0.3206587, 0.0 ], [ 117.2135688, -0.3207729, 0.0 ], [ 117.2133618, -0.3208395, 0.0 ], [ 117.213062, -0.3210085, 0.0 ], [ 117.2129026, -0.3211393, 0.0 ], [ 117.2127622, -0.321275, 0.0 ], [ 117.2126694, -0.321432, 0.0 ], [ 117.2125885, -0.3216914, 0.0 ], [ 117.2125052, -0.3220483, 0.0 ], [ 117.2123696, -0.3224552, 0.0 ], [ 117.212253, -0.3227883, 0.0 ], [ 117.2121792, -0.3229644, 0.0 ], [ 117.2120745, -0.323119, 0.0 ], [ 117.2119079, -0.3232927, 0.0 ], [ 117.2117057, -0.3234093, 0.0 ], [ 117.2115701, -0.3234712, 0.0 ], [ 117.2113583, -0.3235331, 0.0 ], [ 117.2110061, -0.3236116, 0.0 ], [ 117.2105945, -0.3237163, 0.0 ], [ 117.2103066, -0.3239233, 0.0 ], [ 117.2093119, -0.3246609, 0.0 ], [ 117.2091049, -0.3249512, 0.0 ], [ 117.208848, -0.3252058, 0.0 ], [ 117.2083031, -0.325558, 0.0 ], [ 117.2077385, -0.3256791, 0.0 ], [ 117.2075345, -0.3257055, 0.0 ], [ 117.2073251, -0.3256936, 0.0 ], [ 117.20718, -0.3256984, 0.0 ], [ 117.2069682, -0.325784, 0.0 ], [ 117.2067136, -0.326022, 0.0 ], [ 117.2065028, -0.3262585, 0.0 ], [ 117.2060173, -0.3266773, 0.0 ], [ 117.2054615, -0.3271341, 0.0 ], [ 117.2052769, -0.3272293, 0.0 ], [ 117.2050827, -0.3272921, 0.0 ], [ 117.2048885, -0.327296, 0.0 ], [ 117.2046144, -0.3272921, 0.0 ], [ 117.2042965, -0.3272465, 0.0 ], [ 117.2040395, -0.3271817, 0.0 ], [ 117.2039196, -0.3270751, 0.0 ], [ 117.2038416, -0.3269095, 0.0 ], [ 117.2036912, -0.3264203, 0.0 ], [ 117.2036436, -0.326209, 0.0 ], [ 117.2035465, -0.3260434, 0.0 ], [ 117.2034456, -0.3259596, 0.0 ], [ 117.20332, -0.3258854, 0.0 ], [ 117.2031886, -0.3258626, 0.0 ], [ 117.2029926, -0.3258721, 0.0 ], [ 117.2025966, -0.3259082, 0.0 ], [ 117.2021436, -0.3258911, 0.0 ], [ 117.2018523, -0.3258702, 0.0 ], [ 117.2016372, -0.325834, 0.0 ], [ 117.2013688, -0.3258112, 0.0 ], [ 117.2012108, -0.3258055, 0.0 ], [ 117.2010357, -0.3258416, 0.0 ], [ 117.2008815, -0.3259292, 0.0 ], [ 117.1999564, -0.3267325, 0.0 ], [ 117.1994158, -0.3271075, 0.0 ], [ 117.1988675, -0.3274597, 0.0 ], [ 117.1986962, -0.3276272, 0.0 ], [ 117.1985877, -0.3278023, 0.0 ], [ 117.1985002, -0.3279736, 0.0 ], [ 117.1982241, -0.3281697, 0.0 ], [ 117.1978822, -0.3283635, 0.0 ], [ 117.1975579, -0.3285161, 0.0 ], [ 117.1972438, -0.3287084, 0.0 ], [ 117.1970725, -0.3288569, 0.0 ], [ 117.1969506, -0.3289825, 0.0 ], [ 117.1968079, -0.3292186, 0.0 ], [ 117.1966366, -0.3296164, 0.0 ], [ 117.1964805, -0.3298277, 0.0 ], [ 117.1959494, -0.330355, 0.0 ], [ 117.1952641, -0.3305796, 0.0 ], [ 117.1942685, -0.3308975, 0.0 ], [ 117.1940115, -0.3309127, 0.0 ], [ 117.1937869, -0.3308689, 0.0 ], [ 117.1934252, -0.3307966, 0.0 ], [ 117.1932768, -0.3307928, 0.0 ], [ 117.1927476, -0.3308423, 0.0 ], [ 117.1924792, -0.330867, 0.0 ], [ 117.1922679, -0.3309089, 0.0 ], [ 117.1917615, -0.3311743, 0.0 ], [ 117.1914417, -0.3313106, 0.0 ], [ 117.1912514, -0.3313791, 0.0 ], [ 117.190884, -0.3314648, 0.0 ], [ 117.1905394, -0.3315999, 0.0 ], [ 117.1902501, -0.3318322, 0.0 ], [ 117.1900616, -0.331973, 0.0 ], [ 117.189995, -0.3320948, 0.0 ], [ 117.189955, -0.3322433, 0.0 ], [ 117.1899493, -0.3323785, 0.0 ], [ 117.1900026, -0.3326298, 0.0 ], [ 117.1901606, -0.3331475, 0.0 ], [ 117.1902196, -0.3333664, 0.0 ], [ 117.190292, -0.3338157, 0.0 ], [ 117.1903567, -0.3340955, 0.0 ], [ 117.190528, -0.3345124, 0.0 ], [ 117.1906022, -0.334737, 0.0 ], [ 117.1906575, -0.3349902, 0.0 ], [ 117.1906898, -0.3351786, 0.0 ], [ 117.1906822, -0.3353633, 0.0 ], [ 117.1906327, -0.3355422, 0.0 ], [ 117.1905126, -0.335819, 0.0 ], [ 117.1903377, -0.3360885, 0.0 ], [ 117.1901663, -0.336296, 0.0 ], [ 117.1899455, -0.3364807, 0.0 ], [ 117.1897437, -0.3366158, 0.0 ], [ 117.1896181, -0.3366958, 0.0 ], [ 117.1893002, -0.3368062, 0.0 ], [ 117.1890413, -0.3369128, 0.0 ], [ 117.1889404, -0.3369984, 0.0 ], [ 117.18883, -0.3371774, 0.0 ], [ 117.1886587, -0.3375029, 0.0 ], [ 117.1885502, -0.3377637, 0.0 ], [ 117.1885121, -0.3379331, 0.0 ], [ 117.1885197, -0.3381748, 0.0 ], [ 117.1885407, -0.3383481, 0.0 ], [ 117.1885788, -0.3384927, 0.0 ], [ 117.1886397, -0.3386336, 0.0 ], [ 117.1887006, -0.3389534, 0.0 ], [ 117.1888091, -0.3394369, 0.0 ], [ 117.1888852, -0.3397548, 0.0 ], [ 117.1889233, -0.3399794, 0.0 ], [ 117.1889271, -0.3401755, 0.0 ], [ 117.1889047, -0.3404135, 0.0 ], [ 117.1888472, -0.3406552, 0.0 ], [ 117.1887444, -0.3409845, 0.0 ], [ 117.1886054, -0.3413348, 0.0 ], [ 117.1885159, -0.3416831, 0.0 ], [ 117.1884664, -0.3419249, 0.0 ], [ 117.1884474, -0.3421876, 0.0 ], [ 117.1884074, -0.3425569, 0.0 ], [ 117.1883163, -0.342941, 0.0 ], [ 117.1881485, -0.3433278, 0.0 ], [ 117.1880229, -0.3435658, 0.0 ], [ 117.1879163, -0.3437047, 0.0 ], [ 117.1877298, -0.3439179, 0.0 ], [ 117.187627, -0.3440283, 0.0 ], [ 117.187547, -0.3441578, 0.0 ], [ 117.1875013, -0.3443139, 0.0 ], [ 117.1875128, -0.3444528, 0.0 ], [ 117.1876232, -0.3448069, 0.0 ], [ 117.1877393, -0.3451286, 0.0 ], [ 117.1877564, -0.345258, 0.0 ], [ 117.1877107, -0.3455112, 0.0 ], [ 117.1876993, -0.3455969, 0.0 ], [ 117.1876546, -0.3457552, 0.0 ], [ 117.1875857, -0.3460109, 0.0 ], [ 117.187507, -0.3462136, 0.0 ], [ 117.1874537, -0.3463119, 0.0 ], [ 117.1873502, -0.3463976, 0.0 ], [ 117.1872003, -0.3464547, 0.0 ], [ 117.1870694, -0.3464606, 0.0 ], [ 117.1869052, -0.3464832, 0.0 ], [ 117.1866446, -0.346513, 0.0 ], [ 117.1863948, -0.3465546, 0.0 ], [ 117.1861462, -0.3466141, 0.0 ], [ 117.1859558, -0.3466545, 0.0 ], [ 117.1857976, -0.3466795, 0.0 ], [ 117.1854395, -0.3466664, 0.0 ], [ 117.1852194, -0.3466617, 0.0 ], [ 117.1848517, -0.3466819, 0.0 ], [ 117.184521, -0.3466867, 0.0 ], [ 117.1842069, -0.3467152, 0.0 ], [ 117.1839737, -0.3467104, 0.0 ], [ 117.1838095, -0.3466902, 0.0 ], [ 117.1836001, -0.346626, 0.0 ], [ 117.1833776, -0.3465284, 0.0 ], [ 117.1831195, -0.3463987, 0.0 ], [ 117.1829803, -0.3463297, 0.0 ], [ 117.1828232, -0.3462821, 0.0 ], [ 117.1826971, -0.3462643, 0.0 ], [ 117.1825663, -0.346275, 0.0 ], [ 117.1824247, -0.3463131, 0.0 ], [ 117.1822914, -0.3463797, 0.0 ], [ 117.1820892, -0.3465106, 0.0 ], [ 117.1818536, -0.3466712, 0.0 ], [ 117.1816133, -0.3468211, 0.0 ], [ 117.1814884, -0.3468651, 0.0 ], [ 117.1812706, -0.3469056, 0.0 ], [ 117.181085, -0.3469258, 0.0 ], [ 117.1808507, -0.346921, 0.0 ], [ 117.1806948, -0.3469317, 0.0 ], [ 117.1805485, -0.346946, 0.0 ], [ 117.1803319, -0.3470245, 0.0 ], [ 117.1801892, -0.3471185, 0.0 ], [ 117.1800535, -0.3472542, 0.0 ], [ 117.1799893, -0.3473244, 0.0 ], [ 117.1799465, -0.3474124, 0.0 ], [ 117.1798917, -0.3476004, 0.0 ], [ 117.1798144, -0.3479442, 0.0 ], [ 117.179768, -0.3482285, 0.0 ], [ 117.179743, -0.3485022, 0.0 ], [ 117.1797323, -0.3487366, 0.0 ], [ 117.1796752, -0.3489412, 0.0 ], [ 117.1796122, -0.3491137, 0.0 ], [ 117.1794646, -0.349479, 0.0 ], [ 117.1793873, -0.3496812, 0.0 ], [ 117.1793028, -0.3499703, 0.0 ], [ 117.1792493, -0.3501357, 0.0 ], [ 117.1792172, -0.3502439, 0.0 ], [ 117.1790137, -0.3505652, 0.0 ], [ 117.1787187, -0.3509506, 0.0 ], [ 117.1779582, -0.3518777, 0.0 ], [ 117.1776251, -0.3522032, 0.0 ], [ 117.1774004, -0.3524469, 0.0 ], [ 117.1772063, -0.3527191, 0.0 ], [ 117.1770902, -0.3529551, 0.0 ], [ 117.176995, -0.3531569, 0.0 ], [ 117.1768598, -0.3534976, 0.0 ], [ 117.1766942, -0.3538174, 0.0 ], [ 117.1765572, -0.3541734, 0.0 ], [ 117.1764334, -0.3545655, 0.0 ], [ 117.1763668, -0.3547711, 0.0 ], [ 117.1762754, -0.3548948, 0.0 ], [ 117.176127, -0.3550528, 0.0 ], [ 117.175988, -0.355169, 0.0 ], [ 117.1756967, -0.3553365, 0.0 ], [ 117.1755349, -0.3554126, 0.0 ], [ 117.1752646, -0.3554907, 0.0 ], [ 117.1748992, -0.3555173, 0.0 ], [ 117.1746555, -0.3555382, 0.0 ], [ 117.1744252, -0.355523, 0.0 ], [ 117.1741891, -0.3554964, 0.0 ], [ 117.1739759, -0.3554526, 0.0 ], [ 117.173816, -0.3553917, 0.0 ], [ 117.1736104, -0.3552889, 0.0 ], [ 117.1734239, -0.355169, 0.0 ], [ 117.1731745, -0.3550033, 0.0 ], [ 117.172889, -0.3547502, 0.0 ], [ 117.1725216, -0.3543618, 0.0 ], [ 117.1723236, -0.3541753, 0.0 ], [ 117.1720743, -0.3539297, 0.0 ], [ 117.171901, -0.3537394, 0.0 ], [ 117.1716745, -0.3533891, 0.0 ], [ 117.1714118, -0.3529513, 0.0 ], [ 117.17121, -0.3526068, 0.0 ], [ 117.1709207, -0.3522184, 0.0 ], [ 117.1706199, -0.3518682, 0.0 ], [ 117.1704638, -0.3516759, 0.0 ], [ 117.1703363, -0.3514741, 0.0 ], [ 117.1702487, -0.3513237, 0.0 ], [ 117.170165, -0.3511696, 0.0 ], [ 117.1700546, -0.3510382, 0.0 ], [ 117.1699023, -0.350943, 0.0 ], [ 117.1697595, -0.3509297, 0.0 ], [ 117.1696282, -0.3509145, 0.0 ], [ 117.1694549, -0.3509373, 0.0 ], [ 117.1692437, -0.3510078, 0.0 ], [ 117.1691123, -0.3510839, 0.0 ], [ 117.1689353, -0.3511734, 0.0 ], [ 117.1687811, -0.3512857, 0.0 ], [ 117.1685755, -0.3514437, 0.0 ], [ 117.1684841, -0.3515598, 0.0 ], [ 117.1684308, -0.3517559, 0.0 ], [ 117.1684175, -0.3519729, 0.0 ], [ 117.1684175, -0.352167, 0.0 ], [ 117.1684308, -0.3523517, 0.0 ], [ 117.1684223, -0.3525535, 0.0 ], [ 117.1683794, -0.3527019, 0.0 ], [ 117.1682866, -0.3528347, 0.0 ], [ 117.1681596, -0.3529561, 0.0 ], [ 117.1679654, -0.3531331, 0.0 ], [ 117.1678369, -0.3533287, 0.0 ], [ 117.1677555, -0.3535728, 0.0 ], [ 117.1677355, -0.3538741, 0.0 ], [ 117.1677684, -0.354171, 0.0 ], [ 117.1677898, -0.354388, 0.0 ], [ 117.1677898, -0.3545693, 0.0 ], [ 117.1677498, -0.3547492, 0.0 ], [ 117.1676913, -0.3548691, 0.0 ], [ 117.1675434, -0.3550852, 0.0 ], [ 117.1672079, -0.3553671, 0.0 ], [ 117.1668688, -0.3557419, 0.0 ], [ 117.1666761, -0.3559989, 0.0 ], [ 117.1664439, -0.3563264, 0.0 ], [ 117.1662942, -0.3565593, 0.0 ], [ 117.1660479, -0.3566913, 0.0 ], [ 117.1656803, -0.3567413, 0.0 ], [ 117.1652591, -0.3567449, 0.0 ], [ 117.1649129, -0.3567234, 0.0 ], [ 117.1645275, -0.3567663, 0.0 ], [ 117.1641134, -0.3568733, 0.0 ], [ 117.1637886, -0.3570518, 0.0 ], [ 117.1634496, -0.3572624, 0.0 ], [ 117.1630141, -0.3573659, 0.0 ], [ 117.1625109, -0.3573909, 0.0 ], [ 117.1620112, -0.3574266, 0.0 ], [ 117.1616364, -0.3573909, 0.0 ], [ 117.1613616, -0.3573373, 0.0 ], [ 117.1610047, -0.3572624, 0.0 ], [ 117.1606549, -0.357266, 0.0 ], [ 117.1604336, -0.3573124, 0.0 ], [ 117.1602908, -0.3573873, 0.0 ], [ 117.1599268, -0.3577192, 0.0 ], [ 117.1596591, -0.3579334, 0.0 ], [ 117.1593129, -0.3580797, 0.0 ], [ 117.1589881, -0.3581511, 0.0 ], [ 117.1586097, -0.3581797, 0.0 ], [ 117.1582284, -0.3581412, 0.0 ], [ 117.1578317, -0.358069, 0.0 ], [ 117.1575711, -0.3579512, 0.0 ], [ 117.1572749, -0.3575229, 0.0 ], [ 117.156768, -0.3566663, 0.0 ], [ 117.1566288, -0.3564629, 0.0 ], [ 117.156404, -0.3563344, 0.0 ], [ 117.1558757, -0.3561274, 0.0 ], [ 117.1554867, -0.3559275, 0.0 ], [ 117.1550941, -0.3557633, 0.0 ], [ 117.1548264, -0.3557526, 0.0 ], [ 117.1542446, -0.3557455, 0.0 ], [ 117.1536057, -0.3557348, 0.0 ], [ 117.1530668, -0.3557169, 0.0 ], [ 117.1524136, -0.3554599, 0.0 ], [ 117.1520853, -0.3553957, 0.0 ], [ 117.151902, -0.3554471, 0.0 ], [ 117.151789, -0.3555385, 0.0 ], [ 117.1517034, -0.3557348, 0.0 ], [ 117.1516998, -0.3561524, 0.0 ], [ 117.1516962, -0.3565521, 0.0 ], [ 117.1515963, -0.3569019, 0.0 ], [ 117.151425, -0.3572267, 0.0 ], [ 117.1513429, -0.3574087, 0.0 ], [ 117.1513571, -0.3576443, 0.0 ], [ 117.1515285, -0.3580547, 0.0 ], [ 117.151607, -0.3582332, 0.0 ], [ 117.1516926, -0.358633, 0.0 ], [ 117.1517712, -0.3591219, 0.0 ], [ 117.1518604, -0.3595038, 0.0 ], [ 117.1519818, -0.3597929, 0.0 ], [ 117.1521352, -0.3600071, 0.0 ], [ 117.1526956, -0.3604104, 0.0 ], [ 117.1535379, -0.3609886, 0.0 ], [ 117.1536771, -0.3611243, 0.0 ], [ 117.1537199, -0.3613027, 0.0 ], [ 117.1536593, -0.3614562, 0.0 ], [ 117.1531132, -0.3618809, 0.0 ], [ 117.1526812, -0.3620519, 0.0 ], [ 117.1523301, -0.3621688, 0.0 ], [ 117.152071, -0.362195, 0.0 ], [ 117.1518747, -0.36217, 0.0 ], [ 117.1517283, -0.3620986, 0.0 ], [ 117.1515142, -0.3619559, 0.0 ], [ 117.1512144, -0.3616953, 0.0 ], [ 117.1508182, -0.361449, 0.0 ], [ 117.1506504, -0.3614241, 0.0 ], [ 117.1504399, -0.3614526, 0.0 ], [ 117.1502543, -0.3615633, 0.0 ], [ 117.1500829, -0.3618631, 0.0 ], [ 117.1498617, -0.3622485, 0.0 ], [ 117.1495583, -0.3628196, 0.0 ], [ 117.1494583, -0.3632158, 0.0 ], [ 117.1494262, -0.3636405, 0.0 ], [ 117.1493477, -0.3641688, 0.0 ], [ 117.1492228, -0.3646863, 0.0 ], [ 117.149005, -0.3652217, 0.0 ], [ 117.1488373, -0.3658784, 0.0 ], [ 117.1486517, -0.3667065, 0.0 ], [ 117.1486267, -0.3669313, 0.0 ], [ 117.1485375, -0.3672311, 0.0 ], [ 117.1484411, -0.3677308, 0.0 ], [ 117.1484126, -0.3680199, 0.0 ], [ 117.148409, -0.3682983, 0.0 ], [ 117.1484268, -0.3686731, 0.0 ], [ 117.1483662, -0.3689943, 0.0 ], [ 117.1481809, -0.369399, 0.0 ], [ 117.1479049, -0.3698368, 0.0 ], [ 117.147705, -0.3701652, 0.0 ], [ 117.1475051, -0.3705411, 0.0 ], [ 117.1473195, -0.3709456, 0.0 ], [ 117.1471863, -0.3712835, 0.0 ], [ 117.1472005, -0.3714834, 0.0 ], [ 117.1474195, -0.3716928, 0.0 ], [ 117.1478144, -0.3720021, 0.0 ], [ 117.1480571, -0.3722591, 0.0 ], [ 117.1482523, -0.372735, 0.0 ], [ 117.1484045, -0.3731014, 0.0 ], [ 117.1484521, -0.3733108, 0.0 ], [ 117.1485711, -0.3739342, 0.0 ], [ 117.1487091, -0.3750336, 0.0 ], [ 117.1488233, -0.376071, 0.0 ], [ 117.1487978, -0.3765132, 0.0 ], [ 117.1487139, -0.3768324, 0.0 ], [ 117.1486137, -0.3771347, 0.0 ], [ 117.148594, -0.3775532, 0.0 ], [ 117.1486006, -0.3778938, 0.0 ], [ 117.1486117, -0.3781207, 0.0 ], [ 117.1486454, -0.3788348, 0.0 ], [ 117.1486217, -0.3792363, 0.0 ], [ 117.1486276, -0.3795694, 0.0 ], [ 117.1486322, -0.379851, 0.0 ], [ 117.1486325, -0.3800113, 0.0 ], [ 117.1486319, -0.3802232, 0.0 ], [ 117.1486262, -0.3804364, 0.0 ], [ 117.1486313, -0.3805106, 0.0 ], [ 117.1486491, -0.3806652, 0.0 ], [ 117.1486425, -0.3808157, 0.0 ], [ 117.148652, -0.3809745, 0.0 ], [ 117.1486603, -0.3811072, 0.0 ], [ 117.1486663, -0.3812648, 0.0 ], [ 117.1486841, -0.3815771, 0.0 ], [ 117.1487109, -0.3818686, 0.0 ], [ 117.1487406, -0.382282, 0.0 ], [ 117.1487696, -0.3825389, 0.0 ], [ 117.1487704, -0.3828709, 0.0 ], [ 117.1487287, -0.3832725, 0.0 ], [ 117.1486739, -0.3835299, 0.0 ], [ 117.148663, -0.3836123, 0.0 ], [ 117.1486514, -0.3841618, 0.0 ], [ 117.148698, -0.3845213, 0.0 ], [ 117.1487208, -0.3846157, 0.0 ], [ 117.1487375, -0.38466, 0.0 ], [ 117.1487566, -0.3847001, 0.0 ], [ 117.1487763, -0.3847405, 0.0 ], [ 117.1487918, -0.3847795, 0.0 ], [ 117.149026, -0.385465, 0.0 ], [ 117.1491065, -0.3856609, 0.0 ], [ 117.1492016, -0.3858631, 0.0 ], [ 117.1493176, -0.3860326, 0.0 ], [ 117.1494098, -0.3861724, 0.0 ], [ 117.1495004, -0.3862575, 0.0 ], [ 117.1495526, -0.3863003, 0.0 ], [ 117.1496094, -0.3863355, 0.0 ], [ 117.1497628, -0.3864235, 0.0 ], [ 117.1498902, -0.3864832, 0.0 ], [ 117.1499601, -0.3865204, 0.0 ], [ 117.150053, -0.3865675, 0.0 ], [ 117.1502293, -0.3866208, 0.0 ], [ 117.1503527, -0.3866543, 0.0 ], [ 117.1503971, -0.3866554, 0.0 ], [ 117.1505397, -0.3866533, 0.0 ], [ 117.15075, -0.3866511, 0.0 ], [ 117.1509541, -0.386654, 0.0 ], [ 117.1510518, -0.3867464, 0.0 ], [ 117.1511558, -0.386913, 0.0 ], [ 117.1512361, -0.3870618, 0.0 ], [ 117.1512724, -0.3871063, 0.0 ], [ 117.1513107, -0.387145, 0.0 ], [ 117.1514413, -0.3873205, 0.0 ], [ 117.1515312, -0.3874659, 0.0 ], [ 117.1515314, -0.3875298, 0.0 ], [ 117.1515267, -0.3876275, 0.0 ], [ 117.1514758, -0.3879911, 0.0 ], [ 117.1514928, -0.3881679, 0.0 ], [ 117.1515009, -0.3882158, 0.0 ], [ 117.1515256, -0.3884816, 0.0 ], [ 117.1515445, -0.3888188, 0.0 ], [ 117.1514988, -0.3890046, 0.0 ], [ 117.1514717, -0.3890663, 0.0 ], [ 117.151401, -0.3891951, 0.0 ], [ 117.1513544, -0.3892615, 0.0 ], [ 117.1511712, -0.3894802, 0.0 ], [ 117.1511363, -0.3895208, 0.0 ], [ 117.1510337, -0.3896643, 0.0 ], [ 117.1509526, -0.3898084, 0.0 ], [ 117.1509396, -0.389845, 0.0 ], [ 117.1508954, -0.3900363, 0.0 ], [ 117.150913, -0.3904044, 0.0 ], [ 117.1509244, -0.3904656, 0.0 ], [ 117.1510011, -0.3908005, 0.0 ], [ 117.1510636, -0.3910206, 0.0 ], [ 117.1510716, -0.3910733, 0.0 ], [ 117.1510792, -0.3911642, 0.0 ], [ 117.1510466, -0.391366, 0.0 ], [ 117.1509595, -0.3917106, 0.0 ], [ 117.1509565, -0.3917561, 0.0 ], [ 117.1509149, -0.3923145, 0.0 ], [ 117.1509484, -0.392839, 0.0 ], [ 117.1509612, -0.3931896, 0.0 ], [ 117.1508856, -0.3939318, 0.0 ], [ 117.1508802, -0.3942081, 0.0 ], [ 117.1508536, -0.3943953, 0.0 ], [ 117.1507953, -0.3947189, 0.0 ], [ 117.1507084, -0.3953066, 0.0 ], [ 117.1506585, -0.3956516, 0.0 ], [ 117.150649, -0.3959752, 0.0 ], [ 117.1507058, -0.3964727, 0.0 ], [ 117.1507089, -0.3966471, 0.0 ], [ 117.1507242, -0.3968688, 0.0 ], [ 117.1507406, -0.3970543, 0.0 ], [ 117.1507644, -0.3973458, 0.0 ], [ 117.1508492, -0.3978267, 0.0 ], [ 117.1508096, -0.3981096, 0.0 ], [ 117.1506942, -0.3985665, 0.0 ], [ 117.150669, -0.3986659, 0.0 ], [ 117.1506611, -0.3987128, 0.0 ], [ 117.1506073, -0.3990007, 0.0 ], [ 117.1505764, -0.3994433, 0.0 ], [ 117.1505486, -0.3996905, 0.0 ], [ 117.1504771, -0.3999096, 0.0 ], [ 117.1502895, -0.4004709, 0.0 ], [ 117.1502667, -0.400561, 0.0 ], [ 117.1501916, -0.4008249, 0.0 ], [ 117.1501917, -0.4008713, 0.0 ], [ 117.1501828, -0.4016297, 0.0 ], [ 117.1501679, -0.4022424, 0.0 ], [ 117.1500965, -0.4029711, 0.0 ], [ 117.1500943, -0.4030221, 0.0 ], [ 117.1500869, -0.4030684, 0.0 ], [ 117.1500742, -0.4031177, 0.0 ], [ 117.1499156, -0.4034504, 0.0 ], [ 117.1498943, -0.4034857, 0.0 ], [ 117.1496623, -0.4040092, 0.0 ], [ 117.1496086, -0.4041581, 0.0 ], [ 117.1494273, -0.4046219, 0.0 ], [ 117.1493878, -0.4046914, 0.0 ], [ 117.1491834, -0.4049907, 0.0 ], [ 117.1491031, -0.4052495, 0.0 ], [ 117.1490706, -0.4052825, 0.0 ], [ 117.1490504, -0.4061662, 0.0 ], [ 117.1489297, -0.4069376, 0.0 ], [ 117.1487759, -0.4074505, 0.0 ], [ 117.1485945, -0.4079799, 0.0 ], [ 117.1485292, -0.4080848, 0.0 ], [ 117.1484824, -0.4081739, 0.0 ], [ 117.1483079, -0.4084012, 0.0 ], [ 117.1481246, -0.4085748, 0.0 ], [ 117.147948, -0.4087422, 0.0 ], [ 117.1477379, -0.4088306, 0.0 ], [ 117.1474348, -0.4089427, 0.0 ], [ 117.1473834, -0.4089588, 0.0 ], [ 117.1471664, -0.4090209, 0.0 ], [ 117.1463918, -0.4091724, 0.0 ], [ 117.1461408, -0.4092718, 0.0 ], [ 117.1460839, -0.4093121, 0.0 ], [ 117.1460368, -0.4093596, 0.0 ], [ 117.1459948, -0.4094172, 0.0 ], [ 117.1459617, -0.4094805, 0.0 ], [ 117.1459377, -0.4095524, 0.0 ], [ 117.1459268, -0.4096342, 0.0 ], [ 117.1459176, -0.4097169, 0.0 ], [ 117.1459563, -0.4105259, 0.0 ], [ 117.1459637, -0.4105525, 0.0 ], [ 117.1459931, -0.4106315, 0.0 ], [ 117.1461108, -0.4109389, 0.0 ], [ 117.1461288, -0.4109632, 0.0 ], [ 117.1462269, -0.4111178, 0.0 ], [ 117.1463642, -0.4113876, 0.0 ], [ 117.146453, -0.4116026, 0.0 ], [ 117.1464857, -0.4117217, 0.0 ], [ 117.1465284, -0.4118836, 0.0 ], [ 117.1466434, -0.4121826, 0.0 ], [ 117.1467534, -0.4125931, 0.0 ], [ 117.1467831, -0.4129351, 0.0 ], [ 117.1467802, -0.4132147, 0.0 ], [ 117.1467823, -0.4133132, 0.0 ], [ 117.1467118, -0.4136014, 0.0 ], [ 117.1466796, -0.4137295, 0.0 ], [ 117.1465393, -0.4141903, 0.0 ], [ 117.1464701, -0.414346, 0.0 ], [ 117.1464305, -0.4144225, 0.0 ], [ 117.1463694, -0.4145143, 0.0 ], [ 117.1461645, -0.4148357, 0.0 ], [ 117.1461409, -0.4148944, 0.0 ], [ 117.1461089, -0.4150123, 0.0 ], [ 117.1461104, -0.415073, 0.0 ], [ 117.1461183, -0.4151284, 0.0 ], [ 117.1461631, -0.4152569, 0.0 ], [ 117.1463013, -0.4155853, 0.0 ], [ 117.146341, -0.4157303, 0.0 ], [ 117.1463454, -0.4157772, 0.0 ], [ 117.1464083, -0.4160758, 0.0 ], [ 117.1464375, -0.4161375, 0.0 ], [ 117.1464736, -0.4161939, 0.0 ], [ 117.1465119, -0.4162421, 0.0 ], [ 117.1465542, -0.4163108, 0.0 ], [ 117.1466336, -0.4164394, 0.0 ], [ 117.1467489, -0.4166212, 0.0 ], [ 117.1467973, -0.4167059, 0.0 ], [ 117.1468944, -0.41694, 0.0 ], [ 117.1469172, -0.417157, 0.0 ], [ 117.1468963, -0.4173512, 0.0 ], [ 117.1468373, -0.4175073, 0.0 ], [ 117.1467554, -0.4177224, 0.0 ], [ 117.1467212, -0.4179299, 0.0 ], [ 117.1466926, -0.4182306, 0.0 ], [ 117.1466507, -0.4185828, 0.0 ], [ 117.1466108, -0.4187769, 0.0 ], [ 117.1465536, -0.4189844, 0.0 ], [ 117.1464756, -0.419447, 0.0 ], [ 117.1464788, -0.4195286, 0.0 ], [ 117.1464974, -0.4196663, 0.0 ], [ 117.1465188, -0.4197982, 0.0 ], [ 117.1465397, -0.4198385, 0.0 ], [ 117.1465661, -0.4198776, 0.0 ], [ 117.1465974, -0.4199173, 0.0 ], [ 117.1466365, -0.4199599, 0.0 ], [ 117.1466907, -0.4200258, 0.0 ], [ 117.1467421, -0.4200885, 0.0 ], [ 117.146784, -0.4201513, 0.0 ], [ 117.1468236, -0.4201991, 0.0 ], [ 117.1468745, -0.4202784, 0.0 ], [ 117.1469287, -0.4203645, 0.0 ], [ 117.1470429, -0.4205815, 0.0 ], [ 117.1470792, -0.4206814, 0.0 ], [ 117.1470953, -0.4207834, 0.0 ], [ 117.1471057, -0.4208829, 0.0 ], [ 117.1471074, -0.4209767, 0.0 ], [ 117.1471054, -0.4210643, 0.0 ], [ 117.1470409, -0.4216773, 0.0 ], [ 117.1470448, -0.4217789, 0.0 ], [ 117.1470606, -0.4218676, 0.0 ], [ 117.1470969, -0.4219587, 0.0 ], [ 117.1471514, -0.4220438, 0.0 ], [ 117.1472165, -0.4221237, 0.0 ], [ 117.1472785, -0.4221992, 0.0 ], [ 117.147326, -0.4222705, 0.0 ], [ 117.1473583, -0.4223468, 0.0 ], [ 117.1473684, -0.4224299, 0.0 ], [ 117.1473665, -0.4225517, 0.0 ], [ 117.1473686, -0.4226422, 0.0 ], [ 117.1473531, -0.4227383, 0.0 ], [ 117.1473382, -0.4228573, 0.0 ], [ 117.1472884, -0.4229458, 0.0 ], [ 117.1472637, -0.4230486, 0.0 ], [ 117.1472294, -0.4231799, 0.0 ], [ 117.1472091, -0.4233045, 0.0 ], [ 117.1471991, -0.4234968, 0.0 ], [ 117.147208, -0.4237327, 0.0 ], [ 117.1472401, -0.4238075, 0.0 ], [ 117.1472888, -0.4238793, 0.0 ], [ 117.1473391, -0.4239353, 0.0 ], [ 117.1473994, -0.4239882, 0.0 ], [ 117.1474559, -0.4240365, 0.0 ], [ 117.1476215, -0.424204, 0.0 ], [ 117.1476547, -0.4242596, 0.0 ], [ 117.1476848, -0.424321, 0.0 ], [ 117.147711, -0.4243872, 0.0 ], [ 117.1477364, -0.4244572, 0.0 ], [ 117.1477757, -0.4245923, 0.0 ], [ 117.1477837, -0.4247617, 0.0 ], [ 117.1477393, -0.4250193, 0.0 ], [ 117.1476498, -0.4253701, 0.0 ], [ 117.1475771, -0.4256042, 0.0 ], [ 117.1475222, -0.4259532, 0.0 ], [ 117.1474904, -0.426113, 0.0 ], [ 117.1474888, -0.4261928, 0.0 ], [ 117.1475021, -0.4264058, 0.0 ], [ 117.1475127, -0.4264583, 0.0 ], [ 117.1475798, -0.4266297, 0.0 ], [ 117.1475958, -0.4266613, 0.0 ], [ 117.1476795, -0.426845, 0.0 ], [ 117.1477147, -0.4269017, 0.0 ], [ 117.1478535, -0.4271257, 0.0 ], [ 117.1479773, -0.4273303, 0.0 ], [ 117.1479954, -0.4273701, 0.0 ], [ 117.1480161, -0.4274101, 0.0 ], [ 117.1480339, -0.4274646, 0.0 ], [ 117.1480546, -0.4278746, 0.0 ], [ 117.1479356, -0.4286836, 0.0 ], [ 117.1477423, -0.4291773, 0.0 ], [ 117.1476174, -0.4294093, 0.0 ], [ 117.1475222, -0.429564, 0.0 ], [ 117.1473892, -0.429686, 0.0 ], [ 117.1471999, -0.4299907, 0.0 ], [ 117.1470364, -0.4310607, 0.0 ], [ 117.146964, -0.4315709, 0.0 ], [ 117.1468713, -0.4319581, 0.0 ], [ 117.1466427, -0.4327031, 0.0 ], [ 117.1466271, -0.4328558, 0.0 ], [ 117.1466803, -0.4330406, 0.0 ], [ 117.1469716, -0.4332098, 0.0 ], [ 117.1475008, -0.4335296, 0.0 ], [ 117.1477643, -0.433696, 0.0 ], [ 117.1478168, -0.4337371, 0.0 ], [ 117.1478687, -0.4337834, 0.0 ], [ 117.1479618, -0.4338885, 0.0 ], [ 117.1480281, -0.433996, 0.0 ], [ 117.1480604, -0.4340671, 0.0 ], [ 117.1481056, -0.4341843, 0.0 ], [ 117.1481271, -0.4342587, 0.0 ], [ 117.1482261, -0.4346375, 0.0 ], [ 117.1483308, -0.4350258, 0.0 ], [ 117.1484542, -0.4354016, 0.0 ] ] } },
{ "type": "Feature", "properties": { "OBJECTID": 0, "Kl_Dat_Das": "Jalan Non Tol", "Nm_Ruas": "JANJU - SIMP. 3 JONE - PONDONG BARU", "Thn_Data": 2023, "Status": "Jalan Provinsi", "Fungsi": "Jalan Kolektor Primer 2", "Mendukung": null, "Ura_Dukung": null, "Kd_Bd_PU": "2", "Kd_Jns_Inf": "1", "Kd_Inf": "34 056", "Propinsi": "Kalimantan Timur", "Kab_Kot": "Paser", "Kecamatan": "Tanah Grogot", "Desa_Kel": "JANJU / JONE / PADANG PENGRAPAT / PONDONG BARU", "Tk_Ruas_Aw": "-1.860058, 116.174194", "Tk_Ruas_Ak": "-1.807435, 116.250767", "Kd_Patok": null, "Km_Awal": 0.0, "Km_Akhir": 14.439429501, "Nm_Lintas": null, "Kon_Baik": 0.0, "Kon_Sdg": 0.0, "Kon_Rgn": 0.0, "Kon_Rusak": 0.0, "Kon_Mntp": 0.0, "Kon_T_Mntp": 0.0, "Panjang": 14.45, "Lbr_Keras": 0.0, "LHRT": 0.0, "VCR": 0.0, "Tipe_Jln": 0, "MST": 0.0, "Tanah_Kri": 0.0, "Macadam": 0.0, "Aspal": 0.0, "Rigid": 0.0, "Thn_Pen_Ak": 0, "Jns_Pen": null, "Koord_X_Aw": 116.173832076, "Koord_Y_Aw": -1.860226938, "Koord_X_Ak": 116.250800974, "Koord_Y_Ak": -1.807396617, "Shape_Leng": 0.0, "Status_J_1": "Sudah Terbangun", "Keterangan": null, "Masuk": "YES", "panjangjal": 14.439429501 }, "geometry": { "type": "LineString", "coordinates": [ [ 116.1741947, -1.8600587, 0.0 ], [ 116.1746009, -1.8599279, 0.0 ], [ 116.1762874, -1.8593479, 0.0 ], [ 116.1765342, -1.8592467, 0.0 ], [ 116.1767008, -1.8591516, 0.0 ], [ 116.1768064, -1.8590764, 0.0 ], [ 116.1770563, -1.8588986, 0.0 ], [ 116.1772095, -1.8587685, 0.0 ], [ 116.1773625, -1.8586441, 0.0 ], [ 116.1775408, -1.8585115, 0.0 ], [ 116.1776359, -1.8584468, 0.0 ], [ 116.1777484, -1.8584061, 0.0 ], [ 116.1778434, -1.8583801, 0.0 ], [ 116.1779348, -1.8583687, 0.0 ], [ 116.1780642, -1.8583744, 0.0 ], [ 116.1781803, -1.8583858, 0.0 ], [ 116.1782774, -1.8584106, 0.0 ], [ 116.1783878, -1.8584506, 0.0 ], [ 116.1787305, -1.85858, 0.0 ], [ 116.1789227, -1.8586638, 0.0 ], [ 116.1790598, -1.8587494, 0.0 ], [ 116.1793892, -1.8589744, 0.0 ], [ 116.1800766, -1.8595649, 0.0 ], [ 116.1801853, -1.8596342, 0.0 ], [ 116.1807165, -1.8599339, 0.0 ], [ 116.1815572, -1.860509, 0.0 ], [ 116.1817069, -1.8605704, 0.0 ], [ 116.1818943, -1.8605942, 0.0 ], [ 116.1822542, -1.8606269, 0.0 ], [ 116.1828491, -1.8606478, 0.0 ], [ 116.1833211, -1.8606754, 0.0 ], [ 116.1837494, -1.8607191, 0.0 ], [ 116.1841015, -1.8608067, 0.0 ], [ 116.1842519, -1.8608067, 0.0 ], [ 116.1844746, -1.8607363, 0.0 ], [ 116.1849315, -1.8605764, 0.0 ], [ 116.185198, -1.8604526, 0.0 ], [ 116.1853103, -1.8603955, 0.0 ], [ 116.1855165, -1.8602555, 0.0 ], [ 116.1858131, -1.8600262, 0.0 ], [ 116.1862833, -1.8597017, 0.0 ], [ 116.1863633, -1.8596589, 0.0 ], [ 116.1864614, -1.8596297, 0.0 ], [ 116.1865765, -1.8596084, 0.0 ], [ 116.1867211, -1.8595894, 0.0 ], [ 116.1868411, -1.8595846, 0.0 ], [ 116.1871726, -1.8596003, 0.0 ], [ 116.1875213, -1.859624, 0.0 ], [ 116.1879186, -1.8596511, 0.0 ], [ 116.1880863, -1.8596625, 0.0 ], [ 116.1883197, -1.8596863, 0.0 ], [ 116.1885717, -1.8596955, 0.0 ], [ 116.1886837, -1.8596958, 0.0 ], [ 116.1889395, -1.8596839, 0.0 ], [ 116.1892144, -1.8596613, 0.0 ], [ 116.1897509, -1.8596066, 0.0 ], [ 116.1901828, -1.8595518, 0.0 ], [ 116.1905611, -1.8595066, 0.0 ], [ 116.1909347, -1.8594888, 0.0 ], [ 116.1911156, -1.8594805, 0.0 ], [ 116.1914058, -1.8594567, 0.0 ], [ 116.1916663, -1.8594272, 0.0 ], [ 116.1918896, -1.8594107, 0.0 ], [ 116.1920562, -1.8594069, 0.0 ], [ 116.1922636, -1.859405, 0.0 ], [ 116.1924454, -1.859406, 0.0 ], [ 116.1926233, -1.8594162, 0.0 ], [ 116.1927348, -1.8594412, 0.0 ], [ 116.1928274, -1.8594684, 0.0 ], [ 116.1929185, -1.8595097, 0.0 ], [ 116.1930003, -1.8595554, 0.0 ], [ 116.1930784, -1.8596068, 0.0 ], [ 116.1931498, -1.8596639, 0.0 ], [ 116.1932183, -1.8597239, 0.0 ], [ 116.1932838, -1.8598224, 0.0 ], [ 116.1933239, -1.8599219, 0.0 ], [ 116.1933506, -1.8600113, 0.0 ], [ 116.1933696, -1.8601236, 0.0 ], [ 116.1933782, -1.8602141, 0.0 ], [ 116.1933635, -1.8603263, 0.0 ], [ 116.19334, -1.8605052, 0.0 ], [ 116.1933049, -1.86067, 0.0 ], [ 116.193283, -1.8607604, 0.0 ], [ 116.193284, -1.8608594, 0.0 ], [ 116.1932944, -1.8609412, 0.0 ], [ 116.1933306, -1.8610316, 0.0 ], [ 116.1934023, -1.8611989, 0.0 ], [ 116.1934715, -1.8613238, 0.0 ], [ 116.1935422, -1.8614644, 0.0 ], [ 116.1935679, -1.8615372, 0.0 ], [ 116.1935864, -1.8616143, 0.0 ], [ 116.1935903, -1.8617071, 0.0 ], [ 116.1935869, -1.861792, 0.0 ], [ 116.1935427, -1.8620667, 0.0 ], [ 116.1934309, -1.8625192, 0.0 ], [ 116.1932406, -1.8636921, 0.0 ], [ 116.1932516, -1.8638779, 0.0 ], [ 116.1932863, -1.8640288, 0.0 ], [ 116.193351, -1.8641487, 0.0 ], [ 116.1934443, -1.8642819, 0.0 ], [ 116.1935585, -1.8644228, 0.0 ], [ 116.1937279, -1.864577, 0.0 ], [ 116.1939468, -1.8646912, 0.0 ], [ 116.1940933, -1.8647712, 0.0 ], [ 116.1942019, -1.8648321, 0.0 ], [ 116.1943066, -1.8649006, 0.0 ], [ 116.1944284, -1.8650015, 0.0 ], [ 116.1945693, -1.8651252, 0.0 ], [ 116.1946987, -1.8652166, 0.0 ], [ 116.1948015, -1.8652528, 0.0 ], [ 116.19499, -1.8652889, 0.0 ], [ 116.1951575, -1.865308, 0.0 ], [ 116.1953973, -1.8653003, 0.0 ], [ 116.1955705, -1.8652832, 0.0 ], [ 116.1957609, -1.8652547, 0.0 ], [ 116.1959783, -1.8652131, 0.0 ], [ 116.1962304, -1.8651635, 0.0 ], [ 116.1965052, -1.8650948, 0.0 ], [ 116.1966147, -1.8650755, 0.0 ], [ 116.1967051, -1.8650757, 0.0 ], [ 116.1967662, -1.8650889, 0.0 ], [ 116.1968155, -1.8651062, 0.0 ], [ 116.196899, -1.8651469, 0.0 ], [ 116.1969965, -1.8652195, 0.0 ], [ 116.1972642, -1.8654586, 0.0 ], [ 116.1975366, -1.8657596, 0.0 ], [ 116.1976795, -1.8659368, 0.0 ], [ 116.1977699, -1.8660368, 0.0 ], [ 116.1978555, -1.8661213, 0.0 ], [ 116.197965, -1.8662224, 0.0 ], [ 116.198109, -1.8663271, 0.0 ], [ 116.1982993, -1.8664532, 0.0 ], [ 116.1985206, -1.8665948, 0.0 ], [ 116.1986743, -1.8667551, 0.0 ], [ 116.1987657, -1.866872, 0.0 ], [ 116.1988395, -1.8669695, 0.0 ], [ 116.1989239, -1.8670718, 0.0 ], [ 116.1989965, -1.8671563, 0.0 ], [ 116.1991, -1.8672491, 0.0 ], [ 116.1992321, -1.8673574, 0.0 ], [ 116.1993487, -1.86743, 0.0 ], [ 116.1994605, -1.8674799, 0.0 ], [ 116.1995818, -1.8675216, 0.0 ], [ 116.1997496, -1.8675584, 0.0 ], [ 116.1998748, -1.8675792, 0.0 ], [ 116.1999959, -1.8676037, 0.0 ], [ 116.2001267, -1.8676441, 0.0 ], [ 116.2003004, -1.8677, 0.0 ], [ 116.2004896, -1.8677916, 0.0 ], [ 116.2010535, -1.8681236, 0.0 ], [ 116.2015187, -1.868402, 0.0 ], [ 116.2019446, -1.8686946, 0.0 ], [ 116.2022992, -1.8689576, 0.0 ], [ 116.2025455, -1.8691051, 0.0 ], [ 116.2027739, -1.8692146, 0.0 ], [ 116.2028869, -1.8692395, 0.0 ], [ 116.203152, -1.8692712, 0.0 ], [ 116.2033093, -1.8692907, 0.0 ], [ 116.2035045, -1.8693593, 0.0 ], [ 116.2036543, -1.8694132, 0.0 ], [ 116.2037852, -1.8694608, 0.0 ], [ 116.2039315, -1.8695144, 0.0 ], [ 116.2040443, -1.869527, 0.0 ], [ 116.204154, -1.8695394, 0.0 ], [ 116.2043872, -1.8695453, 0.0 ], [ 116.2048131, -1.8695643, 0.0 ], [ 116.2050998, -1.8695703, 0.0 ], [ 116.2056943, -1.8695783, 0.0 ], [ 116.205786, -1.8695817, 0.0 ], [ 116.2058696, -1.8696012, 0.0 ], [ 116.2059511, -1.8696302, 0.0 ], [ 116.2061104, -1.8697469, 0.0 ], [ 116.2064133, -1.8699986, 0.0 ], [ 116.2068915, -1.8703436, 0.0 ], [ 116.2072461, -1.8706006, 0.0 ], [ 116.2073365, -1.8706755, 0.0 ], [ 116.2076054, -1.8709837, 0.0 ], [ 116.207785, -1.8711978, 0.0 ], [ 116.20791, -1.8713299, 0.0 ], [ 116.2080113, -1.8714297, 0.0 ], [ 116.2080492, -1.8714688, 0.0 ], [ 116.2080808, -1.8715014, 0.0 ], [ 116.2081293, -1.8715135, 0.0 ], [ 116.208162, -1.8715079, 0.0 ], [ 116.2081929, -1.8714628, 0.0 ], [ 116.2082057, -1.8714193, 0.0 ], [ 116.20821, -1.8713736, 0.0 ], [ 116.2082543, -1.8711388, 0.0 ], [ 116.2082936, -1.8709641, 0.0 ], [ 116.2085299, -1.8704337, 0.0 ], [ 116.2087506, -1.8699727, 0.0 ], [ 116.2088943, -1.8695641, 0.0 ], [ 116.2091361, -1.8689067, 0.0 ], [ 116.2094632, -1.867833, 0.0 ], [ 116.2099991, -1.8659932, 0.0 ], [ 116.2104449, -1.8645524, 0.0 ], [ 116.2107339, -1.8634827, 0.0 ], [ 116.2109921, -1.8627838, 0.0 ], [ 116.2115765, -1.8608952, 0.0 ], [ 116.2117006, -1.8602288, 0.0 ], [ 116.2116827, -1.8598332, 0.0 ], [ 116.211976, -1.8577343, 0.0 ], [ 116.2123532, -1.8555854, 0.0 ], [ 116.21241, -1.8554267, 0.0 ], [ 116.2124562, -1.8553559, 0.0 ], [ 116.2130328, -1.8545186, 0.0 ], [ 116.2134855, -1.8538563, 0.0 ], [ 116.2138853, -1.853131, 0.0 ], [ 116.2140794, -1.8528188, 0.0 ], [ 116.2142273, -1.8526422, 0.0 ], [ 116.2143538, -1.852491, 0.0 ], [ 116.2144449, -1.8524286, 0.0 ], [ 116.2145107, -1.8523835, 0.0 ], [ 116.214553, -1.8523546, 0.0 ], [ 116.2146681, -1.8522884, 0.0 ], [ 116.2151002, -1.8520038, 0.0 ], [ 116.2156089, -1.8516313, 0.0 ], [ 116.217387, -1.8504135, 0.0 ], [ 116.2177643, -1.8501975, 0.0 ], [ 116.2183139, -1.8499477, 0.0 ], [ 116.2196582, -1.8494236, 0.0 ], [ 116.2201735, -1.8492446, 0.0 ], [ 116.220509, -1.8490804, 0.0 ], [ 116.221145, -1.8486925, 0.0 ], [ 116.2218647, -1.8482537, 0.0 ], [ 116.2221765, -1.848094, 0.0 ], [ 116.2225931, -1.8479086, 0.0 ], [ 116.2231054, -1.8477419, 0.0 ], [ 116.2233834, -1.8477104, 0.0 ], [ 116.2236169, -1.8477024, 0.0 ], [ 116.2238021, -1.847759, 0.0 ], [ 116.2239682, -1.8478011, 0.0 ], [ 116.2241391, -1.847898, 0.0 ], [ 116.2244379, -1.8480407, 0.0 ], [ 116.2246454, -1.8481378, 0.0 ], [ 116.2248129, -1.848214, 0.0 ], [ 116.2249614, -1.8482539, 0.0 ], [ 116.225108, -1.8482863, 0.0 ], [ 116.2252584, -1.8482692, 0.0 ], [ 116.2253402, -1.8482368, 0.0 ], [ 116.2254278, -1.8481835, 0.0 ], [ 116.2255534, -1.8481055, 0.0 ], [ 116.2258671, -1.8476382, 0.0 ], [ 116.2261264, -1.8471775, 0.0 ], [ 116.226193, -1.8470357, 0.0 ], [ 116.226311, -1.8468681, 0.0 ], [ 116.2264291, -1.8467273, 0.0 ], [ 116.2266178, -1.8465576, 0.0 ], [ 116.2267802, -1.8464604, 0.0 ], [ 116.2270553, -1.8462685, 0.0 ], [ 116.2273301, -1.8461312, 0.0 ], [ 116.2277273, -1.8459297, 0.0 ], [ 116.22795, -1.8457964, 0.0 ], [ 116.2282565, -1.8455585, 0.0 ], [ 116.2286334, -1.8452025, 0.0 ], [ 116.2289376, -1.8448729, 0.0 ], [ 116.229214, -1.8445629, 0.0 ], [ 116.2294462, -1.8443059, 0.0 ], [ 116.229629, -1.8441479, 0.0 ], [ 116.2298799, -1.8439651, 0.0 ], [ 116.2299849, -1.8439062, 0.0 ], [ 116.230162, -1.8438434, 0.0 ], [ 116.2306774, -1.8436981, 0.0 ], [ 116.2309965, -1.8436291, 0.0 ], [ 116.2315154, -1.8435007, 0.0 ], [ 116.2321036, -1.8433199, 0.0 ], [ 116.2323929, -1.8432076, 0.0 ], [ 116.2326347, -1.8430953, 0.0 ], [ 116.2327756, -1.8430001, 0.0 ], [ 116.2328784, -1.8429182, 0.0 ], [ 116.2329453, -1.8428426, 0.0 ], [ 116.2330341, -1.842742, 0.0 ], [ 116.2331391, -1.8426441, 0.0 ], [ 116.2332343, -1.8424138, 0.0 ], [ 116.233554, -1.8414555, 0.0 ], [ 116.2338397, -1.840594, 0.0 ], [ 116.2339653, -1.8402609, 0.0 ], [ 116.2340624, -1.8400419, 0.0 ], [ 116.2341671, -1.8398402, 0.0 ], [ 116.2343001, -1.8396092, 0.0 ], [ 116.2345897, -1.8391891, 0.0 ], [ 116.2348238, -1.8388979, 0.0 ], [ 116.235073, -1.8386199, 0.0 ], [ 116.2353606, -1.8383135, 0.0 ], [ 116.2355977, -1.8379484, 0.0 ], [ 116.2358898, -1.8375292, 0.0 ], [ 116.2363029, -1.836941, 0.0 ], [ 116.2366874, -1.8362862, 0.0 ], [ 116.2367678, -1.8360902, 0.0 ], [ 116.2369577, -1.8354315, 0.0 ], [ 116.2371386, -1.8346406, 0.0 ], [ 116.2374759, -1.8333221, 0.0 ], [ 116.2375478, -1.8325761, 0.0 ], [ 116.2375935, -1.8321612, 0.0 ], [ 116.2376297, -1.8318642, 0.0 ], [ 116.2378619, -1.8309372, 0.0 ], [ 116.2379361, -1.8306973, 0.0 ], [ 116.2379886, -1.8299004, 0.0 ], [ 116.2380104, -1.82946, 0.0 ], [ 116.2380599, -1.8291821, 0.0 ], [ 116.2381151, -1.8288966, 0.0 ], [ 116.2382293, -1.8285901, 0.0 ], [ 116.2384596, -1.8280342, 0.0 ], [ 116.2386209, -1.8277231, 0.0 ], [ 116.2388213, -1.8273337, 0.0 ], [ 116.2388575, -1.8272138, 0.0 ], [ 116.2388706, -1.8271209, 0.0 ], [ 116.2388936, -1.8269987, 0.0 ], [ 116.2388841, -1.8267036, 0.0 ], [ 116.2387908, -1.8262791, 0.0 ], [ 116.2387147, -1.8255291, 0.0 ], [ 116.2386934, -1.8249732, 0.0 ], [ 116.2385948, -1.8242423, 0.0 ], [ 116.2385396, -1.8237569, 0.0 ], [ 116.2385624, -1.8234447, 0.0 ], [ 116.2386595, -1.823321, 0.0 ], [ 116.2387604, -1.8232182, 0.0 ], [ 116.239004, -1.8229974, 0.0 ], [ 116.2392686, -1.8228223, 0.0 ], [ 116.2394285, -1.8226738, 0.0 ], [ 116.2394818, -1.8224396, 0.0 ], [ 116.239465, -1.822179, 0.0 ], [ 116.2393867, -1.8212461, 0.0 ], [ 116.2394362, -1.8208464, 0.0 ], [ 116.2395195, -1.8203852, 0.0 ], [ 116.2396037, -1.8201211, 0.0 ], [ 116.2395161, -1.8197575, 0.0 ], [ 116.2392572, -1.8186891, 0.0 ], [ 116.2388277, -1.8170572, 0.0 ], [ 116.238184, -1.8152119, 0.0 ], [ 116.2380951, -1.8149255, 0.0 ], [ 116.2380646, -1.8147142, 0.0 ], [ 116.2380837, -1.8145543, 0.0 ], [ 116.2381408, -1.8144439, 0.0 ], [ 116.2388921, -1.8134738, 0.0 ], [ 116.2390602, -1.813298, 0.0 ], [ 116.2392836, -1.8131334, 0.0 ], [ 116.2396202, -1.8128854, 0.0 ], [ 116.2399864, -1.8126155, 0.0 ], [ 116.2401719, -1.8124642, 0.0 ], [ 116.2406226, -1.8120032, 0.0 ], [ 116.2409885, -1.8116114, 0.0 ], [ 116.241236, -1.811343, 0.0 ], [ 116.2414263, -1.8111546, 0.0 ], [ 116.241703, -1.8109632, 0.0 ], [ 116.2422867, -1.810673, 0.0 ], [ 116.2456513, -1.8088389, 0.0 ], [ 116.2464689, -1.8084268, 0.0 ], [ 116.2477614, -1.8078709, 0.0 ], [ 116.2483572, -1.8076539, 0.0 ], [ 116.2488978, -1.8075035, 0.0 ], [ 116.2493166, -1.807395, 0.0 ], [ 116.2496589, -1.8073388, 0.0 ], [ 116.2498247, -1.8073472, 0.0 ], [ 116.2501942, -1.8073931, 0.0 ], [ 116.2507671, -1.807435, 0.0 ] ] } },
{ "type": "Feature", "properties": { "OBJECTID": 0, "Kl_Dat_Das": "Jalan Non Tol", "Nm_Ruas": "JL. MULAWARMAN (BTS. KUKAR - SIMP. 3 TOL BALSAM)", "Thn_Data": 2023, "Status": "Jalan Provinsi", "Fungsi": "Jalan Kolektor Primer 2", "Mendukung": null, "Ura_Dukung": null, "Kd_Bd_PU": "2", "Kd_Jns_Inf": "1", "Kd_Inf": "34 051 K", "Propinsi": "Kalimantan Timur", "Kab_Kot": "Balikpapan", "Kecamatan": "Samboja / Balikpapan Timur / Balikpapan Selatan", "Desa_Kel": "SALOK API DARAT / TERITIP / LEMARU / MANGGAR BARU / MANGGAR / SEPINGGAN", "Tk_Ruas_Aw": "-1.127375, 116.993398", "Tk_Ruas_Ak": "-1.229438, 116.959201", "Kd_Patok": null, "Km_Awal": 0.0, "Km_Akhir": 13.762431120700001, "Nm_Lintas": null, "Kon_Baik": 0.0, "Kon_Sdg": 0.0, "Kon_Rgn": 0.0, "Kon_Rusak": 0.0, "Kon_Mntp": 0.0, "Kon_T_Mntp": 0.0, "Panjang": 21.1, "Lbr_Keras": 0.0, "LHRT": 0.0, "VCR": 0.0, "Tipe_Jln": 0, "MST": 8.0, "Tanah_Kri": 0.0, "Macadam": 0.0, "Aspal": 0.0, "Rigid": 0.0, "Thn_Pen_Ak": 0, "Jns_Pen": null, "Koord_X_Aw": 116.993398755, "Koord_Y_Aw": -1.127375912, "Koord_X_Ak": 116.904120011, "Koord_Y_Ak": -1.257782899, "Shape_Leng": 0.0, "Status_J_1": "Sudah Terbangun", "Keterangan": null, "Masuk": "YES", "panjangjal": 13.762431120700001 }, "geometry": { "type": "LineString", "coordinates": [ [ 116.9933988, -1.1273759, 0.0 ], [ 116.9948437, -1.1289498, 0.0 ], [ 116.9950553, -1.129983, 0.0 ], [ 116.9951886, -1.1305922, 0.0 ], [ 116.9952933, -1.1311442, 0.0 ], [ 116.9954075, -1.1316962, 0.0 ], [ 116.9957741, -1.1319417, 0.0 ], [ 116.9963402, -1.1322387, 0.0 ], [ 116.9965686, -1.1324973, 0.0 ], [ 116.9969256, -1.1332968, 0.0 ], [ 116.997173, -1.1337299, 0.0 ], [ 116.997311, -1.1339488, 0.0 ], [ 116.9975028, -1.1341381, 0.0 ], [ 116.997687, -1.1342581, 0.0 ], [ 116.9977917, -1.134477, 0.0 ], [ 116.9978215, -1.1346506, 0.0 ], [ 116.9978495, -1.134814, 0.0 ], [ 116.9978734, -1.1349536, 0.0 ], [ 116.9978583, -1.1352194, 0.0 ], [ 116.9982723, -1.136471, 0.0 ], [ 116.9990244, -1.138396, 0.0 ], [ 116.9992267, -1.139245, 0.0 ], [ 116.9993669, -1.1401687, 0.0 ], [ 116.9994621, -1.140992, 0.0 ], [ 116.9994229, -1.1412385, 0.0 ], [ 116.9993574, -1.1414631, 0.0 ], [ 116.9992159, -1.1425416, 0.0 ], [ 116.9991278, -1.1433631, 0.0 ], [ 116.9989015, -1.1445253, 0.0 ], [ 116.9986673, -1.1457723, 0.0 ], [ 116.9986128, -1.1463464, 0.0 ], [ 116.9986031, -1.1466396, 0.0 ], [ 116.9986566, -1.1468645, 0.0 ], [ 116.9987817, -1.1473133, 0.0 ], [ 116.9989892, -1.1483097, 0.0 ], [ 116.999105, -1.1488662, 0.0 ], [ 116.999267, -1.1492059, 0.0 ], [ 117.0007027, -1.1515061, 0.0 ], [ 117.0016827, -1.1529797, 0.0 ], [ 117.0019272, -1.1534199, 0.0 ], [ 117.0021485, -1.1537376, 0.0 ], [ 117.0023198, -1.1538589, 0.0 ], [ 117.0024862, -1.1539086, 0.0 ], [ 117.0029944, -1.153991, 0.0 ], [ 117.0036654, -1.1540588, 0.0 ], [ 117.0041956, -1.1541907, 0.0 ], [ 117.004547, -1.1543729, 0.0 ], [ 117.0048902, -1.1546624, 0.0 ], [ 117.0050522, -1.1548243, 0.0 ], [ 117.005236, -1.155008, 0.0 ], [ 117.0054321, -1.1552723, 0.0 ], [ 117.005662, -1.1555818, 0.0 ], [ 117.0058075, -1.1557778, 0.0 ], [ 117.0060318, -1.156161, 0.0 ], [ 117.0063603, -1.1568255, 0.0 ], [ 117.0064387, -1.1575459, 0.0 ], [ 117.006421, -1.1584454, 0.0 ], [ 117.0061995, -1.1589736, 0.0 ], [ 117.0058094, -1.1597369, 0.0 ], [ 117.0053679, -1.1606618, 0.0 ], [ 117.0048769, -1.1615619, 0.0 ], [ 117.004786, -1.1617234, 0.0 ], [ 117.0047263, -1.1618294, 0.0 ], [ 117.0045755, -1.1620038, 0.0 ], [ 117.0044149, -1.1622465, 0.0 ], [ 117.0043078, -1.1624857, 0.0 ], [ 117.0040131, -1.1637362, 0.0 ], [ 117.0035655, -1.1653785, 0.0 ], [ 117.0029886, -1.1680835, 0.0 ], [ 117.0028944, -1.1686288, 0.0 ], [ 117.001896, -1.1718298, 0.0 ], [ 117.0016693, -1.1725847, 0.0 ], [ 117.0014675, -1.1733632, 0.0 ], [ 117.001201, -1.1745492, 0.0 ], [ 116.9998189, -1.1809658, 0.0 ], [ 116.999437, -1.1826251, 0.0 ], [ 116.9993926, -1.1830553, 0.0 ], [ 116.9992792, -1.1833104, 0.0 ], [ 116.9967034, -1.1874472, 0.0 ], [ 116.9961647, -1.1882891, 0.0 ], [ 116.9957831, -1.1888856, 0.0 ], [ 116.995311, -1.1896235, 0.0 ], [ 116.9949861, -1.1902032, 0.0 ], [ 116.9946149, -1.1908064, 0.0 ], [ 116.9944615, -1.191074, 0.0 ], [ 116.9941947, -1.1913683, 0.0 ], [ 116.9915784, -1.1931339, 0.0 ], [ 116.9878426, -1.1955998, 0.0 ], [ 116.9870009, -1.1963139, 0.0 ], [ 116.9863659, -1.1968867, 0.0 ], [ 116.9856055, -1.1975628, 0.0 ], [ 116.9846599, -1.1986316, 0.0 ], [ 116.9823101, -1.2010132, 0.0 ], [ 116.9809834, -1.2024586, 0.0 ], [ 116.9794272, -1.2040217, 0.0 ], [ 116.9790189, -1.2044262, 0.0 ], [ 116.9786247, -1.2048167, 0.0 ], [ 116.9784737, -1.2050367, 0.0 ], [ 116.9783064, -1.2052804, 0.0 ], [ 116.9763278, -1.2081626, 0.0 ], [ 116.9758126, -1.2089132, 0.0 ], [ 116.9750911, -1.2100854, 0.0 ], [ 116.9736952, -1.2120932, 0.0 ], [ 116.9729552, -1.2132311, 0.0 ], [ 116.9727473, -1.2135507, 0.0 ], [ 116.9724788, -1.21408, 0.0 ], [ 116.9723367, -1.2144769, 0.0 ], [ 116.9718827, -1.2155191, 0.0 ], [ 116.9715726, -1.2159799, 0.0 ], [ 116.9712633, -1.2163308, 0.0 ], [ 116.9709085, -1.2166348, 0.0 ], [ 116.970418, -1.2171865, 0.0 ], [ 116.9686647, -1.219073, 0.0 ], [ 116.966388, -1.2215773, 0.0 ], [ 116.96553, -1.2224739, 0.0 ], [ 116.9646452, -1.2234442, 0.0 ], [ 116.9625984, -1.2256871, 0.0 ], [ 116.9597258, -1.2289345, 0.0 ], [ 116.9592019, -1.2294387, 0.0 ] ] } },
{ "type": "Feature", "properties": { "OBJECTID": 0, "Kl_Dat_Das": "Jalan Non Tol", "Nm_Ruas": "JL. SIMPANG PASIR (SAMARINDA)", "Thn_Data": 2023, "Status": "Jalan Provinsi", "Fungsi": "Jalan Kolektor Primer 3", "Mendukung": "Strategis", "Ura_Dukung": "Mendukung Akses Tol Balikpapan - Samarinda", "Kd_Bd_PU": "2", "Kd_Jns_Inf": "1", "Kd_Inf": "34 017", "Propinsi": "Kalimantan Timur", "Kab_Kot": null, "Kecamatan": null, "Desa_Kel": null, "Tk_Ruas_Aw": "-0.585110, 117.135378", "Tk_Ruas_Ak": "-0.548740, 117.156497", "Kd_Patok": null, "Km_Awal": 0.0, "Km_Akhir": 4.8689265023899999, "Nm_Lintas": null, "Kon_Baik": 0.0, "Kon_Sdg": 0.0, "Kon_Rgn": 0.0, "Kon_Rusak": 0.0, "Kon_Mntp": 0.0, "Kon_T_Mntp": 0.0, "Panjang": 8.0206221244000009, "Lbr_Keras": 0.0, "LHRT": 0.0, "VCR": 0.0, "Tipe_Jln": 0, "MST": 0.0, "Tanah_Kri": 0.0, "Macadam": 0.0, "Aspal": 0.0, "Rigid": 0.0, "Thn_Pen_Ak": 0, "Jns_Pen": null, "Koord_X_Aw": 0.0, "Koord_Y_Aw": 0.0, "Koord_X_Ak": 0.0, "Koord_Y_Ak": 0.0, "Shape_Leng": 0.0, "Status_J_1": "Sudah Terbangun", "Keterangan": null, "Masuk": "YES", "panjangjal": 4.8689265023899999 }, "geometry": { "type": "LineString", "coordinates": [ [ 117.1353788, -0.5851107, 0.0 ], [ 117.1359177, -0.5851673, 0.0 ], [ 117.1362305, -0.5851293, 0.0 ], [ 117.136488, -0.585022, 0.0 ], [ 117.1368742, -0.584743, 0.0 ], [ 117.1369815, -0.5845499, 0.0 ], [ 117.1371961, -0.583756, 0.0 ], [ 117.1373248, -0.5827689, 0.0 ], [ 117.1373322, -0.582747, 0.0 ], [ 117.1373463, -0.5827045, 0.0 ], [ 117.1375394, -0.5822968, 0.0 ], [ 117.1378183, -0.5815029, 0.0 ], [ 117.1379042, -0.5809665, 0.0 ], [ 117.13799, -0.5800652, 0.0 ], [ 117.1381402, -0.5789709, 0.0 ], [ 117.1386766, -0.5780268, 0.0 ], [ 117.1388483, -0.5775976, 0.0 ], [ 117.1396208, -0.5764389, 0.0 ], [ 117.1405435, -0.5747867, 0.0 ], [ 117.1408653, -0.5742073, 0.0 ], [ 117.141037, -0.5739498, 0.0 ], [ 117.1429467, -0.5721903, 0.0 ], [ 117.143054, -0.5718899, 0.0 ], [ 117.1430755, -0.5712676, 0.0 ], [ 117.1430111, -0.5706024, 0.0 ], [ 117.1428394, -0.5694866, 0.0 ], [ 117.1429253, -0.5692077, 0.0 ], [ 117.1430111, -0.5690575, 0.0 ], [ 117.1432686, -0.5687571, 0.0 ], [ 117.1433973, -0.5683279, 0.0 ], [ 117.1434402, -0.5682635, 0.0 ], [ 117.1438265, -0.568006, 0.0 ], [ 117.1445775, -0.567255, 0.0 ], [ 117.145071, -0.5665684, 0.0 ], [ 117.1460581, -0.565002, 0.0 ], [ 117.1465731, -0.5641866, 0.0 ], [ 117.1470666, -0.5633926, 0.0 ], [ 117.1480322, -0.5618262, 0.0 ], [ 117.1489763, -0.5602598, 0.0 ], [ 117.1497917, -0.5589294, 0.0 ], [ 117.1499848, -0.558629, 0.0 ], [ 117.1504784, -0.557878, 0.0 ], [ 117.150929, -0.5571055, 0.0 ], [ 117.1513152, -0.5562472, 0.0 ], [ 117.1515942, -0.5552602, 0.0 ], [ 117.1516371, -0.5551958, 0.0 ], [ 117.152431, -0.5531144, 0.0 ], [ 117.1529031, -0.5522132, 0.0 ], [ 117.1531177, -0.5519772, 0.0 ], [ 117.1535897, -0.5516124, 0.0 ], [ 117.1545982, -0.5509901, 0.0 ], [ 117.1548343, -0.5508399, 0.0 ], [ 117.1551991, -0.5504966, 0.0 ], [ 117.1554565, -0.5501747, 0.0 ], [ 117.1556711, -0.5498958, 0.0 ], [ 117.1556926, -0.5498528, 0.0 ], [ 117.1564972, -0.5487401, 0.0 ] ] } },
{ "type": "Feature", "properties": { "OBJECTID": 0, "Kl_Dat_Das": "Jalan Non Tol", "Nm_Ruas": "JL. NUSYIRWAN ISMAIL (RING ROAD II SAMARINDA) \r\n", "Thn_Data": 2023, "Status": "Jalan Provinsi", "Fungsi": "Jalan Kolektor Primer 3", "Mendukung": null, "Ura_Dukung": null, "Kd_Bd_PU": "2", "Kd_Jns_Inf": "1", "Kd_Inf": "34 027", "Propinsi": "Kalimantan Timur", "Kab_Kot": null, "Kecamatan": null, "Desa_Kel": null, "Tk_Ruas_Aw": "-0.494458, 117.084087", "Tk_Ruas_Ak": "-0.467703, 117.120725", "Kd_Patok": null, "Km_Awal": 0.0, "Km_Akhir": 7.6658248901799997, "Nm_Lintas": null, "Kon_Baik": 0.0, "Kon_Sdg": 0.0, "Kon_Rgn": 0.0, "Kon_Rusak": 0.0, "Kon_Mntp": 0.0, "Kon_T_Mntp": 0.0, "Panjang": 0.0, "Lbr_Keras": 0.0, "LHRT": 0.0, "VCR": 0.0, "Tipe_Jln": 0, "MST": 0.0, "Tanah_Kri": 0.0, "Macadam": 0.0, "Aspal": 0.0, "Rigid": 0.0, "Thn_Pen_Ak": 0, "Jns_Pen": null, "Koord_X_Aw": 0.0, "Koord_Y_Aw": 0.0, "Koord_X_Ak": 0.0, "Koord_Y_Ak": 0.0, "Shape_Leng": 7.67235279417, "Status_J_1": "Sudah Terbangun", "Keterangan": null, "Masuk": "YES", "panjangjal": 5.6298395959500001 }, "geometry": { "type": "LineString", "coordinates": [ [ 117.1207257, -0.467706, 0.0 ], [ 117.1204333, -0.4677596, 0.0 ], [ 117.1197162, -0.4676343, 0.0 ], [ 117.1184167, -0.4676709, 0.0 ], [ 117.1175981, -0.4676651, 0.0 ], [ 117.1172518, -0.4676441, 0.0 ], [ 117.1164715, -0.4675871, 0.0 ], [ 117.1163667, -0.4676017, 0.0 ], [ 117.1162674, -0.4676283, 0.0 ], [ 117.116173, -0.4676684, 0.0 ], [ 117.1160825, -0.4677216, 0.0 ], [ 117.1159936, -0.4677859, 0.0 ], [ 117.1159051, -0.4678576, 0.0 ], [ 117.114989, -0.4688988, 0.0 ], [ 117.1147083, -0.4692949, 0.0 ], [ 117.1143707, -0.4696551, 0.0 ], [ 117.1132035, -0.4709448, 0.0 ], [ 117.1124145, -0.4718904, 0.0 ], [ 117.1119686, -0.4721648, 0.0 ], [ 117.1117576, -0.4722895, 0.0 ], [ 117.1113881, -0.4725815, 0.0 ], [ 117.1112433, -0.4727646, 0.0 ], [ 117.1111265, -0.4729714, 0.0 ], [ 117.1107826, -0.4738395, 0.0 ], [ 117.1104482, -0.474573, 0.0 ], [ 117.1103798, -0.4746776, 0.0 ], [ 117.1099198, -0.4752267, 0.0 ], [ 117.1098312, -0.4753036, 0.0 ], [ 117.1097351, -0.4753717, 0.0 ], [ 117.1096341, -0.475431, 0.0 ], [ 117.1095295, -0.4754827, 0.0 ], [ 117.1094233, -0.4755277, 0.0 ], [ 117.1092067, -0.4755943, 0.0 ], [ 117.1090969, -0.4756106, 0.0 ], [ 117.1089861, -0.4756132, 0.0 ], [ 117.1088754, -0.4756017, 0.0 ], [ 117.1087649, -0.475577, 0.0 ], [ 117.1086538, -0.4755436, 0.0 ], [ 117.1069117, -0.4749719, 0.0 ], [ 117.1060041, -0.4747321, 0.0 ], [ 117.1055074, -0.4747515, 0.0 ], [ 117.1050262, -0.4748571, 0.0 ], [ 117.1038547, -0.4751076, 0.0 ], [ 117.1034676, -0.4752027, 0.0 ], [ 117.1030816, -0.4752937, 0.0 ], [ 117.1024715, -0.4754416, 0.0 ], [ 117.1022379, -0.4755278, 0.0 ], [ 117.1014752, -0.4761431, 0.0 ], [ 117.1007832, -0.4771393, 0.0 ], [ 117.1003913, -0.4781674, 0.0 ], [ 117.0997813, -0.4797811, 0.0 ], [ 117.099583, -0.4801039, 0.0 ], [ 117.0994996, -0.4802006, 0.0 ], [ 117.0994109, -0.4802911, 0.0 ], [ 117.0984755, -0.4813643, 0.0 ], [ 117.09822, -0.4818824, 0.0 ], [ 117.0981582, -0.4819816, 0.0 ], [ 117.098088, -0.4820775, 0.0 ], [ 117.0980111, -0.4821711, 0.0 ], [ 117.0979284, -0.4822638, 0.0 ], [ 117.0973251, -0.4828176, 0.0 ], [ 117.0969771, -0.4830931, 0.0 ], [ 117.0966109, -0.483357, 0.0 ], [ 117.0962317, -0.4835957, 0.0 ], [ 117.0957655, -0.4839084, 0.0 ], [ 117.095671, -0.4839919, 0.0 ], [ 117.0955875, -0.4840776, 0.0 ], [ 117.0953655, -0.4843267, 0.0 ], [ 117.0951334, -0.4845493, 0.0 ], [ 117.0948877, -0.4847588, 0.0 ], [ 117.0944422, -0.4850251, 0.0 ], [ 117.0941074, -0.48513, 0.0 ], [ 117.093782, -0.4851776, 0.0 ], [ 117.0937021, -0.4851871, 0.0 ], [ 117.0935426, -0.4852078, 0.0 ], [ 117.0930064, -0.4852997, 0.0 ], [ 117.0920057, -0.4857595, 0.0 ], [ 117.0917953, -0.4858449, 0.0 ], [ 117.0916812, -0.4858722, 0.0 ], [ 117.0915603, -0.48589, 0.0 ], [ 117.0914328, -0.4859015, 0.0 ], [ 117.0913001, -0.485908, 0.0 ], [ 117.0910204, -0.4859183, 0.0 ], [ 117.0905818, -0.4859573, 0.0 ], [ 117.090147, -0.4860143, 0.0 ], [ 117.0900061, -0.4860325, 0.0 ], [ 117.0893389, -0.4861765, 0.0 ], [ 117.0887272, -0.4864246, 0.0 ], [ 117.0886187, -0.4864885, 0.0 ], [ 117.0880707, -0.4869603, 0.0 ], [ 117.0873765, -0.4878403, 0.0 ], [ 117.0873314, -0.4879567, 0.0 ], [ 117.0872972, -0.4880761, 0.0 ], [ 117.0868629, -0.489437, 0.0 ], [ 117.0861743, -0.4902827, 0.0 ], [ 117.0859354, -0.4904707, 0.0 ], [ 117.0857899, -0.4906032, 0.0 ], [ 117.0857274, -0.4906783, 0.0 ], [ 117.0856723, -0.4907585, 0.0 ], [ 117.0856257, -0.490845, 0.0 ], [ 117.0855852, -0.4909362, 0.0 ], [ 117.0855503, -0.4910319, 0.0 ], [ 117.0855183, -0.4911334, 0.0 ], [ 117.0853873, -0.4914657, 0.0 ], [ 117.0851533, -0.4918139, 0.0 ], [ 117.0850077, -0.4919483, 0.0 ], [ 117.0849308, -0.4920064, 0.0 ], [ 117.0845617, -0.4922927, 0.0 ], [ 117.0844545, -0.4924392, 0.0 ], [ 117.0844304, -0.4924903, 0.0 ], [ 117.0844119, -0.4925381, 0.0 ], [ 117.0843617, -0.4927134, 0.0 ], [ 117.0843191, -0.4929482, 0.0 ], [ 117.0842884, -0.4935246, 0.0 ], [ 117.0842999, -0.4937453, 0.0 ], [ 117.0842758, -0.4938497, 0.0 ], [ 117.0842731, -0.4938617, 0.0 ], [ 117.0842023, -0.4940905, 0.0 ], [ 117.0840873, -0.4944588, 0.0 ] ] } },
{ "type": "Feature", "properties": { "OBJECTID": 0, "Kl_Dat_Das": "Jalan Non Tol", "Nm_Ruas": "JL. HARTATI (SAMARINDA)", "Thn_Data": 2023, "Status": "Jalan Provinsi", "Fungsi": "Jalan Kolektor Primer 3", "Mendukung": null, "Ura_Dukung": null, "Kd_Bd_PU": "2", "Kd_Jns_Inf": "1", "Kd_Inf": "34 013 K", "Propinsi": "Kalimantan Timur", "Kab_Kot": null, "Kecamatan": null, "Desa_Kel": null, "Tk_Ruas_Aw": "-0.547843, 117.082165", "Tk_Ruas_Ak": "-0.553283, 117.080370", "Kd_Patok": null, "Km_Awal": 0.0, "Km_Akhir": 0.698802619726, "Nm_Lintas": null, "Kon_Baik": 0.0, "Kon_Sdg": 0.0, "Kon_Rgn": 0.0, "Kon_Rusak": 0.0, "Kon_Mntp": 0.0, "Kon_T_Mntp": 0.0, "Panjang": 0.0, "Lbr_Keras": 0.0, "LHRT": 0.0, "VCR": 0.0, "Tipe_Jln": 0, "MST": 0.0, "Tanah_Kri": 0.0, "Macadam": 0.0, "Aspal": 0.0, "Rigid": 0.0, "Thn_Pen_Ak": 0, "Jns_Pen": null, "Koord_X_Aw": 0.0, "Koord_Y_Aw": 0.0, "Koord_X_Ak": 0.0, "Koord_Y_Ak": 0.0, "Shape_Leng": 2.3557565822200002, "Status_J_1": "Sudah Terbangun", "Keterangan": null, "Masuk": "YES", "panjangjal": 0.698802619726 }, "geometry": { "type": "LineString", "coordinates": [ [ 117.083378, -0.5443193, 0.0 ], [ 117.0833804, -0.5442748, 0.0 ], [ 117.0833804, -0.544006, 0.0 ], [ 117.0833735, -0.5437323, 0.0 ], [ 117.083383, -0.5435182, 0.0 ], [ 117.0833568, -0.5433349, 0.0 ], [ 117.0832878, -0.5432517, 0.0 ], [ 117.0831665, -0.5432231, 0.0 ], [ 117.0829856, -0.5431969, 0.0 ], [ 117.0827619, -0.5431708, 0.0 ], [ 117.0825359, -0.5431493, 0.0 ], [ 117.0823789, -0.543116, 0.0 ], [ 117.0822099, -0.5430756, 0.0 ], [ 117.0820576, -0.5430304, 0.0 ], [ 117.0819529, -0.5428947, 0.0 ], [ 117.0819149, -0.5427115, 0.0 ], [ 117.0819387, -0.5424593, 0.0 ], [ 117.081972, -0.542219, 0.0 ], [ 117.0819981, -0.5420191, 0.0 ], [ 117.0820243, -0.5418311, 0.0 ], [ 117.0820505, -0.5417098, 0.0 ], [ 117.0821266, -0.5414671, 0.0 ], [ 117.0821837, -0.5412815, 0.0 ], [ 117.0822218, -0.5411411, 0.0 ], [ 117.0822718, -0.5410007, 0.0 ], [ 117.0823643, -0.5407577, 0.0 ], [ 117.0824857, -0.5405364, 0.0 ], [ 117.0825975, -0.5404008, 0.0 ], [ 117.0827665, -0.5402152, 0.0 ], [ 117.0829568, -0.5399392, 0.0 ], [ 117.0831207, -0.5396724, 0.0 ], [ 117.0832158, -0.5394315, 0.0 ] ] } },
{ "type": "Feature", "properties": { "OBJECTID": 0, "Kl_Dat_Das": "Jalan Non Tol", "Nm_Ruas": "K.H. MAS MANSYUR", "Thn_Data": 2023, "Status": "Jalan Provinsi", "Fungsi": "Jalan Kolektor Primer 3", "Mendukung": null, "Ura_Dukung": null, "Kd_Bd_PU": "2", "Kd_Jns_Inf": "1", "Kd_Inf": "34 009 K", "Propinsi": "Kalimantan Timur", "Kab_Kot": null, "Kecamatan": null, "Desa_Kel": null, "Tk_Ruas_Aw": "-0.530349, 117.110245", "Tk_Ruas_Ak": "-0.538827, 117.086727", "Kd_Patok": null, "Km_Awal": 0.0, "Km_Akhir": 2.9288723161300001, "Nm_Lintas": null, "Kon_Baik": 0.0, "Kon_Sdg": 0.0, "Kon_Rgn": 0.0, "Kon_Rusak": 0.0, "Kon_Mntp": 0.0, "Kon_T_Mntp": 0.0, "Panjang": 0.0, "Lbr_Keras": 0.0, "LHRT": 0.0, "VCR": 0.0, "Tipe_Jln": 0, "MST": 0.0, "Tanah_Kri": 0.0, "Macadam": 0.0, "Aspal": 0.0, "Rigid": 0.0, "Thn_Pen_Ak": 0, "Jns_Pen": null, "Koord_X_Aw": 0.0, "Koord_Y_Aw": 0.0, "Koord_X_Ak": 0.0, "Koord_Y_Ak": 0.0, "Shape_Leng": 2.9415583729299999, "Status_J_1": "Sudah Terbangun", "Keterangan": null, "Masuk": "YES", "panjangjal": 2.9288723161300001 }, "geometry": { "type": "LineString", "coordinates": [ [ 117.0867277, -0.5388271, 0.0 ], [ 117.0867777, -0.5387832, 0.0 ], [ 117.0868318, -0.538701, 0.0 ], [ 117.0868818, -0.5386326, 0.0 ], [ 117.0869334, -0.538547, 0.0 ], [ 117.086986, -0.5384807, 0.0 ], [ 117.0870386, -0.5384144, 0.0 ], [ 117.0870913, -0.5383481, 0.0 ], [ 117.087131, -0.538287, 0.0 ], [ 117.0871813, -0.5382152, 0.0 ], [ 117.0872339, -0.5381489, 0.0 ], [ 117.0872821, -0.5380811, 0.0 ], [ 117.0873395, -0.5380123, 0.0 ], [ 117.0874025, -0.5379183, 0.0 ], [ 117.0874719, -0.5378238, 0.0 ], [ 117.0875227, -0.5377692, 0.0 ], [ 117.0875757, -0.537733, 0.0 ], [ 117.0876265, -0.537669, 0.0 ], [ 117.087713, -0.537578, 0.0 ], [ 117.0877638, -0.5375139, 0.0 ], [ 117.0878222, -0.5374553, 0.0 ], [ 117.0878901, -0.5373911, 0.0 ], [ 117.0879284, -0.5373515, 0.0 ], [ 117.0879686, -0.5373114, 0.0 ], [ 117.0880252, -0.5372582, 0.0 ], [ 117.0880852, -0.5372055, 0.0 ], [ 117.0881548, -0.5371475, 0.0 ], [ 117.0882148, -0.5370948, 0.0 ], [ 117.088274, -0.537043, 0.0 ], [ 117.088335, -0.5369985, 0.0 ], [ 117.0883941, -0.5369466, 0.0 ], [ 117.0884596, -0.5369064, 0.0 ], [ 117.0885187, -0.5368546, 0.0 ], [ 117.0885958, -0.5368084, 0.0 ], [ 117.0886399, -0.536778, 0.0 ], [ 117.0887098, -0.5367293, 0.0 ], [ 117.0887823, -0.5366759, 0.0 ], [ 117.0888499, -0.53662, 0.0 ], [ 117.088914, -0.5365674, 0.0 ], [ 117.0890045, -0.5364923, 0.0 ], [ 117.0890711, -0.5364391, 0.0 ], [ 117.0891334, -0.5363843, 0.0 ], [ 117.0891957, -0.5363295, 0.0 ], [ 117.0892296, -0.5362996, 0.0 ], [ 117.0892579, -0.5362746, 0.0 ], [ 117.0893827, -0.5361434, 0.0 ], [ 117.089445, -0.5360885, 0.0 ], [ 117.0895073, -0.5360337, 0.0 ], [ 117.0895638, -0.5359898, 0.0 ], [ 117.0896261, -0.535935, 0.0 ], [ 117.0896961, -0.5358775, 0.0 ], [ 117.0897715, -0.5358293, 0.0 ], [ 117.0898445, -0.5357811, 0.0 ], [ 117.0899361, -0.535724, 0.0 ], [ 117.0900135, -0.5356788, 0.0 ], [ 117.0900805, -0.5356466, 0.0 ], [ 117.0901616, -0.5356076, 0.0 ], [ 117.0902261, -0.5355932, 0.0 ], [ 117.0903192, -0.5355623, 0.0 ], [ 117.0904147, -0.5355413, 0.0 ], [ 117.0904886, -0.5355157, 0.0 ], [ 117.0905713, -0.5354937, 0.0 ], [ 117.0906549, -0.5354681, 0.0 ], [ 117.0907256, -0.5354545, 0.0 ], [ 117.0908113, -0.5354367, 0.0 ], [ 117.0909012, -0.5354188, 0.0 ], [ 117.0909719, -0.5354067, 0.0 ], [ 117.0910433, -0.5353845, 0.0 ], [ 117.0911125, -0.5353653, 0.0 ], [ 117.0911905, -0.5353445, 0.0 ], [ 117.0912885, -0.5353207, 0.0 ], [ 117.0913742, -0.5352898, 0.0 ], [ 117.091441, -0.5352705, 0.0 ], [ 117.091514, -0.5352535, 0.0 ], [ 117.0915652, -0.5352494, 0.0 ], [ 117.0916574, -0.5352596, 0.0 ], [ 117.0917135, -0.5352625, 0.0 ], [ 117.0918392, -0.5352615, 0.0 ], [ 117.0919115, -0.5352606, 0.0 ], [ 117.091977, -0.5352595, 0.0 ], [ 117.0920311, -0.5352452, 0.0 ], [ 117.092106, -0.5352254, 0.0 ], [ 117.0921809, -0.5352057, 0.0 ], [ 117.092245, -0.5351686, 0.0 ], [ 117.0923145, -0.5351124, 0.0 ], [ 117.0923823, -0.5350656, 0.0 ], [ 117.0924512, -0.5350198, 0.0 ], [ 117.092513, -0.534976, 0.0 ], [ 117.0925795, -0.5349313, 0.0 ], [ 117.092646, -0.5348895, 0.0 ], [ 117.0927243, -0.5348323, 0.0 ], [ 117.0927919, -0.5347942, 0.0 ], [ 117.0928662, -0.5347666, 0.0 ], [ 117.0929356, -0.5347419, 0.0 ], [ 117.0929937, -0.5347219, 0.0 ], [ 117.0930622, -0.5346914, 0.0 ], [ 117.0931155, -0.5346714, 0.0 ], [ 117.0931979, -0.5346488, 0.0 ], [ 117.0932623, -0.5346241, 0.0 ], [ 117.0933414, -0.5345938, 0.0 ], [ 117.0934206, -0.5345634, 0.0 ], [ 117.0934997, -0.534533, 0.0 ], [ 117.0935775, -0.5345031, 0.0 ], [ 117.0936553, -0.5344733, 0.0 ], [ 117.0937331, -0.5344434, 0.0 ], [ 117.0938109, -0.5344135, 0.0 ], [ 117.0938887, -0.5343837, 0.0 ], [ 117.0939665, -0.5343538, 0.0 ], [ 117.0940359, -0.5343272, 0.0 ], [ 117.0941053, -0.5343005, 0.0 ], [ 117.0941747, -0.5342739, 0.0 ], [ 117.0942559, -0.534239, 0.0 ], [ 117.0943371, -0.5342041, 0.0 ], [ 117.0944183, -0.5341693, 0.0 ], [ 117.0944995, -0.5341344, 0.0 ], [ 117.0945807, -0.5340995, 0.0 ], [ 117.0946619, -0.5340646, 0.0 ], [ 117.0947431, -0.5340297, 0.0 ], [ 117.0948243, -0.5339949, 0.0 ], [ 117.0949055, -0.53396, 0.0 ], [ 117.0949867, -0.5339251, 0.0 ], [ 117.0950679, -0.5338902, 0.0 ], [ 117.0951268, -0.5338649, 0.0 ], [ 117.0951858, -0.5338396, 0.0 ], [ 117.0952447, -0.5338143, 0.0 ], [ 117.0953243, -0.5337935, 0.0 ], [ 117.0954039, -0.5337726, 0.0 ], [ 117.0954836, -0.5337518, 0.0 ], [ 117.0955632, -0.533731, 0.0 ], [ 117.0956428, -0.5337102, 0.0 ], [ 117.0957222, -0.5336894, 0.0 ], [ 117.0958016, -0.5336687, 0.0 ], [ 117.095881, -0.5336479, 0.0 ], [ 117.0959604, -0.5336272, 0.0 ], [ 117.0960399, -0.5336064, 0.0 ], [ 117.0961225, -0.5335848, 0.0 ], [ 117.0962052, -0.5335632, 0.0 ], [ 117.0962879, -0.5335416, 0.0 ], [ 117.0963705, -0.5335199, 0.0 ], [ 117.0964532, -0.5334983, 0.0 ], [ 117.0965359, -0.5334767, 0.0 ], [ 117.0966149, -0.5334508, 0.0 ], [ 117.0966939, -0.5334248, 0.0 ], [ 117.0967729, -0.5333988, 0.0 ], [ 117.096852, -0.5333729, 0.0 ], [ 117.096931, -0.5333469, 0.0 ], [ 117.09701, -0.5333209, 0.0 ], [ 117.097089, -0.533295, 0.0 ], [ 117.097168, -0.533269, 0.0 ], [ 117.0972385, -0.5332352, 0.0 ], [ 117.0973032, -0.5332038, 0.0 ], [ 117.0973812, -0.5331619, 0.0 ], [ 117.0974317, -0.5331248, 0.0 ], [ 117.0974821, -0.5330896, 0.0 ], [ 117.0975462, -0.5330633, 0.0 ], [ 117.0976277, -0.5330325, 0.0 ], [ 117.0977153, -0.5330011, 0.0 ], [ 117.0977924, -0.5329754, 0.0 ], [ 117.0978524, -0.5329583, 0.0 ], [ 117.0979523, -0.5329307, 0.0 ], [ 117.0980684, -0.532905, 0.0 ], [ 117.0981731, -0.532885, 0.0 ], [ 117.098297, -0.532862, 0.0 ], [ 117.0983778, -0.532845, 0.0 ], [ 117.0988301, -0.5327794, 0.0 ], [ 117.0989745, -0.532767, 0.0 ], [ 117.099084, -0.5327746, 0.0 ], [ 117.099165, -0.5327871, 0.0 ], [ 117.0992434, -0.5327955, 0.0 ], [ 117.0993276, -0.5328174, 0.0 ], [ 117.099379, -0.5328326, 0.0 ], [ 117.0994495, -0.5328421, 0.0 ], [ 117.0995028, -0.5328583, 0.0 ], [ 117.0996046, -0.5328764, 0.0 ], [ 117.0996798, -0.5328916, 0.0 ], [ 117.0997721, -0.5328935, 0.0 ], [ 117.099845, -0.5328796, 0.0 ], [ 117.0999101, -0.5328745, 0.0 ], [ 117.0999634, -0.5328726, 0.0 ], [ 117.1000158, -0.5328707, 0.0 ], [ 117.10007, -0.5328574, 0.0 ], [ 117.1001471, -0.532845, 0.0 ], [ 117.100235, -0.5328397, 0.0 ], [ 117.1003156, -0.532846, 0.0 ], [ 117.1003708, -0.5328574, 0.0 ], [ 117.1004365, -0.5328745, 0.0 ], [ 117.100525, -0.5328935, 0.0 ], [ 117.1005992, -0.5329012, 0.0 ], [ 117.1006677, -0.5329031, 0.0 ], [ 117.100721, -0.5329002, 0.0 ], [ 117.1007705, -0.5328926, 0.0 ], [ 117.1008914, -0.5328688, 0.0 ], [ 117.1010018, -0.5328345, 0.0 ], [ 117.1010761, -0.5328126, 0.0 ], [ 117.1012036, -0.5327739, 0.0 ], [ 117.1012907, -0.5327703, 0.0 ], [ 117.1013779, -0.5327667, 0.0 ], [ 117.1014651, -0.5327631, 0.0 ], [ 117.1015523, -0.5327595, 0.0 ], [ 117.1017271, -0.5327769, 0.0 ], [ 117.1019646, -0.5328004, 0.0 ], [ 117.1020484, -0.532807, 0.0 ], [ 117.1021321, -0.5328136, 0.0 ], [ 117.1022158, -0.5328203, 0.0 ], [ 117.1022995, -0.5328269, 0.0 ], [ 117.1023832, -0.5328336, 0.0 ], [ 117.1024669, -0.5328402, 0.0 ], [ 117.1025506, -0.5328469, 0.0 ], [ 117.1026343, -0.5328535, 0.0 ], [ 117.1027181, -0.5328602, 0.0 ], [ 117.1028018, -0.5328668, 0.0 ], [ 117.1028823, -0.5328732, 0.0 ], [ 117.1029629, -0.5328796, 0.0 ], [ 117.1030435, -0.532886, 0.0 ], [ 117.1031241, -0.5328924, 0.0 ], [ 117.1031974, -0.5329003, 0.0 ], [ 117.1032707, -0.5329082, 0.0 ], [ 117.103344, -0.5329162, 0.0 ], [ 117.1034174, -0.5329241, 0.0 ], [ 117.1034907, -0.5329321, 0.0 ], [ 117.1035959, -0.532934, 0.0 ], [ 117.1036845, -0.5329411, 0.0 ], [ 117.1037718, -0.5329506, 0.0 ], [ 117.1038586, -0.5329554, 0.0 ], [ 117.1039472, -0.5329625, 0.0 ], [ 117.1040344, -0.532972, 0.0 ], [ 117.1041213, -0.5329811, 0.0 ], [ 117.1042211, -0.5329945, 0.0 ], [ 117.1043084, -0.5330039, 0.0 ], [ 117.1043897, -0.5330039, 0.0 ], [ 117.1044676, -0.5329976, 0.0 ], [ 117.1045357, -0.5329865, 0.0 ], [ 117.1046039, -0.5329753, 0.0 ], [ 117.1046596, -0.5329568, 0.0 ], [ 117.1047238, -0.532929, 0.0 ], [ 117.1047802, -0.532894, 0.0 ], [ 117.104828, -0.5328519, 0.0 ], [ 117.1048885, -0.5328062, 0.0 ], [ 117.1049551, -0.5327612, 0.0 ], [ 117.1050217, -0.5327162, 0.0 ], [ 117.1050883, -0.5326712, 0.0 ], [ 117.1051548, -0.5326262, 0.0 ], [ 117.1052238, -0.5325823, 0.0 ], [ 117.1052927, -0.5325385, 0.0 ], [ 117.1053705, -0.5324957, 0.0 ], [ 117.105504, -0.5324333, 0.0 ], [ 117.1056184, -0.5323944, 0.0 ], [ 117.1056961, -0.5323816, 0.0 ], [ 117.1058308, -0.5324068, 0.0 ], [ 117.1058879, -0.532421, 0.0 ], [ 117.1059355, -0.5324401, 0.0 ], [ 117.1060759, -0.5324972, 0.0 ], [ 117.1062649, -0.5325756, 0.0 ], [ 117.1063963, -0.5326234, 0.0 ], [ 117.1065081, -0.5326491, 0.0 ], [ 117.1065796, -0.5326564, 0.0 ], [ 117.1066803, -0.532659, 0.0 ], [ 117.1067517, -0.5326542, 0.0 ], [ 117.1068278, -0.5326423, 0.0 ], [ 117.106972, -0.5325838, 0.0 ], [ 117.1070447, -0.5325434, 0.0 ], [ 117.10711, -0.5325096, 0.0 ], [ 117.1073843, -0.5323232, 0.0 ], [ 117.107457, -0.5322829, 0.0 ], [ 117.1075286, -0.5322333, 0.0 ], [ 117.1076001, -0.5321837, 0.0 ], [ 117.107673, -0.5321331, 0.0 ], [ 117.107746, -0.5320825, 0.0 ], [ 117.1078189, -0.532032, 0.0 ], [ 117.1078918, -0.5319814, 0.0 ], [ 117.1079647, -0.5319308, 0.0 ], [ 117.1080377, -0.5318803, 0.0 ], [ 117.1081106, -0.5318297, 0.0 ], [ 117.1081835, -0.5317792, 0.0 ], [ 117.1082565, -0.5317286, 0.0 ], [ 117.1083289, -0.5316783, 0.0 ], [ 117.1084014, -0.5316281, 0.0 ], [ 117.1084739, -0.5315778, 0.0 ], [ 117.1085464, -0.5315276, 0.0 ], [ 117.1086189, -0.5314773, 0.0 ], [ 117.1086913, -0.5314271, 0.0 ], [ 117.1087638, -0.5313768, 0.0 ], [ 117.1088363, -0.5313266, 0.0 ], [ 117.1089088, -0.5312763, 0.0 ], [ 117.1089774, -0.5312287, 0.0 ], [ 117.109046, -0.5311811, 0.0 ], [ 117.1091147, -0.5311336, 0.0 ], [ 117.1091833, -0.531086, 0.0 ], [ 117.1092495, -0.5310407, 0.0 ], [ 117.1093157, -0.5309955, 0.0 ], [ 117.1093819, -0.5309502, 0.0 ], [ 117.1094481, -0.530905, 0.0 ], [ 117.1095143, -0.5308597, 0.0 ], [ 117.1095733, -0.5308194, 0.0 ], [ 117.1096323, -0.530779, 0.0 ], [ 117.1096914, -0.5307387, 0.0 ], [ 117.1097504, -0.5306983, 0.0 ], [ 117.1098177, -0.5306523, 0.0 ], [ 117.109885, -0.5306063, 0.0 ], [ 117.1099523, -0.5305604, 0.0 ], [ 117.1100196, -0.5305144, 0.0 ], [ 117.1100869, -0.5304684, 0.0 ], [ 117.1101556, -0.5304113, 0.0 ], [ 117.1102452, -0.5303497, 0.0 ] ] } },
{ "type": "Feature", "properties": { "OBJECTID": 0, "Kl_Dat_Das": "Jalan Non Tol", "Nm_Ruas": "JL. UNTUNG SUROPATI", "Thn_Data": 2023, "Status": "Jalan Provinsi", "Fungsi": "Jalan Kolektor Primer 3", "Mendukung": null, "Ura_Dukung": null, "Kd_Bd_PU": "2", "Kd_Jns_Inf": "1", "Kd_Inf": "34 008 K", "Propinsi": "Kalimantan Timur", "Kab_Kot": null, "Kecamatan": null, "Desa_Kel": null, "Tk_Ruas_Aw": "-0.519350, 117.116441", "Tk_Ruas_Ak": "-0.530349, 117.110245", "Kd_Patok": null, "Km_Awal": 0.0, "Km_Akhir": 1.4643868179699999, "Nm_Lintas": null, "Kon_Baik": 0.0, "Kon_Sdg": 0.0, "Kon_Rgn": 0.0, "Kon_Rusak": 0.0, "Kon_Mntp": 0.0, "Kon_T_Mntp": 0.0, "Panjang": 0.0, "Lbr_Keras": 0.0, "LHRT": 0.0, "VCR": 0.0, "Tipe_Jln": 0, "MST": 0.0, "Tanah_Kri": 0.0, "Macadam": 0.0, "Aspal": 0.0, "Rigid": 0.0, "Thn_Pen_Ak": 0, "Jns_Pen": null, "Koord_X_Aw": 0.0, "Koord_Y_Aw": 0.0, "Koord_X_Ak": 0.0, "Koord_Y_Ak": 0.0, "Shape_Leng": 1.45006815376, "Status_J_1": "Sudah Terbangun", "Keterangan": null, "Masuk": "YES", "panjangjal": 1.4643868179699999 }, "geometry": { "type": "LineString", "coordinates": [ [ 117.11025, -0.5303497, 0.0 ], [ 117.1104562, -0.5302427, 0.0 ], [ 117.1105345, -0.5302006, 0.0 ], [ 117.1106127, -0.5301586, 0.0 ], [ 117.1106633, -0.5301315, 0.0 ], [ 117.1107283, -0.5300872, 0.0 ], [ 117.1107933, -0.530043, 0.0 ], [ 117.1108626, -0.5299959, 0.0 ], [ 117.1109318, -0.5299488, 0.0 ], [ 117.111001, -0.5299016, 0.0 ], [ 117.1110411, -0.5298715, 0.0 ], [ 117.1110813, -0.5298413, 0.0 ], [ 117.1111408, -0.5297966, 0.0 ], [ 117.1111982, -0.5297438, 0.0 ], [ 117.1112445, -0.5296962, 0.0 ], [ 117.1112941, -0.5296432, 0.0 ], [ 117.1113522, -0.529581, 0.0 ], [ 117.1114104, -0.5295188, 0.0 ], [ 117.1114685, -0.5294565, 0.0 ], [ 117.1115266, -0.5293943, 0.0 ], [ 117.1115847, -0.529332, 0.0 ], [ 117.1116429, -0.5292698, 0.0 ], [ 117.111701, -0.5292076, 0.0 ], [ 117.1117588, -0.5291473, 0.0 ], [ 117.111817, -0.5290851, 0.0 ], [ 117.1118678, -0.5290332, 0.0 ], [ 117.1119187, -0.5289814, 0.0 ], [ 117.1119695, -0.5289296, 0.0 ], [ 117.1120204, -0.5288778, 0.0 ], [ 117.112078, -0.528819, 0.0 ], [ 117.1121357, -0.5287603, 0.0 ], [ 117.1121933, -0.5287015, 0.0 ], [ 117.112251, -0.5286428, 0.0 ], [ 117.1123086, -0.5285841, 0.0 ], [ 117.1123663, -0.5285253, 0.0 ], [ 117.1124239, -0.5284666, 0.0 ], [ 117.1124816, -0.5284078, 0.0 ], [ 117.1125392, -0.5283491, 0.0 ], [ 117.1125969, -0.5282903, 0.0 ], [ 117.1126529, -0.5282238, 0.0 ], [ 117.1127088, -0.5281572, 0.0 ], [ 117.1127648, -0.5280907, 0.0 ], [ 117.1128207, -0.5280241, 0.0 ], [ 117.1128767, -0.5279575, 0.0 ], [ 117.1129327, -0.527891, 0.0 ], [ 117.1129886, -0.5278244, 0.0 ], [ 117.1130446, -0.5277579, 0.0 ], [ 117.1131006, -0.5276913, 0.0 ], [ 117.1131565, -0.5276248, 0.0 ], [ 117.1132125, -0.5275582, 0.0 ], [ 117.1132684, -0.5274917, 0.0 ], [ 117.1133244, -0.5274251, 0.0 ], [ 117.1133804, -0.5273585, 0.0 ], [ 117.1134214, -0.5273098, 0.0 ], [ 117.1134624, -0.527261, 0.0 ], [ 117.1135106, -0.5272077, 0.0 ], [ 117.1135589, -0.5271545, 0.0 ], [ 117.1136071, -0.5271012, 0.0 ], [ 117.1136553, -0.5270479, 0.0 ], [ 117.1137148, -0.5269822, 0.0 ], [ 117.1137743, -0.5269165, 0.0 ], [ 117.1138338, -0.5268508, 0.0 ], [ 117.1138933, -0.5267851, 0.0 ], [ 117.1139741, -0.526657, 0.0 ], [ 117.1140336, -0.5265913, 0.0 ], [ 117.1140931, -0.5265255, 0.0 ], [ 117.1141526, -0.5264598, 0.0 ], [ 117.1142121, -0.5263941, 0.0 ], [ 117.1142716, -0.5263284, 0.0 ], [ 117.114589, -0.5259793, 0.0 ], [ 117.1146327, -0.5259203, 0.0 ], [ 117.1146917, -0.5258708, 0.0 ], [ 117.1147843, -0.5257769, 0.0 ], [ 117.1148373, -0.5257168, 0.0 ], [ 117.1148776, -0.5256412, 0.0 ], [ 117.1149319, -0.5255848, 0.0 ], [ 117.1149735, -0.5255129, 0.0 ], [ 117.1150151, -0.5254411, 0.0 ], [ 117.1150732, -0.5253635, 0.0 ], [ 117.1151277, -0.5252883, 0.0 ], [ 117.1151646, -0.5252156, 0.0 ], [ 117.1152343, -0.5251116, 0.0 ], [ 117.1152713, -0.5250388, 0.0 ], [ 117.1153082, -0.5249661, 0.0 ], [ 117.115339, -0.5248881, 0.0 ], [ 117.1153713, -0.5248245, 0.0 ], [ 117.1154036, -0.5247609, 0.0 ], [ 117.1154359, -0.5246973, 0.0 ], [ 117.1154511, -0.5246499, 0.0 ], [ 117.1154662, -0.5246024, 0.0 ], [ 117.1154897, -0.5245289, 0.0 ], [ 117.1155132, -0.5244553, 0.0 ], [ 117.1155367, -0.5243818, 0.0 ], [ 117.1155575, -0.5243289, 0.0 ], [ 117.115581, -0.5242554, 0.0 ], [ 117.1156037, -0.5241842, 0.0 ], [ 117.1156265, -0.524113, 0.0 ], [ 117.1156492, -0.5240418, 0.0 ], [ 117.115672, -0.5239706, 0.0 ], [ 117.1156947, -0.5238994, 0.0 ], [ 117.1157076, -0.523852, 0.0 ], [ 117.1157205, -0.5238046, 0.0 ], [ 117.1157401, -0.5237323, 0.0 ], [ 117.1157784, -0.5236398, 0.0 ], [ 117.115798, -0.5235676, 0.0 ], [ 117.1158176, -0.5234954, 0.0 ], [ 117.1158372, -0.5234235, 0.0 ], [ 117.1158567, -0.5233516, 0.0 ], [ 117.1158817, -0.5232838, 0.0 ], [ 117.1158993, -0.5232189, 0.0 ], [ 117.115915, -0.5231613, 0.0 ], [ 117.1159305, -0.5230958, 0.0 ], [ 117.1159485, -0.523021, 0.0 ], [ 117.1159692, -0.5229448, 0.0 ], [ 117.1159899, -0.5228686, 0.0 ], [ 117.116003, -0.5227806, 0.0 ], [ 117.1160173, -0.5227104, 0.0 ], [ 117.1160304, -0.5226485, 0.0 ], [ 117.1160423, -0.522595, 0.0 ], [ 117.1160554, -0.5225129, 0.0 ], [ 117.1160732, -0.5224355, 0.0 ], [ 117.1160911, -0.5223653, 0.0 ], [ 117.1161018, -0.5222999, 0.0 ], [ 117.1161094, -0.5222544, 0.0 ], [ 117.1161264, -0.5221791, 0.0 ], [ 117.116141, -0.5221013, 0.0 ], [ 117.1161434, -0.5220576, 0.0 ], [ 117.1161532, -0.5220114, 0.0 ], [ 117.1161629, -0.5219652, 0.0 ], [ 117.1161823, -0.5218656, 0.0 ], [ 117.1161896, -0.5218121, 0.0 ], [ 117.1161959, -0.5217504, 0.0 ], [ 117.1162086, -0.5216658, 0.0 ], [ 117.1162212, -0.5215813, 0.0 ], [ 117.1162334, -0.5214986, 0.0 ], [ 117.116246, -0.5214141, 0.0 ], [ 117.1162521, -0.5213583, 0.0 ], [ 117.1162676, -0.5213069, 0.0 ], [ 117.1162761, -0.521229, 0.0 ], [ 117.1162846, -0.5211511, 0.0 ], [ 117.1162932, -0.5210732, 0.0 ], [ 117.1163021, -0.5209913, 0.0 ], [ 117.1163111, -0.5209094, 0.0 ], [ 117.11632, -0.5208275, 0.0 ], [ 117.116329, -0.5207455, 0.0 ], [ 117.1163379, -0.5206636, 0.0 ], [ 117.1163469, -0.5205817, 0.0 ], [ 117.1163558, -0.5204998, 0.0 ], [ 117.1163648, -0.5204178, 0.0 ], [ 117.1163674, -0.5203276, 0.0 ], [ 117.1163701, -0.5202374, 0.0 ], [ 117.1163728, -0.5201472, 0.0 ], [ 117.1163754, -0.520057, 0.0 ], [ 117.1163781, -0.5199668, 0.0 ], [ 117.1163801, -0.5198986, 0.0 ], [ 117.1163821, -0.5198303, 0.0 ], [ 117.1163842, -0.519762, 0.0 ], [ 117.1163862, -0.5196937, 0.0 ], [ 117.116384, -0.5196177, 0.0 ], [ 117.1164083, -0.5194889, 0.0 ], [ 117.116442, -0.5193503, 0.0 ] ] } },
{ "type": "Feature", "properties": { "OBJECTID": 0, "Kl_Dat_Das": "Jalan Non Tol", "Nm_Ruas": "RINGROAD III (HM. ARDANS) (SMD)", "Thn_Data": 2023, "Status": "Jalan Provinsi", "Fungsi": "Jalan Kolektor Primer 3", "Mendukung": null, "Ura_Dukung": null, "Kd_Bd_PU": "2", "Kd_Jns_Inf": "1", "Kd_Inf": "34 028", "Propinsi": "Kalimantan Timur", "Kab_Kot": null, "Kecamatan": null, "Desa_Kel": null, "Tk_Ruas_Aw": "-0.467703, 117.120725", "Tk_Ruas_Ak": "-0.437800, 117.150655", "Kd_Patok": null, "Km_Awal": 0.0, "Km_Akhir": 5.04395142065, "Nm_Lintas": null, "Kon_Baik": 0.0, "Kon_Sdg": 0.0, "Kon_Rgn": 0.0, "Kon_Rusak": 0.0, "Kon_Mntp": 0.0, "Kon_T_Mntp": 0.0, "Panjang": 0.0, "Lbr_Keras": 0.0, "LHRT": 0.0, "VCR": 0.0, "Tipe_Jln": 0, "MST": 0.0, "Tanah_Kri": 0.0, "Macadam": 0.0, "Aspal": 0.0, "Rigid": 0.0, "Thn_Pen_Ak": 0, "Jns_Pen": null, "Koord_X_Aw": 0.0, "Koord_Y_Aw": 0.0, "Koord_X_Ak": 0.0, "Koord_Y_Ak": 0.0, "Shape_Leng": 5.0457302827600001, "Status_J_1": "Sudah Terbangun", "Keterangan": "Di Usulkan menjadi jalan nasional", "Masuk": "YES", "panjangjal": 5.04395142065 }, "geometry": { "type": "LineString", "coordinates": [ [ 117.1506556, -0.4378009, 0.0 ], [ 117.1499598, -0.438224, 0.0 ], [ 117.1489985, -0.4387808, 0.0 ], [ 117.1477612, -0.4392662, 0.0 ], [ 117.147114, -0.4394899, 0.0 ], [ 117.1460435, -0.4397367, 0.0 ], [ 117.1458766, -0.4397967, 0.0 ], [ 117.1458057, -0.4398335, 0.0 ], [ 117.1457442, -0.4398752, 0.0 ], [ 117.1456917, -0.4399207, 0.0 ], [ 117.145648, -0.4399685, 0.0 ], [ 117.1456117, -0.4400176, 0.0 ], [ 117.1455837, -0.4400655, 0.0 ], [ 117.1455631, -0.4401111, 0.0 ], [ 117.1454771, -0.4403839, 0.0 ], [ 117.1452365, -0.4412923, 0.0 ], [ 117.1450876, -0.4417166, 0.0 ], [ 117.1449405, -0.4421204, 0.0 ], [ 117.1448284, -0.4424503, 0.0 ], [ 117.1446993, -0.4428008, 0.0 ], [ 117.14451, -0.443262, 0.0 ], [ 117.1444482, -0.4433603, 0.0 ], [ 117.1443793, -0.443447, 0.0 ], [ 117.1443043, -0.4435215, 0.0 ], [ 117.1442249, -0.4435836, 0.0 ], [ 117.144143, -0.4436344, 0.0 ], [ 117.1440589, -0.4436749, 0.0 ], [ 117.1439726, -0.4437059, 0.0 ], [ 117.1438849, -0.4437298, 0.0 ], [ 117.1434638, -0.4438053, 0.0 ], [ 117.1427502, -0.4439458, 0.0 ], [ 117.1425699, -0.444008, 0.0 ], [ 117.142483, -0.4440478, 0.0 ], [ 117.1423991, -0.4440939, 0.0 ], [ 117.1423196, -0.4441485, 0.0 ], [ 117.1422457, -0.4442122, 0.0 ], [ 117.1421761, -0.4442834, 0.0 ], [ 117.142045, -0.444442, 0.0 ], [ 117.1419817, -0.4445286, 0.0 ], [ 117.1412261, -0.4457417, 0.0 ], [ 117.1407781, -0.4467179, 0.0 ], [ 117.1404673, -0.4471965, 0.0 ], [ 117.1400998, -0.4475791, 0.0 ], [ 117.1397685, -0.4478348, 0.0 ], [ 117.139295, -0.4481368, 0.0 ], [ 117.1387763, -0.4482843, 0.0 ], [ 117.1382513, -0.4484139, 0.0 ], [ 117.1381692, -0.4484684, 0.0 ], [ 117.1380929, -0.4485333, 0.0 ], [ 117.1380234, -0.4486062, 0.0 ], [ 117.1379612, -0.448686, 0.0 ], [ 117.1379058, -0.4487717, 0.0 ], [ 117.1378588, -0.4488631, 0.0 ], [ 117.1378153, -0.4489583, 0.0 ], [ 117.1374819, -0.4497267, 0.0 ], [ 117.1372654, -0.4502135, 0.0 ], [ 117.1368252, -0.4512872, 0.0 ], [ 117.1363255, -0.4521248, 0.0 ], [ 117.1359876, -0.4524532, 0.0 ], [ 117.135664, -0.4527339, 0.0 ], [ 117.1353404, -0.45301, 0.0 ], [ 117.1351332, -0.4533878, 0.0 ], [ 117.1350334, -0.4538197, 0.0 ], [ 117.1348456, -0.4550669, 0.0 ], [ 117.1345677, -0.4557087, 0.0 ], [ 117.134065, -0.4564554, 0.0 ], [ 117.1334035, -0.4571788, 0.0 ], [ 117.1325897, -0.4579069, 0.0 ], [ 117.1318949, -0.4583685, 0.0 ], [ 117.131024, -0.4587682, 0.0 ], [ 117.1302055, -0.4590538, 0.0 ], [ 117.1293917, -0.4594345, 0.0 ], [ 117.1288873, -0.4598518, 0.0 ], [ 117.128183, -0.4608955, 0.0 ], [ 117.1276167, -0.4614332, 0.0 ], [ 117.1270115, -0.4619211, 0.0 ], [ 117.1267079, -0.4621586, 0.0 ], [ 117.126189, -0.4627895, 0.0 ], [ 117.125893, -0.4633287, 0.0 ], [ 117.1255608, -0.4641411, 0.0 ], [ 117.1250992, -0.4651404, 0.0 ], [ 117.1248918, -0.4656659, 0.0 ], [ 117.1246928, -0.4659852, 0.0 ], [ 117.1242378, -0.4666157, 0.0 ], [ 117.1236839, -0.4671306, 0.0 ], [ 117.1228787, -0.4676084, 0.0 ], [ 117.1223342, -0.4678768, 0.0 ], [ 117.1221288, -0.4679474, 0.0 ], [ 117.1219304, -0.4679252, 0.0 ], [ 117.1218332, -0.4679031, 0.0 ], [ 117.1217382, -0.4678668, 0.0 ], [ 117.121646, -0.4678264, 0.0 ], [ 117.1213958, -0.467715, 0.0 ], [ 117.1213168, -0.4677024, 0.0 ], [ 117.1212413, -0.4676964, 0.0 ], [ 117.1208674, -0.4677013, 0.0 ], [ 117.1207257, -0.4677036, 0.0 ] ] } },
{ "type": "Feature", "properties": { "OBJECTID": 0, "Kl_Dat_Das": "Jalan Non Tol", "Nm_Ruas": "JL. JEMBATAN MAHAKAM ULU", "Thn_Data": 2023, "Status": "Jalan Provinsi", "Fungsi": "Jalan Kolektor Primer 3", "Mendukung": null, "Ura_Dukung": null, "Kd_Bd_PU": "2", "Kd_Jns_Inf": "1", "Kd_Inf": "34 014 K", "Propinsi": "Kalimantan Timur", "Kab_Kot": null, "Kecamatan": null, "Desa_Kel": null, "Tk_Ruas_Aw": "-0.553283, 117.080370", "Tk_Ruas_Ak": "-0.556969, 117.089518", "Kd_Patok": null, "Km_Awal": 0.0, "Km_Akhir": 1.60017528573, "Nm_Lintas": null, "Kon_Baik": 0.0, "Kon_Sdg": 0.0, "Kon_Rgn": 0.0, "Kon_Rusak": 0.0, "Kon_Mntp": 0.0, "Kon_T_Mntp": 0.0, "Panjang": 0.0, "Lbr_Keras": 0.0, "LHRT": 0.0, "VCR": 0.0, "Tipe_Jln": 0, "MST": 0.0, "Tanah_Kri": 0.0, "Macadam": 0.0, "Aspal": 0.0, "Rigid": 0.0, "Thn_Pen_Ak": 0, "Jns_Pen": null, "Koord_X_Aw": 0.0, "Koord_Y_Aw": 0.0, "Koord_X_Ak": 0.0, "Koord_Y_Ak": 0.0, "Shape_Leng": 0.0, "Status_J_1": null, "Keterangan": null, "Masuk": "YES", "panjangjal": 1.60017528573 }, "geometry": { "type": "LineString", "coordinates": [ [ 117.0895184, -0.5569696, 0.0 ], [ 117.0787162, -0.555294, 0.0 ], [ 117.0784973, -0.5551227, 0.0 ], [ 117.0784117, -0.5549133, 0.0 ], [ 117.0784117, -0.55478, 0.0 ], [ 117.0784593, -0.5545801, 0.0 ], [ 117.0785164, -0.5544279, 0.0 ], [ 117.078564, -0.5542756, 0.0 ], [ 117.0786496, -0.5540662, 0.0 ], [ 117.0788114, -0.5538092, 0.0 ], [ 117.0789161, -0.553695, 0.0 ], [ 117.0790208, -0.5535713, 0.0 ], [ 117.0792522, -0.5533985, 0.0 ], [ 117.0793929, -0.5533332, 0.0 ], [ 117.0795452, -0.5532784, 0.0 ], [ 117.0797308, -0.5532475, 0.0 ], [ 117.0798974, -0.5532237, 0.0 ], [ 117.0800211, -0.5532142, 0.0 ], [ 117.080152, -0.5532237, 0.0 ], [ 117.0803709, -0.5532832, 0.0 ] ] } },
{ "type": "Feature", "properties": { "OBJECTID": 0, "Kl_Dat_Das": "Jalan Non Tol", "Nm_Ruas": "SIMP. 3 PATUNG LEMBUSWANA - SIMP. 3 SEBULU", "Thn_Data": 2023, "Status": "Jalan Provinsi", "Fungsi": "Jalan Kolektor Primer 2", "Mendukung": "Non Strategis", "Ura_Dukung": null, "Kd_Bd_PU": "2", "Kd_Jns_Inf": "1", "Kd_Inf": "34 048", "Propinsi": "Kalimantan Timur", "Kab_Kot": "Kutai Kartanegara", "Kecamatan": "Tenggarong Seberang / Sebulu / Muara Kaman", "Desa_Kel": "BUKIT KARANG TUNGGAL / MANUNGGAL JAYA / BANGUN REJO / EMBALUT / KERTA BUANA / BUKIT PARIAMAN / BUANA JAYA / SUKA MAJU / GIRI AGUNG / SUMBER SARI / MANUNGGAL DAYA / SIDO MUKTI / PANCA JAYA / BUNGA JADI / PANCA JAYA", "Tk_Ruas_Aw": "-0.423972, 117.092252", "Tk_Ruas_Ak": "-0.171482, 116.860608", "Kd_Patok": null, "Km_Awal": 0.0, "Km_Akhir": 46.138272173600001, "Nm_Lintas": null, "Kon_Baik": 0.0, "Kon_Sdg": 4.6, "Kon_Rgn": 26.91, "Kon_Rusak": 0.0, "Kon_Mntp": 39.8, "Kon_T_Mntp": 26.91, "Panjang": 66.707217948299999, "Lbr_Keras": 6.0, "LHRT": 0.0, "VCR": 0.0, "Tipe_Jln": 2, "MST": 8.0, "Tanah_Kri": 1.4990256333400001, "Macadam": 0.0, "Aspal": 63.273871983200003, "Rigid": 35.227102383499997, "Thn_Pen_Ak": 2017, "Jns_Pen": "Peningkatan", "Koord_X_Aw": 117.09253602699999, "Koord_Y_Aw": -0.424095718, "Koord_X_Ak": 116.860608598, "Koord_Y_Ak": -0.171482759, "Shape_Leng": 0.0, "Status_J_1": "Sudah Terbangun", "Keterangan": null, "Masuk": "YES", "panjangjal": 46.138272173600001 }, "geometry": { "type": "LineString", "coordinates": [ [ 117.0922521, -0.4239722, 0.0 ], [ 117.0923492, -0.4235684, 0.0 ], [ 117.0924243, -0.4233472, 0.0 ], [ 117.092733, -0.4225497, 0.0 ], [ 117.0927871, -0.4224532, 0.0 ], [ 117.0928534, -0.4223713, 0.0 ], [ 117.0930144, -0.4222437, 0.0 ], [ 117.0935571, -0.4218903, 0.0 ], [ 117.0936314, -0.4218165, 0.0 ], [ 117.093745, -0.4216695, 0.0 ], [ 117.0939018, -0.4214051, 0.0 ], [ 117.0939433, -0.4213473, 0.0 ], [ 117.0939918, -0.4212939, 0.0 ], [ 117.094106, -0.4211834, 0.0 ], [ 117.0941815, -0.4211308, 0.0 ], [ 117.0942697, -0.4210872, 0.0 ], [ 117.0945509, -0.4209476, 0.0 ], [ 117.0946328, -0.4208764, 0.0 ], [ 117.0947421, -0.4207024, 0.0 ], [ 117.094777, -0.4206123, 0.0 ], [ 117.0948023, -0.4205206, 0.0 ], [ 117.0948488, -0.4200906, 0.0 ], [ 117.0948059, -0.4199226, 0.0 ], [ 117.0947567, -0.4198403, 0.0 ], [ 117.0946938, -0.4197624, 0.0 ], [ 117.0946256, -0.4196907, 0.0 ], [ 117.0945578, -0.4196235, 0.0 ], [ 117.0944964, -0.4195565, 0.0 ], [ 117.0944489, -0.4194861, 0.0 ], [ 117.0944166, -0.4194091, 0.0 ], [ 117.0944047, -0.4193257, 0.0 ], [ 117.0944183, -0.4192406, 0.0 ], [ 117.0944508, -0.4191566, 0.0 ], [ 117.094493, -0.4190718, 0.0 ], [ 117.0951133, -0.4177166, 0.0 ], [ 117.0951524, -0.4176458, 0.0 ], [ 117.0952019, -0.4175861, 0.0 ], [ 117.0952627, -0.4175404, 0.0 ], [ 117.0953346, -0.4175065, 0.0 ], [ 117.0954151, -0.4174845, 0.0 ], [ 117.0955015, -0.4174694, 0.0 ], [ 117.0958754, -0.4173675, 0.0 ], [ 117.0960679, -0.4172864, 0.0 ], [ 117.0961548, -0.4172337, 0.0 ], [ 117.0965203, -0.416967, 0.0 ], [ 117.0965945, -0.41692, 0.0 ], [ 117.0966725, -0.4168816, 0.0 ], [ 117.0970782, -0.4167365, 0.0 ], [ 117.0971521, -0.4166987, 0.0 ], [ 117.0975353, -0.4164143, 0.0 ], [ 117.0975921, -0.4163487, 0.0 ], [ 117.0978183, -0.4160158, 0.0 ], [ 117.0979937, -0.4157366, 0.0 ], [ 117.0981283, -0.415549, 0.0 ], [ 117.0983807, -0.415295, 0.0 ], [ 117.0986493, -0.4151081, 0.0 ], [ 117.0987421, -0.4150632, 0.0 ], [ 117.0988349, -0.4150304, 0.0 ], [ 117.0989246, -0.415009, 0.0 ], [ 117.0990074, -0.4149971, 0.0 ], [ 117.0990881, -0.4149895, 0.0 ], [ 117.0994403, -0.4149787, 0.0 ], [ 117.099628, -0.4149318, 0.0 ], [ 117.0997204, -0.4148939, 0.0 ], [ 117.0998113, -0.4148502, 0.0 ], [ 117.0999001, -0.4148, 0.0 ], [ 117.0999854, -0.4147471, 0.0 ], [ 117.1003013, -0.4145284, 0.0 ], [ 117.1003674, -0.4144575, 0.0 ], [ 117.1004276, -0.4143804, 0.0 ], [ 117.1009861, -0.4134863, 0.0 ], [ 117.1012222, -0.4132151, 0.0 ], [ 117.1013898, -0.4130845, 0.0 ], [ 117.1014623, -0.4130407, 0.0 ], [ 117.1015264, -0.4130094, 0.0 ], [ 117.1017668, -0.4129284, 0.0 ], [ 117.1020042, -0.4128704, 0.0 ], [ 117.1020617, -0.4128575, 0.0 ], [ 117.1022963, -0.4127739, 0.0 ], [ 117.1023555, -0.4127442, 0.0 ], [ 117.1025319, -0.4126497, 0.0 ], [ 117.1025898, -0.4126092, 0.0 ], [ 117.1028381, -0.4124351, 0.0 ], [ 117.1030904, -0.4122668, 0.0 ], [ 117.1032505, -0.4121287, 0.0 ], [ 117.1032898, -0.4120788, 0.0 ], [ 117.1033433, -0.4119693, 0.0 ], [ 117.1033984, -0.4117201, 0.0 ], [ 117.1033918, -0.4116511, 0.0 ], [ 117.1032613, -0.4109733, 0.0 ], [ 117.1032513, -0.4108141, 0.0 ], [ 117.103255, -0.4098874, 0.0 ], [ 117.1032356, -0.4097752, 0.0 ], [ 117.1031997, -0.4096691, 0.0 ], [ 117.103143, -0.409572, 0.0 ], [ 117.1029951, -0.4093989, 0.0 ], [ 117.1028481, -0.4092392, 0.0 ], [ 117.1027884, -0.4091522, 0.0 ], [ 117.1027423, -0.4090572, 0.0 ], [ 117.1027163, -0.408956, 0.0 ], [ 117.1027097, -0.4088506, 0.0 ], [ 117.1027169, -0.4087438, 0.0 ], [ 117.1027329, -0.4086376, 0.0 ], [ 117.1027559, -0.4085319, 0.0 ], [ 117.1027836, -0.4084272, 0.0 ], [ 117.1029391, -0.4078614, 0.0 ], [ 117.1030456, -0.4074393, 0.0 ], [ 117.1031816, -0.4069282, 0.0 ], [ 117.1031861, -0.4068486, 0.0 ], [ 117.1031818, -0.4066877, 0.0 ], [ 117.1031793, -0.4065863, 0.0 ], [ 117.1031655, -0.4064853, 0.0 ], [ 117.1031463, -0.4063848, 0.0 ], [ 117.1030323, -0.4059964, 0.0 ], [ 117.1029479, -0.4057184, 0.0 ], [ 117.1028973, -0.4055172, 0.0 ], [ 117.1028744, -0.4051037, 0.0 ], [ 117.1028896, -0.4049934, 0.0 ], [ 117.1029185, -0.4048906, 0.0 ], [ 117.1029598, -0.4047969, 0.0 ], [ 117.1030206, -0.4047189, 0.0 ], [ 117.1031686, -0.4045988, 0.0 ], [ 117.1032472, -0.4045584, 0.0 ], [ 117.1033338, -0.4045282, 0.0 ], [ 117.1034047, -0.4045074, 0.0 ], [ 117.1034668, -0.4044922, 0.0 ], [ 117.1038098, -0.4044218, 0.0 ], [ 117.1039625, -0.4044078, 0.0 ], [ 117.1040585, -0.4043974, 0.0 ], [ 117.1041621, -0.4043889, 0.0 ], [ 117.1042123, -0.4043784, 0.0 ], [ 117.1044595, -0.4042732, 0.0 ], [ 117.1047808, -0.4040249, 0.0 ], [ 117.1048617, -0.4039278, 0.0 ], [ 117.1049651, -0.4037594, 0.0 ], [ 117.105231, -0.4033029, 0.0 ], [ 117.1053706, -0.4030577, 0.0 ], [ 117.1054813, -0.4028514, 0.0 ], [ 117.10553, -0.4027485, 0.0 ], [ 117.1055975, -0.4025861, 0.0 ], [ 117.1057708, -0.402183, 0.0 ], [ 117.1057897, -0.4021395, 0.0 ], [ 117.1061162, -0.4014826, 0.0 ], [ 117.1063779, -0.4009556, 0.0 ], [ 117.1065527, -0.4006601, 0.0 ], [ 117.1066734, -0.4002844, 0.0 ], [ 117.1066804, -0.4001806, 0.0 ], [ 117.1067202, -0.399115, 0.0 ], [ 117.1067161, -0.3980186, 0.0 ], [ 117.1067192, -0.397849, 0.0 ], [ 117.1067334, -0.3977616, 0.0 ], [ 117.1067535, -0.3976744, 0.0 ], [ 117.1070871, -0.3967479, 0.0 ], [ 117.1071127, -0.3966848, 0.0 ], [ 117.1072427, -0.396411, 0.0 ], [ 117.1072896, -0.3963412, 0.0 ], [ 117.1074532, -0.3961551, 0.0 ], [ 117.1079315, -0.3957579, 0.0 ], [ 117.1080106, -0.3956718, 0.0 ], [ 117.1080503, -0.3956224, 0.0 ], [ 117.1080861, -0.3955703, 0.0 ], [ 117.1082134, -0.3953184, 0.0 ], [ 117.1083232, -0.3950353, 0.0 ], [ 117.1085271, -0.3945087, 0.0 ], [ 117.1086132, -0.3942869, 0.0 ], [ 117.1090014, -0.3933294, 0.0 ], [ 117.1094361, -0.3925823, 0.0 ], [ 117.1095391, -0.3924124, 0.0 ], [ 117.1096756, -0.3921696, 0.0 ], [ 117.1097438, -0.3920401, 0.0 ], [ 117.1097971, -0.3919066, 0.0 ], [ 117.1098595, -0.3917022, 0.0 ], [ 117.1099804, -0.3909751, 0.0 ], [ 117.1100239, -0.3902614, 0.0 ], [ 117.110075, -0.3898339, 0.0 ], [ 117.1101139, -0.3896357, 0.0 ], [ 117.1102499, -0.3889885, 0.0 ], [ 117.1102833, -0.3887067, 0.0 ], [ 117.1104323, -0.3879625, 0.0 ], [ 117.1106909, -0.3868401, 0.0 ], [ 117.1109675, -0.3859542, 0.0 ], [ 117.1110939, -0.3855742, 0.0 ], [ 117.1113021, -0.3850624, 0.0 ], [ 117.1114801, -0.3844689, 0.0 ], [ 117.111507, -0.3831962, 0.0 ], [ 117.1115391, -0.3827116, 0.0 ], [ 117.1115647, -0.3826195, 0.0 ], [ 117.1115961, -0.382532, 0.0 ], [ 117.1116342, -0.382451, 0.0 ], [ 117.1120462, -0.3816034, 0.0 ], [ 117.1123477, -0.3809175, 0.0 ], [ 117.112816, -0.3796492, 0.0 ], [ 117.1128283, -0.3795481, 0.0 ], [ 117.1128915, -0.37903, 0.0 ], [ 117.1129455, -0.3779195, 0.0 ], [ 117.112988, -0.3771468, 0.0 ], [ 117.112988, -0.3768212, 0.0 ], [ 117.1129879, -0.3767474, 0.0 ], [ 117.1130165, -0.3764592, 0.0 ], [ 117.1130601, -0.3755236, 0.0 ], [ 117.1131797, -0.3748478, 0.0 ], [ 117.1132142, -0.37468, 0.0 ], [ 117.113281, -0.3744026, 0.0 ], [ 117.1134913, -0.3736993, 0.0 ], [ 117.1136136, -0.373219, 0.0 ], [ 117.113625, -0.3730862, 0.0 ], [ 117.1136749, -0.3730153, 0.0 ], [ 117.1138142, -0.3726121, 0.0 ], [ 117.1139696, -0.3720712, 0.0 ], [ 117.1140063, -0.3717165, 0.0 ], [ 117.1140043, -0.3713457, 0.0 ], [ 117.1138865, -0.3707383, 0.0 ], [ 117.1136635, -0.3700765, 0.0 ], [ 117.1134656, -0.3697149, 0.0 ], [ 117.113397, -0.3696316, 0.0 ], [ 117.1132328, -0.369504, 0.0 ], [ 117.1131477, -0.36947, 0.0 ], [ 117.1127468, -0.3693256, 0.0 ], [ 117.112616, -0.3692563, 0.0 ], [ 117.1121319, -0.3688684, 0.0 ], [ 117.1119046, -0.3685434, 0.0 ], [ 117.1118653, -0.368428, 0.0 ], [ 117.1118501, -0.3683642, 0.0 ], [ 117.1118427, -0.3679399, 0.0 ], [ 117.1118886, -0.3675589, 0.0 ], [ 117.111947, -0.3671074, 0.0 ], [ 117.1120343, -0.3664236, 0.0 ], [ 117.112086, -0.3662484, 0.0 ], [ 117.1121873, -0.3660161, 0.0 ], [ 117.1123807, -0.3656081, 0.0 ], [ 117.1125085, -0.3654011, 0.0 ], [ 117.1126596, -0.3651408, 0.0 ], [ 117.1128269, -0.3648553, 0.0 ], [ 117.1131584, -0.3641251, 0.0 ], [ 117.1132261, -0.3638945, 0.0 ], [ 117.1132912, -0.3636303, 0.0 ], [ 117.1132984, -0.3635682, 0.0 ], [ 117.1133011, -0.3634996, 0.0 ], [ 117.1133002, -0.363431, 0.0 ], [ 117.1132928, -0.3633664, 0.0 ], [ 117.1132781, -0.3633055, 0.0 ], [ 117.1132568, -0.3632501, 0.0 ], [ 117.1132337, -0.3632043, 0.0 ], [ 117.1132084, -0.3631658, 0.0 ], [ 117.1131828, -0.3631331, 0.0 ], [ 117.113156, -0.3631045, 0.0 ], [ 117.1131291, -0.3630761, 0.0 ], [ 117.1129949, -0.3629246, 0.0 ], [ 117.1129596, -0.3628816, 0.0 ], [ 117.1128331, -0.3627375, 0.0 ], [ 117.1127806, -0.3626817, 0.0 ], [ 117.1126637, -0.3625489, 0.0 ], [ 117.112594, -0.3624831, 0.0 ], [ 117.112377, -0.3623086, 0.0 ], [ 117.112312, -0.3622687, 0.0 ], [ 117.111827, -0.3620635, 0.0 ], [ 117.1117007, -0.3620181, 0.0 ], [ 117.1113994, -0.3619163, 0.0 ], [ 117.1111466, -0.3618112, 0.0 ], [ 117.1110853, -0.3617745, 0.0 ], [ 117.1110236, -0.3617261, 0.0 ], [ 117.1109673, -0.3616645, 0.0 ], [ 117.1109199, -0.3615925, 0.0 ], [ 117.1108807, -0.3615139, 0.0 ], [ 117.1108491, -0.3614336, 0.0 ], [ 117.1108211, -0.3613547, 0.0 ], [ 117.1104582, -0.3602467, 0.0 ], [ 117.1101602, -0.3592866, 0.0 ], [ 117.109939, -0.3586217, 0.0 ], [ 117.1096282, -0.3576659, 0.0 ], [ 117.1094636, -0.3569713, 0.0 ], [ 117.109436, -0.3566709, 0.0 ], [ 117.1094299, -0.3566289, 0.0 ], [ 117.1093997, -0.3563268, 0.0 ], [ 117.1093777, -0.355979, 0.0 ], [ 117.1093588, -0.3553272, 0.0 ], [ 117.1093397, -0.3549796, 0.0 ], [ 117.1093487, -0.3549151, 0.0 ], [ 117.1093567, -0.3548471, 0.0 ], [ 117.1095571, -0.3541937, 0.0 ], [ 117.1099773, -0.3535605, 0.0 ], [ 117.110145, -0.3532457, 0.0 ], [ 117.1101617, -0.3531896, 0.0 ], [ 117.1102052, -0.3530196, 0.0 ], [ 117.1103003, -0.3525619, 0.0 ], [ 117.1103876, -0.3521855, 0.0 ], [ 117.1104482, -0.3513562, 0.0 ], [ 117.1104247, -0.3512794, 0.0 ], [ 117.1101344, -0.3505401, 0.0 ], [ 117.1100114, -0.3502205, 0.0 ], [ 117.1099947, -0.3501694, 0.0 ], [ 117.1098093, -0.3493573, 0.0 ], [ 117.1097376, -0.3490328, 0.0 ], [ 117.109709, -0.348938, 0.0 ], [ 117.1096427, -0.3487066, 0.0 ], [ 117.1095713, -0.3485413, 0.0 ], [ 117.1094792, -0.3482293, 0.0 ], [ 117.1094241, -0.3481065, 0.0 ], [ 117.1093432, -0.3479289, 0.0 ], [ 117.1093239, -0.3478878, 0.0 ], [ 117.1093094, -0.3478433, 0.0 ], [ 117.108997, -0.3472342, 0.0 ], [ 117.1085862, -0.3464004, 0.0 ], [ 117.1085723, -0.346341, 0.0 ], [ 117.1084995, -0.3461796, 0.0 ], [ 117.108486, -0.3461383, 0.0 ], [ 117.1084733, -0.3461025, 0.0 ], [ 117.1084554, -0.3460692, 0.0 ], [ 117.1084446, -0.3460246, 0.0 ], [ 117.1084448, -0.3459793, 0.0 ], [ 117.1084597, -0.3459272, 0.0 ], [ 117.108485, -0.3458789, 0.0 ], [ 117.1088024, -0.3452058, 0.0 ], [ 117.1091642, -0.3445159, 0.0 ], [ 117.1091995, -0.3444519, 0.0 ], [ 117.1093088, -0.3442505, 0.0 ], [ 117.1094619, -0.343967, 0.0 ], [ 117.1096373, -0.3435728, 0.0 ], [ 117.1096566, -0.3434926, 0.0 ], [ 117.1096655, -0.3434491, 0.0 ], [ 117.1096972, -0.3432804, 0.0 ], [ 117.1096973, -0.3432195, 0.0 ], [ 117.1096981, -0.3430874, 0.0 ], [ 117.1097587, -0.3421477, 0.0 ], [ 117.1097533, -0.3411026, 0.0 ], [ 117.109608, -0.3403548, 0.0 ], [ 117.1092579, -0.3393662, 0.0 ], [ 117.1088914, -0.3385247, 0.0 ], [ 117.1087279, -0.3380036, 0.0 ], [ 117.1087123, -0.3376314, 0.0 ], [ 117.1087222, -0.3375287, 0.0 ], [ 117.1087325, -0.3374819, 0.0 ], [ 117.1088745, -0.33686, 0.0 ], [ 117.1090703, -0.3360947, 0.0 ], [ 117.1091142, -0.3359256, 0.0 ], [ 117.1091803, -0.3357268, 0.0 ], [ 117.1093065, -0.3351392, 0.0 ], [ 117.1094267, -0.3346969, 0.0 ], [ 117.1096369, -0.3338977, 0.0 ], [ 117.1097698, -0.3332998, 0.0 ], [ 117.1098591, -0.3328318, 0.0 ], [ 117.1098534, -0.3327298, 0.0 ], [ 117.1098001, -0.332528, 0.0 ], [ 117.1097592, -0.3324295, 0.0 ], [ 117.10949, -0.331947, 0.0 ], [ 117.1094223, -0.3318662, 0.0 ], [ 117.1092612, -0.3317459, 0.0 ], [ 117.1091652, -0.3317057, 0.0 ], [ 117.1090659, -0.3316764, 0.0 ], [ 117.1081435, -0.3315334, 0.0 ], [ 117.1080514, -0.331507, 0.0 ], [ 117.1079627, -0.331472, 0.0 ], [ 117.1078792, -0.3314287, 0.0 ], [ 117.1078003, -0.3313775, 0.0 ], [ 117.1077308, -0.3313221, 0.0 ], [ 117.1076702, -0.3312646, 0.0 ], [ 117.1076165, -0.3312036, 0.0 ], [ 117.107518, -0.331059, 0.0 ], [ 117.1074728, -0.3309725, 0.0 ], [ 117.107428, -0.3308763, 0.0 ], [ 117.1073447, -0.3306547, 0.0 ], [ 117.1071441, -0.3299088, 0.0 ], [ 117.1068553, -0.3292324, 0.0 ], [ 117.1065148, -0.3283466, 0.0 ], [ 117.1060834, -0.327119, 0.0 ], [ 117.1058997, -0.3266284, 0.0 ], [ 117.1058244, -0.3264429, 0.0 ], [ 117.1057212, -0.3261522, 0.0 ], [ 117.1053558, -0.3252289, 0.0 ], [ 117.105337, -0.3251046, 0.0 ], [ 117.1053302, -0.3249854, 0.0 ], [ 117.1053359, -0.3248646, 0.0 ], [ 117.1053543, -0.3247472, 0.0 ], [ 117.105381, -0.3246327, 0.0 ], [ 117.1054097, -0.3245305, 0.0 ], [ 117.1054385, -0.324447, 0.0 ], [ 117.105661, -0.3238009, 0.0 ], [ 117.1060059, -0.3228813, 0.0 ], [ 117.1060496, -0.3227598, 0.0 ], [ 117.1061731, -0.3224702, 0.0 ], [ 117.1062648, -0.3221886, 0.0 ], [ 117.1062881, -0.3221206, 0.0 ], [ 117.1063498, -0.3219182, 0.0 ], [ 117.1063626, -0.3218473, 0.0 ], [ 117.1064063, -0.3216318, 0.0 ], [ 117.1064299, -0.3213208, 0.0 ], [ 117.1064161, -0.3212633, 0.0 ], [ 117.1063898, -0.3212002, 0.0 ], [ 117.1063497, -0.3211357, 0.0 ], [ 117.1063022, -0.3210696, 0.0 ], [ 117.1058977, -0.320384, 0.0 ], [ 117.1058848, -0.3203185, 0.0 ], [ 117.1057801, -0.3196421, 0.0 ], [ 117.1057217, -0.3194352, 0.0 ], [ 117.1056654, -0.3192749, 0.0 ], [ 117.1055556, -0.3190093, 0.0 ], [ 117.1054857, -0.3186021, 0.0 ], [ 117.1053976, -0.3181647, 0.0 ], [ 117.1053229, -0.3179024, 0.0 ], [ 117.1053007, -0.3178506, 0.0 ], [ 117.1052492, -0.317791, 0.0 ], [ 117.1047632, -0.317171, 0.0 ], [ 117.1047236, -0.3171083, 0.0 ], [ 117.1046469, -0.3169693, 0.0 ], [ 117.1046119, -0.3169132, 0.0 ], [ 117.1042546, -0.3162954, 0.0 ], [ 117.1042173, -0.3161403, 0.0 ], [ 117.1042141, -0.316071, 0.0 ], [ 117.1042214, -0.3160045, 0.0 ], [ 117.1042382, -0.3159376, 0.0 ], [ 117.1042586, -0.3158716, 0.0 ], [ 117.1043615, -0.3156086, 0.0 ], [ 117.1044424, -0.3154477, 0.0 ], [ 117.1045212, -0.3152938, 0.0 ], [ 117.104776, -0.3146591, 0.0 ], [ 117.1048267, -0.3145281, 0.0 ], [ 117.1051109, -0.3139114, 0.0 ], [ 117.1053588, -0.3131627, 0.0 ], [ 117.1053924, -0.3129539, 0.0 ], [ 117.1054102, -0.312806, 0.0 ], [ 117.1054196, -0.3125045, 0.0 ], [ 117.1054252, -0.3124548, 0.0 ], [ 117.1054257, -0.3123988, 0.0 ], [ 117.1053592, -0.3113242, 0.0 ], [ 117.1051257, -0.3105357, 0.0 ], [ 117.1050795, -0.310469, 0.0 ], [ 117.105036, -0.3104153, 0.0 ], [ 117.1044676, -0.3097639, 0.0 ], [ 117.1040809, -0.3094232, 0.0 ], [ 117.1034431, -0.3088857, 0.0 ], [ 117.1034064, -0.3088559, 0.0 ], [ 117.1032598, -0.308743, 0.0 ], [ 117.10322, -0.3087057, 0.0 ], [ 117.1031187, -0.3086239, 0.0 ], [ 117.1025818, -0.3080403, 0.0 ], [ 117.1025491, -0.3079583, 0.0 ], [ 117.1023832, -0.3073485, 0.0 ], [ 117.1023772, -0.3070757, 0.0 ], [ 117.1024046, -0.3067632, 0.0 ], [ 117.1024819, -0.3061923, 0.0 ], [ 117.1024786, -0.3057181, 0.0 ], [ 117.1024049, -0.3055482, 0.0 ], [ 117.1023722, -0.3054687, 0.0 ], [ 117.1023433, -0.3054265, 0.0 ], [ 117.1023097, -0.3053865, 0.0 ], [ 117.1022782, -0.3053434, 0.0 ], [ 117.1020179, -0.3049266, 0.0 ], [ 117.1019499, -0.3046989, 0.0 ], [ 117.1018506, -0.3041263, 0.0 ], [ 117.1017088, -0.3031801, 0.0 ], [ 117.1014572, -0.3015079, 0.0 ], [ 117.1011774, -0.2996187, 0.0 ], [ 117.1010898, -0.2990428, 0.0 ], [ 117.1010396, -0.2985514, 0.0 ], [ 117.101013, -0.2972453, 0.0 ], [ 117.1011331, -0.2958073, 0.0 ], [ 117.1012697, -0.295286, 0.0 ], [ 117.1014005, -0.2948267, 0.0 ], [ 117.1014228, -0.2947723, 0.0 ], [ 117.1014432, -0.2947132, 0.0 ], [ 117.1016457, -0.294093, 0.0 ], [ 117.101656, -0.2940638, 0.0 ], [ 117.1016798, -0.2940039, 0.0 ], [ 117.1017842, -0.2937805, 0.0 ], [ 117.1021325, -0.2930899, 0.0 ], [ 117.1022355, -0.2929872, 0.0 ], [ 117.1022923, -0.2929476, 0.0 ], [ 117.1023533, -0.2929124, 0.0 ], [ 117.1032487, -0.292448, 0.0 ], [ 117.1033222, -0.2923823, 0.0 ], [ 117.1038175, -0.2916724, 0.0 ], [ 117.1042317, -0.2910301, 0.0 ], [ 117.1050282, -0.2900668, 0.0 ], [ 117.1057286, -0.289575, 0.0 ], [ 117.1058334, -0.2895517, 0.0 ], [ 117.1059399, -0.2895477, 0.0 ], [ 117.1060507, -0.2895668, 0.0 ], [ 117.1061595, -0.2896018, 0.0 ], [ 117.1062649, -0.2896494, 0.0 ], [ 117.1063698, -0.2897069, 0.0 ], [ 117.1064709, -0.2897661, 0.0 ], [ 117.1076344, -0.2904747, 0.0 ], [ 117.1077472, -0.2905073, 0.0 ], [ 117.1078611, -0.2905266, 0.0 ], [ 117.1079718, -0.2905311, 0.0 ], [ 117.1080763, -0.2905186, 0.0 ], [ 117.108177, -0.2904898, 0.0 ], [ 117.1082743, -0.2904472, 0.0 ], [ 117.108368, -0.2903955, 0.0 ], [ 117.1085421, -0.2902656, 0.0 ], [ 117.1086177, -0.2901849, 0.0 ], [ 117.1086859, -0.2900926, 0.0 ], [ 117.1087491, -0.2899911, 0.0 ], [ 117.1088082, -0.2898838, 0.0 ], [ 117.1091964, -0.2891371, 0.0 ], [ 117.1092617, -0.2890368, 0.0 ], [ 117.1095619, -0.2886849, 0.0 ], [ 117.1096545, -0.2886145, 0.0 ], [ 117.1106849, -0.2880024, 0.0 ], [ 117.1110933, -0.2877797, 0.0 ], [ 117.1111914, -0.2877299, 0.0 ], [ 117.11204, -0.2871453, 0.0 ], [ 117.1121171, -0.2870482, 0.0 ], [ 117.1124382, -0.2865468, 0.0 ], [ 117.1124876, -0.2863251, 0.0 ], [ 117.1124942, -0.286217, 0.0 ], [ 117.11249, -0.2861205, 0.0 ], [ 117.1124334, -0.2857726, 0.0 ], [ 117.1124554, -0.2852341, 0.0 ], [ 117.1128399, -0.2841878, 0.0 ], [ 117.1128842, -0.2841151, 0.0 ], [ 117.1132957, -0.2834703, 0.0 ], [ 117.1134904, -0.2832874, 0.0 ], [ 117.1135687, -0.2832344, 0.0 ], [ 117.1137249, -0.2831507, 0.0 ], [ 117.1137857, -0.2831277, 0.0 ], [ 117.1138354, -0.2831155, 0.0 ], [ 117.1139246, -0.2831034, 0.0 ], [ 117.1143481, -0.2830733, 0.0 ], [ 117.1144117, -0.2830607, 0.0 ], [ 117.1144803, -0.2830399, 0.0 ], [ 117.1145569, -0.2830117, 0.0 ], [ 117.1146376, -0.282973, 0.0 ], [ 117.1147207, -0.2829238, 0.0 ], [ 117.1148013, -0.2828669, 0.0 ], [ 117.1150171, -0.2826583, 0.0 ], [ 117.1150752, -0.2825732, 0.0 ], [ 117.115122, -0.2824831, 0.0 ], [ 117.1151624, -0.2823913, 0.0 ], [ 117.1152027, -0.2823001, 0.0 ], [ 117.115665, -0.2814105, 0.0 ], [ 117.1157347, -0.2812783, 0.0 ], [ 117.1160872, -0.2806329, 0.0 ], [ 117.1165534, -0.279839, 0.0 ], [ 117.1168326, -0.2794354, 0.0 ], [ 117.1171771, -0.2788924, 0.0 ], [ 117.117528, -0.2783951, 0.0 ], [ 117.1175983, -0.278284, 0.0 ], [ 117.1176438, -0.2782327, 0.0 ], [ 117.1177842, -0.2780638, 0.0 ], [ 117.1185546, -0.2770102, 0.0 ], [ 117.1190771, -0.2762634, 0.0 ], [ 117.1193553, -0.275672, 0.0 ], [ 117.1193695, -0.2754965, 0.0 ], [ 117.1193609, -0.2754035, 0.0 ], [ 117.1193426, -0.2753071, 0.0 ], [ 117.1192575, -0.2750242, 0.0 ], [ 117.1192119, -0.2749448, 0.0 ], [ 117.1191558, -0.2748759, 0.0 ], [ 117.119036, -0.2747397, 0.0 ], [ 117.118986, -0.2746596, 0.0 ], [ 117.1189471, -0.2745732, 0.0 ], [ 117.1189189, -0.2744883, 0.0 ], [ 117.1189014, -0.2744169, 0.0 ], [ 117.1187033, -0.2732996, 0.0 ], [ 117.1183898, -0.2714313, 0.0 ], [ 117.1183688, -0.2711315, 0.0 ], [ 117.1183689, -0.2708563, 0.0 ], [ 117.1183574, -0.2703702, 0.0 ], [ 117.1183587, -0.2700575, 0.0 ], [ 117.1183623, -0.2700082, 0.0 ], [ 117.1183986, -0.2693378, 0.0 ], [ 117.1184347, -0.26892, 0.0 ], [ 117.118481, -0.2686227, 0.0 ], [ 117.1184781, -0.2686081, 0.0 ], [ 117.1184851, -0.2685907, 0.0 ], [ 117.1184947, -0.2685644, 0.0 ], [ 117.1185065, -0.2685296, 0.0 ], [ 117.1185185, -0.2684902, 0.0 ], [ 117.1185311, -0.2684477, 0.0 ], [ 117.1185638, -0.2683327, 0.0 ], [ 117.1185851, -0.2682614, 0.0 ], [ 117.1190349, -0.2674006, 0.0 ], [ 117.1195967, -0.2665583, 0.0 ], [ 117.1200878, -0.2653588, 0.0 ], [ 117.120205, -0.2649947, 0.0 ], [ 117.1202663, -0.2646291, 0.0 ], [ 117.1202419, -0.2644306, 0.0 ], [ 117.1202032, -0.264337, 0.0 ], [ 117.1201511, -0.2642465, 0.0 ], [ 117.120088, -0.2641641, 0.0 ], [ 117.1200124, -0.2640901, 0.0 ], [ 117.119926, -0.264029, 0.0 ], [ 117.1198286, -0.2639831, 0.0 ], [ 117.1197204, -0.2639455, 0.0 ], [ 117.1196094, -0.2639122, 0.0 ], [ 117.1193693, -0.2638748, 0.0 ], [ 117.1191183, -0.2638458, 0.0 ], [ 117.1189995, -0.2638095, 0.0 ], [ 117.1188908, -0.2637585, 0.0 ], [ 117.1187959, -0.2636878, 0.0 ], [ 117.1187167, -0.2636021, 0.0 ], [ 117.1186403, -0.2635182, 0.0 ], [ 117.1185644, -0.2634411, 0.0 ], [ 117.1184882, -0.2633686, 0.0 ], [ 117.1184229, -0.2633125, 0.0 ], [ 117.1182463, -0.2632016, 0.0 ], [ 117.11778, -0.2629046, 0.0 ], [ 117.1169896, -0.2628154, 0.0 ], [ 117.1164909, -0.2628304, 0.0 ], [ 117.1163728, -0.2628057, 0.0 ], [ 117.116266, -0.2627661, 0.0 ], [ 117.1161794, -0.2627232, 0.0 ], [ 117.1161122, -0.2626831, 0.0 ], [ 117.116054, -0.2626419, 0.0 ], [ 117.1159991, -0.2625985, 0.0 ], [ 117.1154925, -0.2621115, 0.0 ], [ 117.1148228, -0.2617082, 0.0 ], [ 117.1145611, -0.2615643, 0.0 ], [ 117.114096, -0.2613189, 0.0 ], [ 117.1139587, -0.2612306, 0.0 ], [ 117.1137013, -0.2611047, 0.0 ], [ 117.1134199, -0.2609561, 0.0 ], [ 117.1128193, -0.2606635, 0.0 ], [ 117.1123531, -0.2604365, 0.0 ], [ 117.1119144, -0.2602577, 0.0 ], [ 117.1114578, -0.2600348, 0.0 ], [ 117.1109612, -0.2598004, 0.0 ], [ 117.1107681, -0.2596838, 0.0 ], [ 117.1107142, -0.2596592, 0.0 ], [ 117.1102479, -0.2594643, 0.0 ], [ 117.1101359, -0.2594, 0.0 ], [ 117.1100317, -0.259334, 0.0 ], [ 117.109979, -0.2593125, 0.0 ], [ 117.1099291, -0.259299, 0.0 ], [ 117.1098826, -0.2592868, 0.0 ], [ 117.1098389, -0.2592724, 0.0 ], [ 117.1097974, -0.2592557, 0.0 ], [ 117.1093324, -0.2590332, 0.0 ], [ 117.1089914, -0.258807, 0.0 ], [ 117.1089551, -0.2587659, 0.0 ], [ 117.1088979, -0.2586717, 0.0 ], [ 117.1088784, -0.2586211, 0.0 ], [ 117.1088648, -0.2585713, 0.0 ], [ 117.1088579, -0.2585239, 0.0 ], [ 117.1088536, -0.2584802, 0.0 ], [ 117.1087987, -0.2579874, 0.0 ], [ 117.1087485, -0.2578069, 0.0 ], [ 117.1084495, -0.2572504, 0.0 ], [ 117.1082702, -0.2568681, 0.0 ], [ 117.1078467, -0.2560521, 0.0 ], [ 117.1072242, -0.2550703, 0.0 ], [ 117.1066432, -0.254361, 0.0 ], [ 117.1065891, -0.2540491, 0.0 ], [ 117.1065782, -0.2539838, 0.0 ], [ 117.1065729, -0.2538526, 0.0 ], [ 117.1065786, -0.2537847, 0.0 ], [ 117.1065985, -0.2535184, 0.0 ], [ 117.1066962, -0.253059, 0.0 ], [ 117.1068401, -0.2522023, 0.0 ], [ 117.1068457, -0.2521602, 0.0 ], [ 117.1068569, -0.2521136, 0.0 ], [ 117.1070428, -0.251502, 0.0 ], [ 117.1072214, -0.2509417, 0.0 ], [ 117.1075541, -0.2504959, 0.0 ], [ 117.1083404, -0.249626, 0.0 ], [ 117.1092965, -0.2486469, 0.0 ], [ 117.1094367, -0.2485379, 0.0 ], [ 117.1095557, -0.2485141, 0.0 ], [ 117.1098382, -0.2484695, 0.0 ], [ 117.1100018, -0.2484248, 0.0 ], [ 117.1101357, -0.2483535, 0.0 ], [ 117.1102244, -0.2481918, 0.0 ], [ 117.1102648, -0.2480316, 0.0 ], [ 117.1102378, -0.2478442, 0.0 ], [ 117.1102149, -0.2477487, 0.0 ], [ 117.1101844, -0.2476556, 0.0 ], [ 117.1101447, -0.2475651, 0.0 ], [ 117.1100962, -0.2474822, 0.0 ], [ 117.1100346, -0.2474054, 0.0 ], [ 117.1099602, -0.247336, 0.0 ], [ 117.1098738, -0.2472744, 0.0 ], [ 117.1097794, -0.2472224, 0.0 ], [ 117.109676, -0.2471809, 0.0 ], [ 117.1095676, -0.2471438, 0.0 ], [ 117.1093397, -0.2470759, 0.0 ], [ 117.1092174, -0.2470568, 0.0 ], [ 117.108774, -0.2470171, 0.0 ], [ 117.1083451, -0.2470507, 0.0 ], [ 117.1082126, -0.2470756, 0.0 ], [ 117.1080851, -0.2471115, 0.0 ], [ 117.1079668, -0.2471575, 0.0 ], [ 117.1078561, -0.2472117, 0.0 ], [ 117.1077501, -0.2472736, 0.0 ], [ 117.1076511, -0.2473456, 0.0 ], [ 117.1075575, -0.2474266, 0.0 ], [ 117.107468, -0.2475128, 0.0 ], [ 117.1072738, -0.2476785, 0.0 ], [ 117.1070959, -0.2477735, 0.0 ], [ 117.1069085, -0.2477943, 0.0 ], [ 117.1067896, -0.2477883, 0.0 ], [ 117.1066914, -0.2477556, 0.0 ], [ 117.1065873, -0.2476902, 0.0 ], [ 117.1065055, -0.2476023, 0.0 ], [ 117.1064174, -0.2475339, 0.0 ], [ 117.106334, -0.2474529, 0.0 ], [ 117.1062559, -0.2473624, 0.0 ], [ 117.1061814, -0.2472646, 0.0 ], [ 117.1059055, -0.2468555, 0.0 ], [ 117.1058523, -0.246739, 0.0 ], [ 117.1058072, -0.2466194, 0.0 ], [ 117.1056693, -0.246269, 0.0 ], [ 117.105539, -0.2460783, 0.0 ], [ 117.1054546, -0.245998, 0.0 ], [ 117.10536, -0.2459284, 0.0 ], [ 117.1052572, -0.245867, 0.0 ], [ 117.1051515, -0.2458141, 0.0 ], [ 117.1050404, -0.2457704, 0.0 ], [ 117.1049195, -0.2457383, 0.0 ], [ 117.1047931, -0.2457127, 0.0 ], [ 117.1044168, -0.2456275, 0.0 ], [ 117.1041816, -0.2456214, 0.0 ], [ 117.1040704, -0.2456118, 0.0 ], [ 117.1039569, -0.2456141, 0.0 ], [ 117.10384, -0.2456251, 0.0 ], [ 117.103722, -0.2456424, 0.0 ], [ 117.1033757, -0.2457145, 0.0 ], [ 117.1032666, -0.2457545, 0.0 ], [ 117.1031608, -0.2458042, 0.0 ], [ 117.1030541, -0.2458636, 0.0 ], [ 117.1029525, -0.2459334, 0.0 ], [ 117.1027593, -0.2460959, 0.0 ], [ 117.1022775, -0.246548, 0.0 ], [ 117.1013138, -0.2473095, 0.0 ], [ 117.1006892, -0.2477497, 0.0 ], [ 117.0997315, -0.2483505, 0.0 ], [ 117.0987856, -0.2488204, 0.0 ], [ 117.0984531, -0.2488593, 0.0 ], [ 117.0983334, -0.2488635, 0.0 ], [ 117.0982308, -0.2488531, 0.0 ], [ 117.0981542, -0.2488339, 0.0 ], [ 117.0979829, -0.2487482, 0.0 ], [ 117.0975593, -0.2484858, 0.0 ], [ 117.0971491, -0.2481075, 0.0 ], [ 117.097098, -0.2480335, 0.0 ], [ 117.0970481, -0.2479509, 0.0 ], [ 117.0970003, -0.2478572, 0.0 ], [ 117.0969273, -0.2476571, 0.0 ], [ 117.096904, -0.2475597, 0.0 ], [ 117.0968282, -0.2467923, 0.0 ], [ 117.096821, -0.2465873, 0.0 ], [ 117.0967891, -0.2459771, 0.0 ], [ 117.0967616, -0.2454151, 0.0 ], [ 117.0967382, -0.2449211, 0.0 ], [ 117.0967387, -0.2446537, 0.0 ], [ 117.0967248, -0.2440146, 0.0 ], [ 117.0966965, -0.2438647, 0.0 ], [ 117.0966841, -0.2437877, 0.0 ], [ 117.0965489, -0.2432131, 0.0 ], [ 117.0964971, -0.2429971, 0.0 ], [ 117.0963853, -0.2426973, 0.0 ], [ 117.0963619, -0.2426576, 0.0 ], [ 117.0963332, -0.2426167, 0.0 ], [ 117.0962979, -0.2425724, 0.0 ], [ 117.0962554, -0.2425279, 0.0 ], [ 117.0961516, -0.2424368, 0.0 ], [ 117.0959812, -0.2422918, 0.0 ], [ 117.0959289, -0.2422446, 0.0 ], [ 117.095832, -0.2421637, 0.0 ], [ 117.0958026, -0.2421254, 0.0 ], [ 117.0957787, -0.2420945, 0.0 ], [ 117.0956064, -0.2418913, 0.0 ], [ 117.0954796, -0.2417513, 0.0 ], [ 117.0950679, -0.2411134, 0.0 ], [ 117.0950259, -0.2410537, 0.0 ], [ 117.0943702, -0.2402115, 0.0 ], [ 117.093899, -0.2397928, 0.0 ], [ 117.0933422, -0.2393549, 0.0 ], [ 117.0932128, -0.2392461, 0.0 ], [ 117.0927818, -0.2388458, 0.0 ], [ 117.0922527, -0.2384868, 0.0 ], [ 117.0919397, -0.2383335, 0.0 ], [ 117.0918798, -0.2383196, 0.0 ], [ 117.0917506, -0.238305, 0.0 ], [ 117.0916211, -0.2382981, 0.0 ], [ 117.0914916, -0.2383235, 0.0 ], [ 117.0913853, -0.2383729, 0.0 ], [ 117.0913488, -0.2384012, 0.0 ], [ 117.0913155, -0.2384255, 0.0 ], [ 117.0912818, -0.2384423, 0.0 ], [ 117.091249, -0.2384536, 0.0 ], [ 117.0912179, -0.2384618, 0.0 ], [ 117.0911867, -0.238468, 0.0 ], [ 117.0911155, -0.2384677, 0.0 ], [ 117.091074, -0.2384573, 0.0 ], [ 117.0910283, -0.2384387, 0.0 ], [ 117.0909786, -0.2384111, 0.0 ], [ 117.0909252, -0.2383783, 0.0 ], [ 117.0908686, -0.2383421, 0.0 ], [ 117.0906974, -0.238207, 0.0 ], [ 117.0906456, -0.2381512, 0.0 ], [ 117.0904946, -0.2379705, 0.0 ], [ 117.0904379, -0.2379191, 0.0 ], [ 117.090376, -0.2378772, 0.0 ], [ 117.0902265, -0.2378127, 0.0 ], [ 117.0898542, -0.2376624, 0.0 ], [ 117.089735, -0.2375871, 0.0 ], [ 117.0895629, -0.2375368, 0.0 ], [ 117.089516, -0.2375261, 0.0 ], [ 117.0893465, -0.2374821, 0.0 ], [ 117.0890483, -0.2373991, 0.0 ], [ 117.0887803, -0.2373068, 0.0 ], [ 117.0885102, -0.2372246, 0.0 ], [ 117.0884475, -0.2372099, 0.0 ], [ 117.0881873, -0.23714, 0.0 ], [ 117.0881476, -0.2371228, 0.0 ], [ 117.087891, -0.2370526, 0.0 ], [ 117.0875873, -0.2369987, 0.0 ], [ 117.0875521, -0.2369903, 0.0 ], [ 117.0870683, -0.2368762, 0.0 ], [ 117.0870232, -0.2368583, 0.0 ], [ 117.0869718, -0.23684, 0.0 ], [ 117.0866403, -0.2367043, 0.0 ], [ 117.086349, -0.2364724, 0.0 ], [ 117.0863246, -0.2364313, 0.0 ], [ 117.0863036, -0.2363791, 0.0 ], [ 117.086287, -0.2363164, 0.0 ], [ 117.0862711, -0.2362472, 0.0 ], [ 117.0862482, -0.2361039, 0.0 ], [ 117.0862493, -0.235983, 0.0 ], [ 117.0862768, -0.235866, 0.0 ], [ 117.0863447, -0.2356777, 0.0 ], [ 117.0863692, -0.2356121, 0.0 ], [ 117.0865332, -0.2352772, 0.0 ], [ 117.0867492, -0.2349502, 0.0 ], [ 117.0867939, -0.234888, 0.0 ], [ 117.0872861, -0.2340419, 0.0 ], [ 117.0873555, -0.2339294, 0.0 ], [ 117.0873814, -0.2338704, 0.0 ], [ 117.0876076, -0.2329794, 0.0 ], [ 117.0877785, -0.2318971, 0.0 ], [ 117.0878945, -0.2315124, 0.0 ], [ 117.0880088, -0.230907, 0.0 ], [ 117.0879815, -0.2306601, 0.0 ], [ 117.0879538, -0.2305712, 0.0 ], [ 117.0876206, -0.2300123, 0.0 ], [ 117.0873289, -0.2297037, 0.0 ], [ 117.0870512, -0.2294066, 0.0 ], [ 117.0868008, -0.2291078, 0.0 ], [ 117.0867562, -0.2290298, 0.0 ], [ 117.0866944, -0.2288638, 0.0 ], [ 117.0866789, -0.2287866, 0.0 ], [ 117.0866721, -0.2287182, 0.0 ], [ 117.0866533, -0.2283805, 0.0 ], [ 117.0866376, -0.228323, 0.0 ], [ 117.0866001, -0.2282095, 0.0 ], [ 117.0865766, -0.2281527, 0.0 ], [ 117.0865436, -0.2280987, 0.0 ], [ 117.0865029, -0.2280484, 0.0 ], [ 117.0864586, -0.2280024, 0.0 ], [ 117.0864169, -0.227962, 0.0 ], [ 117.0861081, -0.2275077, 0.0 ], [ 117.0860834, -0.2274322, 0.0 ], [ 117.0860203, -0.2271484, 0.0 ], [ 117.0860173, -0.2271191, 0.0 ], [ 117.0860123, -0.2270787, 0.0 ], [ 117.0859925, -0.2269601, 0.0 ], [ 117.0859745, -0.2268851, 0.0 ], [ 117.0859492, -0.2268107, 0.0 ], [ 117.0859186, -0.2267414, 0.0 ], [ 117.0857843, -0.2265338, 0.0 ], [ 117.0857112, -0.226469, 0.0 ], [ 117.0856246, -0.2264106, 0.0 ], [ 117.0855264, -0.2263591, 0.0 ], [ 117.0854198, -0.2263138, 0.0 ], [ 117.0853066, -0.2262757, 0.0 ], [ 117.0851894, -0.2262475, 0.0 ], [ 117.0850708, -0.2262304, 0.0 ], [ 117.0847771, -0.2262538, 0.0 ], [ 117.0845106, -0.2262157, 0.0 ], [ 117.0842441, -0.2261253, 0.0 ], [ 117.0838644, -0.225976, 0.0 ], [ 117.0829436, -0.2256925, 0.0 ], [ 117.0828559, -0.2256724, 0.0 ], [ 117.0827962, -0.2256548, 0.0 ], [ 117.0822284, -0.2255211, 0.0 ], [ 117.0821591, -0.225526, 0.0 ], [ 117.082087, -0.2255371, 0.0 ], [ 117.0820185, -0.225553, 0.0 ], [ 117.0818986, -0.2256072, 0.0 ], [ 117.0818411, -0.2256468, 0.0 ], [ 117.0810247, -0.2261691, 0.0 ], [ 117.0806634, -0.2263228, 0.0 ], [ 117.0800295, -0.2265831, 0.0 ], [ 117.0799406, -0.226602, 0.0 ], [ 117.0798481, -0.2266091, 0.0 ], [ 117.0797549, -0.2266042, 0.0 ], [ 117.0796654, -0.2265909, 0.0 ], [ 117.079582, -0.2265722, 0.0 ], [ 117.0795048, -0.2265497, 0.0 ], [ 117.0793025, -0.226478, 0.0 ], [ 117.0792414, -0.2264514, 0.0 ], [ 117.0787299, -0.2262328, 0.0 ], [ 117.0784848, -0.2261367, 0.0 ], [ 117.0781459, -0.2261092, 0.0 ], [ 117.0776705, -0.2261862, 0.0 ], [ 117.0775996, -0.2261687, 0.0 ], [ 117.0775371, -0.2261358, 0.0 ], [ 117.077484, -0.2260883, 0.0 ], [ 117.0774006, -0.2259747, 0.0 ], [ 117.0773795, -0.2258407, 0.0 ], [ 117.0773759, -0.2257754, 0.0 ], [ 117.0773786, -0.2257086, 0.0 ], [ 117.077405, -0.2247192, 0.0 ], [ 117.077242, -0.2242123, 0.0 ], [ 117.0771919, -0.2241416, 0.0 ], [ 117.0771375, -0.2240764, 0.0 ], [ 117.0770792, -0.2240201, 0.0 ], [ 117.0770204, -0.2239739, 0.0 ], [ 117.0769595, -0.2239365, 0.0 ], [ 117.0768358, -0.223893, 0.0 ], [ 117.0767725, -0.2238878, 0.0 ], [ 117.0767091, -0.2238979, 0.0 ], [ 117.0766489, -0.2239175, 0.0 ], [ 117.0765966, -0.2239381, 0.0 ], [ 117.0764775, -0.2239933, 0.0 ], [ 117.0761952, -0.2241591, 0.0 ], [ 117.0756752, -0.2245591, 0.0 ], [ 117.0756405, -0.2245788, 0.0 ], [ 117.0755949, -0.2245943, 0.0 ], [ 117.075227, -0.2247336, 0.0 ], [ 117.0751068, -0.2247609, 0.0 ], [ 117.0748736, -0.2247768, 0.0 ], [ 117.0747962, -0.2247667, 0.0 ], [ 117.0747194, -0.224749, 0.0 ], [ 117.0745748, -0.2246788, 0.0 ], [ 117.0745075, -0.2246276, 0.0 ], [ 117.074444, -0.2245716, 0.0 ], [ 117.074387, -0.2245137, 0.0 ], [ 117.0743346, -0.2244545, 0.0 ], [ 117.0742851, -0.2243919, 0.0 ], [ 117.0742363, -0.2243283, 0.0 ], [ 117.0739774, -0.2240362, 0.0 ], [ 117.0738813, -0.2239639, 0.0 ], [ 117.0738135, -0.223912, 0.0 ], [ 117.0736754, -0.2238021, 0.0 ], [ 117.0732537, -0.2235085, 0.0 ], [ 117.0731886, -0.223465, 0.0 ], [ 117.0730637, -0.2233682, 0.0 ], [ 117.0730442, -0.2233518, 0.0 ], [ 117.072975, -0.2232725, 0.0 ], [ 117.0729613, -0.2232381, 0.0 ], [ 117.0729495, -0.2231944, 0.0 ], [ 117.0729367, -0.2231504, 0.0 ], [ 117.0729306, -0.2231059, 0.0 ], [ 117.0729227, -0.2230305, 0.0 ], [ 117.0729255, -0.2228839, 0.0 ], [ 117.0728958, -0.2227259, 0.0 ], [ 117.0727888, -0.2223185, 0.0 ], [ 117.0727651, -0.2222633, 0.0 ], [ 117.0727243, -0.2221763, 0.0 ], [ 117.0725773, -0.2219898, 0.0 ], [ 117.0723392, -0.2216673, 0.0 ], [ 117.0723045, -0.2216135, 0.0 ], [ 117.0722909, -0.2215868, 0.0 ], [ 117.0722799, -0.221559, 0.0 ], [ 117.0722693, -0.2215311, 0.0 ], [ 117.0722578, -0.2215016, 0.0 ], [ 117.072101, -0.2209665, 0.0 ], [ 117.0721144, -0.220384, 0.0 ], [ 117.0721579, -0.2200162, 0.0 ], [ 117.0721584, -0.2199998, 0.0 ], [ 117.0721574, -0.2199769, 0.0 ], [ 117.07202, -0.219556, 0.0 ], [ 117.0717842, -0.2194364, 0.0 ], [ 117.0716792, -0.2193987, 0.0 ], [ 117.0716477, -0.2193945, 0.0 ], [ 117.0710933, -0.2194841, 0.0 ], [ 117.0708425, -0.2195112, 0.0 ], [ 117.0705274, -0.2195464, 0.0 ], [ 117.0704884, -0.2195517, 0.0 ], [ 117.0701888, -0.2195703, 0.0 ], [ 117.0701513, -0.2195706, 0.0 ], [ 117.0699408, -0.2195464, 0.0 ], [ 117.0699009, -0.2195292, 0.0 ], [ 117.0698592, -0.2195043, 0.0 ], [ 117.0698165, -0.2194726, 0.0 ], [ 117.0697737, -0.2194345, 0.0 ], [ 117.0696963, -0.2193443, 0.0 ], [ 117.06966, -0.2192953, 0.0 ], [ 117.069499, -0.2191077, 0.0 ], [ 117.0694529, -0.2190727, 0.0 ], [ 117.0691446, -0.2189221, 0.0 ], [ 117.0690006, -0.2189015, 0.0 ], [ 117.0689707, -0.2188944, 0.0 ], [ 117.0689382, -0.2188861, 0.0 ], [ 117.0689043, -0.2188773, 0.0 ], [ 117.0688665, -0.2188671, 0.0 ], [ 117.0688204, -0.2188551, 0.0 ], [ 117.0681078, -0.2186475, 0.0 ], [ 117.0670768, -0.2186506, 0.0 ], [ 117.0663488, -0.2186902, 0.0 ], [ 117.0662503, -0.2186803, 0.0 ], [ 117.0661569, -0.2186538, 0.0 ], [ 117.066072, -0.2186089, 0.0 ], [ 117.0660009, -0.2185451, 0.0 ], [ 117.0659217, -0.2183785, 0.0 ], [ 117.065907, -0.2182855, 0.0 ], [ 117.0659024, -0.2181884, 0.0 ], [ 117.0658956, -0.2179908, 0.0 ], [ 117.065845, -0.2175715, 0.0 ], [ 117.0658105, -0.2174715, 0.0 ], [ 117.0657697, -0.2173899, 0.0 ], [ 117.0657247, -0.2173242, 0.0 ], [ 117.0653251, -0.2167026, 0.0 ], [ 117.0652927, -0.2166451, 0.0 ], [ 117.0649259, -0.2160116, 0.0 ], [ 117.0640542, -0.2152279, 0.0 ], [ 117.0640034, -0.2151925, 0.0 ], [ 117.0639454, -0.215163, 0.0 ], [ 117.0637392, -0.2150751, 0.0 ], [ 117.0636551, -0.2150572, 0.0 ], [ 117.0635647, -0.2150511, 0.0 ], [ 117.0634704, -0.2150532, 0.0 ], [ 117.0633728, -0.2150636, 0.0 ], [ 117.062052, -0.2153309, 0.0 ], [ 117.061965, -0.215342, 0.0 ], [ 117.0618767, -0.2153368, 0.0 ], [ 117.0617941, -0.2153078, 0.0 ], [ 117.0616562, -0.215193, 0.0 ], [ 117.0616025, -0.2151203, 0.0 ], [ 117.0615522, -0.2150399, 0.0 ], [ 117.0613633, -0.2146751, 0.0 ], [ 117.0612597, -0.2144284, 0.0 ], [ 117.0611176, -0.2137982, 0.0 ], [ 117.0610992, -0.2132566, 0.0 ], [ 117.0609878, -0.2124193, 0.0 ], [ 117.0609899, -0.211958, 0.0 ], [ 117.0610038, -0.2118579, 0.0 ], [ 117.0610298, -0.2117638, 0.0 ], [ 117.0610668, -0.2116692, 0.0 ], [ 117.0611121, -0.2115729, 0.0 ], [ 117.061468, -0.2105801, 0.0 ], [ 117.0615806, -0.2101901, 0.0 ], [ 117.0615874, -0.2100945, 0.0 ], [ 117.0615817, -0.209998, 0.0 ], [ 117.061323, -0.208871, 0.0 ], [ 117.0611481, -0.2080465, 0.0 ], [ 117.0610977, -0.207948, 0.0 ], [ 117.0610387, -0.2078554, 0.0 ], [ 117.0609726, -0.2077701, 0.0 ], [ 117.0609028, -0.2076876, 0.0 ], [ 117.0603992, -0.2071393, 0.0 ], [ 117.0603362, -0.2070497, 0.0 ], [ 117.0602825, -0.2069589, 0.0 ], [ 117.0601993, -0.2067804, 0.0 ], [ 117.0599536, -0.2060095, 0.0 ], [ 117.059639, -0.2050081, 0.0 ], [ 117.0593636, -0.2039755, 0.0 ], [ 117.059247, -0.2033158, 0.0 ], [ 117.0592623, -0.2032336, 0.0 ], [ 117.0592846, -0.2031525, 0.0 ], [ 117.0593102, -0.2030781, 0.0 ], [ 117.0593382, -0.2030106, 0.0 ], [ 117.0593667, -0.2029513, 0.0 ], [ 117.0598174, -0.2021074, 0.0 ], [ 117.0600022, -0.2017155, 0.0 ], [ 117.0600074, -0.2016825, 0.0 ], [ 117.0599368, -0.201378, 0.0 ], [ 117.0598453, -0.2012701, 0.0 ], [ 117.0597599, -0.2011812, 0.0 ], [ 117.0597148, -0.2011416, 0.0 ], [ 117.0595364, -0.2010056, 0.0 ], [ 117.059412, -0.2009487, 0.0 ], [ 117.0591646, -0.2008288, 0.0 ], [ 117.0589219, -0.2008002, 0.0 ], [ 117.058729, -0.2008407, 0.0 ], [ 117.0586275, -0.2008623, 0.0 ], [ 117.0582933, -0.200975, 0.0 ], [ 117.0579137, -0.201077, 0.0 ], [ 117.0577527, -0.2010959, 0.0 ], [ 117.0575739, -0.201097, 0.0 ], [ 117.0566591, -0.2009234, 0.0 ], [ 117.0562283, -0.2008383, 0.0 ], [ 117.0557574, -0.2008634, 0.0 ], [ 117.0553111, -0.2008337, 0.0 ], [ 117.0547424, -0.2007395, 0.0 ], [ 117.0536303, -0.2005778, 0.0 ], [ 117.0527614, -0.200373, 0.0 ], [ 117.0517121, -0.2000521, 0.0 ], [ 117.0509122, -0.1996103, 0.0 ], [ 117.0505039, -0.1993524, 0.0 ], [ 117.050293, -0.1991961, 0.0 ], [ 117.0502022, -0.1991133, 0.0 ], [ 117.0499035, -0.1988427, 0.0 ], [ 117.0495012, -0.1984494, 0.0 ], [ 117.0494074, -0.1983338, 0.0 ], [ 117.0493184, -0.1981913, 0.0 ], [ 117.0492901, -0.1981396, 0.0 ], [ 117.0488687, -0.1974024, 0.0 ], [ 117.0486191, -0.1969697, 0.0 ], [ 117.0484832, -0.196718, 0.0 ], [ 117.0481293, -0.1960385, 0.0 ], [ 117.0476967, -0.1953766, 0.0 ], [ 117.0476415, -0.1953118, 0.0 ], [ 117.0468098, -0.194571, 0.0 ], [ 117.0459951, -0.1940121, 0.0 ], [ 117.0458133, -0.1939307, 0.0 ], [ 117.0456131, -0.1938729, 0.0 ], [ 117.0451834, -0.1937996, 0.0 ], [ 117.0450831, -0.1938007, 0.0 ], [ 117.0449868, -0.1938129, 0.0 ], [ 117.0448951, -0.1938376, 0.0 ], [ 117.0448101, -0.1938744, 0.0 ], [ 117.0447318, -0.1939225, 0.0 ], [ 117.0446569, -0.1939777, 0.0 ], [ 117.044585, -0.1940409, 0.0 ], [ 117.0445175, -0.1941145, 0.0 ], [ 117.0444532, -0.194197, 0.0 ], [ 117.0443925, -0.194284, 0.0 ], [ 117.0443372, -0.1943752, 0.0 ], [ 117.0442886, -0.1944723, 0.0 ], [ 117.0442469, -0.1945736, 0.0 ], [ 117.0442096, -0.1946773, 0.0 ], [ 117.044131, -0.1948913, 0.0 ], [ 117.0440491, -0.19527, 0.0 ], [ 117.0440015, -0.1955462, 0.0 ], [ 117.0439274, -0.1956534, 0.0 ], [ 117.0438741, -0.1957288, 0.0 ], [ 117.0438078, -0.1957973, 0.0 ], [ 117.0437292, -0.1958586, 0.0 ], [ 117.0436368, -0.1959142, 0.0 ], [ 117.0435351, -0.1959632, 0.0 ], [ 117.0434321, -0.1960137, 0.0 ], [ 117.0432872, -0.19608, 0.0 ], [ 117.0430659, -0.1961419, 0.0 ], [ 117.0428946, -0.1961847, 0.0 ], [ 117.0426714, -0.1961984, 0.0 ], [ 117.0424044, -0.1961799, 0.0 ], [ 117.042195, -0.1961395, 0.0 ], [ 117.0416632, -0.1960781, 0.0 ], [ 117.0415685, -0.1960794, 0.0 ], [ 117.0414068, -0.1961261, 0.0 ], [ 117.0413431, -0.196168, 0.0 ], [ 117.0412911, -0.1962213, 0.0 ], [ 117.0412486, -0.1962849, 0.0 ], [ 117.0412118, -0.1963568, 0.0 ], [ 117.0411775, -0.1964341, 0.0 ], [ 117.0411468, -0.1965152, 0.0 ], [ 117.0411186, -0.1966014, 0.0 ], [ 117.0410516, -0.1967725, 0.0 ], [ 117.0410092, -0.1968414, 0.0 ], [ 117.0409615, -0.1968911, 0.0 ], [ 117.0409107, -0.1969293, 0.0 ], [ 117.0408582, -0.1969642, 0.0 ], [ 117.0407465, -0.1970329, 0.0 ], [ 117.0406799, -0.1970595, 0.0 ], [ 117.0406084, -0.1970813, 0.0 ], [ 117.0401873, -0.1971825, 0.0 ], [ 117.0400228, -0.1972159, 0.0 ], [ 117.0398364, -0.1972209, 0.0 ], [ 117.0397661, -0.1972194, 0.0 ], [ 117.0396922, -0.1972122, 0.0 ], [ 117.0396137, -0.1971956, 0.0 ], [ 117.0395339, -0.1971667, 0.0 ], [ 117.0394557, -0.1971294, 0.0 ], [ 117.0393834, -0.1970874, 0.0 ], [ 117.0393187, -0.1970444, 0.0 ], [ 117.0392619, -0.1970035, 0.0 ], [ 117.0388995, -0.1967034, 0.0 ], [ 117.0385021, -0.196406, 0.0 ], [ 117.0382522, -0.1963116, 0.0 ], [ 117.0375404, -0.1960277, 0.0 ], [ 117.0372034, -0.1959168, 0.0 ], [ 117.037084, -0.1958754, 0.0 ], [ 117.036451, -0.1956993, 0.0 ], [ 117.0363784, -0.1956627, 0.0 ], [ 117.0360905, -0.1954883, 0.0 ], [ 117.0360245, -0.195476, 0.0 ], [ 117.0359651, -0.1954747, 0.0 ], [ 117.035914, -0.1954791, 0.0 ], [ 117.0358738, -0.1954855, 0.0 ], [ 117.0358404, -0.1954931, 0.0 ], [ 117.0358081, -0.1955019, 0.0 ], [ 117.035385, -0.1957683, 0.0 ], [ 117.0349381, -0.1960715, 0.0 ], [ 117.0345165, -0.1962775, 0.0 ], [ 117.0343677, -0.1963247, 0.0 ], [ 117.0341096, -0.1963655, 0.0 ], [ 117.0339105, -0.1963951, 0.0 ], [ 117.033855, -0.1963846, 0.0 ], [ 117.033638, -0.196346, 0.0 ], [ 117.0332031, -0.1962442, 0.0 ], [ 117.0329326, -0.196188, 0.0 ], [ 117.0328919, -0.196184, 0.0 ], [ 117.0326913, -0.1961732, 0.0 ], [ 117.032375, -0.1962513, 0.0 ], [ 117.0319853, -0.196409, 0.0 ], [ 117.0315731, -0.1966772, 0.0 ], [ 117.0310449, -0.1969295, 0.0 ], [ 117.0309672, -0.196933, 0.0 ], [ 117.0308822, -0.196917, 0.0 ], [ 117.0308013, -0.1968894, 0.0 ], [ 117.0307208, -0.1968631, 0.0 ], [ 117.0296148, -0.1965535, 0.0 ], [ 117.0288724, -0.1963275, 0.0 ], [ 117.0282276, -0.1961371, 0.0 ], [ 117.0277969, -0.195961, 0.0 ], [ 117.02763, -0.1959347, 0.0 ], [ 117.0275138, -0.195923, 0.0 ], [ 117.0274088, -0.1959617, 0.0 ], [ 117.0269625, -0.1961085, 0.0 ], [ 117.0267714, -0.1961657, 0.0 ], [ 117.0266191, -0.1961823, 0.0 ], [ 117.0265011, -0.1960909, 0.0 ], [ 117.026399, -0.1959937, 0.0 ], [ 117.0263649, -0.1959537, 0.0 ], [ 117.0260932, -0.195597, 0.0 ], [ 117.0259124, -0.1954423, 0.0 ], [ 117.0258512, -0.1953958, 0.0 ], [ 117.0257826, -0.195354, 0.0 ], [ 117.0257037, -0.1953188, 0.0 ], [ 117.0256207, -0.1952926, 0.0 ], [ 117.0255359, -0.1952764, 0.0 ], [ 117.0253523, -0.1952804, 0.0 ], [ 117.0252616, -0.1952982, 0.0 ], [ 117.0251714, -0.1953266, 0.0 ], [ 117.0249844, -0.1953923, 0.0 ], [ 117.0248155, -0.1954138, 0.0 ], [ 117.024643, -0.1953825, 0.0 ], [ 117.0245688, -0.1953551, 0.0 ], [ 117.0244236, -0.1952851, 0.0 ], [ 117.02437, -0.1952427, 0.0 ], [ 117.0243254, -0.1951897, 0.0 ], [ 117.0242923, -0.1951266, 0.0 ], [ 117.0242661, -0.1950673, 0.0 ], [ 117.0242135, -0.194964, 0.0 ], [ 117.0241516, -0.194826, 0.0 ], [ 117.0241475, -0.1947038, 0.0 ], [ 117.0241211, -0.194523, 0.0 ], [ 117.0240759, -0.1943767, 0.0 ], [ 117.0240428, -0.194296, 0.0 ], [ 117.023947, -0.1941788, 0.0 ], [ 117.02389, -0.1941247, 0.0 ], [ 117.0238224, -0.1940786, 0.0 ], [ 117.0234735, -0.1938338, 0.0 ], [ 117.0230745, -0.1936191, 0.0 ], [ 117.0229547, -0.1935078, 0.0 ], [ 117.0228381, -0.1933888, 0.0 ], [ 117.0227453, -0.1932603, 0.0 ], [ 117.0226192, -0.1931128, 0.0 ], [ 117.0225171, -0.1930567, 0.0 ], [ 117.0224453, -0.1930225, 0.0 ], [ 117.0221997, -0.1929336, 0.0 ], [ 117.0214766, -0.1926145, 0.0 ], [ 117.0214126, -0.1925747, 0.0 ], [ 117.0213536, -0.1925299, 0.0 ], [ 117.0212966, -0.1924791, 0.0 ], [ 117.0212438, -0.1924243, 0.0 ], [ 117.021194, -0.1923664, 0.0 ], [ 117.021147, -0.1923056, 0.0 ], [ 117.0211025, -0.192241, 0.0 ], [ 117.0207566, -0.1915363, 0.0 ], [ 117.0207123, -0.1914371, 0.0 ], [ 117.0205211, -0.1911267, 0.0 ], [ 117.0203917, -0.1910032, 0.0 ], [ 117.0203536, -0.1909838, 0.0 ], [ 117.0199249, -0.1907069, 0.0 ], [ 117.0198159, -0.1905937, 0.0 ], [ 117.0197894, -0.1905596, 0.0 ], [ 117.0197687, -0.1905219, 0.0 ], [ 117.0197517, -0.1904813, 0.0 ], [ 117.0197358, -0.1904352, 0.0 ], [ 117.019679, -0.1901908, 0.0 ], [ 117.0196034, -0.1898653, 0.0 ], [ 117.0195163, -0.1893999, 0.0 ], [ 117.0193899, -0.1888739, 0.0 ], [ 117.0192964, -0.1885818, 0.0 ], [ 117.0192732, -0.188359, 0.0 ], [ 117.0192816, -0.1882674, 0.0 ], [ 117.0193065, -0.188179, 0.0 ], [ 117.0193412, -0.1880969, 0.0 ], [ 117.01938, -0.1880247, 0.0 ], [ 117.0194187, -0.1879653, 0.0 ], [ 117.0194537, -0.1879169, 0.0 ], [ 117.019511, -0.1878573, 0.0 ], [ 117.0197921, -0.1876577, 0.0 ], [ 117.0198394, -0.1876244, 0.0 ], [ 117.0202727, -0.1871376, 0.0 ], [ 117.0205313, -0.1865578, 0.0 ], [ 117.0205812, -0.1864042, 0.0 ], [ 117.0205895, -0.1863617, 0.0 ], [ 117.0205911, -0.1863146, 0.0 ], [ 117.0205895, -0.1862644, 0.0 ], [ 117.0205828, -0.1862078, 0.0 ], [ 117.0205701, -0.1861451, 0.0 ], [ 117.0205501, -0.1860779, 0.0 ], [ 117.0205216, -0.1860056, 0.0 ], [ 117.0204262, -0.1857951, 0.0 ], [ 117.0203924, -0.1856514, 0.0 ], [ 117.020384, -0.1855165, 0.0 ], [ 117.020382, -0.1853955, 0.0 ], [ 117.0203725, -0.1851731, 0.0 ], [ 117.0204523, -0.1846873, 0.0 ], [ 117.0204645, -0.1846408, 0.0 ], [ 117.0204948, -0.1845569, 0.0 ], [ 117.0206545, -0.1842619, 0.0 ], [ 117.0208324, -0.1840085, 0.0 ], [ 117.0210698, -0.1838613, 0.0 ], [ 117.0214726, -0.1836742, 0.0 ], [ 117.0218936, -0.1835802, 0.0 ], [ 117.0221649, -0.1834279, 0.0 ], [ 117.0223981, -0.1832328, 0.0 ], [ 117.0226926, -0.1827857, 0.0 ], [ 117.0227455, -0.1827093, 0.0 ], [ 117.0228121, -0.1824239, 0.0 ], [ 117.0228274, -0.182343, 0.0 ], [ 117.0228328, -0.1822589, 0.0 ], [ 117.0228292, -0.1821734, 0.0 ], [ 117.0228139, -0.1820902, 0.0 ], [ 117.0227816, -0.1820104, 0.0 ], [ 117.0227339, -0.1819349, 0.0 ], [ 117.0226722, -0.1818677, 0.0 ], [ 117.0218331, -0.1810779, 0.0 ], [ 117.0217327, -0.1809539, 0.0 ], [ 117.0215956, -0.180794, 0.0 ], [ 117.0214395, -0.1806665, 0.0 ], [ 117.0212454, -0.1805218, 0.0 ], [ 117.021074, -0.1804455, 0.0 ], [ 117.0209803, -0.1804181, 0.0 ], [ 117.0208794, -0.1804147, 0.0 ], [ 117.0207781, -0.1804334, 0.0 ], [ 117.0206739, -0.1804663, 0.0 ], [ 117.0205687, -0.180504, 0.0 ], [ 117.0199384, -0.1808514, 0.0 ], [ 117.0195965, -0.1811208, 0.0 ], [ 117.0193272, -0.1813577, 0.0 ], [ 117.0192541, -0.1814175, 0.0 ], [ 117.0191743, -0.1814478, 0.0 ], [ 117.0190925, -0.1814535, 0.0 ], [ 117.0189457, -0.1814566, 0.0 ], [ 117.0185695, -0.1814586, 0.0 ], [ 117.0183539, -0.1814471, 0.0 ], [ 117.0181077, -0.1813749, 0.0 ], [ 117.0180735, -0.1813592, 0.0 ], [ 117.0180437, -0.1813468, 0.0 ], [ 117.0177746, -0.1812252, 0.0 ], [ 117.0177495, -0.1812105, 0.0 ], [ 117.0175011, -0.1810762, 0.0 ], [ 117.0173777, -0.181013, 0.0 ], [ 117.0173293, -0.1809959, 0.0 ], [ 117.017029, -0.1808352, 0.0 ], [ 117.0165935, -0.1806781, 0.0 ], [ 117.0162866, -0.1804925, 0.0 ], [ 117.0160831, -0.180307, 0.0 ], [ 117.0156761, -0.1800061, 0.0 ], [ 117.0155396, -0.1798936, 0.0 ], [ 117.0153525, -0.1797316, 0.0 ], [ 117.0146464, -0.1792488, 0.0 ], [ 117.0141883, -0.1788221, 0.0 ], [ 117.0141451, -0.17879, 0.0 ], [ 117.0140519, -0.1787166, 0.0 ], [ 117.0136494, -0.1784593, 0.0 ], [ 117.012934, -0.1782573, 0.0 ], [ 117.0122018, -0.1782246, 0.0 ], [ 117.0111832, -0.1781993, 0.0 ], [ 117.0109131, -0.1781852, 0.0 ], [ 117.0108159, -0.1781738, 0.0 ], [ 117.0098002, -0.1779822, 0.0 ], [ 117.0086792, -0.1777155, 0.0 ], [ 117.0084995, -0.1776821, 0.0 ], [ 117.0083783, -0.1776582, 0.0 ], [ 117.0083426, -0.1776533, 0.0 ], [ 117.0081221, -0.1776228, 0.0 ], [ 117.0073006, -0.177563, 0.0 ], [ 117.007183, -0.1775746, 0.0 ], [ 117.0070676, -0.1775962, 0.0 ], [ 117.0068514, -0.1776767, 0.0 ], [ 117.0065641, -0.1778603, 0.0 ], [ 117.0062215, -0.1781038, 0.0 ], [ 117.0061807, -0.1781254, 0.0 ], [ 117.0061318, -0.1781458, 0.0 ], [ 117.0060744, -0.1781647, 0.0 ], [ 117.0060095, -0.1781807, 0.0 ], [ 117.0059402, -0.1781926, 0.0 ], [ 117.0055409, -0.1781934, 0.0 ], [ 117.0049579, -0.1780929, 0.0 ], [ 117.0046095, -0.1780528, 0.0 ], [ 117.0043893, -0.1780331, 0.0 ], [ 117.0041494, -0.1780093, 0.0 ], [ 117.0034048, -0.1779267, 0.0 ], [ 117.0026898, -0.1777908, 0.0 ], [ 117.0017987, -0.1774271, 0.0 ], [ 117.0016702, -0.177349, 0.0 ], [ 117.0014664, -0.1772106, 0.0 ], [ 117.001174, -0.1770615, 0.0 ], [ 117.0011315, -0.1770555, 0.0 ], [ 117.0010944, -0.1770533, 0.0 ], [ 117.0009323, -0.1771211, 0.0 ], [ 117.0006741, -0.1774164, 0.0 ], [ 117.000243, -0.1777295, 0.0 ], [ 117.0001723, -0.1777476, 0.0 ], [ 117.0000931, -0.1777655, 0.0 ], [ 117.0000082, -0.177772, 0.0 ], [ 116.9999233, -0.1777808, 0.0 ], [ 116.9998318, -0.1777811, 0.0 ], [ 116.9997451, -0.1777756, 0.0 ], [ 116.9996515, -0.1777544, 0.0 ], [ 116.9995686, -0.1777176, 0.0 ], [ 116.9994832, -0.1776929, 0.0 ], [ 116.9994165, -0.1776572, 0.0 ], [ 116.9993085, -0.1775508, 0.0 ], [ 116.9986702, -0.176564, 0.0 ], [ 116.9984023, -0.1760894, 0.0 ], [ 116.998314, -0.1759206, 0.0 ], [ 116.9981172, -0.1756694, 0.0 ], [ 116.9979026, -0.1754128, 0.0 ], [ 116.9977255, -0.1751475, 0.0 ], [ 116.9977038, -0.1751134, 0.0 ], [ 116.9974739, -0.1747341, 0.0 ], [ 116.99702, -0.1738986, 0.0 ], [ 116.9964767, -0.1729688, 0.0 ], [ 116.9963078, -0.1727296, 0.0 ], [ 116.9960009, -0.1724181, 0.0 ], [ 116.9953756, -0.1719257, 0.0 ], [ 116.9947223, -0.1714471, 0.0 ], [ 116.9946433, -0.1714126, 0.0 ], [ 116.9941142, -0.1712774, 0.0 ], [ 116.993017, -0.1712393, 0.0 ], [ 116.9927984, -0.1712746, 0.0 ], [ 116.9925235, -0.1713451, 0.0 ], [ 116.9924876, -0.1713582, 0.0 ], [ 116.9923111, -0.1714067, 0.0 ], [ 116.9922358, -0.1714232, 0.0 ], [ 116.9919379, -0.1715242, 0.0 ], [ 116.9916176, -0.1716183, 0.0 ], [ 116.9911854, -0.1717351, 0.0 ], [ 116.9910728, -0.1717602, 0.0 ], [ 116.9906098, -0.171875, 0.0 ], [ 116.990548, -0.1718938, 0.0 ], [ 116.9898455, -0.172086, 0.0 ], [ 116.9897421, -0.1721128, 0.0 ], [ 116.9881235, -0.1725445, 0.0 ], [ 116.9876056, -0.172697, 0.0 ], [ 116.9873841, -0.1727655, 0.0 ], [ 116.987067, -0.1728533, 0.0 ], [ 116.9866966, -0.1729276, 0.0 ], [ 116.9866448, -0.1729459, 0.0 ], [ 116.9866004, -0.1729601, 0.0 ], [ 116.9865392, -0.1729769, 0.0 ], [ 116.98627, -0.1730403, 0.0 ], [ 116.9854814, -0.1732829, 0.0 ], [ 116.9851949, -0.173357, 0.0 ], [ 116.9847226, -0.1734603, 0.0 ], [ 116.9841306, -0.1734457, 0.0 ], [ 116.9840305, -0.1734216, 0.0 ], [ 116.9839372, -0.1733912, 0.0 ], [ 116.9838471, -0.1733498, 0.0 ], [ 116.9837618, -0.1732935, 0.0 ], [ 116.9836794, -0.1732221, 0.0 ], [ 116.9835995, -0.1731407, 0.0 ], [ 116.9835209, -0.1730509, 0.0 ], [ 116.9824714, -0.1718952, 0.0 ], [ 116.9823748, -0.1718347, 0.0 ], [ 116.981329, -0.1712736, 0.0 ], [ 116.9811048, -0.1711644, 0.0 ], [ 116.9808475, -0.1710196, 0.0 ], [ 116.9805782, -0.1708891, 0.0 ], [ 116.9804656, -0.1708348, 0.0 ], [ 116.9802125, -0.1707121, 0.0 ], [ 116.9797066, -0.1704186, 0.0 ], [ 116.9796374, -0.1703833, 0.0 ], [ 116.979467, -0.1703126, 0.0 ] ] } },
{ "type": "Feature", "properties": { "OBJECTID": 0, "Kl_Dat_Das": "Jalan Non Tol", "Nm_Ruas": "BTS. SAMARINDA - SIMP. 3 L2", "Thn_Data": 2023, "Status": "Jalan Provinsi", "Fungsi": "Jalan Kolektor Primer 3", "Mendukung": "Strategis", "Ura_Dukung": null, "Kd_Bd_PU": "2", "Kd_Jns_Inf": "1", "Kd_Inf": "34 039", "Propinsi": "Kalimantan Timur", "Kab_Kot": "Kutai Kartanegara", "Kecamatan": null, "Desa_Kel": null, "Tk_Ruas_Aw": "-0.380555, 117.132040", "Tk_Ruas_Ak": "-0.379548, 117.112828", "Kd_Patok": null, "Km_Awal": 0.0, "Km_Akhir": 2.9371990609499998, "Nm_Lintas": null, "Kon_Baik": 0.0, "Kon_Sdg": 0.0, "Kon_Rgn": 0.0, "Kon_Rusak": 0.0, "Kon_Mntp": 0.0, "Kon_T_Mntp": 0.0, "Panjang": 0.0, "Lbr_Keras": 0.0, "LHRT": 0.0, "VCR": 0.0, "Tipe_Jln": 0, "MST": 0.0, "Tanah_Kri": 0.0, "Macadam": 0.0, "Aspal": 0.0, "Rigid": 0.0, "Thn_Pen_Ak": 0, "Jns_Pen": null, "Koord_X_Aw": 0.0, "Koord_Y_Aw": 0.0, "Koord_X_Ak": 0.0, "Koord_Y_Ak": 0.0, "Shape_Leng": 5.8517559509900003, "Status_J_1": null, "Keterangan": "Akses Ke Bandara / Ringroad", "Masuk": "YES", "panjangjal": 2.9371990609499998 }, "geometry": { "type": "LineString", "coordinates": [ [ 117.1128283, -0.3795481, 0.0 ], [ 117.1136204, -0.379824, 0.0 ], [ 117.1144764, -0.3801878, 0.0 ], [ 117.1155117, -0.3805889, 0.0 ], [ 117.116237, -0.3808764, 0.0 ], [ 117.1171471, -0.3810965, 0.0 ], [ 117.1176629, -0.3812226, 0.0 ], [ 117.1182232, -0.3813011, 0.0 ], [ 117.1186087, -0.3813832, 0.0 ], [ 117.1188871, -0.3814332, 0.0 ], [ 117.1191869, -0.3814296, 0.0 ], [ 117.1194152, -0.3814072, 0.0 ], [ 117.1195864, -0.3814168, 0.0 ], [ 117.1198329, -0.3814618, 0.0 ], [ 117.1201598, -0.3815452, 0.0 ], [ 117.1202791, -0.3815795, 0.0 ], [ 117.1206396, -0.381708, 0.0 ], [ 117.1208573, -0.381783, 0.0 ], [ 117.1210929, -0.3818187, 0.0 ], [ 117.121721, -0.3819008, 0.0 ], [ 117.1224277, -0.3819757, 0.0 ], [ 117.1225634, -0.3820649, 0.0 ], [ 117.1227168, -0.3822577, 0.0 ], [ 117.1229702, -0.3825825, 0.0 ], [ 117.1231083, -0.3827696, 0.0 ], [ 117.1232415, -0.3831143, 0.0 ], [ 117.1233236, -0.3833606, 0.0 ], [ 117.1235188, -0.3834895, 0.0 ], [ 117.123652, -0.383614, 0.0 ], [ 117.1237233, -0.3837782, 0.0 ], [ 117.1236984, -0.383978, 0.0 ], [ 117.1236948, -0.3842814, 0.0 ], [ 117.1237376, -0.3845919, 0.0 ], [ 117.1238518, -0.3849417, 0.0 ], [ 117.1239696, -0.3851095, 0.0 ], [ 117.1242088, -0.3852273, 0.0 ], [ 117.1244466, -0.385151, 0.0 ], [ 117.1245358, -0.385098, 0.0 ], [ 117.1246309, -0.3850502, 0.0 ], [ 117.1247926, -0.3849257, 0.0 ], [ 117.1248497, -0.3848012, 0.0 ], [ 117.1248496, -0.3844948, 0.0 ], [ 117.1248972, -0.3842171, 0.0 ], [ 117.1250018, -0.3841692, 0.0 ], [ 117.1250458, -0.3841839, 0.0 ], [ 117.1252491, -0.3842554, 0.0 ], [ 117.1253632, -0.3843512, 0.0 ], [ 117.1254584, -0.3844182, 0.0 ], [ 117.125563, -0.384581, 0.0 ], [ 117.1256201, -0.3848682, 0.0 ], [ 117.1256962, -0.385098, 0.0 ], [ 117.1258756, -0.3853129, 0.0 ], [ 117.1260576, -0.3852879, 0.0 ], [ 117.1263181, -0.3850631, 0.0 ], [ 117.1264681, -0.3848989, 0.0 ], [ 117.1265359, -0.3847276, 0.0 ], [ 117.126593, -0.3843314, 0.0 ], [ 117.1265716, -0.3839673, 0.0 ], [ 117.1265894, -0.3836925, 0.0 ], [ 117.1267215, -0.3836354, 0.0 ], [ 117.1268428, -0.3836381, 0.0 ], [ 117.1270658, -0.3837349, 0.0 ], [ 117.1277315, -0.384003, 0.0 ], [ 117.1280635, -0.3841244, 0.0 ], [ 117.1283652, -0.3840308, 0.0 ], [ 117.1286315, -0.3838968, 0.0 ], [ 117.1288558, -0.3837211, 0.0 ], [ 117.1290736, -0.3835105, 0.0 ], [ 117.1292699, -0.3833748, 0.0 ], [ 117.1295066, -0.3833604, 0.0 ], [ 117.1299052, -0.3834427, 0.0 ], [ 117.130155, -0.3834676, 0.0 ], [ 117.1304957, -0.3834178, 0.0 ], [ 117.1306696, -0.3831868, 0.0 ], [ 117.1308313, -0.3829666, 0.0 ], [ 117.1310405, -0.382574, 0.0 ], [ 117.1311547, -0.3823921, 0.0 ], [ 117.131497, -0.381808, 0.0 ], [ 117.1318397, -0.3809692, 0.0 ], [ 117.13204, -0.3805553, 0.0 ] ] } },
{ "type": "Feature", "properties": { "OBJECTID": 0, "Kl_Dat_Das": "Jalan Non Tol", "Nm_Ruas": "BTS. KUTIM - TALISAYAN", "Thn_Data": 2023, "Status": "Jalan Provinsi", "Fungsi": "Jalan Kolektor Primer 2", "Mendukung": "Strategis", "Ura_Dukung": null, "Kd_Bd_PU": "2", "Kd_Jns_Inf": "1", "Kd_Inf": "34 061", "Propinsi": "Kalimantan Timur", "Kab_Kot": "Kutai Timur", "Kecamatan": "Kaubun / Karangan / Biatan / Talisayan", "Desa_Kel": "BUMI JAYA/BUMI RAPAK/BUMI ETAM/SEMPAYAU/PENGADAN/PENGADAN BARU/BAAY/BATU LEPOQ/BUKIT MAKMUR JAYA/BIATAN HULU/KARANGAN/BITAN ILIR/SUMBER MULIA/DUMARING/TUNGGAL BUMI/KAYU INDAH/SUMBER AGUNG/CAMPUR SARI/BUMI JAYA/TUNGGAL BUMI/DUMARING", "Tk_Ruas_Aw": "1.462335, 117.851290", "Tk_Ruas_Ak": "1.586547, 118.189563", "Kd_Patok": null, "Km_Awal": 0.0, "Km_Akhir": 98.855700381199995, "Nm_Lintas": null, "Kon_Baik": 0.0, "Kon_Sdg": 0.0, "Kon_Rgn": 67.8, "Kon_Rusak": 94.06, "Kon_Mntp": 86.14, "Kon_T_Mntp": 161.86, "Panjang": 248.0, "Lbr_Keras": 6.0, "LHRT": 0.0, "VCR": 0.0, "Tipe_Jln": 2, "MST": 8.0, "Tanah_Kri": 11.1693548387, "Macadam": 28.669354838699999, "Aspal": 59.879032258099997, "Rigid": 0.282258064516, "Thn_Pen_Ak": 0, "Jns_Pen": null, "Koord_X_Aw": 117.84469809399999, "Koord_Y_Aw": 0.920707723, "Koord_X_Ak": 118.189563034, "Koord_Y_Ak": 1.586547671, "Shape_Leng": 0.0, "Status_J_1": "Sudah Terbangun", "Keterangan": null, "Masuk": "YES", "panjangjal": 98.855700381199995 }, "geometry": { "type": "LineString", "coordinates": [ [ 117.8512906, 1.4623356, 0.0 ], [ 117.8513265, 1.4623347, 0.0 ], [ 117.8514112, 1.4623207, 0.0 ], [ 117.8514925, 1.4623, 0.0 ], [ 117.8516474, 1.4622767, 0.0 ], [ 117.8520309, 1.4622357, 0.0 ], [ 117.8522745, 1.4622052, 0.0 ], [ 117.8525393, 1.4621751, 0.0 ], [ 117.8526207, 1.4621611, 0.0 ], [ 117.8528518, 1.4621145, 0.0 ], [ 117.8529286, 1.4621097, 0.0 ], [ 117.8531556, 1.462114, 0.0 ], [ 117.8532263, 1.4621273, 0.0 ], [ 117.8532947, 1.4621539, 0.0 ], [ 117.853362, 1.4621901, 0.0 ], [ 117.8534253, 1.4622326, 0.0 ], [ 117.8534786, 1.4622844, 0.0 ], [ 117.8535252, 1.4623424, 0.0 ], [ 117.8535701, 1.4624023, 0.0 ], [ 117.8537167, 1.4625997, 0.0 ], [ 117.8539343, 1.4629088, 0.0 ], [ 117.8543152, 1.4632021, 0.0 ], [ 117.8551524, 1.4633968, 0.0 ], [ 117.8559527, 1.463411, 0.0 ], [ 117.8566541, 1.4634329, 0.0 ], [ 117.8569807, 1.463366, 0.0 ], [ 117.8580763, 1.4631159, 0.0 ], [ 117.8581794, 1.4631344, 0.0 ], [ 117.8582836, 1.4631661, 0.0 ], [ 117.8583839, 1.4632011, 0.0 ], [ 117.8584776, 1.4632404, 0.0 ], [ 117.8585636, 1.4632874, 0.0 ], [ 117.8586363, 1.463343, 0.0 ], [ 117.8587067, 1.4634075, 0.0 ], [ 117.858846, 1.4635598, 0.0 ], [ 117.8591881, 1.4642378, 0.0 ], [ 117.8592028, 1.4643545, 0.0 ], [ 117.8592109, 1.4644778, 0.0 ], [ 117.8592811, 1.4648194, 0.0 ], [ 117.8593282, 1.4649247, 0.0 ], [ 117.8593903, 1.465017, 0.0 ], [ 117.8594616, 1.4650999, 0.0 ], [ 117.8595444, 1.46517, 0.0 ], [ 117.8596361, 1.4652236, 0.0 ], [ 117.8597341, 1.465259, 0.0 ], [ 117.8598382, 1.4652541, 0.0 ], [ 117.8599329, 1.4652474, 0.0 ], [ 117.8600252, 1.4652248, 0.0 ], [ 117.8601179, 1.4651902, 0.0 ], [ 117.8602104, 1.4651412, 0.0 ], [ 117.8603014, 1.4650604, 0.0 ], [ 117.8603949, 1.4649848, 0.0 ], [ 117.860608, 1.4647571, 0.0 ], [ 117.8606799, 1.4647015, 0.0 ], [ 117.860838, 1.4646297, 0.0 ], [ 117.86092, 1.4646074, 0.0 ], [ 117.861001, 1.4645968, 0.0 ], [ 117.8610773, 1.4645983, 0.0 ], [ 117.8611425, 1.4646024, 0.0 ], [ 117.8612096, 1.4646158, 0.0 ], [ 117.8612783, 1.4646377, 0.0 ], [ 117.8613515, 1.4646704, 0.0 ], [ 117.8615862, 1.4647903, 0.0 ], [ 117.8616656, 1.4648329, 0.0 ], [ 117.8618986, 1.4649734, 0.0 ], [ 117.862059, 1.4650744, 0.0 ], [ 117.8622571, 1.4651704, 0.0 ], [ 117.8625859, 1.4652723, 0.0 ], [ 117.8631679, 1.4653709, 0.0 ], [ 117.8633876, 1.465407, 0.0 ], [ 117.8639849, 1.465484, 0.0 ], [ 117.864345, 1.4654765, 0.0 ], [ 117.8646811, 1.4654363, 0.0 ], [ 117.8649433, 1.4654189, 0.0 ], [ 117.865311, 1.4653637, 0.0 ], [ 117.8663257, 1.4652431, 0.0 ], [ 117.8668697, 1.465155, 0.0 ], [ 117.8671726, 1.4650813, 0.0 ], [ 117.8681948, 1.4646874, 0.0 ], [ 117.8687712, 1.46456, 0.0 ], [ 117.8689682, 1.4645317, 0.0 ], [ 117.8691452, 1.4645295, 0.0 ], [ 117.869229, 1.4645388, 0.0 ], [ 117.869388, 1.4645849, 0.0 ], [ 117.8694597, 1.464632, 0.0 ], [ 117.8708302, 1.4651702, 0.0 ], [ 117.8719556, 1.4650491, 0.0 ], [ 117.8724868, 1.464986, 0.0 ], [ 117.8727404, 1.4649878, 0.0 ], [ 117.873069, 1.4650226, 0.0 ], [ 117.873898, 1.4650732, 0.0 ], [ 117.8745208, 1.4650649, 0.0 ], [ 117.8746638, 1.4650704, 0.0 ], [ 117.8757686, 1.4652111, 0.0 ], [ 117.8763068, 1.465247, 0.0 ], [ 117.8766749, 1.4652642, 0.0 ], [ 117.8771716, 1.4652524, 0.0 ], [ 117.8772915, 1.4652402, 0.0 ], [ 117.8774074, 1.4652236, 0.0 ], [ 117.8775215, 1.465203, 0.0 ], [ 117.8787885, 1.4650409, 0.0 ], [ 117.879649, 1.4650739, 0.0 ], [ 117.8803707, 1.4650365, 0.0 ], [ 117.8820355, 1.4649754, 0.0 ], [ 117.8829163, 1.4649566, 0.0 ], [ 117.8837656, 1.4649272, 0.0 ], [ 117.8844338, 1.4649208, 0.0 ], [ 117.884832, 1.4649573, 0.0 ], [ 117.8849023, 1.4649597, 0.0 ], [ 117.8855698, 1.464968, 0.0 ], [ 117.8856371, 1.4649598, 0.0 ], [ 117.8856775, 1.4649523, 0.0 ], [ 117.8856945, 1.4649491, 0.0 ], [ 117.8859808, 1.4649351, 0.0 ], [ 117.8861238, 1.4649279, 0.0 ], [ 117.8863631, 1.4648971, 0.0 ], [ 117.8866722, 1.4648311, 0.0 ], [ 117.8868848, 1.4648015, 0.0 ], [ 117.8870653, 1.4647784, 0.0 ], [ 117.8871024, 1.4647719, 0.0 ], [ 117.8872552, 1.464748, 0.0 ], [ 117.8874089, 1.4647211, 0.0 ], [ 117.8877106, 1.4646548, 0.0 ], [ 117.8882078, 1.4646445, 0.0 ], [ 117.8882682, 1.4646352, 0.0 ], [ 117.8883273, 1.4646198, 0.0 ], [ 117.888384, 1.4646003, 0.0 ], [ 117.8884405, 1.4645791, 0.0 ], [ 117.8890053, 1.4642778, 0.0 ], [ 117.8891955, 1.4641804, 0.0 ], [ 117.8901667, 1.4639429, 0.0 ], [ 117.8902345, 1.4639228, 0.0 ], [ 117.8903023, 1.4638956, 0.0 ], [ 117.8908549, 1.4637014, 0.0 ], [ 117.8914597, 1.4636281, 0.0 ], [ 117.8917787, 1.463609, 0.0 ], [ 117.8921017, 1.463535, 0.0 ], [ 117.8922837, 1.4634706, 0.0 ], [ 117.8925648, 1.463389, 0.0 ], [ 117.893334, 1.4634178, 0.0 ], [ 117.8935156, 1.4634558, 0.0 ], [ 117.8935599, 1.4634746, 0.0 ], [ 117.8935912, 1.4634865, 0.0 ], [ 117.8936348, 1.4634944, 0.0 ], [ 117.8936835, 1.4635022, 0.0 ], [ 117.8937399, 1.4635068, 0.0 ], [ 117.8937998, 1.4635106, 0.0 ], [ 117.8938571, 1.4635127, 0.0 ], [ 117.8940231, 1.4634964, 0.0 ], [ 117.8940781, 1.4634811, 0.0 ], [ 117.8941307, 1.4634639, 0.0 ], [ 117.8948691, 1.4632145, 0.0 ], [ 117.8954384, 1.4629531, 0.0 ], [ 117.8960433, 1.4625436, 0.0 ], [ 117.8960631, 1.46253, 0.0 ], [ 117.896083, 1.4625161, 0.0 ], [ 117.8961291, 1.4624809, 0.0 ], [ 117.896155, 1.4624611, 0.0 ], [ 117.8962108, 1.4624206, 0.0 ], [ 117.8962745, 1.4623875, 0.0 ], [ 117.8963076, 1.4623712, 0.0 ], [ 117.8964055, 1.4623145, 0.0 ], [ 117.8964416, 1.4622932, 0.0 ], [ 117.8964795, 1.462272, 0.0 ], [ 117.8966765, 1.4621731, 0.0 ], [ 117.8967489, 1.4621415, 0.0 ], [ 117.8971795, 1.4618985, 0.0 ], [ 117.8972864, 1.4618448, 0.0 ], [ 117.8974797, 1.461778, 0.0 ], [ 117.8980927, 1.4616403, 0.0 ], [ 117.8985605, 1.4615692, 0.0 ], [ 117.8986955, 1.4615204, 0.0 ], [ 117.8991472, 1.4613829, 0.0 ], [ 117.8995829, 1.4611919, 0.0 ], [ 117.8996443, 1.4611472, 0.0 ], [ 117.8997052, 1.4610971, 0.0 ], [ 117.9000648, 1.4607227, 0.0 ], [ 117.9001212, 1.4606758, 0.0 ], [ 117.9001848, 1.4606383, 0.0 ], [ 117.9002523, 1.4606107, 0.0 ], [ 117.9003234, 1.4605927, 0.0 ], [ 117.900395, 1.4605907, 0.0 ], [ 117.90046, 1.4606004, 0.0 ], [ 117.9005177, 1.4606147, 0.0 ], [ 117.9005712, 1.4606343, 0.0 ], [ 117.9006215, 1.4606553, 0.0 ], [ 117.9011635, 1.4608738, 0.0 ], [ 117.9012956, 1.4609728, 0.0 ], [ 117.9015304, 1.461237, 0.0 ], [ 117.9018505, 1.4615782, 0.0 ], [ 117.9019582, 1.4616114, 0.0 ], [ 117.9020145, 1.4616168, 0.0 ], [ 117.9029225, 1.4616521, 0.0 ], [ 117.9033935, 1.4615787, 0.0 ], [ 117.9034678, 1.4615452, 0.0 ], [ 117.9035417, 1.4615043, 0.0 ], [ 117.9039395, 1.4612218, 0.0 ], [ 117.9040268, 1.4611465, 0.0 ], [ 117.9041968, 1.4610216, 0.0 ], [ 117.9045818, 1.460704, 0.0 ], [ 117.9046611, 1.4606309, 0.0 ], [ 117.9049085, 1.4604156, 0.0 ], [ 117.9051365, 1.4601708, 0.0 ], [ 117.9052257, 1.4600914, 0.0 ], [ 117.9054715, 1.4598751, 0.0 ], [ 117.9055443, 1.4598052, 0.0 ], [ 117.9060961, 1.4593414, 0.0 ], [ 117.906585, 1.4589834, 0.0 ], [ 117.9072512, 1.4585557, 0.0 ], [ 117.9079103, 1.4582741, 0.0 ], [ 117.9082152, 1.4581446, 0.0 ], [ 117.9082854, 1.4581214, 0.0 ], [ 117.9083612, 1.4581036, 0.0 ], [ 117.9085912, 1.4580604, 0.0 ], [ 117.9093709, 1.4580071, 0.0 ], [ 117.9100475, 1.4580351, 0.0 ], [ 117.910532, 1.4580513, 0.0 ], [ 117.9105947, 1.4580627, 0.0 ], [ 117.9106571, 1.4580825, 0.0 ], [ 117.9107194, 1.4581087, 0.0 ], [ 117.9107846, 1.4581371, 0.0 ], [ 117.9114482, 1.4584591, 0.0 ], [ 117.9122536, 1.4588896, 0.0 ], [ 117.9135084, 1.459522, 0.0 ], [ 117.9143596, 1.4600335, 0.0 ], [ 117.9144491, 1.46007, 0.0 ], [ 117.914546, 1.4600988, 0.0 ], [ 117.9147571, 1.4601262, 0.0 ], [ 117.9148681, 1.4601238, 0.0 ], [ 117.9149775, 1.4601133, 0.0 ], [ 117.9150804, 1.460098, 0.0 ], [ 117.9151748, 1.4600799, 0.0 ], [ 117.9152579, 1.4600585, 0.0 ], [ 117.9155167, 1.4599764, 0.0 ], [ 117.9157576, 1.4599198, 0.0 ], [ 117.9158094, 1.4599047, 0.0 ], [ 117.9161392, 1.459831, 0.0 ], [ 117.9169364, 1.4596587, 0.0 ], [ 117.9171788, 1.4596501, 0.0 ], [ 117.9172622, 1.459668, 0.0 ], [ 117.9179027, 1.459916, 0.0 ], [ 117.9183352, 1.4602818, 0.0 ], [ 117.9184179, 1.4603857, 0.0 ], [ 117.9184592, 1.4604356, 0.0 ], [ 117.9185837, 1.4605812, 0.0 ], [ 117.9187344, 1.4607304, 0.0 ], [ 117.9188463, 1.4608278, 0.0 ], [ 117.9189102, 1.4608724, 0.0 ], [ 117.9194717, 1.4612302, 0.0 ], [ 117.9195553, 1.4612602, 0.0 ], [ 117.9196346, 1.4612836, 0.0 ], [ 117.9197098, 1.4613042, 0.0 ], [ 117.9201229, 1.4613976, 0.0 ], [ 117.9213873, 1.4618439, 0.0 ], [ 117.9215828, 1.4619103, 0.0 ], [ 117.9216488, 1.4619429, 0.0 ], [ 117.9223671, 1.4623809, 0.0 ], [ 117.922563, 1.462503, 0.0 ], [ 117.9234858, 1.4630362, 0.0 ], [ 117.9235719, 1.4630603, 0.0 ], [ 117.9236596, 1.4630763, 0.0 ], [ 117.9237471, 1.4630864, 0.0 ], [ 117.9238335, 1.4630874, 0.0 ], [ 117.9240093, 1.4630666, 0.0 ], [ 117.9251451, 1.4628977, 0.0 ], [ 117.9257259, 1.4627948, 0.0 ], [ 117.9259943, 1.4627807, 0.0 ], [ 117.926086, 1.4627895, 0.0 ], [ 117.9270465, 1.4628757, 0.0 ], [ 117.927683, 1.4627168, 0.0 ], [ 117.9277606, 1.4626856, 0.0 ], [ 117.9279226, 1.4626078, 0.0 ], [ 117.9281614, 1.4624779, 0.0 ], [ 117.9284764, 1.4623211, 0.0 ], [ 117.9290303, 1.4619921, 0.0 ], [ 117.9293166, 1.4618343, 0.0 ], [ 117.9295298, 1.4617058, 0.0 ], [ 117.9297393, 1.4615691, 0.0 ], [ 117.9304352, 1.4610073, 0.0 ], [ 117.9311889, 1.460341, 0.0 ], [ 117.9319386, 1.4599835, 0.0 ], [ 117.9320246, 1.4599808, 0.0 ], [ 117.9321055, 1.4599838, 0.0 ], [ 117.9326281, 1.4600613, 0.0 ], [ 117.9329167, 1.4601489, 0.0 ], [ 117.9329755, 1.4601834, 0.0 ], [ 117.9333366, 1.4605489, 0.0 ], [ 117.9334523, 1.4606594, 0.0 ], [ 117.9337201, 1.4608611, 0.0 ], [ 117.933996, 1.4610501, 0.0 ], [ 117.9340408, 1.4611161, 0.0 ], [ 117.9341887, 1.4612822, 0.0 ], [ 117.9344696, 1.4616715, 0.0 ], [ 117.9345428, 1.4618143, 0.0 ], [ 117.9346363, 1.4621132, 0.0 ], [ 117.9350317, 1.4630453, 0.0 ], [ 117.9352321, 1.4634546, 0.0 ], [ 117.9353266, 1.4636419, 0.0 ], [ 117.9356191, 1.4641632, 0.0 ], [ 117.9359726, 1.4647076, 0.0 ], [ 117.9363925, 1.4650538, 0.0 ], [ 117.9364793, 1.4650962, 0.0 ], [ 117.9365737, 1.4651315, 0.0 ], [ 117.936675, 1.4651563, 0.0 ], [ 117.9367815, 1.4651703, 0.0 ], [ 117.9368876, 1.4651784, 0.0 ], [ 117.9379209, 1.4650905, 0.0 ], [ 117.9387001, 1.4650038, 0.0 ], [ 117.9395091, 1.4649232, 0.0 ], [ 117.9408244, 1.4647627, 0.0 ], [ 117.9420604, 1.4646082, 0.0 ], [ 117.9425047, 1.4645433, 0.0 ], [ 117.9434014, 1.464473, 0.0 ], [ 117.9438571, 1.4644223, 0.0 ], [ 117.9439506, 1.4644284, 0.0 ], [ 117.9446885, 1.464507, 0.0 ], [ 117.9447707, 1.4645169, 0.0 ], [ 117.9456311, 1.464614, 0.0 ], [ 117.9465475, 1.4646839, 0.0 ], [ 117.9468376, 1.4646493, 0.0 ], [ 117.9469252, 1.4646231, 0.0 ], [ 117.9470087, 1.4645988, 0.0 ], [ 117.9470955, 1.464584, 0.0 ], [ 117.9476627, 1.4645135, 0.0 ], [ 117.9477576, 1.4644723, 0.0 ], [ 117.9479476, 1.4643597, 0.0 ], [ 117.9480381, 1.4642923, 0.0 ], [ 117.9489701, 1.4634722, 0.0 ], [ 117.949256, 1.4632422, 0.0 ], [ 117.9493335, 1.463205, 0.0 ], [ 117.9501372, 1.4627564, 0.0 ], [ 117.9505582, 1.4625908, 0.0 ], [ 117.9516386, 1.4621159, 0.0 ], [ 117.9525296, 1.4618441, 0.0 ], [ 117.9526934, 1.4617957, 0.0 ], [ 117.9529115, 1.461725, 0.0 ], [ 117.952995, 1.4617154, 0.0 ], [ 117.953079, 1.4617172, 0.0 ], [ 117.9531731, 1.461726, 0.0 ], [ 117.9532673, 1.4617413, 0.0 ], [ 117.9533608, 1.461759, 0.0 ], [ 117.9543098, 1.4617573, 0.0 ], [ 117.9554836, 1.4613036, 0.0 ], [ 117.9566861, 1.4607081, 0.0 ], [ 117.9580839, 1.4601063, 0.0 ], [ 117.9593079, 1.459613, 0.0 ], [ 117.9606024, 1.4590684, 0.0 ], [ 117.9617378, 1.4586268, 0.0 ], [ 117.9629925, 1.4580649, 0.0 ], [ 117.9630854, 1.4580018, 0.0 ], [ 117.9631677, 1.4579282, 0.0 ], [ 117.963238, 1.4578381, 0.0 ], [ 117.9632985, 1.4577355, 0.0 ], [ 117.9633464, 1.4576251, 0.0 ], [ 117.9637448, 1.4565174, 0.0 ], [ 117.9643721, 1.4558162, 0.0 ], [ 117.9644511, 1.455765, 0.0 ], [ 117.9650885, 1.4554738, 0.0 ], [ 117.9651767, 1.4554077, 0.0 ], [ 117.9652562, 1.4553336, 0.0 ], [ 117.9656148, 1.4549868, 0.0 ], [ 117.9656959, 1.4549377, 0.0 ], [ 117.9657831, 1.4548961, 0.0 ], [ 117.9658793, 1.454866, 0.0 ], [ 117.9659816, 1.4548436, 0.0 ], [ 117.9663913, 1.4547536, 0.0 ], [ 117.9665911, 1.4546806, 0.0 ], [ 117.9666902, 1.4546341, 0.0 ], [ 117.966785, 1.454579, 0.0 ], [ 117.9668729, 1.4545145, 0.0 ], [ 117.9669593, 1.4544462, 0.0 ], [ 117.9677417, 1.4537512, 0.0 ], [ 117.9685335, 1.4531287, 0.0 ], [ 117.9686153, 1.4531113, 0.0 ], [ 117.9687892, 1.4531246, 0.0 ], [ 117.9688794, 1.4531384, 0.0 ], [ 117.9699978, 1.4533187, 0.0 ], [ 117.9700874, 1.4533292, 0.0 ], [ 117.9702545, 1.4533728, 0.0 ], [ 117.9703328, 1.4534168, 0.0 ], [ 117.9704085, 1.4534747, 0.0 ], [ 117.9704828, 1.453542, 0.0 ], [ 117.9705578, 1.4536108, 0.0 ], [ 117.9715546, 1.4544747, 0.0 ], [ 117.9717258, 1.454511, 0.0 ], [ 117.9718186, 1.4545084, 0.0 ], [ 117.9719132, 1.4544905, 0.0 ], [ 117.9720048, 1.4544591, 0.0 ], [ 117.9720918, 1.4544192, 0.0 ], [ 117.9721734, 1.4543747, 0.0 ], [ 117.9731645, 1.4537378, 0.0 ], [ 117.9741205, 1.4530189, 0.0 ], [ 117.9750773, 1.4522644, 0.0 ], [ 117.9763274, 1.4514395, 0.0 ], [ 117.9766445, 1.4512781, 0.0 ], [ 117.9767344, 1.4512437, 0.0 ], [ 117.9776959, 1.4508294, 0.0 ], [ 117.9783349, 1.4504571, 0.0 ], [ 117.9784956, 1.4503579, 0.0 ], [ 117.9788514, 1.4501295, 0.0 ], [ 117.9798075, 1.4490456, 0.0 ], [ 117.9802728, 1.4481799, 0.0 ], [ 117.9804822, 1.4479717, 0.0 ], [ 117.9807572, 1.4477953, 0.0 ], [ 117.9813587, 1.4475423, 0.0 ], [ 117.9827134, 1.4470157, 0.0 ], [ 117.9836622, 1.4466318, 0.0 ], [ 117.9851492, 1.4460046, 0.0 ], [ 117.9866248, 1.4454128, 0.0 ], [ 117.9879356, 1.4448592, 0.0 ], [ 117.9895986, 1.4442451, 0.0 ], [ 117.9910506, 1.4436823, 0.0 ], [ 117.9924626, 1.4431313, 0.0 ], [ 117.9940012, 1.4426341, 0.0 ], [ 117.9944666, 1.4425973, 0.0 ], [ 117.9956555, 1.4425018, 0.0 ], [ 117.9963219, 1.4423323, 0.0 ], [ 117.9971205, 1.4421029, 0.0 ], [ 117.9984212, 1.4417172, 0.0 ], [ 117.9995773, 1.4412817, 0.0 ], [ 118.0005266, 1.4409437, 0.0 ], [ 118.0013933, 1.4406259, 0.0 ], [ 118.0031203, 1.4400292, 0.0 ], [ 118.0050929, 1.4393878, 0.0 ], [ 118.006549, 1.4388905, 0.0 ], [ 118.007421, 1.4386376, 0.0 ], [ 118.0089964, 1.4381419, 0.0 ], [ 118.0101424, 1.4377365, 0.0 ], [ 118.0103514, 1.4376511, 0.0 ], [ 118.0106324, 1.4375357, 0.0 ], [ 118.010684, 1.4375161, 0.0 ], [ 118.010689, 1.4375021, 0.0 ], [ 118.0108785, 1.4374453, 0.0 ], [ 118.0110393, 1.4373938, 0.0 ], [ 118.0112173, 1.4373138, 0.0 ], [ 118.0119212, 1.4370607, 0.0 ], [ 118.01259, 1.4368189, 0.0 ], [ 118.0132445, 1.4365987, 0.0 ], [ 118.0132776, 1.4365588, 0.0 ], [ 118.0132965, 1.4365494, 0.0 ], [ 118.0135644, 1.436454, 0.0 ], [ 118.0141534, 1.4361974, 0.0 ], [ 118.0142387, 1.4361732, 0.0 ], [ 118.0150752, 1.4359136, 0.0 ], [ 118.0159099, 1.4357133, 0.0 ], [ 118.0160018, 1.4357214, 0.0 ], [ 118.0170052, 1.436063, 0.0 ], [ 118.0171896, 1.4361663, 0.0 ], [ 118.0173509, 1.4363073, 0.0 ], [ 118.0174205, 1.436387, 0.0 ], [ 118.0177731, 1.4369133, 0.0 ], [ 118.0178117, 1.4370092, 0.0 ], [ 118.0178323, 1.4370745, 0.0 ], [ 118.0180692, 1.4374017, 0.0 ], [ 118.0182057, 1.4375659, 0.0 ], [ 118.0183873, 1.4377777, 0.0 ], [ 118.0184472, 1.4378255, 0.0 ], [ 118.018716, 1.4380026, 0.0 ], [ 118.0187685, 1.4380242, 0.0 ], [ 118.0194633, 1.4381032, 0.0 ], [ 118.0195534, 1.438099, 0.0 ], [ 118.0204938, 1.4380253, 0.0 ], [ 118.0211793, 1.4378691, 0.0 ], [ 118.0212502, 1.4378149, 0.0 ], [ 118.0213189, 1.4377582, 0.0 ], [ 118.0218793, 1.4372, 0.0 ], [ 118.0225166, 1.4363995, 0.0 ], [ 118.0230253, 1.4356871, 0.0 ], [ 118.023288, 1.4353453, 0.0 ], [ 118.0233443, 1.4352771, 0.0 ], [ 118.0233676, 1.4352429, 0.0 ], [ 118.0233901, 1.4352136, 0.0 ], [ 118.0234081, 1.4351863, 0.0 ], [ 118.023428, 1.4351593, 0.0 ], [ 118.0234493, 1.4351333, 0.0 ], [ 118.0234697, 1.4351078, 0.0 ], [ 118.02349, 1.4350835, 0.0 ], [ 118.0235086, 1.4350588, 0.0 ], [ 118.0235299, 1.4350318, 0.0 ], [ 118.0235535, 1.4350072, 0.0 ], [ 118.0242173, 1.434433, 0.0 ], [ 118.0242499, 1.4344072, 0.0 ], [ 118.024695, 1.4340439, 0.0 ], [ 118.0253512, 1.4334461, 0.0 ], [ 118.0258786, 1.4327532, 0.0 ], [ 118.0261401, 1.4317784, 0.0 ], [ 118.0263202, 1.4307785, 0.0 ], [ 118.0265266, 1.4296949, 0.0 ], [ 118.0268477, 1.4289857, 0.0 ], [ 118.0270466, 1.4286794, 0.0 ], [ 118.0273614, 1.4281315, 0.0 ], [ 118.0275944, 1.4272215, 0.0 ], [ 118.0276111, 1.4271587, 0.0 ], [ 118.0280679, 1.4263804, 0.0 ], [ 118.0290695, 1.4255737, 0.0 ], [ 118.0295488, 1.425095, 0.0 ], [ 118.0295645, 1.4250448, 0.0 ], [ 118.0295802, 1.4249301, 0.0 ], [ 118.0295545, 1.4245862, 0.0 ], [ 118.0295321, 1.424534, 0.0 ], [ 118.0295063, 1.4244852, 0.0 ], [ 118.0294409, 1.4243937, 0.0 ], [ 118.029408, 1.4243531, 0.0 ], [ 118.0293693, 1.424312, 0.0 ], [ 118.0286744, 1.4238351, 0.0 ], [ 118.0284618, 1.4237128, 0.0 ], [ 118.0283365, 1.4235953, 0.0 ], [ 118.0278573, 1.4231647, 0.0 ], [ 118.0275331, 1.4228923, 0.0 ], [ 118.0273887, 1.4228432, 0.0 ], [ 118.0270076, 1.4224998, 0.0 ], [ 118.0264433, 1.4220648, 0.0 ], [ 118.0261514, 1.4218089, 0.0 ], [ 118.0257387, 1.4214352, 0.0 ], [ 118.0253588, 1.4210882, 0.0 ], [ 118.0250284, 1.4207192, 0.0 ], [ 118.0249021, 1.4206178, 0.0 ], [ 118.0248523, 1.4205819, 0.0 ], [ 118.0244823, 1.4202526, 0.0 ], [ 118.0241841, 1.4200151, 0.0 ], [ 118.023899, 1.4197562, 0.0 ], [ 118.0232686, 1.4193117, 0.0 ], [ 118.022867, 1.4188923, 0.0 ], [ 118.0226443, 1.4187215, 0.0 ], [ 118.0226104, 1.4186897, 0.0 ], [ 118.021877, 1.4181273, 0.0 ], [ 118.0216778, 1.4179811, 0.0 ], [ 118.0216356, 1.4179513, 0.0 ], [ 118.0215401, 1.4178843, 0.0 ], [ 118.0214977, 1.4178459, 0.0 ], [ 118.0211289, 1.417471, 0.0 ], [ 118.0207475, 1.4171814, 0.0 ], [ 118.0205531, 1.4170164, 0.0 ], [ 118.0201127, 1.4166028, 0.0 ], [ 118.0196407, 1.4162189, 0.0 ], [ 118.019332, 1.4159526, 0.0 ], [ 118.0187072, 1.4154105, 0.0 ], [ 118.0184569, 1.4152003, 0.0 ], [ 118.0180965, 1.4148597, 0.0 ], [ 118.0174531, 1.414174, 0.0 ], [ 118.0167456, 1.4134521, 0.0 ], [ 118.0160149, 1.4128584, 0.0 ], [ 118.0153502, 1.4122498, 0.0 ], [ 118.0150034, 1.4119641, 0.0 ], [ 118.0145821, 1.4115354, 0.0 ], [ 118.0145006, 1.4114242, 0.0 ], [ 118.0142554, 1.4108486, 0.0 ], [ 118.0142456, 1.4107736, 0.0 ], [ 118.0142449, 1.4107046, 0.0 ], [ 118.014164, 1.4096884, 0.0 ], [ 118.0138207, 1.409014, 0.0 ], [ 118.0134296, 1.4084434, 0.0 ], [ 118.0130402, 1.4080396, 0.0 ], [ 118.0129595, 1.4079463, 0.0 ], [ 118.0127379, 1.4077369, 0.0 ], [ 118.0125314, 1.4076427, 0.0 ], [ 118.0123867, 1.4075818, 0.0 ], [ 118.0118871, 1.4074624, 0.0 ], [ 118.0113228, 1.4073664, 0.0 ], [ 118.0109049, 1.4073211, 0.0 ], [ 118.0106294, 1.4073213, 0.0 ], [ 118.0100919, 1.4073037, 0.0 ], [ 118.01004, 1.4072826, 0.0 ], [ 118.0099461, 1.4072217, 0.0 ], [ 118.0098968, 1.4071847, 0.0 ], [ 118.009856, 1.4071335, 0.0 ], [ 118.0098202, 1.4070756, 0.0 ], [ 118.0097905, 1.4070138, 0.0 ], [ 118.0097632, 1.4069465, 0.0 ], [ 118.0097393, 1.4068725, 0.0 ], [ 118.0097213, 1.4067918, 0.0 ], [ 118.0097092, 1.4067081, 0.0 ], [ 118.0097068, 1.4066311, 0.0 ], [ 118.0097057, 1.4065707, 0.0 ], [ 118.0097074, 1.4065243, 0.0 ], [ 118.0097148, 1.4064833, 0.0 ], [ 118.0097299, 1.4064393, 0.0 ], [ 118.0097572, 1.4063873, 0.0 ], [ 118.0098076, 1.4063269, 0.0 ], [ 118.0098628, 1.4062682, 0.0 ], [ 118.0099203, 1.4062107, 0.0 ], [ 118.0105176, 1.4057824, 0.0 ], [ 118.0107729, 1.4055969, 0.0 ], [ 118.0108698, 1.4055209, 0.0 ], [ 118.0110574, 1.4053667, 0.0 ], [ 118.0112192, 1.4052484, 0.0 ], [ 118.0113938, 1.4051114, 0.0 ], [ 118.0114618, 1.4050513, 0.0 ], [ 118.0117175, 1.4048129, 0.0 ], [ 118.011764, 1.4047655, 0.0 ], [ 118.0118212, 1.4047132, 0.0 ], [ 118.0120942, 1.4045262, 0.0 ], [ 118.0125127, 1.4043289, 0.0 ], [ 118.0125693, 1.4043053, 0.0 ], [ 118.0129912, 1.4041601, 0.0 ], [ 118.0134849, 1.4040487, 0.0 ], [ 118.0135473, 1.4040212, 0.0 ], [ 118.0136053, 1.4039903, 0.0 ], [ 118.0137187, 1.4039196, 0.0 ], [ 118.0137743, 1.4038698, 0.0 ], [ 118.0138814, 1.4037804, 0.0 ], [ 118.014118, 1.4035648, 0.0 ], [ 118.0144823, 1.4031391, 0.0 ], [ 118.0146351, 1.4029466, 0.0 ], [ 118.014803, 1.4027011, 0.0 ], [ 118.0150263, 1.4023501, 0.0 ], [ 118.0152309, 1.4022741, 0.0 ], [ 118.0152324, 1.4022763, 0.0 ], [ 118.0152982, 1.4022885, 0.0 ], [ 118.0154177, 1.4022755, 0.0 ], [ 118.0154988, 1.4022593, 0.0 ], [ 118.0155403, 1.4022521, 0.0 ], [ 118.0155803, 1.4022462, 0.0 ], [ 118.0156203, 1.4022409, 0.0 ], [ 118.0156598, 1.4022352, 0.0 ], [ 118.0157021, 1.4022292, 0.0 ], [ 118.0157944, 1.4022115, 0.0 ], [ 118.0158426, 1.4022006, 0.0 ], [ 118.0160848, 1.402116, 0.0 ], [ 118.0161311, 1.4020898, 0.0 ], [ 118.0166398, 1.4017035, 0.0 ], [ 118.0166925, 1.4016615, 0.0 ], [ 118.0168184, 1.4015868, 0.0 ], [ 118.0168822, 1.4015633, 0.0 ], [ 118.0169498, 1.4015397, 0.0 ], [ 118.0170161, 1.4015185, 0.0 ], [ 118.017157, 1.401488, 0.0 ], [ 118.0177151, 1.4013633, 0.0 ], [ 118.0181609, 1.4012103, 0.0 ], [ 118.018716, 1.4010491, 0.0 ], [ 118.0194961, 1.4010754, 0.0 ], [ 118.0203711, 1.4009731, 0.0 ], [ 118.020447, 1.400969, 0.0 ], [ 118.0213938, 1.4009489, 0.0 ], [ 118.0225989, 1.4010448, 0.0 ], [ 118.022767, 1.4010513, 0.0 ], [ 118.022848, 1.4010646, 0.0 ], [ 118.0228865, 1.4010657, 0.0 ], [ 118.0230509, 1.4010784, 0.0 ], [ 118.0237702, 1.4010401, 0.0 ], [ 118.0238317, 1.4010571, 0.0 ], [ 118.0238707, 1.4010623, 0.0 ], [ 118.023908, 1.4010647, 0.0 ], [ 118.0241565, 1.4010367, 0.0 ], [ 118.02423, 1.4010254, 0.0 ], [ 118.0251534, 1.4009358, 0.0 ], [ 118.0260842, 1.4009573, 0.0 ], [ 118.026818, 1.4010453, 0.0 ], [ 118.0268511, 1.4010458, 0.0 ], [ 118.0268783, 1.4010505, 0.0 ], [ 118.0269147, 1.40106, 0.0 ], [ 118.0269596, 1.4010744, 0.0 ], [ 118.0270067, 1.4010939, 0.0 ], [ 118.0270513, 1.4011167, 0.0 ], [ 118.0270979, 1.4011333, 0.0 ], [ 118.0271939, 1.4011738, 0.0 ], [ 118.0272177, 1.4011867, 0.0 ], [ 118.0275828, 1.4014236, 0.0 ], [ 118.0280946, 1.4017443, 0.0 ], [ 118.0286055, 1.4022612, 0.0 ], [ 118.0286849, 1.4023206, 0.0 ], [ 118.0292958, 1.4026915, 0.0 ], [ 118.0297741, 1.4028735, 0.0 ], [ 118.030006, 1.4029343, 0.0 ], [ 118.0300627, 1.402944, 0.0 ], [ 118.030094, 1.4029364, 0.0 ], [ 118.0301902, 1.4029043, 0.0 ], [ 118.0310176, 1.4028912, 0.0 ], [ 118.0322296, 1.4026929, 0.0 ], [ 118.0325333, 1.4026004, 0.0 ], [ 118.0331404, 1.4023991, 0.0 ], [ 118.0335896, 1.4022974, 0.0 ], [ 118.0336462, 1.4022934, 0.0 ], [ 118.0337077, 1.4022951, 0.0 ], [ 118.0337674, 1.402302, 0.0 ], [ 118.0338244, 1.4023144, 0.0 ], [ 118.0345733, 1.4024953, 0.0 ], [ 118.0347019, 1.4025237, 0.0 ], [ 118.0357073, 1.4027005, 0.0 ], [ 118.036842, 1.4029746, 0.0 ], [ 118.0378363, 1.4034144, 0.0 ], [ 118.0386547, 1.4037793, 0.0 ], [ 118.0390122, 1.4038624, 0.0 ], [ 118.039076, 1.4038593, 0.0 ], [ 118.0391385, 1.4038534, 0.0 ], [ 118.0391969, 1.4038396, 0.0 ], [ 118.0392547, 1.4038188, 0.0 ], [ 118.0393607, 1.4037655, 0.0 ], [ 118.0395098, 1.4036794, 0.0 ], [ 118.0396161, 1.4035822, 0.0 ], [ 118.0396516, 1.4035551, 0.0 ], [ 118.0396928, 1.403528, 0.0 ], [ 118.0397396, 1.4035051, 0.0 ], [ 118.0397814, 1.4034851, 0.0 ], [ 118.0398168, 1.4034633, 0.0 ], [ 118.0398516, 1.4034424, 0.0 ], [ 118.0398776, 1.403432, 0.0 ], [ 118.0402397, 1.4034185, 0.0 ], [ 118.04028, 1.4034286, 0.0 ], [ 118.0403999, 1.4034685, 0.0 ], [ 118.0411094, 1.4038588, 0.0 ], [ 118.0416524, 1.4042335, 0.0 ], [ 118.041795, 1.4043448, 0.0 ], [ 118.0418673, 1.4044436, 0.0 ], [ 118.0418866, 1.4044665, 0.0 ], [ 118.0421076, 1.4047085, 0.0 ], [ 118.0422033, 1.4048094, 0.0 ], [ 118.0427211, 1.4054541, 0.0 ], [ 118.0428444, 1.40551, 0.0 ], [ 118.0429118, 1.4055346, 0.0 ], [ 118.0431219, 1.4055908, 0.0 ], [ 118.043284, 1.4056077, 0.0 ], [ 118.0437549, 1.4056462, 0.0 ], [ 118.0441873, 1.4057435, 0.0 ], [ 118.0447385, 1.4058624, 0.0 ], [ 118.0454646, 1.4057946, 0.0 ], [ 118.0456781, 1.4057415, 0.0 ], [ 118.045734, 1.4057138, 0.0 ], [ 118.0460112, 1.4056062, 0.0 ], [ 118.0468313, 1.4053471, 0.0 ], [ 118.0470093, 1.4053008, 0.0 ], [ 118.0471934, 1.405289, 0.0 ], [ 118.0472538, 1.4052935, 0.0 ], [ 118.0473133, 1.405292, 0.0 ], [ 118.0477479, 1.4052804, 0.0 ], [ 118.0482668, 1.4052209, 0.0 ], [ 118.0483254, 1.4051816, 0.0 ], [ 118.048384, 1.4051528, 0.0 ], [ 118.0489426, 1.4048901, 0.0 ], [ 118.0491205, 1.4047422, 0.0 ], [ 118.0494361, 1.4044057, 0.0 ], [ 118.0495349, 1.4043212, 0.0 ], [ 118.0495911, 1.4042844, 0.0 ], [ 118.0497108, 1.4042197, 0.0 ], [ 118.0497894, 1.404216, 0.0 ], [ 118.049873, 1.4042358, 0.0 ], [ 118.049944, 1.4042459, 0.0 ], [ 118.0500235, 1.4042561, 0.0 ], [ 118.0505087, 1.4042543, 0.0 ], [ 118.0505928, 1.4042382, 0.0 ], [ 118.0506726, 1.4042188, 0.0 ], [ 118.0507439, 1.4041964, 0.0 ], [ 118.0507999, 1.4041678, 0.0 ], [ 118.0508689, 1.4041381, 0.0 ], [ 118.0512641, 1.4039426, 0.0 ], [ 118.0515135, 1.403816, 0.0 ], [ 118.0519935, 1.4035584, 0.0 ], [ 118.0520588, 1.403524, 0.0 ], [ 118.0520895, 1.4035073, 0.0 ], [ 118.0521225, 1.40349, 0.0 ], [ 118.0521624, 1.4034722, 0.0 ], [ 118.0522074, 1.4034555, 0.0 ], [ 118.0522555, 1.4034335, 0.0 ], [ 118.0523052, 1.4034067, 0.0 ], [ 118.052657, 1.4032228, 0.0 ], [ 118.0527214, 1.403203, 0.0 ], [ 118.052992, 1.4031241, 0.0 ], [ 118.0535118, 1.4028367, 0.0 ], [ 118.0535279, 1.4028191, 0.0 ], [ 118.0536111, 1.4027661, 0.0 ], [ 118.0538007, 1.4025913, 0.0 ], [ 118.0538423, 1.4025431, 0.0 ], [ 118.054456, 1.4019928, 0.0 ], [ 118.0551987, 1.4014066, 0.0 ], [ 118.0554619, 1.4011308, 0.0 ], [ 118.0554795, 1.4010608, 0.0 ], [ 118.0556056, 1.4007688, 0.0 ], [ 118.0560336, 1.3998536, 0.0 ], [ 118.0563347, 1.3988757, 0.0 ], [ 118.0564933, 1.3986503, 0.0 ], [ 118.0566058, 1.3985374, 0.0 ], [ 118.0566621, 1.3984979, 0.0 ], [ 118.0568391, 1.3983766, 0.0 ], [ 118.0568859, 1.3983568, 0.0 ], [ 118.0569327, 1.3983431, 0.0 ], [ 118.0569756, 1.3983339, 0.0 ], [ 118.0579538, 1.3981929, 0.0 ], [ 118.059199, 1.3978929, 0.0 ], [ 118.059874, 1.3976993, 0.0 ], [ 118.0599387, 1.3976593, 0.0 ], [ 118.0600003, 1.3976053, 0.0 ], [ 118.0600586, 1.3975474, 0.0 ], [ 118.0601076, 1.3974815, 0.0 ], [ 118.0601469, 1.397405, 0.0 ], [ 118.0601795, 1.3973317, 0.0 ], [ 118.0602063, 1.3972594, 0.0 ], [ 118.0602252, 1.3971775, 0.0 ], [ 118.060235, 1.3970939, 0.0 ], [ 118.0602459, 1.3970122, 0.0 ], [ 118.0604562, 1.3963591, 0.0 ], [ 118.0605094, 1.3963025, 0.0 ], [ 118.0605625, 1.3962429, 0.0 ], [ 118.0606777, 1.3961278, 0.0 ], [ 118.061228, 1.395663, 0.0 ], [ 118.0616292, 1.3956616, 0.0 ], [ 118.061751, 1.3956885, 0.0 ], [ 118.0631642, 1.3954879, 0.0 ], [ 118.0638026, 1.395426, 0.0 ], [ 118.0642413, 1.3953085, 0.0 ], [ 118.0643167, 1.3952932, 0.0 ], [ 118.0644906, 1.3953068, 0.0 ], [ 118.0654597, 1.3951449, 0.0 ], [ 118.0664454, 1.3950283, 0.0 ], [ 118.0667967, 1.3950568, 0.0 ], [ 118.0677573, 1.3952966, 0.0 ], [ 118.0678516, 1.3952996, 0.0 ], [ 118.0690087, 1.3949759, 0.0 ], [ 118.0699883, 1.394757, 0.0 ], [ 118.0709837, 1.3946862, 0.0 ], [ 118.0712902, 1.3947173, 0.0 ], [ 118.0714849, 1.3947103, 0.0 ], [ 118.0715712, 1.3946885, 0.0 ], [ 118.0716505, 1.3946552, 0.0 ], [ 118.0717237, 1.394613, 0.0 ], [ 118.0717975, 1.3945662, 0.0 ], [ 118.0719441, 1.3944877, 0.0 ], [ 118.0722246, 1.3944219, 0.0 ], [ 118.0723639, 1.394453, 0.0 ], [ 118.0724083, 1.3944525, 0.0 ], [ 118.0724577, 1.3944458, 0.0 ], [ 118.0725067, 1.394439, 0.0 ], [ 118.0726227, 1.3944317, 0.0 ], [ 118.07268, 1.394434, 0.0 ], [ 118.0727711, 1.3944255, 0.0 ], [ 118.0728878, 1.394444, 0.0 ], [ 118.0729397, 1.3944499, 0.0 ], [ 118.0730517, 1.394462, 0.0 ], [ 118.0734303, 1.3944433, 0.0 ], [ 118.0735097, 1.394415, 0.0 ], [ 118.073579, 1.3943786, 0.0 ], [ 118.0736455, 1.3943374, 0.0 ], [ 118.073709, 1.3942899, 0.0 ], [ 118.0737692, 1.3942407, 0.0 ], [ 118.0740819, 1.394069, 0.0 ], [ 118.0741462, 1.3940516, 0.0 ], [ 118.0742069, 1.3940374, 0.0 ], [ 118.0742617, 1.3940266, 0.0 ], [ 118.0743184, 1.394018, 0.0 ], [ 118.0747241, 1.3939745, 0.0 ], [ 118.0748507, 1.3939504, 0.0 ], [ 118.075348, 1.3938894, 0.0 ], [ 118.0760769, 1.3937925, 0.0 ], [ 118.0761473, 1.3937496, 0.0 ], [ 118.0763556, 1.3935642, 0.0 ], [ 118.0764136, 1.3934886, 0.0 ], [ 118.0764625, 1.3934129, 0.0 ], [ 118.0768031, 1.3929376, 0.0 ], [ 118.0768994, 1.3928384, 0.0 ], [ 118.0769601, 1.3928048, 0.0 ], [ 118.0770285, 1.3927767, 0.0 ], [ 118.0778847, 1.3924055, 0.0 ], [ 118.0780654, 1.3923332, 0.0 ], [ 118.0782566, 1.392287, 0.0 ], [ 118.0787511, 1.3921881, 0.0 ], [ 118.0788803, 1.3921642, 0.0 ], [ 118.0790905, 1.3921675, 0.0 ], [ 118.0792073, 1.3921646, 0.0 ], [ 118.0793223, 1.39216, 0.0 ], [ 118.0801774, 1.3921537, 0.0 ], [ 118.0803008, 1.3921623, 0.0 ], [ 118.0803229, 1.3921653, 0.0 ], [ 118.0806083, 1.3922323, 0.0 ], [ 118.0810605, 1.3923386, 0.0 ], [ 118.0811147, 1.3923583, 0.0 ], [ 118.0812832, 1.3924215, 0.0 ], [ 118.08208, 1.3926944, 0.0 ], [ 118.0821561, 1.3927092, 0.0 ], [ 118.0822301, 1.3927203, 0.0 ], [ 118.0823059, 1.392721, 0.0 ], [ 118.0823845, 1.3927113, 0.0 ], [ 118.082465, 1.3926961, 0.0 ], [ 118.0825442, 1.3926737, 0.0 ], [ 118.0826185, 1.3926427, 0.0 ], [ 118.0826902, 1.3926141, 0.0 ], [ 118.0827625, 1.3925957, 0.0 ], [ 118.0828351, 1.3925883, 0.0 ], [ 118.0829094, 1.3925921, 0.0 ], [ 118.0829883, 1.3926073, 0.0 ], [ 118.08307, 1.3926279, 0.0 ], [ 118.0834581, 1.3926866, 0.0 ], [ 118.0836054, 1.3926666, 0.0 ], [ 118.0838003, 1.3926366, 0.0 ], [ 118.0838723, 1.3926152, 0.0 ], [ 118.0839125, 1.3926103, 0.0 ], [ 118.0842, 1.392497, 0.0 ], [ 118.0847957, 1.3922635, 0.0 ], [ 118.0851201, 1.3921516, 0.0 ], [ 118.0852184, 1.3921342, 0.0 ], [ 118.0853613, 1.3921819, 0.0 ], [ 118.0854501, 1.3921678, 0.0 ], [ 118.0857465, 1.3921195, 0.0 ], [ 118.0860314, 1.3920704, 0.0 ], [ 118.0862088, 1.3920464, 0.0 ], [ 118.0862705, 1.3920388, 0.0 ], [ 118.0863237, 1.3920245, 0.0 ], [ 118.0864723, 1.3919897, 0.0 ], [ 118.0866122, 1.3919406, 0.0 ], [ 118.0866727, 1.3919195, 0.0 ], [ 118.0866952, 1.391912, 0.0 ], [ 118.0867054, 1.3919087, 0.0 ], [ 118.0867149, 1.3919034, 0.0 ], [ 118.0868161, 1.3918118, 0.0 ], [ 118.086927, 1.3917761, 0.0 ], [ 118.086961, 1.3917675, 0.0 ], [ 118.086983, 1.3917586, 0.0 ], [ 118.0869973, 1.3917482, 0.0 ], [ 118.0870129, 1.3917351, 0.0 ], [ 118.0870276, 1.3917192, 0.0 ], [ 118.087257, 1.3915491, 0.0 ], [ 118.0874409, 1.3914227, 0.0 ], [ 118.0878791, 1.3910253, 0.0 ], [ 118.0880645, 1.3908534, 0.0 ], [ 118.0883317, 1.3905803, 0.0 ], [ 118.0889065, 1.38999, 0.0 ], [ 118.0899299, 1.3892313, 0.0 ], [ 118.0911469, 1.3883487, 0.0 ], [ 118.0920491, 1.3875809, 0.0 ], [ 118.0923716, 1.3872911, 0.0 ], [ 118.093241, 1.3865446, 0.0 ], [ 118.0944529, 1.3855418, 0.0 ], [ 118.0946777, 1.3853419, 0.0 ], [ 118.0946928, 1.3853212, 0.0 ], [ 118.0947355, 1.3852837, 0.0 ], [ 118.094792, 1.3852338, 0.0 ], [ 118.0948547, 1.3851725, 0.0 ], [ 118.0948902, 1.385136, 0.0 ], [ 118.0949313, 1.3850948, 0.0 ], [ 118.0954209, 1.3845907, 0.0 ], [ 118.0964501, 1.383692, 0.0 ], [ 118.0982091, 1.3824853, 0.0 ], [ 118.0995312, 1.381484, 0.0 ], [ 118.1010678, 1.3804698, 0.0 ], [ 118.1025073, 1.3795536, 0.0 ], [ 118.1038447, 1.3788236, 0.0 ], [ 118.105003, 1.3782653, 0.0 ], [ 118.1060312, 1.3778983, 0.0 ], [ 118.1061235, 1.3778875, 0.0 ], [ 118.1062151, 1.3778888, 0.0 ], [ 118.1063083, 1.3779034, 0.0 ], [ 118.1064031, 1.3779212, 0.0 ], [ 118.1066864, 1.3780212, 0.0 ], [ 118.1067723, 1.3780652, 0.0 ], [ 118.1068507, 1.3781136, 0.0 ], [ 118.1069248, 1.3781648, 0.0 ], [ 118.1069955, 1.3782211, 0.0 ], [ 118.1070624, 1.3782859, 0.0 ], [ 118.1071263, 1.3783545, 0.0 ], [ 118.1071845, 1.3784282, 0.0 ], [ 118.1075606, 1.3790274, 0.0 ], [ 118.1078018, 1.3795815, 0.0 ], [ 118.1080232, 1.3801647, 0.0 ], [ 118.1081085, 1.3803767, 0.0 ], [ 118.1085613, 1.3814153, 0.0 ], [ 118.108605, 1.3815334, 0.0 ], [ 118.1087322, 1.3819449, 0.0 ], [ 118.1088332, 1.3823378, 0.0 ], [ 118.1089834, 1.382635, 0.0 ], [ 118.1091534, 1.3828907, 0.0 ], [ 118.1092259, 1.3829559, 0.0 ], [ 118.1093168, 1.383009, 0.0 ], [ 118.1094281, 1.3830517, 0.0 ], [ 118.1095418, 1.3830925, 0.0 ], [ 118.1096599, 1.3831347, 0.0 ], [ 118.1099812, 1.3832935, 0.0 ], [ 118.1100686, 1.3833692, 0.0 ], [ 118.110507, 1.3838374, 0.0 ], [ 118.1106239, 1.3840506, 0.0 ], [ 118.1109794, 1.3847975, 0.0 ], [ 118.1114147, 1.3853103, 0.0 ], [ 118.1115271, 1.3854008, 0.0 ], [ 118.1116454, 1.3854873, 0.0 ], [ 118.1119011, 1.3856371, 0.0 ], [ 118.1120323, 1.3856917, 0.0 ], [ 118.1125344, 1.3858868, 0.0 ], [ 118.1126509, 1.3859575, 0.0 ], [ 118.1127587, 1.3860427, 0.0 ], [ 118.1128599, 1.3861387, 0.0 ], [ 118.112955, 1.3862484, 0.0 ], [ 118.113048, 1.3863667, 0.0 ], [ 118.1135827, 1.3872585, 0.0 ], [ 118.1136668, 1.387371, 0.0 ], [ 118.1137608, 1.3874788, 0.0 ], [ 118.1140514, 1.3878096, 0.0 ], [ 118.1141298, 1.3879321, 0.0 ], [ 118.1142022, 1.388051, 0.0 ], [ 118.1142608, 1.388178, 0.0 ], [ 118.1143061, 1.3883123, 0.0 ], [ 118.11461, 1.389075, 0.0 ], [ 118.1147729, 1.3893765, 0.0 ], [ 118.1147983, 1.3894758, 0.0 ], [ 118.1148163, 1.3895785, 0.0 ], [ 118.114822, 1.3896825, 0.0 ], [ 118.1148245, 1.3897794, 0.0 ], [ 118.1148994, 1.390181, 0.0 ], [ 118.1150073, 1.390296, 0.0 ], [ 118.1150761, 1.3903422, 0.0 ], [ 118.1151529, 1.3903873, 0.0 ], [ 118.1152386, 1.3904297, 0.0 ], [ 118.1153278, 1.3904658, 0.0 ], [ 118.1154202, 1.3904942, 0.0 ], [ 118.1156191, 1.3905204, 0.0 ], [ 118.1162086, 1.3904882, 0.0 ], [ 118.1166218, 1.3904103, 0.0 ], [ 118.1174503, 1.3902601, 0.0 ], [ 118.1175565, 1.3902686, 0.0 ], [ 118.1176657, 1.3902904, 0.0 ], [ 118.1177693, 1.3903451, 0.0 ], [ 118.1178756, 1.3904076, 0.0 ], [ 118.1179797, 1.3904834, 0.0 ], [ 118.1180855, 1.3905716, 0.0 ], [ 118.1185154, 1.390993, 0.0 ], [ 118.1194933, 1.3916999, 0.0 ], [ 118.1206664, 1.392082, 0.0 ], [ 118.1208765, 1.3921858, 0.0 ], [ 118.1209688, 1.3922578, 0.0 ], [ 118.1210525, 1.3923378, 0.0 ], [ 118.1211276, 1.392424, 0.0 ], [ 118.1211937, 1.3925225, 0.0 ], [ 118.121245, 1.3926377, 0.0 ], [ 118.1212897, 1.3927611, 0.0 ], [ 118.121365, 1.393006, 0.0 ], [ 118.1217523, 1.3942636, 0.0 ], [ 118.1217112, 1.3944725, 0.0 ], [ 118.121568, 1.3957072, 0.0 ], [ 118.1214338, 1.3969261, 0.0 ], [ 118.1212841, 1.397602, 0.0 ], [ 118.1212846, 1.3977136, 0.0 ], [ 118.1214588, 1.3989328, 0.0 ], [ 118.1215138, 1.3998214, 0.0 ], [ 118.1215726, 1.4000395, 0.0 ], [ 118.1217187, 1.4003419, 0.0 ], [ 118.1218765, 1.4005199, 0.0 ], [ 118.1224744, 1.4011359, 0.0 ], [ 118.1231374, 1.4018223, 0.0 ], [ 118.1233136, 1.4019204, 0.0 ], [ 118.1234136, 1.4019575, 0.0 ], [ 118.1243521, 1.4021017, 0.0 ], [ 118.1248635, 1.4020308, 0.0 ], [ 118.1252196, 1.4019813, 0.0 ], [ 118.1254335, 1.4020075, 0.0 ], [ 118.1255364, 1.402036, 0.0 ], [ 118.1256286, 1.4020731, 0.0 ], [ 118.125721, 1.4021185, 0.0 ], [ 118.1258134, 1.4021672, 0.0 ], [ 118.1259037, 1.4022167, 0.0 ], [ 118.1262596, 1.4024316, 0.0 ], [ 118.1263516, 1.4024854, 0.0 ], [ 118.1268078, 1.4027479, 0.0 ], [ 118.1270371, 1.4028309, 0.0 ], [ 118.1270863, 1.4028487, 0.0 ], [ 118.1271378, 1.4028686, 0.0 ], [ 118.1271899, 1.4028925, 0.0 ], [ 118.1272429, 1.4029193, 0.0 ], [ 118.1273582, 1.4029997, 0.0 ], [ 118.1274189, 1.4030544, 0.0 ], [ 118.1274772, 1.4031189, 0.0 ], [ 118.127582, 1.4032833, 0.0 ], [ 118.1276278, 1.4033743, 0.0 ], [ 118.1276623, 1.4034654, 0.0 ], [ 118.1276879, 1.4035582, 0.0 ], [ 118.1277048, 1.403656, 0.0 ], [ 118.127741, 1.4039296, 0.0 ], [ 118.1277603, 1.4039806, 0.0 ], [ 118.12778, 1.4040342, 0.0 ], [ 118.1278493, 1.4041368, 0.0 ], [ 118.1283799, 1.4047644, 0.0 ], [ 118.1293949, 1.4054526, 0.0 ], [ 118.1299405, 1.4056462, 0.0 ], [ 118.1300601, 1.4057002, 0.0 ], [ 118.1301052, 1.4057068, 0.0 ], [ 118.130156, 1.4057135, 0.0 ], [ 118.1302205, 1.4057199, 0.0 ], [ 118.1302954, 1.4057245, 0.0 ], [ 118.1311857, 1.4056512, 0.0 ], [ 118.1320687, 1.4058375, 0.0 ], [ 118.1321863, 1.4058945, 0.0 ], [ 118.1322983, 1.4059629, 0.0 ], [ 118.133245, 1.4063438, 0.0 ], [ 118.1338814, 1.4064552, 0.0 ], [ 118.1345532, 1.4065886, 0.0 ], [ 118.1348212, 1.4066338, 0.0 ], [ 118.1349591, 1.4066379, 0.0 ], [ 118.1361904, 1.4066142, 0.0 ], [ 118.136309, 1.4066584, 0.0 ], [ 118.1364287, 1.4067109, 0.0 ], [ 118.1375608, 1.4071122, 0.0 ], [ 118.137936, 1.4072571, 0.0 ], [ 118.1380495, 1.4073254, 0.0 ], [ 118.1387554, 1.4079616, 0.0 ], [ 118.1393849, 1.4084879, 0.0 ], [ 118.1406932, 1.4094268, 0.0 ], [ 118.1410965, 1.4097954, 0.0 ], [ 118.1411774, 1.4099068, 0.0 ], [ 118.1413124, 1.4101374, 0.0 ], [ 118.1413678, 1.4102555, 0.0 ], [ 118.1414162, 1.4103681, 0.0 ], [ 118.1414477, 1.4104758, 0.0 ], [ 118.1414639, 1.4105863, 0.0 ], [ 118.1414337, 1.4107301, 0.0 ], [ 118.141425, 1.4108585, 0.0 ], [ 118.1415822, 1.4118336, 0.0 ], [ 118.1416336, 1.4119063, 0.0 ], [ 118.1416941, 1.4119708, 0.0 ], [ 118.1417685, 1.4120292, 0.0 ], [ 118.141852, 1.4120769, 0.0 ], [ 118.1419475, 1.4121117, 0.0 ], [ 118.1420516, 1.4121309, 0.0 ], [ 118.1432089, 1.4124828, 0.0 ], [ 118.1443267, 1.4128961, 0.0 ], [ 118.1444402, 1.4129662, 0.0 ], [ 118.144508, 1.4130736, 0.0 ], [ 118.1445879, 1.413174, 0.0 ], [ 118.1446411, 1.4132913, 0.0 ], [ 118.1446934, 1.4134116, 0.0 ], [ 118.1447361, 1.4135414, 0.0 ], [ 118.1447805, 1.4136734, 0.0 ], [ 118.1451684, 1.414396, 0.0 ], [ 118.1452525, 1.4144818, 0.0 ], [ 118.1455445, 1.4146858, 0.0 ], [ 118.146697, 1.415463, 0.0 ], [ 118.1470115, 1.4157039, 0.0 ], [ 118.1472043, 1.4159024, 0.0 ], [ 118.14759, 1.4163083, 0.0 ], [ 118.1480015, 1.4168576, 0.0 ], [ 118.1480165, 1.4169633, 0.0 ], [ 118.1480033, 1.4170735, 0.0 ], [ 118.1479081, 1.4173204, 0.0 ], [ 118.1478456, 1.4174347, 0.0 ], [ 118.1477682, 1.4178357, 0.0 ], [ 118.1478052, 1.4179199, 0.0 ], [ 118.1478668, 1.4180044, 0.0 ], [ 118.147977, 1.4180875, 0.0 ], [ 118.1480631, 1.418166, 0.0 ], [ 118.1481517, 1.4182408, 0.0 ], [ 118.1482446, 1.4183156, 0.0 ], [ 118.1486417, 1.4187515, 0.0 ], [ 118.1486947, 1.4188518, 0.0 ], [ 118.1487365, 1.4189535, 0.0 ], [ 118.1488, 1.4191642, 0.0 ], [ 118.1489773, 1.4202552, 0.0 ], [ 118.1490117, 1.420741, 0.0 ], [ 118.1490185, 1.4211292, 0.0 ], [ 118.1491254, 1.4217489, 0.0 ], [ 118.1495766, 1.4230633, 0.0 ], [ 118.1495742, 1.4232793, 0.0 ], [ 118.1495874, 1.4236279, 0.0 ], [ 118.1496126, 1.4237357, 0.0 ], [ 118.1496471, 1.4238388, 0.0 ], [ 118.1496933, 1.4239399, 0.0 ], [ 118.1497523, 1.4240386, 0.0 ], [ 118.1498298, 1.4241294, 0.0 ], [ 118.1499219, 1.4242145, 0.0 ], [ 118.1501035, 1.4243683, 0.0 ], [ 118.1502147, 1.4244504, 0.0 ], [ 118.1503042, 1.4245424, 0.0 ], [ 118.1507599, 1.4249772, 0.0 ], [ 118.1508591, 1.42501, 0.0 ], [ 118.1509574, 1.4250225, 0.0 ], [ 118.151042, 1.4250181, 0.0 ], [ 118.1510971, 1.4250129, 0.0 ], [ 118.1513157, 1.4250002, 0.0 ], [ 118.1513685, 1.4249981, 0.0 ], [ 118.1516321, 1.4249795, 0.0 ], [ 118.1517404, 1.4249824, 0.0 ], [ 118.1518002, 1.4249881, 0.0 ], [ 118.1518682, 1.4249988, 0.0 ], [ 118.1521064, 1.4250681, 0.0 ], [ 118.1531868, 1.4254783, 0.0 ], [ 118.1536708, 1.4255699, 0.0 ], [ 118.1540823, 1.4255332, 0.0 ], [ 118.1550658, 1.4252418, 0.0 ], [ 118.1566644, 1.4246334, 0.0 ], [ 118.1574991, 1.4243223, 0.0 ], [ 118.1575921, 1.4242897, 0.0 ], [ 118.1581703, 1.4241133, 0.0 ], [ 118.1595917, 1.4236834, 0.0 ], [ 118.1612522, 1.4232424, 0.0 ], [ 118.1626035, 1.4226049, 0.0 ], [ 118.1638461, 1.4220635, 0.0 ], [ 118.1653153, 1.4215963, 0.0 ], [ 118.166729, 1.4215919, 0.0 ], [ 118.1668973, 1.4216108, 0.0 ], [ 118.1687638, 1.4218729, 0.0 ], [ 118.1708542, 1.4220846, 0.0 ], [ 118.1715576, 1.4221477, 0.0 ], [ 118.1722418, 1.4222063, 0.0 ], [ 118.1736567, 1.4221558, 0.0 ], [ 118.1748379, 1.4221675, 0.0 ], [ 118.1759982, 1.4220755, 0.0 ], [ 118.1774089, 1.4218346, 0.0 ], [ 118.1779548, 1.4218369, 0.0 ], [ 118.1780709, 1.4218648, 0.0 ], [ 118.179369, 1.4222454, 0.0 ], [ 118.1797012, 1.4223516, 0.0 ], [ 118.1800176, 1.4224432, 0.0 ], [ 118.1806029, 1.4225284, 0.0 ], [ 118.1807438, 1.4225182, 0.0 ], [ 118.1808849, 1.4224977, 0.0 ], [ 118.1811654, 1.4224309, 0.0 ], [ 118.181733, 1.4222018, 0.0 ], [ 118.181869, 1.4221089, 0.0 ], [ 118.1819923, 1.4220012, 0.0 ], [ 118.1821142, 1.4218822, 0.0 ], [ 118.1832546, 1.420818, 0.0 ], [ 118.1836476, 1.4205838, 0.0 ], [ 118.1844006, 1.4201065, 0.0 ], [ 118.1845032, 1.4200029, 0.0 ], [ 118.1853805, 1.4188293, 0.0 ], [ 118.1859003, 1.4180709, 0.0 ], [ 118.1860173, 1.4178951, 0.0 ], [ 118.186053, 1.4178428, 0.0 ], [ 118.1861287, 1.4177366, 0.0 ], [ 118.1861828, 1.4176803, 0.0 ], [ 118.1869794, 1.4167697, 0.0 ], [ 118.1875125, 1.4163233, 0.0 ], [ 118.1876084, 1.4162796, 0.0 ], [ 118.1877153, 1.4162421, 0.0 ], [ 118.1878531, 1.4162335, 0.0 ], [ 118.1879883, 1.4162248, 0.0 ], [ 118.1896133, 1.416236, 0.0 ], [ 118.1916577, 1.4162242, 0.0 ], [ 118.1936119, 1.4162287, 0.0 ], [ 118.1952485, 1.4161975, 0.0 ], [ 118.1958579, 1.4161874, 0.0 ], [ 118.1964069, 1.416182, 0.0 ], [ 118.1964768, 1.4161791, 0.0 ], [ 118.1965948, 1.4161521, 0.0 ], [ 118.1966791, 1.416153, 0.0 ], [ 118.1972552, 1.4161706, 0.0 ], [ 118.1974636, 1.4161767, 0.0 ], [ 118.1980975, 1.4161769, 0.0 ], [ 118.1990846, 1.4161821, 0.0 ], [ 118.2003797, 1.41619, 0.0 ], [ 118.2008643, 1.4161778, 0.0 ], [ 118.2026938, 1.4161586, 0.0 ], [ 118.204892, 1.4161349, 0.0 ], [ 118.2068162, 1.4160379, 0.0 ], [ 118.2088938, 1.4160255, 0.0 ], [ 118.210785, 1.4159965, 0.0 ], [ 118.2138374, 1.4159034, 0.0 ], [ 118.2162477, 1.4158531, 0.0 ], [ 118.2188983, 1.415779, 0.0 ], [ 118.2214897, 1.4156365, 0.0 ], [ 118.2236951, 1.4155117, 0.0 ], [ 118.2249819, 1.4151084, 0.0 ], [ 118.2254441, 1.4148582, 0.0 ], [ 118.2256085, 1.4146612, 0.0 ], [ 118.2256907, 1.4145916, 0.0 ], [ 118.2257333, 1.4145645, 0.0 ], [ 118.225777, 1.414534, 0.0 ], [ 118.2258794, 1.4144599, 0.0 ], [ 118.2265866, 1.41388, 0.0 ], [ 118.2278771, 1.4127837, 0.0 ], [ 118.2290496, 1.4117685, 0.0 ], [ 118.2305465, 1.410746, 0.0 ], [ 118.2315095, 1.4097544, 0.0 ], [ 118.2322983, 1.4085168, 0.0 ], [ 118.2324165, 1.4084397, 0.0 ], [ 118.2325591, 1.4083735, 0.0 ], [ 118.2327083, 1.4083177, 0.0 ], [ 118.2328592, 1.4082671, 0.0 ], [ 118.2347387, 1.4077523, 0.0 ], [ 118.2363976, 1.4073172, 0.0 ], [ 118.2381416, 1.4068294, 0.0 ], [ 118.2392688, 1.4067247, 0.0 ], [ 118.2394234, 1.4067563, 0.0 ], [ 118.2395771, 1.4068078, 0.0 ], [ 118.2397333, 1.4068747, 0.0 ], [ 118.2398873, 1.4069572, 0.0 ], [ 118.2400437, 1.4070438, 0.0 ], [ 118.2410218, 1.407487, 0.0 ], [ 118.2411836, 1.4075226, 0.0 ], [ 118.2429776, 1.4075996, 0.0 ], [ 118.2457365, 1.4075479, 0.0 ], [ 118.2485638, 1.407506, 0.0 ], [ 118.2513144, 1.4074435, 0.0 ], [ 118.2541358, 1.4074205, 0.0 ], [ 118.2566811, 1.4073776, 0.0 ], [ 118.2595553, 1.4073878, 0.0 ], [ 118.2619674, 1.4073852, 0.0 ], [ 118.2634216, 1.4072162, 0.0 ], [ 118.2644122, 1.4066548, 0.0 ], [ 118.2653485, 1.4062138, 0.0 ], [ 118.2654837, 1.4062079, 0.0 ], [ 118.2656241, 1.4062234, 0.0 ], [ 118.2659211, 1.4063253, 0.0 ], [ 118.2660761, 1.4063834, 0.0 ], [ 118.2679814, 1.4070158, 0.0 ], [ 118.2699643, 1.4070735, 0.0 ], [ 118.2719698, 1.406834, 0.0 ], [ 118.2733278, 1.4065804, 0.0 ], [ 118.2744446, 1.4068768, 0.0 ], [ 118.2747293, 1.4070295, 0.0 ], [ 118.2759783, 1.4080138, 0.0 ], [ 118.2762832, 1.4082156, 0.0 ], [ 118.2777487, 1.4088956, 0.0 ], [ 118.2799989, 1.4096238, 0.0 ], [ 118.2820376, 1.4103438, 0.0 ], [ 118.2836902, 1.4112715, 0.0 ], [ 118.2847378, 1.4118349, 0.0 ], [ 118.2848664, 1.4118739, 0.0 ], [ 118.2852777, 1.411941, 0.0 ], [ 118.2854266, 1.4119397, 0.0 ], [ 118.2867252, 1.4118292, 0.0 ], [ 118.2871314, 1.4118676, 0.0 ], [ 118.2872708, 1.4119008, 0.0 ], [ 118.2874128, 1.4119433, 0.0 ], [ 118.2875565, 1.4119955, 0.0 ], [ 118.2890392, 1.4126436, 0.0 ], [ 118.2906171, 1.4133339, 0.0 ], [ 118.2915321, 1.4135611, 0.0 ], [ 118.2920494, 1.4135542, 0.0 ], [ 118.2939395, 1.4133067, 0.0 ], [ 118.2958634, 1.4132392, 0.0 ], [ 118.2981015, 1.4133801, 0.0 ], [ 118.3005114, 1.4132733, 0.0 ], [ 118.3031392, 1.4131426, 0.0 ], [ 118.3060204, 1.4130963, 0.0 ], [ 118.3087121, 1.4130045, 0.0 ], [ 118.3112357, 1.4129086, 0.0 ], [ 118.3140506, 1.412935, 0.0 ], [ 118.3152451, 1.4130915, 0.0 ], [ 118.3155137, 1.4131168, 0.0 ], [ 118.3165348, 1.4132533, 0.0 ], [ 118.3170677, 1.4133451, 0.0 ], [ 118.3181078, 1.4134469, 0.0 ], [ 118.318591, 1.4135038, 0.0 ], [ 118.3200968, 1.4136948, 0.0 ], [ 118.3205905, 1.4137583, 0.0 ], [ 118.3228105, 1.4140744, 0.0 ], [ 118.3232974, 1.4141206, 0.0 ], [ 118.3235419, 1.4141403, 0.0 ], [ 118.3247917, 1.4142608, 0.0 ], [ 118.3257491, 1.4143681, 0.0 ], [ 118.3268798, 1.414491, 0.0 ], [ 118.3277842, 1.4145938, 0.0 ], [ 118.3284484, 1.4146657, 0.0 ], [ 118.3309641, 1.4149057, 0.0 ], [ 118.332718, 1.415059, 0.0 ], [ 118.3348425, 1.4151729, 0.0 ], [ 118.3366864, 1.415272, 0.0 ], [ 118.3378997, 1.4153531, 0.0 ], [ 118.3384887, 1.4154021, 0.0 ], [ 118.3401988, 1.4155969, 0.0 ], [ 118.3408699, 1.4157005, 0.0 ], [ 118.3410826, 1.4157191, 0.0 ], [ 118.3410669, 1.4158661, 0.0 ], [ 118.3410332, 1.4159028, 0.0 ], [ 118.3409636, 1.4159964, 0.0 ], [ 118.3408658, 1.416152, 0.0 ], [ 118.340771, 1.4163129, 0.0 ], [ 118.3404007, 1.4170726, 0.0 ], [ 118.3399931, 1.4179396, 0.0 ], [ 118.3396359, 1.4185746, 0.0 ], [ 118.3389253, 1.420034, 0.0 ], [ 118.3377732, 1.422454, 0.0 ], [ 118.3369722, 1.4240554, 0.0 ], [ 118.3368416, 1.424328, 0.0 ], [ 118.3367163, 1.4246027, 0.0 ], [ 118.336596, 1.4248842, 0.0 ], [ 118.3361205, 1.4259022, 0.0 ], [ 118.3360329, 1.4260553, 0.0 ], [ 118.3359438, 1.4262092, 0.0 ], [ 118.3357672, 1.4265183, 0.0 ], [ 118.3356823, 1.4266676, 0.0 ], [ 118.3345742, 1.4286893, 0.0 ], [ 118.333913, 1.4301321, 0.0 ], [ 118.3332108, 1.4315187, 0.0 ], [ 118.3322503, 1.4333963, 0.0 ], [ 118.3316862, 1.4345846, 0.0 ], [ 118.3308031, 1.4365204, 0.0 ], [ 118.3299084, 1.4383026, 0.0 ], [ 118.3286262, 1.4402076, 0.0 ], [ 118.3272679, 1.4416707, 0.0 ], [ 118.3255184, 1.4433523, 0.0 ], [ 118.3239508, 1.4447424, 0.0 ], [ 118.3230376, 1.4454439, 0.0 ], [ 118.3229283, 1.4455718, 0.0 ], [ 118.3228243, 1.4457119, 0.0 ], [ 118.3227284, 1.4458629, 0.0 ], [ 118.3226377, 1.4460232, 0.0 ], [ 118.3223906, 1.4465273, 0.0 ], [ 118.3222191, 1.4468449, 0.0 ], [ 118.3221331, 1.4470006, 0.0 ], [ 118.3219417, 1.4473078, 0.0 ], [ 118.3218213, 1.4474557, 0.0 ], [ 118.3216837, 1.4475998, 0.0 ], [ 118.3215327, 1.4477397, 0.0 ], [ 118.3204436, 1.4487466, 0.0 ], [ 118.3188244, 1.4506129, 0.0 ], [ 118.3180113, 1.4515268, 0.0 ], [ 118.3178659, 1.451689, 0.0 ], [ 118.3166206, 1.4530601, 0.0 ], [ 118.3157832, 1.4539813, 0.0 ], [ 118.3140151, 1.4558699, 0.0 ], [ 118.312321, 1.4577406, 0.0 ], [ 118.311379, 1.458777, 0.0 ], [ 118.3109261, 1.4592803, 0.0 ], [ 118.3108149, 1.4594003, 0.0 ], [ 118.309483, 1.4609043, 0.0 ], [ 118.3077842, 1.4629128, 0.0 ], [ 118.3060461, 1.4648972, 0.0 ], [ 118.3042006, 1.4669657, 0.0 ], [ 118.3038562, 1.467353, 0.0 ], [ 118.303589, 1.4676651, 0.0 ], [ 118.3034454, 1.4678253, 0.0 ], [ 118.3031537, 1.4681323, 0.0 ], [ 118.3017534, 1.4696119, 0.0 ], [ 118.2999845, 1.4710853, 0.0 ], [ 118.2989041, 1.4723954, 0.0 ], [ 118.2979721, 1.4736258, 0.0 ], [ 118.2974837, 1.4743129, 0.0 ], [ 118.2968781, 1.4750542, 0.0 ], [ 118.2954774, 1.4767186, 0.0 ], [ 118.294261, 1.4777477, 0.0 ], [ 118.2926565, 1.4795775, 0.0 ], [ 118.2912573, 1.4809899, 0.0 ], [ 118.2895657, 1.482667, 0.0 ], [ 118.2879475, 1.4842795, 0.0 ], [ 118.2876813, 1.4844506, 0.0 ], [ 118.2875361, 1.4845284, 0.0 ], [ 118.2854518, 1.4853953, 0.0 ], [ 118.2837101, 1.4861903, 0.0 ], [ 118.2814653, 1.4872183, 0.0 ], [ 118.2792396, 1.4882299, 0.0 ], [ 118.27704, 1.4892282, 0.0 ], [ 118.2749077, 1.4901717, 0.0 ], [ 118.2734712, 1.490727, 0.0 ], [ 118.2717345, 1.4912982, 0.0 ], [ 118.2696884, 1.4923597, 0.0 ], [ 118.2676872, 1.4933311, 0.0 ], [ 118.2660119, 1.493838, 0.0 ], [ 118.2645967, 1.4938118, 0.0 ], [ 118.2634659, 1.4941327, 0.0 ], [ 118.2633271, 1.4942278, 0.0 ], [ 118.2631964, 1.4943328, 0.0 ], [ 118.2622581, 1.4952754, 0.0 ], [ 118.2618222, 1.495624, 0.0 ], [ 118.2601769, 1.496523, 0.0 ], [ 118.2579362, 1.4977106, 0.0 ], [ 118.2567002, 1.4983654, 0.0 ], [ 118.2550819, 1.4990217, 0.0 ], [ 118.2535382, 1.4994249, 0.0 ], [ 118.2519395, 1.4995165, 0.0 ], [ 118.2502389, 1.4993133, 0.0 ], [ 118.2477983, 1.4990923, 0.0 ], [ 118.2460985, 1.4989763, 0.0 ], [ 118.2446652, 1.4990797, 0.0 ], [ 118.2438956, 1.4994389, 0.0 ], [ 118.243797, 1.4995185, 0.0 ], [ 118.2437013, 1.4996106, 0.0 ], [ 118.243614, 1.4997197, 0.0 ], [ 118.2435301, 1.4998378, 0.0 ], [ 118.2434514, 1.4999631, 0.0 ], [ 118.2433766, 1.5000954, 0.0 ], [ 118.2426414, 1.5016954, 0.0 ], [ 118.2414485, 1.50371, 0.0 ], [ 118.2399935, 1.5056597, 0.0 ], [ 118.2398856, 1.505774, 0.0 ], [ 118.2389145, 1.5064, 0.0 ], [ 118.2376822, 1.5068413, 0.0 ], [ 118.2350861, 1.5080097, 0.0 ], [ 118.2323009, 1.5092987, 0.0 ], [ 118.230486, 1.5100803, 0.0 ], [ 118.2282122, 1.5110847, 0.0 ], [ 118.2279458, 1.5112473, 0.0 ], [ 118.2278291, 1.5113471, 0.0 ], [ 118.2277299, 1.5114582, 0.0 ], [ 118.2276486, 1.5115824, 0.0 ], [ 118.2275831, 1.5117186, 0.0 ], [ 118.227533, 1.511872, 0.0 ], [ 118.2274944, 1.5120356, 0.0 ], [ 118.2274655, 1.5122079, 0.0 ], [ 118.2274476, 1.5123817, 0.0 ], [ 118.2274507, 1.5125583, 0.0 ], [ 118.2274632, 1.5127359, 0.0 ], [ 118.2274822, 1.5129141, 0.0 ], [ 118.2278977, 1.5143954, 0.0 ], [ 118.227992, 1.5145395, 0.0 ], [ 118.2281033, 1.5146768, 0.0 ], [ 118.2290991, 1.5160606, 0.0 ], [ 118.2291495, 1.516213, 0.0 ], [ 118.2291856, 1.5163698, 0.0 ], [ 118.229213, 1.5165304, 0.0 ], [ 118.2292379, 1.5166929, 0.0 ], [ 118.2295119, 1.5190574, 0.0 ], [ 118.2293572, 1.5209812, 0.0 ], [ 118.2289564, 1.5227373, 0.0 ], [ 118.2287919, 1.523693, 0.0 ], [ 118.2287996, 1.5238691, 0.0 ], [ 118.2288257, 1.5240382, 0.0 ], [ 118.2288685, 1.5241989, 0.0 ], [ 118.2289294, 1.5243463, 0.0 ], [ 118.2290037, 1.5244828, 0.0 ], [ 118.2291073, 1.5245929, 0.0 ], [ 118.2292355, 1.5246832, 0.0 ], [ 118.2293713, 1.524749, 0.0 ], [ 118.229527, 1.5247917, 0.0 ], [ 118.229693, 1.5248243, 0.0 ], [ 118.2311944, 1.5250119, 0.0 ], [ 118.2336898, 1.5253001, 0.0 ], [ 118.2338756, 1.5253207, 0.0 ], [ 118.2347071, 1.5255134, 0.0 ], [ 118.2348497, 1.5255851, 0.0 ], [ 118.2349899, 1.5256681, 0.0 ], [ 118.2351302, 1.5257588, 0.0 ], [ 118.2365186, 1.5269055, 0.0 ], [ 118.2379213, 1.5284048, 0.0 ], [ 118.2386187, 1.5293476, 0.0 ], [ 118.2386714, 1.529506, 0.0 ], [ 118.2387147, 1.529672, 0.0 ], [ 118.2391489, 1.5316046, 0.0 ], [ 118.2393299, 1.533329, 0.0 ], [ 118.2396132, 1.5345848, 0.0 ], [ 118.2396341, 1.5347249, 0.0 ], [ 118.2396431, 1.5348624, 0.0 ], [ 118.2396374, 1.5349973, 0.0 ], [ 118.2396121, 1.5351306, 0.0 ], [ 118.2395638, 1.5352669, 0.0 ], [ 118.2394968, 1.5354055, 0.0 ], [ 118.2394195, 1.5355466, 0.0 ], [ 118.2393432, 1.5356913, 0.0 ], [ 118.2392343, 1.535825, 0.0 ], [ 118.2386535, 1.5365646, 0.0 ], [ 118.2386045, 1.536706, 0.0 ], [ 118.2385708, 1.536854, 0.0 ], [ 118.2385598, 1.5370078, 0.0 ], [ 118.2385638, 1.5371665, 0.0 ], [ 118.2385788, 1.5373306, 0.0 ], [ 118.2385687, 1.5388026, 0.0 ], [ 118.2385282, 1.5389484, 0.0 ], [ 118.238469, 1.5390903, 0.0 ], [ 118.2383924, 1.5392291, 0.0 ], [ 118.2376187, 1.5405131, 0.0 ], [ 118.2375744, 1.5406454, 0.0 ], [ 118.2374768, 1.5410375, 0.0 ], [ 118.2374339, 1.5411478, 0.0 ], [ 118.2373779, 1.5412407, 0.0 ], [ 118.2373118, 1.5413161, 0.0 ], [ 118.2372401, 1.5413765, 0.0 ], [ 118.2371602, 1.54143, 0.0 ], [ 118.2370764, 1.5414848, 0.0 ], [ 118.2369895, 1.5415432, 0.0 ], [ 118.2368196, 1.5416854, 0.0 ], [ 118.2367428, 1.5417725, 0.0 ], [ 118.2366758, 1.5418662, 0.0 ], [ 118.2365672, 1.5420729, 0.0 ], [ 118.2365325, 1.5421891, 0.0 ], [ 118.2365159, 1.5423108, 0.0 ], [ 118.2365066, 1.542438, 0.0 ], [ 118.2364983, 1.5425688, 0.0 ], [ 118.2365126, 1.5434133, 0.0 ], [ 118.236591, 1.5438627, 0.0 ], [ 118.2366377, 1.544005, 0.0 ], [ 118.236943, 1.5446318, 0.0 ], [ 118.2369781, 1.5447514, 0.0 ], [ 118.2370013, 1.544876, 0.0 ], [ 118.2370097, 1.5450072, 0.0 ], [ 118.2370018, 1.5451442, 0.0 ], [ 118.2369764, 1.5452837, 0.0 ], [ 118.236941, 1.545425, 0.0 ], [ 118.2368982, 1.5455657, 0.0 ], [ 118.2367693, 1.5458365, 0.0 ], [ 118.2366811, 1.5459673, 0.0 ], [ 118.2365795, 1.5460972, 0.0 ], [ 118.2364667, 1.5462268, 0.0 ], [ 118.2363509, 1.5463509, 0.0 ], [ 118.2352085, 1.5474476, 0.0 ], [ 118.2340067, 1.5480926, 0.0 ], [ 118.232763, 1.5485998, 0.0 ], [ 118.2324357, 1.5489659, 0.0 ], [ 118.2323497, 1.5490995, 0.0 ], [ 118.2318766, 1.5496631, 0.0 ], [ 118.2317692, 1.5497382, 0.0 ], [ 118.2315379, 1.5498606, 0.0 ], [ 118.2312742, 1.5499436, 0.0 ], [ 118.2311288, 1.5499588, 0.0 ], [ 118.2309707, 1.5499519, 0.0 ], [ 118.2299284, 1.5498915, 0.0 ], [ 118.2283894, 1.5501595, 0.0 ], [ 118.2270908, 1.5505409, 0.0 ], [ 118.2269936, 1.5505878, 0.0 ], [ 118.2262155, 1.5512849, 0.0 ], [ 118.2254882, 1.5519287, 0.0 ], [ 118.2244499, 1.5525907, 0.0 ], [ 118.2225516, 1.5533907, 0.0 ], [ 118.2220279, 1.5536334, 0.0 ], [ 118.2217313, 1.5536916, 0.0 ], [ 118.2202323, 1.554097, 0.0 ], [ 118.2192809, 1.554333, 0.0 ], [ 118.2191424, 1.5544063, 0.0 ], [ 118.2190048, 1.5544881, 0.0 ], [ 118.2178839, 1.5551981, 0.0 ], [ 118.2176039, 1.555322, 0.0 ], [ 118.2174557, 1.5553673, 0.0 ], [ 118.2173031, 1.5553988, 0.0 ], [ 118.2171378, 1.5554175, 0.0 ], [ 118.2169698, 1.5554282, 0.0 ], [ 118.2167965, 1.5554332, 0.0 ], [ 118.2148899, 1.5555837, 0.0 ], [ 118.2131521, 1.5559541, 0.0 ], [ 118.2121954, 1.5564741, 0.0 ], [ 118.2111082, 1.5576931, 0.0 ], [ 118.2098248, 1.5594805, 0.0 ], [ 118.2088994, 1.5603577, 0.0 ], [ 118.2073628, 1.5612239, 0.0 ], [ 118.2056788, 1.562164, 0.0 ], [ 118.2055888, 1.562269, 0.0 ], [ 118.2055288, 1.5623904, 0.0 ], [ 118.2054793, 1.5625159, 0.0 ], [ 118.2054379, 1.5626486, 0.0 ], [ 118.2053958, 1.5627883, 0.0 ], [ 118.2053602, 1.5629348, 0.0 ], [ 118.2053792, 1.5642184, 0.0 ], [ 118.2058579, 1.5660046, 0.0 ], [ 118.2065742, 1.568452, 0.0 ], [ 118.2069315, 1.5700725, 0.0 ], [ 118.2067461, 1.5722914, 0.0 ], [ 118.2065107, 1.5737977, 0.0 ], [ 118.2062869, 1.5749513, 0.0 ], [ 118.206224, 1.5756188, 0.0 ], [ 118.206199, 1.5758898, 0.0 ], [ 118.20614, 1.5762513, 0.0 ], [ 118.2060388, 1.5764019, 0.0 ], [ 118.2059721, 1.5764668, 0.0 ], [ 118.2058938, 1.5765208, 0.0 ], [ 118.2058065, 1.5765692, 0.0 ], [ 118.2057023, 1.5766059, 0.0 ], [ 118.2051351, 1.57689, 0.0 ], [ 118.2049323, 1.5768853, 0.0 ], [ 118.2048425, 1.5769296, 0.0 ], [ 118.2047448, 1.5769567, 0.0 ], [ 118.2046494, 1.5769836, 0.0 ], [ 118.2045541, 1.5770051, 0.0 ], [ 118.2039912, 1.5770915, 0.0 ], [ 118.2039211, 1.5770852, 0.0 ], [ 118.2038469, 1.5770728, 0.0 ], [ 118.2029049, 1.5768804, 0.0 ], [ 118.2014746, 1.5763268, 0.0 ], [ 118.2002075, 1.5756272, 0.0 ], [ 118.2001154, 1.5755925, 0.0 ], [ 118.2000277, 1.5755714, 0.0 ], [ 118.1999432, 1.575565, 0.0 ], [ 118.1998634, 1.5755699, 0.0 ], [ 118.1997887, 1.5755816, 0.0 ], [ 118.199725, 1.5755944, 0.0 ], [ 118.1996153, 1.5756196, 0.0 ], [ 118.1992174, 1.5757859, 0.0 ], [ 118.1991216, 1.5758124, 0.0 ], [ 118.1990135, 1.5758348, 0.0 ], [ 118.1980526, 1.5760884, 0.0 ], [ 118.1979322, 1.5761597, 0.0 ], [ 118.1978199, 1.5762497, 0.0 ], [ 118.1973258, 1.5767503, 0.0 ], [ 118.1972601, 1.5768544, 0.0 ], [ 118.1972162, 1.5769628, 0.0 ], [ 118.1971889, 1.5770753, 0.0 ], [ 118.1971741, 1.5771941, 0.0 ], [ 118.1971582, 1.5773364, 0.0 ], [ 118.1971497, 1.577409, 0.0 ], [ 118.19712, 1.5774971, 0.0 ], [ 118.1970839, 1.5775588, 0.0 ], [ 118.1970477, 1.5775931, 0.0 ], [ 118.1970238, 1.5776185, 0.0 ], [ 118.1969653, 1.5776735, 0.0 ], [ 118.1968245, 1.5778055, 0.0 ], [ 118.1967699, 1.577865, 0.0 ], [ 118.1966688, 1.5780181, 0.0 ], [ 118.1966331, 1.5781141, 0.0 ], [ 118.1966089, 1.5782304, 0.0 ], [ 118.1965907, 1.5783486, 0.0 ], [ 118.1965752, 1.5784709, 0.0 ], [ 118.1964592, 1.5796111, 0.0 ], [ 118.1960034, 1.5806516, 0.0 ], [ 118.1958764, 1.5808733, 0.0 ], [ 118.1957505, 1.5810571, 0.0 ], [ 118.1957226, 1.5810973, 0.0 ], [ 118.1956918, 1.5811381, 0.0 ], [ 118.1956512, 1.5811806, 0.0 ], [ 118.1956004, 1.5812304, 0.0 ], [ 118.19503, 1.5817358, 0.0 ], [ 118.1941296, 1.5826932, 0.0 ], [ 118.1925912, 1.5843469, 0.0 ], [ 118.191312, 1.5853884, 0.0 ], [ 118.189563, 1.5865477, 0.0 ] ] } },
{ "type": "Feature", "properties": { "OBJECTID": 0, "Kl_Dat_Das": "Jalan Non Tol", "Nm_Ruas": "SIMP. 3 KOTA BANGUN - KOTA BANGUN", "Thn_Data": 2023, "Status": "Jalan Provinsi", "Fungsi": "Jalan Kolektor Primer 3", "Mendukung": null, "Ura_Dukung": null, "Kd_Bd_PU": "2", "Kd_Jns_Inf": "1", "Kd_Inf": "34 047", "Propinsi": "Kalimantan Timur", "Kab_Kot": null, "Kecamatan": null, "Desa_Kel": null, "Tk_Ruas_Aw": "-0.321193, 116.698719", "Tk_Ruas_Ak": "-0.268741, 116.587831", "Kd_Patok": null, "Km_Awal": 0.0, "Km_Akhir": 25.780418163299998, "Nm_Lintas": null, "Kon_Baik": 0.0, "Kon_Sdg": 0.0, "Kon_Rgn": 0.0, "Kon_Rusak": 0.0, "Kon_Mntp": 0.0, "Kon_T_Mntp": 0.0, "Panjang": 0.0, "Lbr_Keras": 0.0, "LHRT": 0.0, "VCR": 0.0, "Tipe_Jln": 0, "MST": 0.0, "Tanah_Kri": 0.0, "Macadam": 0.0, "Aspal": 0.0, "Rigid": 0.0, "Thn_Pen_Ak": 0, "Jns_Pen": null, "Koord_X_Aw": 0.0, "Koord_Y_Aw": 0.0, "Koord_X_Ak": 0.0, "Koord_Y_Ak": 0.0, "Shape_Leng": 0.0, "Status_J_1": null, "Keterangan": null, "Masuk": "YES", "panjangjal": 25.780418163299998 }, "geometry": { "type": "LineString", "coordinates": [ [ 116.6987194, -0.3211937, 47.1504 ], [ 116.6985808, -0.3200887, 47.1072 ], [ 116.6986426, -0.3198841, 46.6576 ], [ 116.6991566, -0.3190512, 45.7134 ], [ 116.6995278, -0.3181613, 44.9389 ], [ 116.6999839, -0.3173321, 44.1858 ], [ 116.7002453, -0.3170945, 43.8211 ], [ 116.7009583, -0.3167855, 43.037 ], [ 116.7017665, -0.3164527, 42.2165 ], [ 116.7022689, -0.3160626, 41.5967 ], [ 116.7025259, -0.3157723, 41.3193 ], [ 116.703216, -0.3146492, 40.7141 ], [ 116.7037113, -0.3135535, 40.2838 ], [ 116.7038637, -0.3131248, 40.1864 ], [ 116.7040916, -0.3124839, 40.0694 ], [ 116.7043334, -0.3121508, 40.0142 ], [ 116.7046186, -0.3119131, 39.9733 ], [ 116.7052366, -0.3114853, 39.9208 ], [ 116.7059496, -0.3109624, 39.8888 ], [ 116.7061953, -0.3107176, 39.8866 ], [ 116.7063141, -0.3104086, 39.9058 ], [ 116.7064092, -0.3100045, 39.9372 ], [ 116.7063141, -0.3097193, 39.9641 ], [ 116.7060765, -0.3094579, 39.9878 ], [ 116.7057437, -0.3093153, 39.9987 ], [ 116.7051177, -0.3091085, 40.2135 ], [ 116.7044957, -0.3089284, 40.7098 ], [ 116.7041154, -0.3084055, 41.6721 ], [ 116.7036876, -0.3078589, 42.5698 ], [ 116.7033548, -0.3075024, 43.093 ], [ 116.7028717, -0.3072966, 43.2401 ], [ 116.7022775, -0.3072728, 43.0642 ], [ 116.7013743, -0.3072015, 42.8349 ], [ 116.7006137, -0.3072015, 42.5508 ], [ 116.6997781, -0.3070912, 42.386 ], [ 116.6990413, -0.3068297, 42.3427 ], [ 116.6985422, -0.3066396, 42.2855 ], [ 116.6980668, -0.3062831, 42.3351 ], [ 116.6978291, -0.3059741, 42.4328 ], [ 116.6976865, -0.3055225, 42.6665 ], [ 116.6976539, -0.3051245, 42.9346 ], [ 116.6978441, -0.3046967, 43.3918 ], [ 116.6986522, -0.3032469, 45.3334 ], [ 116.6987521, -0.3029471, 45.6547 ], [ 116.6987757, -0.3026178, 46.0346 ], [ 116.6987236, -0.3021999, 46.3197 ], [ 116.6985855, -0.3018097, 46.5071 ], [ 116.6983479, -0.3014532, 46.4824 ], [ 116.697871, -0.3010623, 45.9393 ], [ 116.697253, -0.3008722, 45.1493 ], [ 116.6960779, -0.3007058, 43.4528 ], [ 116.6957411, -0.3006516, 42.9559 ], [ 116.6954083, -0.3005566, 42.4704 ], [ 116.6949567, -0.3004377, 41.7913 ], [ 116.6943739, -0.3003487, 40.9007 ], [ 116.693917, -0.300263, 40.1828 ], [ 116.6935601, -0.3000013, 39.9608 ], [ 116.6932365, -0.2997253, 39.916 ], [ 116.693029, -0.2994047, 39.8871 ], [ 116.6927438, -0.2990957, 39.9056 ], [ 116.6923942, -0.2987735, 39.991 ], [ 116.6920606, -0.2984925, 40.2257 ], [ 116.691609, -0.2982785, 40.5355 ], [ 116.6910623, -0.2980171, 40.868 ], [ 116.690682, -0.2977557, 41.1757 ], [ 116.6901829, -0.2973991, 41.5423 ], [ 116.6898434, -0.2971935, 41.748 ], [ 116.6890744, -0.2969633, 41.699 ], [ 116.6879573, -0.2967018, 41.5912 ], [ 116.6871254, -0.2964641, 41.4728 ], [ 116.6864123, -0.296274, 41.3077 ], [ 116.6853903, -0.2961552, 40.9283 ], [ 116.6848412, -0.2959892, 40.7809 ], [ 116.6843421, -0.295704, 40.6081 ], [ 116.6839705, -0.2951942, 40.4891 ], [ 116.6836616, -0.2946951, 40.3426 ], [ 116.6825207, -0.2940058, 40.5403 ], [ 116.6820471, -0.2938701, 40.9264 ], [ 116.6816023, -0.2937751, 41.3276 ], [ 116.6809219, -0.2937546, 42.0239 ], [ 116.6803939, -0.293818, 42.4479 ], [ 116.6796736, -0.2940669, 42.9764 ], [ 116.6792674, -0.2941996, 43.137 ], [ 116.6788158, -0.2943897, 43.3408 ], [ 116.6782411, -0.2946237, 43.6162 ], [ 116.6777272, -0.2947569, 43.9064 ], [ 116.6772037, -0.2946618, 44.2403646 ], [ 116.6767802, -0.2944333, 44.5303 ], [ 116.6759569, -0.2940336, 45.5874 ], [ 116.6749004, -0.2935196, 47.1944 ], [ 116.6739724, -0.2930295, 49.0865 ], [ 116.6732157, -0.292625, 50.6199 ], [ 116.6728398, -0.2922062, 51.8895 ], [ 116.6728071, -0.2921691, 51.9896556 ], [ 116.6727381, -0.2920909, 52.2013033 ], [ 116.672487, -0.2918143, 52.9827 ], [ 116.6722018, -0.2911964, 54.2891 ], [ 116.6720354, -0.2906973, 55.2679 ], [ 116.6719165, -0.2904121, 55.824 ], [ 116.6711313, -0.2900171, 56.6804 ], [ 116.6701216, -0.2895281, 57.794 ], [ 116.6696561, -0.2893508, 58.2585 ], [ 116.6691659, -0.2888606, 58.9124 ], [ 116.6687709, -0.2883514, 59.468 ], [ 116.6684137, -0.2876656, 60.1773 ], [ 116.668176, -0.2871427, 60.4778 ], [ 116.6680097, -0.286596, 60.8036 ], [ 116.6678195, -0.2861444, 61.0906 ], [ 116.6675522, -0.2859004, 61.3096 ], [ 116.6671481, -0.2857102, 61.4983 ], [ 116.6661998, -0.2855827, 61.7273 ], [ 116.6652228, -0.2855154, 61.96 ], [ 116.6643967, -0.2854579, 62.1872 ], [ 116.6637074, -0.2853628, 62.4086 ], [ 116.6629231, -0.2851489, 62.7751 ], [ 116.6623987, -0.2848584, 63.1589 ], [ 116.6621941, -0.2844396, 63.5765 ], [ 116.6620323, -0.2839018, 64.1223 ], [ 116.6618845, -0.2832866, 64.7635 ], [ 116.6615373, -0.2820935, 65.7167 ], [ 116.6613422, -0.2809466, 66.3437 ], [ 116.6613445, -0.2796611, 66.7732 ], [ 116.6611327, -0.2791051, 66.5957 ], [ 116.6604999, -0.2780389, 65.9515 ], [ 116.6601382, -0.2774392, 64.8036 ], [ 116.6596609, -0.2767923, 61.4178 ], [ 116.6590912, -0.276121, 57.1081 ], [ 116.658454, -0.27546, 54.9658 ], [ 116.6578993, -0.2750015, 52.6279 ], [ 116.6571163, -0.274384, 48.9329 ], [ 116.6566495, -0.2739122, 46.667 ], [ 116.6564832, -0.2736389, 45.5891 ], [ 116.6563168, -0.2733656, 44.52 ], [ 116.655984, -0.2726526, 42.0227 ], [ 116.6557838, -0.2720426, 40.0204 ], [ 116.655451, -0.2713058, 37.5515 ], [ 116.6548396, -0.2702652, 34.4385 ], [ 116.6546321, -0.2700106, 33.4134 ], [ 116.6543689, -0.2696875, 32.1276 ], [ 116.6533514, -0.2684246, 26.9438 ], [ 116.6528522, -0.2676402, 24.337 ], [ 116.6528047, -0.2673075, 23.574 ], [ 116.6533514, -0.2666895, 23.4879 ], [ 116.6545132, -0.2655705, 24.8275983 ], [ 116.6558979, -0.2643919, 26.3633 ], [ 116.6569199, -0.263774, 27.2886 ], [ 116.6579657, -0.2630609, 27.9107 ], [ 116.6585361, -0.262847, 28.3545 ], [ 116.6595581, -0.2626806, 29.3487 ], [ 116.6601286, -0.2625856, 29.8739 ], [ 116.6611268, -0.2623004, 30.5444 ], [ 116.6633848, -0.2617775, 31.0489 ], [ 116.6641691, -0.2615873, 30.9358 ], [ 116.664692, -0.2613259, 30.633 ], [ 116.6657378, -0.2608268, 30.1096 ], [ 116.6665934, -0.260494, 29.8462 ], [ 116.6675917, -0.2595671, 28.7117 ], [ 116.6680725, -0.2590863, 28.1449 ], [ 116.6682097, -0.2589491, 27.9874 ], [ 116.6692555, -0.2580697, 27.1034 ], [ 116.669566, -0.2575931, 26.5721 ], [ 116.6697562, -0.2572365, 26.1363 ], [ 116.6698988, -0.2568563, 25.6467 ], [ 116.6700558, -0.2558664, 24.8778 ], [ 116.670367, -0.2541081, 26.5404 ], [ 116.6704032, -0.2538486, 26.7975 ], [ 116.6705748, -0.2534146, 27.4703 ], [ 116.6707887, -0.252559, 28.5219 ], [ 116.6708837, -0.2521787, 29.0135 ], [ 116.6708837, -0.2517033, 29.469 ], [ 116.6707027, -0.2510829, 29.6063 ], [ 116.6704175, -0.2504174, 29.7309 ], [ 116.6702033, -0.2498797, 29.696 ], [ 116.6697179, -0.2484282, 29.8738 ], [ 116.6694357, -0.2475545, 29.8695 ], [ 116.6693087, -0.2471338, 29.8343 ], [ 116.6691944, -0.2464723, 29.8877 ], [ 116.6691564, -0.2455443, 30.4084 ], [ 116.6691326, -0.2449739, 29.8954 ], [ 116.6688661, -0.244169, 28.2838 ], [ 116.6685333, -0.2433609, 26.8281 ], [ 116.6679904, -0.2423368, 24.1584 ], [ 116.6665532, -0.2400668, 21.5484 ], [ 116.6661967, -0.2396271, 20.9792 ], [ 116.6658402, -0.2391874, 20.4918 ], [ 116.6652864, -0.2387145, 19.8501 ], [ 116.6644546, -0.2380966, 19.1831 ], [ 116.6637177, -0.2375262, 18.8267 ], [ 116.6629698, -0.2371924, 18.5076 ], [ 116.6617814, -0.2369072, 18.2942 ], [ 116.6613433, -0.2368356, 18.4079 ], [ 116.6609867, -0.2368831, 18.4279 ], [ 116.6590664, -0.237457, 18.3879 ], [ 116.6586148, -0.2376709, 18.3616 ], [ 116.6578286, -0.2383651, 18.175 ], [ 116.656759, -0.2396961, 17.906 ], [ 116.65645, -0.2401239, 17.8543 ], [ 116.6563312, -0.2404329, 17.7827 ], [ 116.6562597, -0.2413184, 17.427 ], [ 116.6561408, -0.2419839, 17.2381 ], [ 116.6560241, -0.2423769, 17.2476 ], [ 116.6557626, -0.2425195, 17.3612 ], [ 116.6552635, -0.2425433, 17.6702 ], [ 116.6547416, -0.242608, 18.0024 ], [ 116.6541257, -0.2427073, 18.359 ], [ 116.653671, -0.2428285, 18.6333 ], [ 116.6530055, -0.2429949, 19.0525 ], [ 116.6524826, -0.2430187, 19.4025 ], [ 116.6518171, -0.2430187, 19.8515 ], [ 116.6507951, -0.2430662, 20.0 ], [ 116.6495116, -0.2433276, 20.0 ], [ 116.6489174, -0.2434465, 20.0 ], [ 116.6484183, -0.2437555, 20.0 ], [ 116.6479506, -0.2439643, 20.0 ], [ 116.6475151, -0.2441357, 20.0 ], [ 116.6471111, -0.2441833, 20.0 ], [ 116.6452809, -0.2442308, 20.0 ], [ 116.643736, -0.2442308, 20.0 ], [ 116.6430468, -0.2441595, 20.0 ], [ 116.6426151, -0.2440971, 20.0 ], [ 116.6419496, -0.2436455, 20.0 ], [ 116.6415288, -0.2433869, 20.0 ], [ 116.6402661, -0.2426394, 20.0 ], [ 116.6396653, -0.2422702, 20.0 ], [ 116.6391187, -0.2419612, 20.0 ], [ 116.6386908, -0.2418186, 20.0 ], [ 116.6382219, -0.2416877, 20.0 ], [ 116.6373795, -0.2416702, 20.0 ], [ 116.6366665, -0.2415276, 20.0 ], [ 116.6365865, -0.2415076, 20.0 ], [ 116.636001, -0.2413612, 20.0 ], [ 116.6351961, -0.241085, 20.0 ], [ 116.6346732, -0.2409186, 20.0 ], [ 116.6342216, -0.2408236, 20.0 ], [ 116.6334683, -0.2408558, 20.0 ], [ 116.6328265, -0.2409746, 20.0 ], [ 116.632161, -0.2412123, 20.0 ], [ 116.6315906, -0.2414975, 20.0 ], [ 116.6309942, -0.2418423, 20.0 ], [ 116.6306281, -0.2422131, 20.0 ], [ 116.6303762, -0.2426742, 19.9992 ], [ 116.630157, -0.2429364, 19.9782 ], [ 116.6286341, -0.2441595, 19.9435 ], [ 116.6276926, -0.2449676, 19.9653 ], [ 116.6269961, -0.2456585, 20.0744 ], [ 116.6263337, -0.2462486, 20.3235 ], [ 116.6249593, -0.2473444, 21.0438 ], [ 116.6235808, -0.2482238, 21.9151 ], [ 116.6228505, -0.2487309, 22.5072 ], [ 116.6227251, -0.248818, 22.6163 ], [ 116.6215786, -0.2497482, 23.8365 ], [ 116.6212683, -0.25, 24.2036 ], [ 116.6206251, -0.2508503, 25.3405 ], [ 116.6203651, -0.251194, 25.8312 ], [ 116.6196521, -0.2520259, 27.0341 ], [ 116.6192499, -0.2525621, 27.7164 ], [ 116.6190817, -0.2527864, 28.0067 ], [ 116.6188202, -0.252929, 28.236 ], [ 116.6185762, -0.2529595, 28.3384 ], [ 116.6182498, -0.2530003, 28.4762 ], [ 116.6174417, -0.2530003, 28.7051 ], [ 116.6169, -0.2529557, 28.7069 ], [ 116.6165133, -0.2527831, 28.6004 ], [ 116.6161344, -0.2525012, 28.474 ], [ 116.6156786, -0.2522112, 28.2402 ], [ 116.6154646, -0.252075, 28.127 ], [ 116.6153501, -0.2520021, 28.0655 ], [ 116.6151466, -0.2518103, 27.8773 ], [ 116.6148785, -0.2515575, 27.6248 ], [ 116.6145182, -0.2512178, 27.2774 ], [ 116.6137101, -0.2505523, 26.5898 ], [ 116.612902, -0.25, 26.012 ], [ 116.6123148, -0.2496499, 25.64 ], [ 116.6116968, -0.2493171, 25.2809 ], [ 116.6110551, -0.2491032, 25.0752 ], [ 116.6106546, -0.2491199, 25.1535 ], [ 116.6104846, -0.249127, 25.1869 ], [ 116.6097716, -0.2493171, 25.5596 ], [ 116.6089397, -0.249531, 25.4726 ], [ 116.6079177, -0.2496736, 24.5918 ], [ 116.6072522, -0.2496736, 23.8853 ], [ 116.6058261, -0.249531, 22.1954 ], [ 116.6049942, -0.2494359, 21.2075 ], [ 116.6046852, -0.2494359, 20.8842 ], [ 116.6043287, -0.2496023, 20.7006 ], [ 116.6039952, -0.2498016, 20.5708 ], [ 116.6036632, -0.25, 20.4332 ], [ 116.6009353, -0.2516795, 19.0325 ], [ 116.599693, -0.2524443, 18.2021 ], [ 116.5986957, -0.2530583, 17.5711 ], [ 116.5977539, -0.2537403, 17.8909 ], [ 116.5965025, -0.2546465, 18.4106 ], [ 116.5957332, -0.2552036, 18.7837 ], [ 116.5952493, -0.255554, 19.0394 ], [ 116.5935208, -0.2567703, 19.2682 ], [ 116.5926824, -0.2573603, 19.0783 ], [ 116.5924344, -0.2576563, 18.9498 ], [ 116.5921917, -0.2580893, 18.8922 ], [ 116.5920108, -0.2588413, 18.7313 ], [ 116.5919061, -0.2595551, 18.6496297 ], [ 116.5918062, -0.2603831, 18.5674744 ], [ 116.5916777, -0.2611541, 18.4694333 ], [ 116.5917705, -0.2616109, 18.4116642 ], [ 116.5919561, -0.2621749, 18.3338 ], [ 116.5921702, -0.2630529, 18.2576 ], [ 116.5922529, -0.2633896, 18.2166995 ], [ 116.5922648, -0.2638982, 18.1832 ], [ 116.592196, -0.2641785, 18.0806 ], [ 116.5920655, -0.2644514, 17.9753 ], [ 116.5919049, -0.2646299, 17.6882483 ], [ 116.5916483, -0.2648587, 17.3625304 ], [ 116.5913844, -0.2650463, 17.0999501 ], [ 116.5911703, -0.2652664, 16.8396601 ], [ 116.5910275, -0.2654984, 16.8354735 ], [ 116.5908582, -0.2657475, 16.6123041 ], [ 116.5906464, -0.2660569, 16.3215136 ], [ 116.5904255, -0.2663333, 16.0700622 ], [ 116.5900729, -0.2666041, 15.8198967 ], [ 116.5899397, -0.2667517, 15.473017 ], [ 116.5898183, -0.2669254, 15.2502407 ], [ 116.5897021, -0.2671423, 15.0867097 ], [ 116.5895974, -0.2673898, 14.9396065 ], [ 116.5894356, -0.267623, 14.7648158 ], [ 116.5890978, -0.2678657, 14.5784192 ], [ 116.5884458, -0.2683415, 14.1802283 ], [ 116.5878319, -0.2687413, 13.8245 ] ] } },
{ "type": "Feature", "properties": { "OBJECTID": 0, "Kl_Dat_Das": "Jalan Non Tol", "Nm_Ruas": "JL. KADRIE OENING", "Thn_Data": 2023, "Status": "Jalan Provinsi", "Fungsi": "Jalan Kolektor Primer 3", "Mendukung": null, "Ura_Dukung": null, "Kd_Bd_PU": "2", "Kd_Jns_Inf": "1", "Kd_Inf": "34 021 K", "Propinsi": "Kalimantan Timur", "Kab_Kot": "Samarinda", "Kecamatan": null, "Desa_Kel": null, "Tk_Ruas_Aw": "-0.474047, 117.123011", "Tk_Ruas_Ak": "-0.472549, 117.138458", "Kd_Patok": null, "Km_Awal": 0.0, "Km_Akhir": 1.79250744216, "Nm_Lintas": null, "Kon_Baik": 0.0, "Kon_Sdg": 0.0, "Kon_Rgn": 0.0, "Kon_Rusak": 0.0, "Kon_Mntp": 0.0, "Kon_T_Mntp": 0.0, "Panjang": 0.0, "Lbr_Keras": 0.0, "LHRT": 0.0, "VCR": 0.0, "Tipe_Jln": 0, "MST": 0.0, "Tanah_Kri": 0.0, "Macadam": 0.0, "Aspal": 0.0, "Rigid": 0.0, "Thn_Pen_Ak": 0, "Jns_Pen": null, "Koord_X_Aw": 0.0, "Koord_Y_Aw": 0.0, "Koord_X_Ak": 0.0, "Koord_Y_Ak": 0.0, "Shape_Leng": 1.79969438759, "Status_J_1": "Sudah Terbangun", "Keterangan": "Melanjutkan Konektifitas let. soeprapto", "Masuk": "DOWN", "panjangjal": 1.79250744216 }, "geometry": { "type": "LineString", "coordinates": [ [ 117.1230111, -0.474047, 0.0 ], [ 117.1231609, -0.4740062, 0.0 ], [ 117.1233401, -0.4739384, 0.0 ], [ 117.1236268, -0.4737769, 0.0 ], [ 117.1240189, -0.4735294, 0.0 ], [ 117.124354, -0.4733099, 0.0 ], [ 117.1247406, -0.4731047, 0.0 ], [ 117.124925, -0.4730125, 0.0 ], [ 117.1252162, -0.472942, 0.0 ], [ 117.1255496, -0.4729738, 0.0 ], [ 117.1258857, -0.4730621, 0.0 ], [ 117.1260647, -0.4731059, 0.0 ], [ 117.1262105, -0.4731241, 0.0 ], [ 117.1263576, -0.4731098, 0.0 ], [ 117.1265483, -0.4730413, 0.0 ], [ 117.1268325, -0.4728975, 0.0 ], [ 117.1274635, -0.4726312, 0.0 ], [ 117.1281531, -0.472392, 0.0 ], [ 117.1283648, -0.4723384, 0.0 ], [ 117.1285459, -0.4722889, 0.0 ], [ 117.1286789, -0.4722265, 0.0 ], [ 117.128806, -0.472154, 0.0 ], [ 117.1289141, -0.4720689, 0.0 ], [ 117.1290858, -0.4719291, 0.0 ], [ 117.1292233, -0.4718775, 0.0 ], [ 117.1293856, -0.4718672, 0.0 ], [ 117.1295479, -0.4719132, 0.0 ], [ 117.1297045, -0.4719576, 0.0 ], [ 117.1298772, -0.4719494, 0.0 ], [ 117.1301745, -0.4719255, 0.0 ], [ 117.1303779, -0.4718982, 0.0 ], [ 117.1305468, -0.4718458, 0.0 ], [ 117.1307514, -0.4718244, 0.0 ], [ 117.1311536, -0.4718482, 0.0 ], [ 117.1319769, -0.4719005, 0.0 ], [ 117.1324409, -0.471941, 0.0 ], [ 117.1333974, -0.4719886, 0.0 ], [ 117.1344647, -0.4720255, 0.0 ], [ 117.1348564, -0.4720463, 0.0 ], [ 117.1361504, -0.4721385, 0.0 ], [ 117.137471, -0.4722456, 0.0 ], [ 117.1377541, -0.4722868, 0.0 ], [ 117.1380892, -0.4724067, 0.0 ], [ 117.1384585, -0.4725491, 0.0 ] ] } },
{ "type": "Feature", "properties": { "OBJECTID": 0, "Kl_Dat_Das": "Jalan Non Tol", "Nm_Ruas": "JL. R. SOEPRAPTO (SAMARINDA)", "Thn_Data": 2023, "Status": "Jalan Provinsi", "Fungsi": "Jalan Kolektor Primer 2", "Mendukung": null, "Ura_Dukung": null, "Kd_Bd_PU": "2", "Kd_Jns_Inf": "1", "Kd_Inf": "34 022 K", "Propinsi": "Kalimantan Timur", "Kab_Kot": "Samarinda", "Kecamatan": "Samarinda Ulu", "Desa_Kel": "GUNUNG KELUA / SIDODADI", "Tk_Ruas_Aw": "-0.472549, 117.138458", "Tk_Ruas_Ak": "-0.475495, 117.146246", "Kd_Patok": null, "Km_Awal": 0.0, "Km_Akhir": 0.95208831223199997, "Nm_Lintas": null, "Kon_Baik": 0.0, "Kon_Sdg": 0.0, "Kon_Rgn": 0.0, "Kon_Rusak": 0.0, "Kon_Mntp": 0.0, "Kon_T_Mntp": 0.0, "Panjang": 0.94, "Lbr_Keras": 0.0, "LHRT": 0.0, "VCR": 0.0, "Tipe_Jln": 0, "MST": 0.0, "Tanah_Kri": 0.0, "Macadam": 0.0, "Aspal": 0.0, "Rigid": 0.0, "Thn_Pen_Ak": 0, "Jns_Pen": null, "Koord_X_Aw": 117.138649941, "Koord_Y_Aw": -0.472417227, "Koord_X_Ak": 117.14643550300001, "Koord_Y_Ak": -0.475423464, "Shape_Leng": 0.0, "Status_J_1": "Sudah Terbangun", "Keterangan": null, "Masuk": "DOWN", "panjangjal": 0.95208831223199997 }, "geometry": { "type": "LineString", "coordinates": [ [ 117.1384585, -0.4725491, 20.0 ], [ 117.1385779, -0.4725043, 12.7980849 ], [ 117.1386729, -0.4724427, 8.1955647 ], [ 117.1388372, -0.4723901, 0.0 ], [ 117.1390871, -0.4723544, 5.8320229 ], [ 117.1393107, -0.4723686, 10.6003816 ], [ 117.1396641, -0.4724372, 20.0 ], [ 117.1401464, -0.4725552, 20.0 ], [ 117.1408051, -0.4727194, 20.0 ], [ 117.1414689, -0.4729112, 20.0 ], [ 117.1423491, -0.473274, 20.0 ], [ 117.1432271, -0.4736738, 20.0 ], [ 117.1442886, -0.4742627, 20.0 ], [ 117.1447948, -0.4745731, 20.0 ], [ 117.1451009, -0.4748052, 20.0 ], [ 117.1456577, -0.4751479, 20.0 ], [ 117.1462469, -0.4754953, 20.0 ] ] } },
{ "type": "Feature", "properties": { "OBJECTID": 0, "Kl_Dat_Das": "Jalan Non Tol", "Nm_Ruas": "JL. S. PARMAN (SAMARINDA)", "Thn_Data": 2023, "Status": "Jalan Provinsi", "Fungsi": "Jalan Kolektor Primer 2", "Mendukung": null, "Ura_Dukung": null, "Kd_Bd_PU": "2", "Kd_Jns_Inf": "1", "Kd_Inf": "34 023 K", "Propinsi": "Kalimantan Timur", "Kab_Kot": "Samarinda", "Kecamatan": "Samarinda Ulu / Sungai Pinang", "Desa_Kel": "GUNUNG KELUA / SIDODADI / TEMINDUNG PERMAI", "Tk_Ruas_Aw": "-0.475495, 117.146246", "Tk_Ruas_Ak": "-0.479274, 117.154806", "Kd_Patok": null, "Km_Awal": 0.0, "Km_Akhir": 1.06748257427, "Nm_Lintas": null, "Kon_Baik": 0.0, "Kon_Sdg": 0.0, "Kon_Rgn": 0.0, "Kon_Rusak": 0.0, "Kon_Mntp": 0.0, "Kon_T_Mntp": 0.0, "Panjang": 1.1, "Lbr_Keras": 0.0, "LHRT": 0.0, "VCR": 0.0, "Tipe_Jln": 0, "MST": 0.0, "Tanah_Kri": 0.0, "Macadam": 0.0, "Aspal": 0.0, "Rigid": 0.0, "Thn_Pen_Ak": 0, "Jns_Pen": null, "Koord_X_Aw": 117.14643550300001, "Koord_Y_Aw": -0.475423464, "Koord_X_Ak": 117.154893297, "Koord_Y_Ak": -0.479232716, "Shape_Leng": 0.0, "Status_J_1": "Sudah Terbangun", "Keterangan": null, "Masuk": "DOWN", "panjangjal": 1.06748257427 }, "geometry": { "type": "LineString", "coordinates": [ [ 117.1462469, -0.4754953, 20.0 ], [ 117.1468528, -0.4758641, 20.0 ], [ 117.1478343, -0.4763997, 20.0 ], [ 117.1480336, -0.4764708, 20.0 ], [ 117.1484554, -0.4764853, 20.0 ], [ 117.1491383, -0.4764853, 20.0 ], [ 117.149507, -0.4764891, 20.0 ], [ 117.1500758, -0.4764949, 20.0 ], [ 117.1501925, -0.4764974, 20.0 ], [ 117.1503223, -0.4765003, 20.0 ], [ 117.1504288, -0.4765551, 20.0 ], [ 117.1505755, -0.4766305, 20.0 ], [ 117.1511489, -0.4769755, 20.0 ], [ 117.1528383, -0.4780272, 20.0 ], [ 117.1536925, -0.4785983, 20.0 ], [ 117.1540756, -0.478822, 20.0 ], [ 117.1548061, -0.4792741, 20.0 ] ] } },
{ "type": "Feature", "properties": { "OBJECTID": 0, "Kl_Dat_Das": "Jalan Non Tol", "Nm_Ruas": "JL. AHMAD YANI (SAMARINDA)", "Thn_Data": 2023, "Status": "Jalan Provinsi", "Fungsi": "Jalan Kolektor Primer 2", "Mendukung": null, "Ura_Dukung": null, "Kd_Bd_PU": "2", "Kd_Jns_Inf": "1", "Kd_Inf": "34 024 K", "Propinsi": "Kalimantan Timur", "Kab_Kot": "Samarinda", "Kecamatan": "Sungai Pinang", "Desa_Kel": "TEMINDUNG PERMAI / SUNGAI PINANG DALAM", "Tk_Ruas_Aw": "-0.479274, 117.154806", "Tk_Ruas_Ak": "-0.469828, 117.170947", "Kd_Patok": null, "Km_Awal": 0.0, "Km_Akhir": 2.07835510024, "Nm_Lintas": null, "Kon_Baik": 0.0, "Kon_Sdg": 0.0, "Kon_Rgn": 0.0, "Kon_Rusak": 0.0, "Kon_Mntp": 0.0, "Kon_T_Mntp": 0.0, "Panjang": 2.1, "Lbr_Keras": 0.0, "LHRT": 0.0, "VCR": 0.0, "Tipe_Jln": 0, "MST": 0.0, "Tanah_Kri": 0.0, "Macadam": 0.0, "Aspal": 0.0, "Rigid": 0.0, "Thn_Pen_Ak": 0, "Jns_Pen": null, "Koord_X_Aw": 117.154893297, "Koord_Y_Aw": -0.479232716, "Koord_X_Ak": 117.17104759, "Koord_Y_Ak": -0.469782995, "Shape_Leng": 0.0, "Status_J_1": "Sudah Terbangun", "Keterangan": null, "Masuk": "DOWN", "panjangjal": 2.07835510024 }, "geometry": { "type": "LineString", "coordinates": [ [ 117.1548061, -0.4792741, 20.0 ], [ 117.1692884, -0.470767, 20.0 ], [ 117.169681, -0.470538, 20.0 ], [ 117.1702217, -0.4702266, 20.0 ], [ 117.1709476, -0.4698289, 20.0 ] ] } },
{ "type": "Feature", "properties": { "OBJECTID": 0, "Kl_Dat_Das": "Jalan Non Tol", "Nm_Ruas": "JL. D.I.PANDJAITAN II", "Thn_Data": 2023, "Status": "Jalan Provinsi", "Fungsi": "Jalan Kolektor Primer 3", "Mendukung": null, "Ura_Dukung": null, "Kd_Bd_PU": "2", "Kd_Jns_Inf": "1", "Kd_Inf": "34 025 K", "Propinsi": "Kalimantan Timur", "Kab_Kot": "Samarinda", "Kecamatan": null, "Desa_Kel": null, "Tk_Ruas_Aw": "-0.469828, 117.170947", "Tk_Ruas_Ak": "-0.461667, 117.174485", "Kd_Patok": null, "Km_Awal": 0.0, "Km_Akhir": 1.029686256, "Nm_Lintas": null, "Kon_Baik": 0.0, "Kon_Sdg": 0.0, "Kon_Rgn": 0.0, "Kon_Rusak": 0.0, "Kon_Mntp": 0.0, "Kon_T_Mntp": 0.0, "Panjang": 0.0, "Lbr_Keras": 0.0, "LHRT": 0.0, "VCR": 0.0, "Tipe_Jln": 0, "MST": 0.0, "Tanah_Kri": 0.0, "Macadam": 0.0, "Aspal": 0.0, "Rigid": 0.0, "Thn_Pen_Ak": 0, "Jns_Pen": null, "Koord_X_Aw": 0.0, "Koord_Y_Aw": 0.0, "Koord_X_Ak": 0.0, "Koord_Y_Ak": 0.0, "Shape_Leng": 1.0162970464900001, "Status_J_1": "Sudah Terbangun", "Keterangan": "Missing Link", "Masuk": "DOWN", "panjangjal": 1.029686256 }, "geometry": { "type": "LineString", "coordinates": [ [ 117.1709476, -0.4698289, 0.0 ], [ 117.1710533, -0.4695394, 0.0 ], [ 117.1711746, -0.4692574, 0.0 ], [ 117.1713067, -0.4689362, 0.0 ], [ 117.1715136, -0.4685881, 0.0 ], [ 117.1717038, -0.4681764, 0.0 ], [ 117.1720527, -0.4674978, 0.0 ], [ 117.1721383, -0.4672801, 0.0 ], [ 117.1722954, -0.4666876, 0.0 ], [ 117.1723989, -0.4660273, 0.0 ], [ 117.1724703, -0.465549, 0.0 ], [ 117.1725202, -0.4650315, 0.0 ], [ 117.1725595, -0.4646995, 0.0 ], [ 117.1725809, -0.464464, 0.0 ], [ 117.1726273, -0.4642498, 0.0 ], [ 117.1727201, -0.4639607, 0.0 ], [ 117.1727879, -0.4636894, 0.0 ], [ 117.1728771, -0.4633218, 0.0 ], [ 117.1729342, -0.4631327, 0.0 ], [ 117.1729914, -0.4629471, 0.0 ], [ 117.1731662, -0.4625759, 0.0 ], [ 117.173334, -0.4623367, 0.0 ], [ 117.1735232, -0.4621511, 0.0 ], [ 117.1737337, -0.4619869, 0.0 ], [ 117.17398, -0.4618513, 0.0 ], [ 117.1742622, -0.4617495, 0.0 ], [ 117.1744858, -0.4616673, 0.0 ] ] } },
{ "type": "Feature", "properties": { "OBJECTID": 0, "Kl_Dat_Das": "Jalan Non Tol", "Nm_Ruas": "SIMP. 3 SEBULU - KM. 5,2 MUARA BENGKAL", "Thn_Data": 2023, "Status": "Jalan Provinsi", "Fungsi": "Jalan Kolektor Primer 2", "Mendukung": "Non Strategis", "Ura_Dukung": null, "Kd_Bd_PU": "2", "Kd_Jns_Inf": "1", "Kd_Inf": "34 050", "Propinsi": "Kalimantan Timur", "Kab_Kot": "Kutai Kartanegara", "Kecamatan": "Sebulu / Muara Kaman", "Desa_Kel": "SUMBER SARI / MANUNGGAL DAYA / SIDOMUKTI", "Tk_Ruas_Aw": "-0.170312, 116.979466", "Tk_Ruas_Ak": "-0.124113, 116.982428", "Kd_Patok": null, "Km_Awal": 0.0, "Km_Akhir": 5.2112753221099997, "Nm_Lintas": null, "Kon_Baik": 0.0, "Kon_Sdg": 0.0, "Kon_Rgn": 2.2, "Kon_Rusak": 1.9, "Kon_Mntp": 1.1, "Kon_T_Mntp": 4.1, "Panjang": 5.2, "Lbr_Keras": 6.0, "LHRT": 0.0, "VCR": 0.0, "Tipe_Jln": 2, "MST": 8.0, "Tanah_Kri": 0.0, "Macadam": 10.0, "Aspal": 0.0, "Rigid": 90.0, "Thn_Pen_Ak": 2016, "Jns_Pen": "Peningkatan", "Koord_X_Aw": 116.97946696, "Koord_Y_Aw": -0.170312553, "Koord_X_Ak": 116.98242885499999, "Koord_Y_Ak": -0.12411352, "Shape_Leng": 0.0, "Status_J_1": "Sudah Terbangun", "Keterangan": null, "Masuk": "DOWN", "panjangjal": 5.2112753221099997 }, "geometry": { "type": "LineString", "coordinates": [ [ 116.979467, -0.1703126, 0.0 ], [ 116.9794605, -0.1701704, 0.0 ], [ 116.9794573, -0.1693792, 0.0 ], [ 116.9794426, -0.1688056, 0.0 ], [ 116.9794261, -0.1681583, 0.0 ], [ 116.9793943, -0.1669108, 0.0 ], [ 116.9794469, -0.1657725, 0.0 ], [ 116.9797458, -0.1646663, 0.0 ], [ 116.979793, -0.1644422, 0.0 ], [ 116.9798598, -0.1638274, 0.0 ], [ 116.9798803, -0.1635072, 0.0 ], [ 116.979744, -0.1628864, 0.0 ], [ 116.9796621, -0.16207, 0.0 ], [ 116.979689, -0.1617199, 0.0 ], [ 116.979647, -0.1612697, 0.0 ], [ 116.9796176, -0.1610625, 0.0 ], [ 116.9794522, -0.1598958, 0.0 ], [ 116.9793467, -0.1591526, 0.0 ], [ 116.9792777, -0.1586663, 0.0 ], [ 116.9789446, -0.1574385, 0.0 ], [ 116.9786324, -0.1566775, 0.0 ], [ 116.9784399, -0.1562203, 0.0 ], [ 116.9782647, -0.1554669, 0.0 ], [ 116.9782525, -0.153796, 0.0 ], [ 116.9782784, -0.1513747, 0.0 ], [ 116.9783924, -0.1503124, 0.0 ], [ 116.9788283, -0.1488043, 0.0 ], [ 116.9795649, -0.146884, 0.0 ], [ 116.9798106, -0.1463926, 0.0 ], [ 116.9801825, -0.1456216, 0.0 ], [ 116.9803272, -0.1452198, 0.0 ], [ 116.9804444, -0.14463, 0.0 ], [ 116.9805938, -0.1443943, 0.0 ], [ 116.980731, -0.1442113, 0.0 ], [ 116.981034, -0.1434026, 0.0 ], [ 116.9810486, -0.1433007, 0.0 ], [ 116.9811332, -0.1421985, 0.0 ], [ 116.9813224, -0.1410766, 0.0 ], [ 116.981572, -0.1399681, 0.0 ], [ 116.9816434, -0.139676, 0.0 ], [ 116.9820192, -0.1381406, 0.0 ], [ 116.9821157, -0.1377466, 0.0 ], [ 116.982185, -0.1374631, 0.0 ], [ 116.9822073, -0.1369868, 0.0 ], [ 116.9822073, -0.1365405, 0.0 ], [ 116.9822073, -0.1359153, 0.0 ], [ 116.9822073, -0.1352521, 0.0 ], [ 116.9822073, -0.1349387, 0.0 ], [ 116.9822073, -0.1345732, 0.0 ], [ 116.9822073, -0.1340245, 0.0 ], [ 116.982223, -0.1334441, 0.0 ], [ 116.9822495, -0.1328955, 0.0 ], [ 116.9822725, -0.132277, 0.0 ], [ 116.9822758, -0.131601, 0.0 ], [ 116.982279, -0.1309355, 0.0 ], [ 116.9822805, -0.1306183, 0.0 ], [ 116.9822819, -0.1303347, 0.0 ], [ 116.9822838, -0.129926, 0.0 ], [ 116.9822875, -0.1291728, 0.0 ], [ 116.9822905, -0.1285362, 0.0 ], [ 116.9822923, -0.1281694, 0.0 ], [ 116.9822973, -0.1277945, 0.0 ], [ 116.9823035, -0.1274934, 0.0 ], [ 116.9823116, -0.1271038, 0.0 ], [ 116.9823188, -0.1267571, 0.0 ], [ 116.9824289, -0.1241135, 0.0 ] ] } },
{ "type": "Feature", "properties": { "OBJECTID": 0, "Kl_Dat_Das": "Jalan Non Tol", "Nm_Ruas": "BTS. KUTIM - PELABUHAN LHOK TUAN", "Thn_Data": 2023, "Status": "Jalan Provinsi", "Fungsi": "Jalan Kolektor Primer 2", "Mendukung": "Pelabuhan", "Ura_Dukung": null, "Kd_Bd_PU": "2", "Kd_Jns_Inf": "1", "Kd_Inf": "34 037", "Propinsi": "Kalimantan Timur", "Kab_Kot": "Bontang", "Kecamatan": null, "Desa_Kel": null, "Tk_Ruas_Aw": "0.166895, 117.450124", "Tk_Ruas_Ak": "0.165696, 117.485333", "Kd_Patok": null, "Km_Awal": 0.0, "Km_Akhir": 4.3083251371799998, "Nm_Lintas": null, "Kon_Baik": 0.0, "Kon_Sdg": 0.0, "Kon_Rgn": 0.0, "Kon_Rusak": 0.0, "Kon_Mntp": 0.0, "Kon_T_Mntp": 0.0, "Panjang": 0.0, "Lbr_Keras": 0.0, "LHRT": 0.0, "VCR": 0.0, "Tipe_Jln": 0, "MST": 0.0, "Tanah_Kri": 0.0, "Macadam": 0.0, "Aspal": 0.0, "Rigid": 0.0, "Thn_Pen_Ak": 0, "Jns_Pen": null, "Koord_X_Aw": 0.0, "Koord_Y_Aw": 0.0, "Koord_X_Ak": 0.0, "Koord_Y_Ak": 0.0, "Shape_Leng": 0.0, "Status_J_1": null, "Keterangan": null, "Masuk": null, "panjangjal": 4.3083251371799998 }, "geometry": { "type": "MultiLineString", "coordinates": [ [ [ 117.4501249, 0.1668958, 0.0 ], [ 117.4508803, 0.1666096, 0.0 ], [ 117.4515389, 0.1663647, 0.0 ], [ 117.4516263, 0.1663512, 0.0 ], [ 117.4517143, 0.1663436, 0.0 ], [ 117.4518027, 0.1663419, 0.0 ], [ 117.4518909, 0.166346, 0.0 ], [ 117.4519787, 0.1663561, 0.0 ], [ 117.4520657, 0.1663721, 0.0 ], [ 117.4521514, 0.1663938, 0.0 ], [ 117.4530799, 0.1666754, 0.0 ], [ 117.4540822, 0.1669798, 0.0 ], [ 117.4542676, 0.1670344, 0.0 ], [ 117.454437, 0.1670843, 0.0 ], [ 117.4547473, 0.1671757, 0.0 ], [ 117.4551543, 0.1672955, 0.0 ], [ 117.4557716, 0.1674624, 0.0 ], [ 117.4564192, 0.1676376, 0.0 ], [ 117.4567117, 0.1677166, 0.0 ], [ 117.4569697, 0.1677891, 0.0 ], [ 117.4572261, 0.1678677, 0.0 ], [ 117.4573944, 0.1679237, 0.0 ], [ 117.4574805, 0.1679524, 0.0 ], [ 117.4577328, 0.168043, 0.0 ], [ 117.457983, 0.1681397, 0.0 ], [ 117.4580621, 0.1681724, 0.0 ], [ 117.4582308, 0.1682423, 0.0 ], [ 117.4583355, 0.1682801, 0.0 ], [ 117.458438, 0.1683238, 0.0 ], [ 117.4584995, 0.1683541, 0.0 ], [ 117.4585379, 0.1683731, 0.0 ], [ 117.4585384, 0.1683733, 0.0 ], [ 117.458635, 0.1684279, 0.0 ], [ 117.4587289, 0.168488, 0.0 ], [ 117.4588193, 0.1685533, 0.0 ], [ 117.4589484, 0.1686397, 0.0 ], [ 117.4593857, 0.1689322, 0.0 ], [ 117.4594523, 0.1689764, 0.0 ], [ 117.4595225, 0.1690145, 0.0 ], [ 117.4595958, 0.1690463, 0.0 ], [ 117.4596715, 0.1690715, 0.0 ], [ 117.4597491, 0.16909, 0.0 ], [ 117.4598281, 0.1691015, 0.0 ], [ 117.4599077, 0.169106, 0.0 ], [ 117.4599767, 0.1690952, 0.0 ], [ 117.4600444, 0.1690779, 0.0 ], [ 117.4601101, 0.1690542, 0.0 ], [ 117.4601733, 0.1690243, 0.0 ], [ 117.4602334, 0.1689885, 0.0 ], [ 117.4602899, 0.1689472, 0.0 ], [ 117.4603422, 0.1689006, 0.0 ], [ 117.4603898, 0.1688492, 0.0 ], [ 117.4607792, 0.1684278, 0.0 ], [ 117.4609478, 0.1682453, 0.0 ], [ 117.4610187, 0.168173, 0.0 ], [ 117.4610937, 0.168105, 0.0 ], [ 117.4611726, 0.1680417, 0.0 ], [ 117.4612552, 0.1679833, 0.0 ], [ 117.4616228, 0.1677546, 0.0 ], [ 117.4616983, 0.1677294, 0.0 ], [ 117.4617754, 0.1677101, 0.0 ], [ 117.4618539, 0.1676969, 0.0 ], [ 117.4619331, 0.1676899, 0.0 ], [ 117.4620126, 0.1676892, 0.0 ], [ 117.462092, 0.1676946, 0.0 ], [ 117.4621707, 0.1677063, 0.0 ], [ 117.4622482, 0.167724, 0.0 ], [ 117.4623241, 0.1677478, 0.0 ], [ 117.4635307, 0.1679865, 0.0 ], [ 117.4647517, 0.1682339, 0.0 ], [ 117.4648626, 0.168268, 0.0 ], [ 117.4649716, 0.1683076, 0.0 ], [ 117.4650785, 0.1683526, 0.0 ], [ 117.465183, 0.1684028, 0.0 ], [ 117.465285, 0.1684582, 0.0 ], [ 117.4653841, 0.1685187, 0.0 ], [ 117.4654801, 0.168584, 0.0 ], [ 117.4656823, 0.168689, 0.0 ], [ 117.4657719, 0.1687332, 0.0 ], [ 117.4658866, 0.1687899, 0.0 ], [ 117.4660928, 0.1688865, 0.0 ], [ 117.4663009, 0.168979, 0.0 ], [ 117.4663677, 0.1690052, 0.0 ], [ 117.4673043, 0.1693724, 0.0 ], [ 117.4675474, 0.169466, 0.0 ] ], [ [ 117.4675538, 0.1695161, 0.0 ], [ 117.4676648, 0.1695509, 0.0 ], [ 117.4677464, 0.1695765, 0.0 ], [ 117.4681264, 0.1696956, 0.0 ], [ 117.4682346, 0.1697313, 0.0 ], [ 117.4685458, 0.1698341, 0.0 ], [ 117.4687878, 0.1699122, 0.0 ], [ 117.4690779, 0.1700057, 0.0 ], [ 117.4693369, 0.1700957, 0.0 ], [ 117.4694591, 0.170133, 0.0 ], [ 117.469583, 0.1701641, 0.0 ], [ 117.4697082, 0.1701889, 0.0 ], [ 117.4698345, 0.1702072, 0.0 ], [ 117.4699616, 0.1702191, 0.0 ], [ 117.4700893, 0.1702246, 0.0 ], [ 117.4704107, 0.170235, 0.0 ], [ 117.4709159, 0.1702501, 0.0 ], [ 117.4709842, 0.1702532, 0.0 ], [ 117.4710522, 0.1702616, 0.0 ], [ 117.4711196, 0.1702753, 0.0 ], [ 117.4716015, 0.1704494, 0.0 ], [ 117.4717046, 0.170486, 0.0 ], [ 117.4720127, 0.1705674, 0.0 ], [ 117.4720139, 0.1705677, 0.0 ], [ 117.4721761, 0.1706141, 0.0 ], [ 117.4723424, 0.1706371, 0.0 ], [ 117.4725097, 0.1706536, 0.0 ], [ 117.4725369, 0.1706552, 0.0 ], [ 117.4726776, 0.1706636, 0.0 ], [ 117.4728459, 0.1706671, 0.0 ], [ 117.4730218, 0.1706698, 0.0 ], [ 117.4731976, 0.1706669, 0.0 ], [ 117.4733732, 0.1706582, 0.0 ], [ 117.4735486, 0.1706438, 0.0 ], [ 117.4738327, 0.1706298, 0.0 ], [ 117.4741636, 0.1706134, 0.0 ], [ 117.4742714, 0.1706121, 0.0 ], [ 117.4745563, 0.1706088, 0.0 ], [ 117.4750764, 0.1705925, 0.0 ], [ 117.4755241, 0.1705992, 0.0 ], [ 117.4756843, 0.1706059, 0.0 ], [ 117.4760938, 0.1706231, 0.0 ], [ 117.4765789, 0.1706327, 0.0 ], [ 117.4767664, 0.1706363, 0.0 ], [ 117.4767893, 0.1706368, 0.0 ], [ 117.4771306, 0.1706367, 0.0 ], [ 117.4773707, 0.1706361, 0.0 ], [ 117.4775185, 0.1706445, 0.0 ], [ 117.4776658, 0.1706588, 0.0 ], [ 117.4777027, 0.1706641, 0.0 ], [ 117.4779277, 0.1706965, 0.0 ], [ 117.4781548, 0.1707454, 0.0 ], [ 117.4782117, 0.1707585, 0.0 ], [ 117.4782692, 0.1707669, 0.0 ], [ 117.4783271, 0.1707705, 0.0 ], [ 117.4783852, 0.1707694, 0.0 ], [ 117.478443, 0.1707635, 0.0 ], [ 117.478695, 0.1707234, 0.0 ], [ 117.4787705, 0.1707114, 0.0 ], [ 117.479006, 0.1706725, 0.0 ], [ 117.4791389, 0.1706465, 0.0 ], [ 117.4793581, 0.1706036, 0.0 ], [ 117.4797261, 0.170518, 0.0 ], [ 117.4797584, 0.1705103, 0.0 ], [ 117.4800248, 0.1704469, 0.0 ], [ 117.4800898, 0.1704327, 0.0 ], [ 117.4801531, 0.1704136, 0.0 ], [ 117.4802148, 0.1703895, 0.0 ], [ 117.4802746, 0.1703606, 0.0 ], [ 117.4804017, 0.1702984, 0.0 ], [ 117.4804935, 0.1702432, 0.0 ], [ 117.4805815, 0.170182, 0.0 ], [ 117.4806653, 0.1701149, 0.0 ], [ 117.4809048, 0.1699049, 0.0 ], [ 117.4810839, 0.1697448, 0.0 ], [ 117.4812797, 0.1695699, 0.0 ], [ 117.4814422, 0.1694259, 0.0 ], [ 117.4816553, 0.1692807, 0.0 ], [ 117.4819218, 0.1690872, 0.0 ], [ 117.4821814, 0.1688961, 0.0 ], [ 117.4822841, 0.1688205, 0.0 ], [ 117.4827188, 0.1684718, 0.0 ], [ 117.4830129, 0.1682313, 0.0 ], [ 117.4831163, 0.1681248, 0.0 ], [ 117.4832154, 0.1680139, 0.0 ], [ 117.4833097, 0.1678993, 0.0 ], [ 117.483342, 0.1678454, 0.0 ], [ 117.4833716, 0.1677894, 0.0 ], [ 117.4833865, 0.1677512, 0.0 ], [ 117.4834077, 0.1677155, 0.0 ], [ 117.4834562, 0.1676438, 0.0 ], [ 117.4835319, 0.1675318, 0.0 ], [ 117.4836147, 0.1674421, 0.0 ], [ 117.4837011, 0.1673565, 0.0 ], [ 117.4837913, 0.1672752, 0.0 ], [ 117.4840667, 0.1670101, 0.0 ], [ 117.4843157, 0.1667752, 0.0 ], [ 117.4845994, 0.1664886, 0.0 ], [ 117.4847268, 0.1663599, 0.0 ], [ 117.4850208, 0.1660295, 0.0 ], [ 117.4852289, 0.1657994, 0.0 ], [ 117.4852409, 0.1657989, 0.0 ], [ 117.4853336, 0.1656961, 0.0 ] ] ] } },
{ "type": "Feature", "properties": { "OBJECTID": 0, "Kl_Dat_Das": "Jalan Non Tol", "Nm_Ruas": "SIMP. 3 KAYU MAS - BTS. BONTANG", "Thn_Data": 2023, "Status": "Jalan Provinsi", "Fungsi": "Jalan Kolektor Primer 2", "Mendukung": null, "Ura_Dukung": null, "Kd_Bd_PU": "2", "Kd_Jns_Inf": "1", "Kd_Inf": "34 058", "Propinsi": "Kalimantan Timur", "Kab_Kot": "Kutai Timur", "Kecamatan": null, "Desa_Kel": null, "Tk_Ruas_Aw": "0.167382, 117.438846", "Tk_Ruas_Ak": "0.166895, 117.450124", "Kd_Patok": null, "Km_Awal": 0.0, "Km_Akhir": 1.3095553091800001, "Nm_Lintas": null, "Kon_Baik": 0.0, "Kon_Sdg": 0.0, "Kon_Rgn": 0.0, "Kon_Rusak": 0.0, "Kon_Mntp": 0.0, "Kon_T_Mntp": 0.0, "Panjang": 0.0, "Lbr_Keras": 0.0, "LHRT": 0.0, "VCR": 0.0, "Tipe_Jln": 0, "MST": 0.0, "Tanah_Kri": 0.0, "Macadam": 0.0, "Aspal": 0.0, "Rigid": 0.0, "Thn_Pen_Ak": 0, "Jns_Pen": null, "Koord_X_Aw": 0.0, "Koord_Y_Aw": 0.0, "Koord_X_Ak": 0.0, "Koord_Y_Ak": 0.0, "Shape_Leng": 0.0, "Status_J_1": null, "Keterangan": null, "Masuk": null, "panjangjal": 1.3095553091800001 }, "geometry": { "type": "LineString", "coordinates": [ [ 117.4388466, 0.1673825, 0.0 ], [ 117.439451, 0.167203, 0.0 ], [ 117.4401494, 0.1670149, 0.0 ], [ 117.440567, 0.1669471, 0.0 ], [ 117.4408299, 0.166915, 0.0 ], [ 117.4410505, 0.1669148, 0.0 ], [ 117.4420594, 0.1670218, 0.0 ], [ 117.4430754, 0.1671789, 0.0 ], [ 117.4438011, 0.1672479, 0.0 ], [ 117.4441105, 0.1672741, 0.0 ], [ 117.444396, 0.1672883, 0.0 ], [ 117.4446577, 0.1672717, 0.0 ], [ 117.4448607, 0.1672466, 0.0 ], [ 117.4452624, 0.1671048, 0.0 ], [ 117.4456286, 0.1669219, 0.0 ], [ 117.4459926, 0.1667125, 0.0 ], [ 117.4464693, 0.1663937, 0.0 ], [ 117.4466496, 0.166261, 0.0 ], [ 117.4467752, 0.1661853, 0.0 ], [ 117.4468366, 0.1661582, 0.0 ], [ 117.4468967, 0.1661515, 0.0 ], [ 117.4470094, 0.1661468, 0.0 ], [ 117.4471935, 0.1661625, 0.0 ], [ 117.4475647, 0.1661939, 0.0 ], [ 117.4479245, 0.1662267, 0.0 ], [ 117.4486412, 0.166331, 0.0 ], [ 117.4488768, 0.1663938, 0.0 ], [ 117.449385, 0.1665922, 0.0 ], [ 117.449847, 0.1668078, 0.0 ], [ 117.4501249, 0.1668958, 0.0 ] ] } },
{ "type": "Feature", "properties": { "OBJECTID": 0, "Kl_Dat_Das": "Jalan Non Tol", "Nm_Ruas": "JL. SOEKARNO HATTA KM.0 - KM 4 (BALIKPAPAN)", "Thn_Data": 2023, "Status": "Jalan Provinsi", "Fungsi": "Jalan Kolektor Primer 2", "Mendukung": null, "Ura_Dukung": null, "Kd_Bd_PU": "2", "Kd_Jns_Inf": "1", "Kd_Inf": "34 052 K", "Propinsi": "Kalimantan Timur", "Kab_Kot": "Balikpapan", "Kecamatan": null, "Desa_Kel": null, "Tk_Ruas_Aw": "-1.216962, 116.854033", "Tk_Ruas_Ak": "-1.241862, 116.835133", "Kd_Patok": null, "Km_Awal": 0.0, "Km_Akhir": 4.3122007526399999, "Nm_Lintas": null, "Kon_Baik": 0.0, "Kon_Sdg": 0.0, "Kon_Rgn": 0.0, "Kon_Rusak": 0.0, "Kon_Mntp": 0.0, "Kon_T_Mntp": 0.0, "Panjang": 0.0, "Lbr_Keras": 0.0, "LHRT": 0.0, "VCR": 0.0, "Tipe_Jln": 0, "MST": 0.0, "Tanah_Kri": 0.0, "Macadam": 0.0, "Aspal": 0.0, "Rigid": 0.0, "Thn_Pen_Ak": 0, "Jns_Pen": null, "Koord_X_Aw": 0.0, "Koord_Y_Aw": 0.0, "Koord_X_Ak": 0.0, "Koord_Y_Ak": 0.0, "Shape_Leng": 0.0, "Status_J_1": null, "Keterangan": "JKP2", "Masuk": null, "panjangjal": 4.3122007526399999 }, "geometry": { "type": "LineString", "coordinates": [ [ 116.8540332, -1.216962, 0.0 ], [ 116.8538556, -1.2169936, 0.0 ], [ 116.8536737, -1.2170149, 0.0 ], [ 116.8535271, -1.217013, 0.0 ], [ 116.8533144, -1.2169531, 0.0 ], [ 116.8528843, -1.216769, 0.0 ], [ 116.8526833, -1.2166961, 0.0 ], [ 116.852499, -1.2166613, 0.0 ], [ 116.8522636, -1.2166469, 0.0 ], [ 116.8519568, -1.2166541, 0.0 ], [ 116.8515929, -1.2166612, 0.0 ], [ 116.8510578, -1.2166899, 0.0 ], [ 116.8508616, -1.2167246, 0.0 ], [ 116.8506979, -1.2167896, 0.0 ], [ 116.8506467, -1.2168088, 0.0 ], [ 116.8504707, -1.2169165, 0.0 ], [ 116.8503328, -1.2170697, 0.0 ], [ 116.8502543, -1.2172468, 0.0 ], [ 116.8501829, -1.2174981, 0.0 ], [ 116.8501544, -1.2176465, 0.0 ], [ 116.8500711, -1.2178141, 0.0 ], [ 116.8499117, -1.218008, 0.0 ], [ 116.8497096, -1.2181803, 0.0 ], [ 116.849555, -1.2183239, 0.0 ], [ 116.8493885, -1.2185848, 0.0 ], [ 116.849291, -1.2188649, 0.0 ], [ 116.8491173, -1.219303, 0.0 ], [ 116.8490008, -1.2195447, 0.0 ], [ 116.8489366, -1.2196381, 0.0 ], [ 116.8486868, -1.2198655, 0.0 ], [ 116.848254, -1.2201647, 0.0 ], [ 116.8475856, -1.2206673, 0.0 ], [ 116.8474094, -1.2208058, 0.0 ], [ 116.8472577, -1.2209568, 0.0 ], [ 116.8471126, -1.2211112, 0.0 ], [ 116.8468011, -1.2214296, 0.0 ], [ 116.8466595, -1.2216641, 0.0 ], [ 116.8465299, -1.2220352, 0.0 ], [ 116.8464764, -1.2223727, 0.0 ], [ 116.8464383, -1.2226025, 0.0 ], [ 116.8464026, -1.2227641, 0.0 ], [ 116.8463289, -1.2229137, 0.0 ], [ 116.846166, -1.2231614, 0.0 ], [ 116.8459472, -1.2233589, 0.0 ], [ 116.8458734, -1.2234211, 0.0 ], [ 116.8454953, -1.2237466, 0.0 ], [ 116.8446929, -1.2244492, 0.0 ], [ 116.8445597, -1.2246095, 0.0 ], [ 116.8445049, -1.2247843, 0.0 ], [ 116.844496, -1.2250171, 0.0 ], [ 116.8446922, -1.2258878, 0.0 ], [ 116.8447516, -1.2264084, 0.0 ], [ 116.8446624, -1.2266388, 0.0 ], [ 116.8445137, -1.2268453, 0.0 ], [ 116.8443651, -1.226965, 0.0 ], [ 116.8439756, -1.2271924, 0.0 ], [ 116.8437081, -1.227336, 0.0 ], [ 116.8435148, -1.2273838, 0.0 ], [ 116.8432116, -1.2274107, 0.0 ], [ 116.8428549, -1.2273269, 0.0 ], [ 116.8424922, -1.2271594, 0.0 ], [ 116.8423881, -1.2271204, 0.0 ], [ 116.8420998, -1.2270636, 0.0 ], [ 116.8417371, -1.2270905, 0.0 ], [ 116.8410712, -1.2272939, 0.0 ], [ 116.8405687, -1.2274794, 0.0 ], [ 116.8403428, -1.2276739, 0.0 ], [ 116.8402387, -1.2278773, 0.0 ], [ 116.8401674, -1.2282573, 0.0 ], [ 116.8401317, -1.2285147, 0.0 ], [ 116.8399503, -1.2289844, 0.0 ], [ 116.8398343, -1.2292866, 0.0 ], [ 116.8397957, -1.2296517, 0.0 ], [ 116.8398937, -1.2311568, 0.0 ], [ 116.8399353, -1.2315996, 0.0 ], [ 116.8399858, -1.2317911, 0.0 ], [ 116.8400958, -1.2319617, 0.0 ], [ 116.8402385, -1.2321472, 0.0 ], [ 116.8403752, -1.2322908, 0.0 ], [ 116.8405238, -1.2325571, 0.0 ], [ 116.8405595, -1.2329282, 0.0 ], [ 116.8403603, -1.2336283, 0.0 ], [ 116.8402621, -1.2339096, 0.0 ], [ 116.8399886, -1.2347085, 0.0 ], [ 116.8396645, -1.2353548, 0.0 ], [ 116.8395486, -1.2356869, 0.0 ], [ 116.8395129, -1.2357946, 0.0 ], [ 116.8395456, -1.2362106, 0.0 ], [ 116.8396407, -1.2363931, 0.0 ], [ 116.8401728, -1.2371352, 0.0 ], [ 116.8403452, -1.2375272, 0.0 ], [ 116.8403511, -1.2377815, 0.0 ], [ 116.8402886, -1.2381914, 0.0 ], [ 116.8400032, -1.2394332, 0.0 ], [ 116.839795, -1.2400376, 0.0 ], [ 116.8396464, -1.240247, 0.0 ], [ 116.8394948, -1.2404505, 0.0 ], [ 116.8391826, -1.2406928, 0.0 ], [ 116.8387931, -1.2408634, 0.0 ], [ 116.8364891, -1.2416173, 0.0 ], [ 116.8354178, -1.241972, 0.0 ], [ 116.8353636, -1.2419754, 0.0 ], [ 116.8353071, -1.2419664, 0.0 ], [ 116.8352512, -1.2419545, 0.0 ], [ 116.8351994, -1.2419307, 0.0 ], [ 116.8351667, -1.2419028, 0.0 ], [ 116.835134, -1.2418623, 0.0 ] ] } },
{ "type": "Feature", "properties": { "OBJECTID": 0, "Kl_Dat_Das": "Jalan Non Tol", "Nm_Ruas": "JL. AHMAD YANI (SIMP. 4 RAPAK - LETJEN SOEPRAPTO)", "Thn_Data": 2023, "Status": "Jalan Provinsi", "Fungsi": "Jalan Kolektor Primer 3", "Mendukung": null, "Ura_Dukung": null, "Kd_Bd_PU": "2", "Kd_Jns_Inf": "1", "Kd_Inf": "34 053 K", "Propinsi": "Kalimantan Timur", "Kab_Kot": "Balikpapan", "Kecamatan": null, "Desa_Kel": null, "Tk_Ruas_Aw": "-1.241862, 116.835133", "Tk_Ruas_Ak": "-1.242031, 116.828277", "Kd_Patok": null, "Km_Awal": 0.0, "Km_Akhir": 0.78946841633700005, "Nm_Lintas": null, "Kon_Baik": 0.0, "Kon_Sdg": 0.0, "Kon_Rgn": 0.0, "Kon_Rusak": 0.0, "Kon_Mntp": 0.0, "Kon_T_Mntp": 0.0, "Panjang": 0.0, "Lbr_Keras": 0.0, "LHRT": 0.0, "VCR": 0.0, "Tipe_Jln": 0, "MST": 0.0, "Tanah_Kri": 0.0, "Macadam": 0.0, "Aspal": 0.0, "Rigid": 0.0, "Thn_Pen_Ak": 0, "Jns_Pen": null, "Koord_X_Aw": 0.0, "Koord_Y_Aw": 0.0, "Koord_X_Ak": 0.0, "Koord_Y_Ak": 0.0, "Shape_Leng": 0.0, "Status_J_1": null, "Keterangan": "JKP3", "Masuk": null, "panjangjal": 0.78946841633700005 }, "geometry": { "type": "LineString", "coordinates": [ [ 116.835134, -1.2418623, 0.0 ], [ 116.8350686, -1.2417808, 0.0 ], [ 116.8350257, -1.2417499, 0.0 ], [ 116.8349942, -1.2417327, 0.0 ], [ 116.8349275, -1.2417112, 0.0 ], [ 116.8348235, -1.241697, 0.0 ], [ 116.8343345, -1.2416315, 0.0 ], [ 116.8335557, -1.2415079, 0.0 ], [ 116.8331831, -1.2414422, 0.0 ], [ 116.8329903, -1.2414137, 0.0 ], [ 116.8328518, -1.2414208, 0.0 ], [ 116.8327119, -1.2414522, 0.0 ], [ 116.8326421, -1.241465, 0.0 ], [ 116.8325821, -1.2414874, 0.0 ], [ 116.8325131, -1.2415257, 0.0 ], [ 116.8323895, -1.2415927, 0.0 ], [ 116.8319394, -1.2418694, 0.0 ], [ 116.8316267, -1.2420407, 0.0 ], [ 116.8312455, -1.2420535, 0.0 ], [ 116.8306145, -1.2420621, 0.0 ], [ 116.8291854, -1.2420564, 0.0 ], [ 116.8286828, -1.2420535, 0.0 ], [ 116.8282776, -1.2420318, 0.0 ] ] } },
{ "type": "Feature", "properties": { "OBJECTID": 0, "Kl_Dat_Das": "Jalan Non Tol", "Nm_Ruas": "JL. LETJEN SOEPRAPTO (BALIKPAPAN)", "Thn_Data": 2023, "Status": "Jalan Provinsi", "Fungsi": "Jalan Kolektor Primer 3", "Mendukung": null, "Ura_Dukung": null, "Kd_Bd_PU": "2", "Kd_Jns_Inf": "1", "Kd_Inf": "34 054 K", "Propinsi": "Kalimantan Timur", "Kab_Kot": "Balikpapan", "Kecamatan": null, "Desa_Kel": null, "Tk_Ruas_Aw": "-1.242031, 116.828277", "Tk_Ruas_Ak": "-1.218839, 116.815738", "Kd_Patok": null, "Km_Awal": 0.0, "Km_Akhir": 4.1782670833999997, "Nm_Lintas": null, "Kon_Baik": 0.0, "Kon_Sdg": 0.0, "Kon_Rgn": 0.0, "Kon_Rusak": 0.0, "Kon_Mntp": 0.0, "Kon_T_Mntp": 0.0, "Panjang": 0.0, "Lbr_Keras": 0.0, "LHRT": 0.0, "VCR": 0.0, "Tipe_Jln": 0, "MST": 0.0, "Tanah_Kri": 0.0, "Macadam": 0.0, "Aspal": 0.0, "Rigid": 0.0, "Thn_Pen_Ak": 0, "Jns_Pen": null, "Koord_X_Aw": 0.0, "Koord_Y_Aw": 0.0, "Koord_X_Ak": 0.0, "Koord_Y_Ak": 0.0, "Shape_Leng": 0.0, "Status_J_1": null, "Keterangan": "JKP3", "Masuk": null, "panjangjal": 4.1782670833999997 }, "geometry": { "type": "LineString", "coordinates": [ [ 116.8282776, -1.2420318, 0.0 ], [ 116.8281507, -1.2406285, 0.0 ], [ 116.8280153, -1.2384095, 0.0 ], [ 116.8279583, -1.2380935, 0.0 ], [ 116.8277942, -1.2379139, 0.0 ], [ 116.8257752, -1.235781, 0.0 ], [ 116.8252472, -1.2351346, 0.0 ], [ 116.8249761, -1.2349048, 0.0 ], [ 116.8245552, -1.2347396, 0.0 ], [ 116.8235277, -1.2346175, 0.0 ], [ 116.821637, -1.2344881, 0.0 ], [ 116.8186134, -1.2343604, 0.0 ], [ 116.8185421, -1.2343604, 0.0 ], [ 116.8184612, -1.2343591, 0.0 ], [ 116.8183917, -1.2343579, 0.0 ], [ 116.8183216, -1.2343567, 0.0 ], [ 116.8182403, -1.2343539, 0.0 ], [ 116.8181708, -1.2343509, 0.0 ], [ 116.8181121, -1.2343486, 0.0 ], [ 116.8180447, -1.2343459, 0.0 ], [ 116.8180021, -1.2343436, 0.0 ], [ 116.8179722, -1.2343429, 0.0 ], [ 116.81794, -1.2343419, 0.0 ], [ 116.8178499, -1.2343376, 0.0 ], [ 116.817764, -1.2343334, 0.0 ], [ 116.8176968, -1.2343292, 0.0 ], [ 116.8176473, -1.2343275, 0.0 ], [ 116.8176076, -1.2343258, 0.0 ], [ 116.8175452, -1.2343232, 0.0 ], [ 116.8174724, -1.2343193, 0.0 ], [ 116.8173911, -1.2343171, 0.0 ], [ 116.8173314, -1.2343121, 0.0 ], [ 116.8172578, -1.2343073, 0.0 ], [ 116.8171865, -1.2343035, 0.0 ], [ 116.8171126, -1.2342996, 0.0 ], [ 116.8170387, -1.2342971, 0.0 ], [ 116.8169647, -1.2342955, 0.0 ], [ 116.8169064, -1.2342927, 0.0 ], [ 116.8168301, -1.2342876, 0.0 ], [ 116.8167703, -1.234285, 0.0 ], [ 116.8166987, -1.2342817, 0.0 ], [ 116.8166404, -1.2342761, 0.0 ], [ 116.8165691, -1.2342686, 0.0 ], [ 116.8164788, -1.2342602, 0.0 ], [ 116.8164196, -1.2342532, 0.0 ], [ 116.8163636, -1.2342414, 0.0 ], [ 116.8163297, -1.2342325, 0.0 ], [ 116.8163114, -1.2342276, 0.0 ], [ 116.8162871, -1.2342192, 0.0 ], [ 116.8162195, -1.2341958, 0.0 ], [ 116.8161677, -1.2341714, 0.0 ], [ 116.8160992, -1.2341371, 0.0 ], [ 116.816048, -1.2341067, 0.0 ], [ 116.8159927, -1.2340725, 0.0 ], [ 116.8159263, -1.2340267, 0.0 ], [ 116.8158752, -1.2339884, 0.0 ], [ 116.8158135, -1.2339403, 0.0 ], [ 116.815753, -1.233896, 0.0 ], [ 116.8156872, -1.2338487, 0.0 ], [ 116.8156465, -1.2338181, 0.0 ], [ 116.8156021, -1.2337848, 0.0 ], [ 116.8155501, -1.2337471, 0.0 ], [ 116.8155062, -1.2337156, 0.0 ], [ 116.8154384, -1.2336695, 0.0 ], [ 116.8153904, -1.2336297, 0.0 ], [ 116.8153384, -1.2335902, 0.0 ], [ 116.8152855, -1.2335518, 0.0 ], [ 116.8152156, -1.2335022, 0.0 ], [ 116.815163, -1.233463, 0.0 ], [ 116.8151165, -1.2334297, 0.0 ], [ 116.8150823, -1.2334035, 0.0 ], [ 116.8150571, -1.2333866, 0.0 ], [ 116.8150335, -1.2333702, 0.0 ], [ 116.8150001, -1.233345, 0.0 ], [ 116.8149572, -1.233312, 0.0 ], [ 116.81493, -1.2332939, 0.0 ], [ 116.8149104, -1.2332796, 0.0 ], [ 116.8148683, -1.2332487, 0.0 ], [ 116.8148188, -1.2332178, 0.0 ], [ 116.8147572, -1.2331711, 0.0 ], [ 116.814706, -1.2331331, 0.0 ], [ 116.8146598, -1.2330986, 0.0 ], [ 116.8146221, -1.233071, 0.0 ], [ 116.814575, -1.2330383, 0.0 ], [ 116.8145271, -1.2329999, 0.0 ], [ 116.8144753, -1.232964, 0.0 ], [ 116.8144236, -1.232925, 0.0 ], [ 116.8143756, -1.2328876, 0.0 ], [ 116.8142944, -1.2328273, 0.0 ], [ 116.8142569, -1.2327985, 0.0 ], [ 116.8142158, -1.2327622, 0.0 ], [ 116.8141772, -1.2327322, 0.0 ], [ 116.814148, -1.2327055, 0.0 ], [ 116.8140983, -1.2326604, 0.0 ], [ 116.8140609, -1.2326275, 0.0 ], [ 116.8140089, -1.2325717, 0.0 ], [ 116.8139775, -1.2325245, 0.0 ], [ 116.8139592, -1.2324906, 0.0 ], [ 116.8139321, -1.2324429, 0.0 ], [ 116.8139022, -1.2323728, 0.0 ], [ 116.8138849, -1.2323169, 0.0 ], [ 116.8138566, -1.2322232, 0.0 ], [ 116.8138328, -1.2321542, 0.0 ], [ 116.8138089, -1.232072, 0.0 ], [ 116.8137872, -1.2320011, 0.0 ], [ 116.8137536, -1.2319011, 0.0 ], [ 116.81373, -1.231816, 0.0 ], [ 116.8137008, -1.2317196, 0.0 ], [ 116.8136679, -1.2316096, 0.0 ], [ 116.813639, -1.2315132, 0.0 ], [ 116.8136263, -1.2314735, 0.0 ], [ 116.8136158, -1.2314401, 0.0 ], [ 116.8136005, -1.2313887, 0.0 ], [ 116.8135795, -1.2313139, 0.0 ], [ 116.8135552, -1.2312314, 0.0 ], [ 116.8135235, -1.2311232, 0.0 ], [ 116.8135153, -1.2310923, 0.0 ], [ 116.8135004, -1.2310354, 0.0 ], [ 116.8134819, -1.2309703, 0.0 ], [ 116.813458, -1.2308884, 0.0 ], [ 116.813436, -1.2308118, 0.0 ], [ 116.8134069, -1.2307122, 0.0 ], [ 116.8133844, -1.2306327, 0.0 ], [ 116.8133658, -1.2305735, 0.0 ], [ 116.8133578, -1.2305422, 0.0 ], [ 116.8133494, -1.2305117, 0.0 ], [ 116.8133384, -1.2304806, 0.0 ], [ 116.8133156, -1.2303961, 0.0 ], [ 116.8132997, -1.2303458, 0.0 ], [ 116.8132795, -1.2302805, 0.0 ], [ 116.813246, -1.230166, 0.0 ], [ 116.8131989, -1.2300126, 0.0 ], [ 116.8131787, -1.2299396, 0.0 ], [ 116.8131724, -1.2299198, 0.0 ], [ 116.8131614, -1.2298848, 0.0 ], [ 116.8131391, -1.2298127, 0.0 ], [ 116.8131253, -1.2297639, 0.0 ], [ 116.8131059, -1.2297009, 0.0 ], [ 116.8130796, -1.2296214, 0.0 ], [ 116.8130559, -1.2295412, 0.0 ], [ 116.8130377, -1.2294744, 0.0 ], [ 116.8130161, -1.2294014, 0.0 ], [ 116.8130096, -1.2293774, 0.0 ], [ 116.8129835, -1.2292808, 0.0 ], [ 116.812951, -1.2291667, 0.0 ], [ 116.8129509, -1.2291667, 0.0 ], [ 116.8129509, -1.2291666, 0.0 ], [ 116.8129419, -1.2291363, 0.0 ], [ 116.812938, -1.2291233, 0.0 ], [ 116.8129305, -1.2290978, 0.0 ], [ 116.812919, -1.2290594, 0.0 ], [ 116.8129147, -1.2290448, 0.0 ], [ 116.8129076, -1.2290209, 0.0 ], [ 116.8129025, -1.2290015, 0.0 ], [ 116.812892, -1.2289609, 0.0 ], [ 116.8128899, -1.228953, 0.0 ], [ 116.8128794, -1.2289127, 0.0 ], [ 116.8128678, -1.2288682, 0.0 ], [ 116.8128585, -1.2288321, 0.0 ], [ 116.8128491, -1.2287959, 0.0 ], [ 116.8128397, -1.2287598, 0.0 ], [ 116.8128304, -1.2287237, 0.0 ], [ 116.812821, -1.2286875, 0.0 ], [ 116.8128108, -1.2286442, 0.0 ], [ 116.8128005, -1.228601, 0.0 ], [ 116.8127902, -1.2285577, 0.0 ], [ 116.81278, -1.2285144, 0.0 ], [ 116.812772, -1.228479, 0.0 ], [ 116.8127641, -1.2284436, 0.0 ], [ 116.8127561, -1.2284082, 0.0 ], [ 116.8127481, -1.2283728, 0.0 ], [ 116.8127402, -1.2283374, 0.0 ], [ 116.8127285, -1.228292, 0.0 ], [ 116.8127169, -1.2282465, 0.0 ], [ 116.8127072, -1.2282084, 0.0 ], [ 116.8127022, -1.2281889, 0.0 ], [ 116.8126974, -1.2281702, 0.0 ], [ 116.8126911, -1.2281453, 0.0 ], [ 116.8126877, -1.2281321, 0.0 ], [ 116.8126791, -1.2281021, 0.0 ], [ 116.8126776, -1.2280968, 0.0 ], [ 116.812658, -1.228042, 0.0 ], [ 116.8126443, -1.2280076, 0.0 ], [ 116.8126306, -1.2279731, 0.0 ], [ 116.812617, -1.2279387, 0.0 ], [ 116.8126013, -1.227901, 0.0 ], [ 116.8125856, -1.2278634, 0.0 ], [ 116.8125794, -1.2278487, 0.0 ], [ 116.8125619, -1.2278072, 0.0 ], [ 116.8125426, -1.2277629, 0.0 ], [ 116.8125321, -1.2277413, 0.0 ], [ 116.8125158, -1.2277076, 0.0 ], [ 116.8124997, -1.2276745, 0.0 ], [ 116.8124994, -1.227674, 0.0 ], [ 116.8124831, -1.2276404, 0.0 ], [ 116.8124668, -1.2276068, 0.0 ], [ 116.8124461, -1.2275673, 0.0 ], [ 116.812414, -1.2275069, 0.0 ], [ 116.8124047, -1.2274885, 0.0 ], [ 116.8123839, -1.2274491, 0.0 ], [ 116.8123622, -1.2274114, 0.0 ], [ 116.8123404, -1.2273737, 0.0 ], [ 116.8123186, -1.2273361, 0.0 ], [ 116.8122946, -1.227296, 0.0 ], [ 116.8122705, -1.2272559, 0.0 ], [ 116.8122387, -1.227203, 0.0 ], [ 116.8122181, -1.2271695, 0.0 ], [ 116.8121975, -1.227136, 0.0 ], [ 116.8121769, -1.2271025, 0.0 ], [ 116.8121563, -1.227069, 0.0 ], [ 116.8121485, -1.2270549, 0.0 ], [ 116.8121385, -1.2270366, 0.0 ], [ 116.8121206, -1.2270043, 0.0 ], [ 116.8121027, -1.2269719, 0.0 ], [ 116.812091, -1.2269508, 0.0 ], [ 116.8120669, -1.2269072, 0.0 ], [ 116.812049, -1.2268748, 0.0 ], [ 116.8120313, -1.2268409, 0.0 ], [ 116.8120136, -1.226807, 0.0 ], [ 116.8119958, -1.2267731, 0.0 ], [ 116.8119781, -1.2267392, 0.0 ], [ 116.8119603, -1.2267052, 0.0 ], [ 116.8119439, -1.2266729, 0.0 ], [ 116.8119274, -1.2266406, 0.0 ], [ 116.811911, -1.2266083, 0.0 ], [ 116.8118946, -1.226576, 0.0 ], [ 116.8118624, -1.2265143, 0.0 ], [ 116.8118433, -1.2264775, 0.0 ], [ 116.8118242, -1.2264408, 0.0 ], [ 116.8118051, -1.226404, 0.0 ], [ 116.8117793, -1.2263565, 0.0 ], [ 116.8117494, -1.2263026, 0.0 ], [ 116.8117284, -1.2262624, 0.0 ], [ 116.8117033, -1.2262159, 0.0 ], [ 116.8117014, -1.2262123, 0.0 ], [ 116.8116806, -1.2261719, 0.0 ], [ 116.8116639, -1.2261394, 0.0 ], [ 116.8116472, -1.2261069, 0.0 ], [ 116.8116264, -1.2260664, 0.0 ], [ 116.8116138, -1.2260419, 0.0 ], [ 116.8115936, -1.2260023, 0.0 ], [ 116.8115734, -1.2259626, 0.0 ], [ 116.8115698, -1.2259555, 0.0 ], [ 116.8115533, -1.2259229, 0.0 ], [ 116.8115331, -1.2258832, 0.0 ], [ 116.8115197, -1.2258594, 0.0 ], [ 116.8114937, -1.2258071, 0.0 ], [ 116.8114739, -1.2257691, 0.0 ], [ 116.8114542, -1.225731, 0.0 ], [ 116.811433, -1.2256916, 0.0 ], [ 116.8114118, -1.2256522, 0.0 ], [ 116.8113906, -1.2256127, 0.0 ], [ 116.811377, -1.2255896, 0.0 ], [ 116.811351, -1.2255431, 0.0 ], [ 116.8113311, -1.2255083, 0.0 ], [ 116.8113113, -1.2254735, 0.0 ], [ 116.8112894, -1.225434, 0.0 ], [ 116.8112675, -1.2253945, 0.0 ], [ 116.8112497, -1.2253627, 0.0 ], [ 116.8112319, -1.2253309, 0.0 ], [ 116.8112142, -1.225299, 0.0 ], [ 116.8111954, -1.2252655, 0.0 ], [ 116.8111767, -1.225232, 0.0 ], [ 116.811158, -1.2251985, 0.0 ], [ 116.811137, -1.2251609, 0.0 ], [ 116.811116, -1.2251234, 0.0 ], [ 116.811095, -1.2250858, 0.0 ], [ 116.8110692, -1.2250425, 0.0 ], [ 116.8110433, -1.2249992, 0.0 ], [ 116.8110201, -1.2249589, 0.0 ], [ 116.8109969, -1.2249186, 0.0 ], [ 116.8109774, -1.2248856, 0.0 ], [ 116.8109578, -1.2248525, 0.0 ], [ 116.8109382, -1.2248213, 0.0 ], [ 116.8109186, -1.2247901, 0.0 ], [ 116.8108989, -1.2247589, 0.0 ], [ 116.8108793, -1.2247277, 0.0 ], [ 116.8108559, -1.2246904, 0.0 ], [ 116.8108324, -1.2246531, 0.0 ], [ 116.810809, -1.2246157, 0.0 ], [ 116.810788, -1.2245855, 0.0 ], [ 116.810767, -1.2245552, 0.0 ], [ 116.8107353, -1.2245145, 0.0 ], [ 116.8107111, -1.2244831, 0.0 ], [ 116.8106857, -1.2244497, 0.0 ], [ 116.8106784, -1.2244399, 0.0 ], [ 116.8106508, -1.2244034, 0.0 ], [ 116.8106294, -1.224373, 0.0 ], [ 116.8106081, -1.2243425, 0.0 ], [ 116.8105867, -1.2243121, 0.0 ], [ 116.8105653, -1.2242816, 0.0 ], [ 116.8105366, -1.2242363, 0.0 ], [ 116.8105286, -1.2242233, 0.0 ], [ 116.8105056, -1.224181, 0.0 ], [ 116.8104855, -1.2241396, 0.0 ], [ 116.8104623, -1.2240936, 0.0 ], [ 116.8104461, -1.2240584, 0.0 ], [ 116.8104227, -1.2240041, 0.0 ], [ 116.8104103, -1.2239678, 0.0 ], [ 116.8103978, -1.2239315, 0.0 ], [ 116.8103853, -1.2238951, 0.0 ], [ 116.8103729, -1.2238588, 0.0 ], [ 116.8103598, -1.2238192, 0.0 ], [ 116.8103466, -1.2237797, 0.0 ], [ 116.8103335, -1.2237401, 0.0 ], [ 116.8103204, -1.2237006, 0.0 ], [ 116.8103093, -1.2236619, 0.0 ], [ 116.8102981, -1.2236233, 0.0 ], [ 116.8102912, -1.2235989, 0.0 ], [ 116.8102759, -1.2235459, 0.0 ], [ 116.8102651, -1.2235033, 0.0 ], [ 116.8102543, -1.2234607, 0.0 ], [ 116.8102435, -1.2234181, 0.0 ], [ 116.8102282, -1.223366, 0.0 ], [ 116.810221, -1.2233417, 0.0 ], [ 116.8102098, -1.2233035, 0.0 ], [ 116.8101985, -1.2232652, 0.0 ], [ 116.8101885, -1.2232291, 0.0 ], [ 116.8101817, -1.2232042, 0.0 ], [ 116.8101683, -1.2231567, 0.0 ], [ 116.8101547, -1.2231079, 0.0 ], [ 116.8101446, -1.2230648, 0.0 ], [ 116.8101345, -1.2230216, 0.0 ], [ 116.8101243, -1.2229785, 0.0 ], [ 116.8101143, -1.2229224, 0.0 ], [ 116.8101108, -1.2228928, 0.0 ], [ 116.8101047, -1.222846, 0.0 ], [ 116.8100986, -1.2227993, 0.0 ], [ 116.8100967, -1.2227615, 0.0 ], [ 116.8100952, -1.2227184, 0.0 ], [ 116.810097, -1.2226758, 0.0 ], [ 116.8101004, -1.222632, 0.0 ], [ 116.8101071, -1.2225878, 0.0 ], [ 116.8101204, -1.2225332, 0.0 ], [ 116.8101367, -1.2224887, 0.0 ], [ 116.810153, -1.2224533, 0.0 ], [ 116.8101565, -1.2224456, 0.0 ], [ 116.8101887, -1.2223837, 0.0 ], [ 116.8102082, -1.2223502, 0.0 ], [ 116.8102277, -1.2223166, 0.0 ], [ 116.8102472, -1.222283, 0.0 ], [ 116.810271, -1.2222473, 0.0 ], [ 116.8102949, -1.2222117, 0.0 ], [ 116.8103187, -1.222176, 0.0 ], [ 116.8103425, -1.2221403, 0.0 ], [ 116.8103664, -1.2221046, 0.0 ], [ 116.8103907, -1.2220716, 0.0 ], [ 116.810415, -1.2220385, 0.0 ], [ 116.8104393, -1.2220054, 0.0 ], [ 116.8104636, -1.2219723, 0.0 ], [ 116.8104873, -1.2219412, 0.0 ], [ 116.8105077, -1.2219143, 0.0 ], [ 116.8105109, -1.22191, 0.0 ], [ 116.8105345, -1.2218789, 0.0 ], [ 116.8105582, -1.2218478, 0.0 ], [ 116.8105839, -1.2218168, 0.0 ], [ 116.810611, -1.2217843, 0.0 ], [ 116.810638, -1.2217518, 0.0 ], [ 116.8106622, -1.2217219, 0.0 ], [ 116.8106863, -1.221692, 0.0 ], [ 116.8107215, -1.2216532, 0.0 ], [ 116.8107504, -1.2216244, 0.0 ], [ 116.8107682, -1.2216066, 0.0 ], [ 116.810814, -1.2215648, 0.0 ], [ 116.8108496, -1.221538, 0.0 ], [ 116.8108852, -1.2215112, 0.0 ], [ 116.8109197, -1.2214872, 0.0 ], [ 116.8109543, -1.2214631, 0.0 ], [ 116.8109888, -1.2214391, 0.0 ], [ 116.8110233, -1.221415, 0.0 ], [ 116.8110663, -1.221387, 0.0 ], [ 116.8111092, -1.2213591, 0.0 ], [ 116.811154, -1.2213298, 0.0 ], [ 116.8111989, -1.2213005, 0.0 ], [ 116.8112328, -1.2212791, 0.0 ], [ 116.8112667, -1.2212577, 0.0 ], [ 116.8113006, -1.2212362, 0.0 ], [ 116.8113345, -1.2212148, 0.0 ], [ 116.8113684, -1.2211934, 0.0 ], [ 116.8114023, -1.221172, 0.0 ], [ 116.8114612, -1.221137, 0.0 ], [ 116.8114971, -1.2211153, 0.0 ], [ 116.8115329, -1.2210936, 0.0 ], [ 116.8115687, -1.2210719, 0.0 ], [ 116.8116045, -1.2210502, 0.0 ], [ 116.8116384, -1.2210285, 0.0 ], [ 116.8116723, -1.2210068, 0.0 ], [ 116.8117173, -1.2209782, 0.0 ], [ 116.8117488, -1.2209588, 0.0 ], [ 116.8117803, -1.2209394, 0.0 ], [ 116.811816, -1.2209178, 0.0 ], [ 116.8118507, -1.2208966, 0.0 ], [ 116.8118854, -1.2208753, 0.0 ], [ 116.8119201, -1.2208541, 0.0 ], [ 116.8119548, -1.2208328, 0.0 ], [ 116.8119871, -1.2208134, 0.0 ], [ 116.8120193, -1.220794, 0.0 ], [ 116.8120515, -1.2207745, 0.0 ], [ 116.8120838, -1.2207551, 0.0 ], [ 116.812116, -1.2207357, 0.0 ], [ 116.8121473, -1.2207175, 0.0 ], [ 116.8121786, -1.2206994, 0.0 ], [ 116.8122099, -1.2206813, 0.0 ], [ 116.8122412, -1.2206631, 0.0 ], [ 116.8122742, -1.2206449, 0.0 ], [ 116.8123475, -1.2205937, 0.0 ], [ 116.8123917, -1.2205654, 0.0 ], [ 116.8124259, -1.2205448, 0.0 ], [ 116.8124942, -1.2205036, 0.0 ], [ 116.8124997, -1.2205003, 0.0 ], [ 116.8125284, -1.2204829, 0.0 ], [ 116.8125626, -1.2204623, 0.0 ], [ 116.8125977, -1.2204401, 0.0 ], [ 116.8126329, -1.220418, 0.0 ], [ 116.8126681, -1.2203958, 0.0 ], [ 116.8127032, -1.2203737, 0.0 ], [ 116.8127067, -1.2203715, 0.0 ], [ 116.8127384, -1.2203515, 0.0 ], [ 116.8127735, -1.2203294, 0.0 ], [ 116.8128073, -1.220307, 0.0 ], [ 116.812841, -1.2202846, 0.0 ], [ 116.8128748, -1.2202622, 0.0 ], [ 116.8129085, -1.2202398, 0.0 ], [ 116.8129422, -1.2202174, 0.0 ], [ 116.8129732, -1.2201985, 0.0 ], [ 116.8130041, -1.2201796, 0.0 ], [ 116.813035, -1.2201606, 0.0 ], [ 116.813066, -1.2201417, 0.0 ], [ 116.8130969, -1.2201227, 0.0 ], [ 116.8131278, -1.2201038, 0.0 ], [ 116.8131582, -1.2200843, 0.0 ], [ 116.8131886, -1.2200648, 0.0 ], [ 116.813219, -1.2200453, 0.0 ], [ 116.8132494, -1.2200258, 0.0 ], [ 116.8132799, -1.2200063, 0.0 ], [ 116.8133103, -1.2199868, 0.0 ], [ 116.8133407, -1.2199673, 0.0 ], [ 116.8133743, -1.2199455, 0.0 ], [ 116.813408, -1.2199238, 0.0 ], [ 116.8134416, -1.219902, 0.0 ], [ 116.8134753, -1.2198802, 0.0 ], [ 116.8135089, -1.2198585, 0.0 ], [ 116.8135414, -1.2198375, 0.0 ], [ 116.8135739, -1.2198165, 0.0 ], [ 116.8136064, -1.2197956, 0.0 ], [ 116.8136389, -1.2197746, 0.0 ], [ 116.8136971, -1.2197369, 0.0 ], [ 116.8137303, -1.2197153, 0.0 ], [ 116.8137634, -1.2196937, 0.0 ], [ 116.8137966, -1.2196721, 0.0 ], [ 116.8138297, -1.2196505, 0.0 ], [ 116.8138629, -1.2196289, 0.0 ], [ 116.813896, -1.2196073, 0.0 ], [ 116.8139298, -1.2195866, 0.0 ], [ 116.8139636, -1.2195659, 0.0 ], [ 116.8139974, -1.2195452, 0.0 ], [ 116.8140312, -1.2195245, 0.0 ], [ 116.8140649, -1.2195037, 0.0 ], [ 116.8140987, -1.219483, 0.0 ], [ 116.8141297, -1.2194632, 0.0 ], [ 116.8141607, -1.2194434, 0.0 ], [ 116.8141917, -1.2194235, 0.0 ], [ 116.8142226, -1.2194037, 0.0 ], [ 116.8142536, -1.2193839, 0.0 ], [ 116.8142867, -1.2193635, 0.0 ], [ 116.8143197, -1.2193432, 0.0 ], [ 116.8143644, -1.2193133, 0.0 ], [ 116.814409, -1.2192834, 0.0 ], [ 116.8144599, -1.2192523, 0.0 ], [ 116.8145035, -1.2192258, 0.0 ], [ 116.8145472, -1.2191992, 0.0 ], [ 116.8145621, -1.2191904, 0.0 ], [ 116.8145974, -1.2191685, 0.0 ], [ 116.8146327, -1.2191465, 0.0 ], [ 116.8146679, -1.2191245, 0.0 ], [ 116.8147032, -1.2191025, 0.0 ], [ 116.81474, -1.219079, 0.0 ], [ 116.8147768, -1.2190554, 0.0 ], [ 116.8148063, -1.2190362, 0.0 ], [ 116.8148183, -1.2190243, 0.0 ], [ 116.8148637, -1.2189813, 0.0 ], [ 116.8148795, -1.2189673, 0.0 ], [ 116.814892, -1.2189568, 0.0 ], [ 116.8149066, -1.2189445, 0.0 ], [ 116.8149226, -1.2189353, 0.0 ], [ 116.8149375, -1.2189287, 0.0 ], [ 116.8149857, -1.2189149, 0.0 ], [ 116.815021, -1.2189101, 0.0 ], [ 116.8150589, -1.2189049, 0.0 ], [ 116.8150969, -1.2188997, 0.0 ], [ 116.8151349, -1.2188945, 0.0 ], [ 116.8151729, -1.2188894, 0.0 ], [ 116.8152108, -1.2188842, 0.0 ], [ 116.8152488, -1.218879, 0.0 ], [ 116.8152852, -1.2188753, 0.0 ], [ 116.8153216, -1.2188716, 0.0 ], [ 116.8153579, -1.218868, 0.0 ], [ 116.815739, -1.2188395, 0.0 ] ] } },
{ "type": "Feature", "properties": { "OBJECTID": 0, "Kl_Dat_Das": "Jalan Non Tol", "Nm_Ruas": "JL. IR. SOEKARNO HATTA (BONTANG)", "Thn_Data": 2023, "Status": "Jalan Provinsi", "Fungsi": "Jalan Kolektor Primer 3", "Mendukung": null, "Ura_Dukung": null, "Kd_Bd_PU": "2", "Kd_Jns_Inf": "1", "Kd_Inf": "34 036 K", "Propinsi": "Kalimantan Timur", "Kab_Kot": null, "Kecamatan": null, "Desa_Kel": null, "Tk_Ruas_Aw": "0.075990, 117.455268", "Tk_Ruas_Ak": "0.141337, 117.449942", "Kd_Patok": null, "Km_Awal": 0.0, "Km_Akhir": 10.9113243425, "Nm_Lintas": null, "Kon_Baik": 0.0, "Kon_Sdg": 0.0, "Kon_Rgn": 0.0, "Kon_Rusak": 0.0, "Kon_Mntp": 0.0, "Kon_T_Mntp": 0.0, "Panjang": 10.9072869, "Lbr_Keras": 0.0, "LHRT": 0.0, "VCR": 0.0, "Tipe_Jln": 0, "MST": 0.0, "Tanah_Kri": 0.0, "Macadam": 0.0, "Aspal": 0.0, "Rigid": 0.0, "Thn_Pen_Ak": 0, "Jns_Pen": null, "Koord_X_Aw": 0.0, "Koord_Y_Aw": 0.0, "Koord_X_Ak": 0.0, "Koord_Y_Ak": 0.0, "Shape_Leng": 0.0, "Status_J_1": null, "Keterangan": "Diusulkan JKP3", "Masuk": null, "panjangjal": 10.9113243425 }, "geometry": { "type": "LineString", "coordinates": [ [ 117.4499421, 0.1413376, 0.0 ], [ 117.4498471, 0.1410752, 0.0 ], [ 117.4494752, 0.1404074, 0.0 ], [ 117.4493175, 0.1401343, 0.0 ], [ 117.4492724, 0.140056, 0.0 ], [ 117.4490871, 0.1397351, 0.0 ], [ 117.4490389, 0.1396557, 0.0 ], [ 117.4490073, 0.1396103, 0.0 ], [ 117.4489859, 0.1395795, 0.0 ], [ 117.4489281, 0.1395069, 0.0 ], [ 117.4489229, 0.1395013, 0.0 ], [ 117.4488658, 0.1394382, 0.0 ], [ 117.4487989, 0.1393563, 0.0 ], [ 117.4486547, 0.1391798, 0.0 ], [ 117.4486141, 0.1391335, 0.0 ], [ 117.4485782, 0.1390834, 0.0 ], [ 117.4485474, 0.13903, 0.0 ], [ 117.4485219, 0.1389738, 0.0 ], [ 117.448512, 0.138934, 0.0 ], [ 117.448507, 0.1388932, 0.0 ], [ 117.4485069, 0.1388521, 0.0 ], [ 117.4485118, 0.1388114, 0.0 ], [ 117.4485425, 0.1386594, 0.0 ], [ 117.44876, 0.1378893, 0.0 ], [ 117.4487873, 0.1377641, 0.0 ], [ 117.4488098, 0.1376379, 0.0 ], [ 117.4488275, 0.1375109, 0.0 ], [ 117.448835, 0.1374362, 0.0 ], [ 117.4488403, 0.1373833, 0.0 ], [ 117.4488481, 0.1372553, 0.0 ], [ 117.4488501, 0.1371622, 0.0 ], [ 117.4488463, 0.1370692, 0.0 ], [ 117.4488367, 0.1369765, 0.0 ], [ 117.4488213, 0.1368847, 0.0 ], [ 117.4488003, 0.136794, 0.0 ], [ 117.4487492, 0.1365951, 0.0 ], [ 117.4486481, 0.1361722, 0.0 ], [ 117.4485368, 0.1356969, 0.0 ], [ 117.4484155, 0.1351826, 0.0 ], [ 117.4482858, 0.1346374, 0.0 ], [ 117.4481956, 0.1342578, 0.0 ], [ 117.4480884, 0.133851, 0.0 ], [ 117.4480284, 0.1336231, 0.0 ], [ 117.448025, 0.1336118, 0.0 ], [ 117.4479925, 0.1335045, 0.0 ], [ 117.4479623, 0.1333843, 0.0 ], [ 117.4479377, 0.1332628, 0.0 ], [ 117.4479188, 0.1331403, 0.0 ], [ 117.447897, 0.1329661, 0.0 ], [ 117.4478789, 0.1327914, 0.0 ], [ 117.4478747, 0.1326795, 0.0 ], [ 117.4478657, 0.1325679, 0.0 ], [ 117.4478518, 0.1324568, 0.0 ], [ 117.4478331, 0.1323465, 0.0 ], [ 117.4478097, 0.132237, 0.0 ], [ 117.4477265, 0.1320109, 0.0 ], [ 117.4476405, 0.1317858, 0.0 ], [ 117.4473382, 0.1310583, 0.0 ], [ 117.4472097, 0.1307514, 0.0 ], [ 117.4471536, 0.1306148, 0.0 ], [ 117.4471025, 0.1304761, 0.0 ], [ 117.4470564, 0.1303357, 0.0 ], [ 117.4470155, 0.1301936, 0.0 ], [ 117.4469582, 0.1299582, 0.0 ], [ 117.4469054, 0.1297218, 0.0 ], [ 117.4468571, 0.1294844, 0.0 ], [ 117.4467857, 0.1291247, 0.0 ], [ 117.4467473, 0.1289612, 0.0 ], [ 117.4467022, 0.1287994, 0.0 ], [ 117.4466505, 0.1286396, 0.0 ], [ 117.4466319, 0.1285891, 0.0 ], [ 117.4465923, 0.1284821, 0.0 ], [ 117.4463331, 0.1277878, 0.0 ], [ 117.4461526, 0.1273335, 0.0 ], [ 117.4460056, 0.1269205, 0.0 ], [ 117.4459109, 0.1266561, 0.0 ], [ 117.4458767, 0.1265588, 0.0 ], [ 117.4458358, 0.1264642, 0.0 ], [ 117.4457885, 0.1263727, 0.0 ], [ 117.445735, 0.1262847, 0.0 ], [ 117.4457341, 0.1262834, 0.0 ], [ 117.4456756, 0.1262007, 0.0 ], [ 117.4450546, 0.1255274, 0.0 ], [ 117.4444847, 0.1249422, 0.0 ], [ 117.4444001, 0.1248548, 0.0 ], [ 117.44432, 0.1247631, 0.0 ], [ 117.4442446, 0.1246675, 0.0 ], [ 117.4441742, 0.1245681, 0.0 ], [ 117.4441088, 0.1244653, 0.0 ], [ 117.44406, 0.1243742, 0.0 ], [ 117.4440175, 0.12428, 0.0 ], [ 117.4439815, 0.124183, 0.0 ], [ 117.4439523, 0.1240837, 0.0 ], [ 117.4439159, 0.1239447, 0.0 ], [ 117.443886, 0.123804, 0.0 ], [ 117.4438628, 0.123662, 0.0 ], [ 117.4437734, 0.1229208, 0.0 ], [ 117.4437256, 0.122586, 0.0 ], [ 117.4436894, 0.1223937, 0.0 ], [ 117.4436466, 0.1222029, 0.0 ], [ 117.4436373, 0.1221676, 0.0 ], [ 117.443597, 0.1220137, 0.0 ], [ 117.443541, 0.1218263, 0.0 ], [ 117.4433906, 0.1212879, 0.0 ], [ 117.4432762, 0.1209426, 0.0 ], [ 117.4432514, 0.120871, 0.0 ], [ 117.4432204, 0.1208018, 0.0 ], [ 117.4431834, 0.1207357, 0.0 ], [ 117.4431409, 0.120673, 0.0 ], [ 117.4430931, 0.1206144, 0.0 ], [ 117.4430403, 0.1205602, 0.0 ], [ 117.442737, 0.1202493, 0.0 ], [ 117.4426146, 0.1200953, 0.0 ], [ 117.4424978, 0.119937, 0.0 ], [ 117.4423867, 0.1197746, 0.0 ], [ 117.4420642, 0.1192131, 0.0 ], [ 117.4419044, 0.1189393, 0.0 ], [ 117.4417583, 0.1186853, 0.0 ], [ 117.4417106, 0.1186059, 0.0 ], [ 117.4416572, 0.1185303, 0.0 ], [ 117.4415986, 0.1184587, 0.0 ], [ 117.4415351, 0.1183915, 0.0 ], [ 117.4414669, 0.1183291, 0.0 ], [ 117.441406, 0.118276, 0.0 ], [ 117.4413414, 0.1182276, 0.0 ], [ 117.4412732, 0.1181843, 0.0 ], [ 117.441202, 0.1181463, 0.0 ], [ 117.4411282, 0.1181139, 0.0 ], [ 117.4410521, 0.1180873, 0.0 ], [ 117.4409742, 0.1180665, 0.0 ], [ 117.4408015, 0.1180326, 0.0 ], [ 117.4406278, 0.1180048, 0.0 ], [ 117.4404532, 0.117983, 0.0 ], [ 117.4403347, 0.1179676, 0.0 ], [ 117.4402172, 0.1179458, 0.0 ], [ 117.4401011, 0.1179174, 0.0 ], [ 117.4399868, 0.1178827, 0.0 ], [ 117.4398745, 0.1178417, 0.0 ], [ 117.4397976, 0.1177935, 0.0 ], [ 117.4397243, 0.1177399, 0.0 ], [ 117.4396548, 0.1176812, 0.0 ], [ 117.4395897, 0.1176178, 0.0 ], [ 117.4395291, 0.11755, 0.0 ], [ 117.4394734, 0.117478, 0.0 ], [ 117.4393843, 0.1173524, 0.0 ], [ 117.4392997, 0.1172236, 0.0 ], [ 117.4392197, 0.1170919, 0.0 ], [ 117.4388525, 0.1165192, 0.0 ], [ 117.438811, 0.1164425, 0.0 ], [ 117.438775, 0.1163631, 0.0 ], [ 117.4387447, 0.1162813, 0.0 ], [ 117.4387202, 0.1161975, 0.0 ], [ 117.4387015, 0.1161122, 0.0 ], [ 117.4386889, 0.1160258, 0.0 ], [ 117.4386204, 0.1155122, 0.0 ], [ 117.4385498, 0.1149325, 0.0 ], [ 117.4385344, 0.1148278, 0.0 ], [ 117.4385245, 0.1147224, 0.0 ], [ 117.4385202, 0.1146166, 0.0 ], [ 117.4385215, 0.1145107, 0.0 ], [ 117.4385284, 0.114405, 0.0 ], [ 117.4385408, 0.1142999, 0.0 ], [ 117.4385594, 0.1141537, 0.0 ], [ 117.4385728, 0.1140069, 0.0 ], [ 117.4385809, 0.1138597, 0.0 ], [ 117.4385819, 0.1137672, 0.0 ], [ 117.4385758, 0.1136748, 0.0 ], [ 117.4385628, 0.1135832, 0.0 ], [ 117.4385427, 0.1134929, 0.0 ], [ 117.4385159, 0.1134044, 0.0 ], [ 117.4384823, 0.1133182, 0.0 ], [ 117.4383006, 0.1130126, 0.0 ], [ 117.4379859, 0.1125307, 0.0 ], [ 117.4378323, 0.1122948, 0.0 ], [ 117.4377779, 0.1122299, 0.0 ], [ 117.4377189, 0.1121692, 0.0 ], [ 117.4376555, 0.1121133, 0.0 ], [ 117.437588, 0.1120623, 0.0 ], [ 117.4375169, 0.1120167, 0.0 ], [ 117.4371048, 0.1117299, 0.0 ], [ 117.436833, 0.111561, 0.0 ], [ 117.4366377, 0.1114588, 0.0 ], [ 117.4365162, 0.1113953, 0.0 ], [ 117.4363989, 0.1113339, 0.0 ], [ 117.4357521, 0.1109978, 0.0 ], [ 117.4356565, 0.1109583, 0.0 ], [ 117.4355592, 0.1109236, 0.0 ], [ 117.4354602, 0.1108937, 0.0 ], [ 117.4354025, 0.1108825, 0.0 ], [ 117.4353439, 0.1108767, 0.0 ], [ 117.4352851, 0.1108762, 0.0 ], [ 117.4352265, 0.1108812, 0.0 ], [ 117.4351686, 0.1108916, 0.0 ], [ 117.4351119, 0.1109072, 0.0 ], [ 117.4350568, 0.110928, 0.0 ], [ 117.4350022, 0.1109558, 0.0 ], [ 117.43495, 0.1109881, 0.0 ], [ 117.4349008, 0.1110247, 0.0 ], [ 117.4348549, 0.1110654, 0.0 ], [ 117.4348125, 0.1111098, 0.0 ], [ 117.434774, 0.1111577, 0.0 ], [ 117.4346909, 0.1112864, 0.0 ], [ 117.4346116, 0.1114174, 0.0 ], [ 117.4345362, 0.1115508, 0.0 ], [ 117.4344619, 0.1116776, 0.0 ], [ 117.4343825, 0.1118012, 0.0 ], [ 117.4342979, 0.1119213, 0.0 ], [ 117.4342293, 0.1119897, 0.0 ], [ 117.4341561, 0.1120531, 0.0 ], [ 117.4340786, 0.1121111, 0.0 ], [ 117.4339971, 0.1121634, 0.0 ], [ 117.4339123, 0.1122097, 0.0 ], [ 117.4338419, 0.1122485, 0.0 ], [ 117.4337689, 0.1122818, 0.0 ], [ 117.4336936, 0.1123095, 0.0 ], [ 117.4336164, 0.1123313, 0.0 ], [ 117.433534, 0.1123444, 0.0 ], [ 117.4334508, 0.1123511, 0.0 ], [ 117.4333674, 0.1123515, 0.0 ], [ 117.4332842, 0.1123455, 0.0 ], [ 117.4332017, 0.1123332, 0.0 ], [ 117.432877, 0.1122538, 0.0 ], [ 117.4324636, 0.1121164, 0.0 ], [ 117.4320175, 0.1119892, 0.0 ], [ 117.4319629, 0.1119733, 0.0 ], [ 117.4319101, 0.111952, 0.0 ], [ 117.4318598, 0.1119254, 0.0 ], [ 117.4318124, 0.1118937, 0.0 ], [ 117.4317684, 0.1118574, 0.0 ], [ 117.4317284, 0.1118168, 0.0 ], [ 117.4316927, 0.1117723, 0.0 ], [ 117.4313968, 0.1114032, 0.0 ], [ 117.4313813, 0.1113838, 0.0 ], [ 117.4312936, 0.1112813, 0.0 ], [ 117.4312843, 0.1112705, 0.0 ], [ 117.4311834, 0.1111608, 0.0 ], [ 117.4310786, 0.1110549, 0.0 ], [ 117.43097, 0.1109528, 0.0 ], [ 117.4308579, 0.1108547, 0.0 ], [ 117.4307909, 0.1107975, 0.0 ], [ 117.4307205, 0.1107446, 0.0 ], [ 117.4306469, 0.1106964, 0.0 ], [ 117.4305704, 0.1106528, 0.0 ], [ 117.4304913, 0.1106143, 0.0 ], [ 117.4301952, 0.1104788, 0.0 ], [ 117.4301348, 0.110456, 0.0 ], [ 117.4300766, 0.1104281, 0.0 ], [ 117.4300209, 0.1103952, 0.0 ], [ 117.4299684, 0.1103576, 0.0 ], [ 117.4299192, 0.1103156, 0.0 ], [ 117.4298714, 0.1102694, 0.0 ], [ 117.4298275, 0.1102193, 0.0 ], [ 117.4297879, 0.1101657, 0.0 ], [ 117.4297529, 0.1101091, 0.0 ], [ 117.4297227, 0.1100496, 0.0 ], [ 117.4296974, 0.1099879, 0.0 ], [ 117.4296695, 0.1099055, 0.0 ], [ 117.4296479, 0.1098212, 0.0 ], [ 117.4296325, 0.1097355, 0.0 ], [ 117.4296235, 0.109649, 0.0 ], [ 117.4295875, 0.109124, 0.0 ], [ 117.4295824, 0.1090012, 0.0 ], [ 117.4295712, 0.1088788, 0.0 ], [ 117.4295539, 0.1087571, 0.0 ], [ 117.4295306, 0.1086364, 0.0 ], [ 117.4295014, 0.108517, 0.0 ], [ 117.4294663, 0.1083993, 0.0 ], [ 117.4294254, 0.1082835, 0.0 ], [ 117.4293911, 0.1081991, 0.0 ], [ 117.429351, 0.1081175, 0.0 ], [ 117.4293051, 0.108039, 0.0 ], [ 117.4292537, 0.107964, 0.0 ], [ 117.4291971, 0.1078929, 0.0 ], [ 117.4291355, 0.1078261, 0.0 ], [ 117.4289133, 0.1076119, 0.0 ], [ 117.428821, 0.1075229, 0.0 ], [ 117.4287646, 0.1074731, 0.0 ], [ 117.4287127, 0.1074185, 0.0 ], [ 117.4286657, 0.1073597, 0.0 ], [ 117.4286239, 0.107297, 0.0 ], [ 117.4285876, 0.1072309, 0.0 ], [ 117.4285571, 0.1071619, 0.0 ], [ 117.4285337, 0.1070645, 0.0 ], [ 117.4285157, 0.1069659, 0.0 ], [ 117.428503, 0.1068665, 0.0 ], [ 117.4284687, 0.1064911, 0.0 ], [ 117.4284578, 0.1064096, 0.0 ], [ 117.4284417, 0.1063289, 0.0 ], [ 117.4284205, 0.1062494, 0.0 ], [ 117.4283942, 0.1061715, 0.0 ], [ 117.428363, 0.1060954, 0.0 ], [ 117.428327, 0.1060215, 0.0 ], [ 117.428242, 0.1058898, 0.0 ], [ 117.4281518, 0.1057617, 0.0 ], [ 117.4280565, 0.1056374, 0.0 ], [ 117.4279563, 0.1055171, 0.0 ], [ 117.4277102, 0.1052232, 0.0 ], [ 117.4274689, 0.1049649, 0.0 ], [ 117.4273901, 0.1048874, 0.0 ], [ 117.427307, 0.1048146, 0.0 ], [ 117.4272199, 0.1047468, 0.0 ], [ 117.427129, 0.1046841, 0.0 ], [ 117.4270347, 0.1046268, 0.0 ], [ 117.4269373, 0.104575, 0.0 ], [ 117.4264998, 0.104374, 0.0 ], [ 117.4262109, 0.1042314, 0.0 ], [ 117.4257387, 0.1039718, 0.0 ], [ 117.4256577, 0.1039232, 0.0 ], [ 117.4255802, 0.1038693, 0.0 ], [ 117.4255064, 0.1038103, 0.0 ], [ 117.4254367, 0.1037464, 0.0 ], [ 117.4253715, 0.1036779, 0.0 ], [ 117.425311, 0.1036052, 0.0 ], [ 117.4252562, 0.1035265, 0.0 ], [ 117.425206, 0.1034449, 0.0 ], [ 117.4251605, 0.1033605, 0.0 ], [ 117.4251198, 0.1032736, 0.0 ], [ 117.4250841, 0.1031845, 0.0 ], [ 117.4249031, 0.1027607, 0.0 ], [ 117.4248446, 0.1026107, 0.0 ], [ 117.4248108, 0.102514, 0.0 ], [ 117.4247827, 0.1024155, 0.0 ], [ 117.4247604, 0.1023154, 0.0 ], [ 117.424744, 0.1022143, 0.0 ], [ 117.4247218, 0.102057, 0.0 ], [ 117.4246564, 0.1015913, 0.0 ], [ 117.424592, 0.1011644, 0.0 ], [ 117.4245846, 0.1010334, 0.0 ], [ 117.4245833, 0.1009023, 0.0 ], [ 117.4245881, 0.1007712, 0.0 ], [ 117.4245989, 0.1006404, 0.0 ], [ 117.4246348, 0.1005379, 0.0 ], [ 117.4246771, 0.1004378, 0.0 ], [ 117.4247256, 0.1003406, 0.0 ], [ 117.4247801, 0.1002466, 0.0 ], [ 117.4248397, 0.1001442, 0.0 ], [ 117.4248952, 0.1000394, 0.0 ], [ 117.4249466, 0.0999326, 0.0 ], [ 117.4249938, 0.0998238, 0.0 ], [ 117.4250367, 0.0997132, 0.0 ], [ 117.4251348, 0.0992778, 0.0 ], [ 117.4252605, 0.098706, 0.0 ], [ 117.4252773, 0.098635, 0.0 ], [ 117.4253005, 0.0985658, 0.0 ], [ 117.4253298, 0.0984991, 0.0 ], [ 117.425365, 0.0984353, 0.0 ], [ 117.4254058, 0.098375, 0.0 ], [ 117.425452, 0.0983187, 0.0 ], [ 117.425503, 0.0982668, 0.0 ], [ 117.4255585, 0.0982199, 0.0 ], [ 117.4256181, 0.0981782, 0.0 ], [ 117.4256811, 0.0981422, 0.0 ], [ 117.4257589, 0.0981069, 0.0 ], [ 117.4258388, 0.0980769, 0.0 ], [ 117.4259205, 0.0980523, 0.0 ], [ 117.4260036, 0.098033, 0.0 ], [ 117.4260878, 0.0980194, 0.0 ], [ 117.4261727, 0.0980113, 0.0 ], [ 117.4264572, 0.0979922, 0.0 ], [ 117.4270577, 0.0979711, 0.0 ], [ 117.4274761, 0.0979501, 0.0 ], [ 117.4275691, 0.0979436, 0.0 ], [ 117.4276614, 0.0979305, 0.0 ], [ 117.4277526, 0.0979109, 0.0 ], [ 117.4278422, 0.097885, 0.0 ], [ 117.4279297, 0.0978527, 0.0 ], [ 117.4284743, 0.0976046, 0.0 ], [ 117.4287836, 0.0974479, 0.0 ], [ 117.4288593, 0.0973999, 0.0 ], [ 117.428931, 0.0973461, 0.0 ], [ 117.4289984, 0.0972868, 0.0 ], [ 117.429061, 0.0972224, 0.0 ], [ 117.4291185, 0.0971534, 0.0 ], [ 117.4291704, 0.09708, 0.0 ], [ 117.4293265, 0.0968615, 0.0 ], [ 117.4296195, 0.0964047, 0.0 ], [ 117.4299975, 0.0957377, 0.0 ], [ 117.4303844, 0.0950085, 0.0 ], [ 117.4305521, 0.0946994, 0.0 ], [ 117.4308126, 0.0942798, 0.0 ], [ 117.4309906, 0.0939929, 0.0 ], [ 117.4310399, 0.093911, 0.0 ], [ 117.4310843, 0.0938263, 0.0 ], [ 117.4311239, 0.0937391, 0.0 ], [ 117.4311584, 0.0936499, 0.0 ], [ 117.4311877, 0.0935588, 0.0 ], [ 117.431201, 0.0934358, 0.0 ], [ 117.43121, 0.0933125, 0.0 ], [ 117.4312147, 0.093189, 0.0 ], [ 117.4312151, 0.0930653, 0.0 ], [ 117.4312154, 0.0928251, 0.0 ], [ 117.4312202, 0.0925849, 0.0 ], [ 117.4312294, 0.0923449, 0.0 ], [ 117.4312323, 0.0922551, 0.0 ], [ 117.4312411, 0.0921657, 0.0 ], [ 117.4312556, 0.0920771, 0.0 ], [ 117.4312759, 0.0919896, 0.0 ], [ 117.4313018, 0.0919036, 0.0 ], [ 117.4313332, 0.0918195, 0.0 ], [ 117.4317413, 0.0909048, 0.0 ], [ 117.4318968, 0.0905868, 0.0 ], [ 117.4319311, 0.0905313, 0.0 ], [ 117.4319695, 0.0904786, 0.0 ], [ 117.4320119, 0.0904291, 0.0 ], [ 117.432058, 0.090383, 0.0 ], [ 117.4321076, 0.0903408, 0.0 ], [ 117.4321603, 0.0903025, 0.0 ], [ 117.4327557, 0.0898901, 0.0 ], [ 117.4336624, 0.089236, 0.0 ], [ 117.4337974, 0.0891365, 0.0 ], [ 117.4344115, 0.0886237, 0.0 ], [ 117.4346773, 0.0884182, 0.0 ], [ 117.4347713, 0.0883391, 0.0 ], [ 117.4348618, 0.088256, 0.0 ], [ 117.4349486, 0.0881691, 0.0 ], [ 117.4350317, 0.0880785, 0.0 ], [ 117.4351109, 0.0879844, 0.0 ], [ 117.4351951, 0.0878896, 0.0 ], [ 117.4352846, 0.0877998, 0.0 ], [ 117.4353789, 0.0877152, 0.0 ], [ 117.4354778, 0.0876361, 0.0 ], [ 117.4355552, 0.0875798, 0.0 ], [ 117.435636, 0.0875286, 0.0 ], [ 117.4357199, 0.0874828, 0.0 ], [ 117.4358066, 0.0874426, 0.0 ], [ 117.4358957, 0.0874081, 0.0 ], [ 117.4359868, 0.0873794, 0.0 ], [ 117.4360795, 0.0873568, 0.0 ], [ 117.4361736, 0.0873402, 0.0 ], [ 117.4364838, 0.0872777, 0.0 ], [ 117.4369904, 0.0871867, 0.0 ], [ 117.4371554, 0.0871501, 0.0 ], [ 117.4373192, 0.0871088, 0.0 ], [ 117.4374818, 0.0870628, 0.0 ], [ 117.437643, 0.0870122, 0.0 ], [ 117.4378028, 0.086957, 0.0 ], [ 117.4379132, 0.0869197, 0.0 ], [ 117.4380218, 0.0868773, 0.0 ], [ 117.4381284, 0.08683, 0.0 ], [ 117.4382327, 0.0867778, 0.0 ], [ 117.4383346, 0.0867209, 0.0 ], [ 117.4384009, 0.0866751, 0.0 ], [ 117.438463, 0.0866235, 0.0 ], [ 117.4385204, 0.0865667, 0.0 ], [ 117.4385726, 0.0865051, 0.0 ], [ 117.4386193, 0.0864391, 0.0 ], [ 117.43866, 0.0863692, 0.0 ], [ 117.4387266, 0.0862065, 0.0 ], [ 117.4387865, 0.0860413, 0.0 ], [ 117.4388263, 0.0859396, 0.0 ], [ 117.4388725, 0.0858408, 0.0 ], [ 117.4389251, 0.0857452, 0.0 ], [ 117.4389838, 0.0856532, 0.0 ], [ 117.4390483, 0.0855654, 0.0 ], [ 117.4391184, 0.0854819, 0.0 ], [ 117.4391834, 0.0854098, 0.0 ], [ 117.4392533, 0.0853425, 0.0 ], [ 117.4393277, 0.0852803, 0.0 ], [ 117.4394063, 0.0852236, 0.0 ], [ 117.4394887, 0.0851726, 0.0 ], [ 117.4395744, 0.0851276, 0.0 ], [ 117.4397295, 0.0850542, 0.0 ], [ 117.4403116, 0.084816, 0.0 ], [ 117.4414022, 0.0844165, 0.0 ], [ 117.4419752, 0.0841987, 0.0 ], [ 117.4421277, 0.0841463, 0.0 ], [ 117.4422822, 0.0841, 0.0 ], [ 117.4424384, 0.08406, 0.0 ], [ 117.442596, 0.0840262, 0.0 ], [ 117.4427548, 0.0839987, 0.0 ], [ 117.4429146, 0.0839775, 0.0 ], [ 117.4430775, 0.0839647, 0.0 ], [ 117.4432408, 0.0839576, 0.0 ], [ 117.4434043, 0.0839565, 0.0 ], [ 117.4435676, 0.0839612, 0.0 ], [ 117.4437011, 0.0839559, 0.0 ], [ 117.4438341, 0.0839448, 0.0 ], [ 117.4439666, 0.0839279, 0.0 ], [ 117.44399, 0.0839239, 0.0 ], [ 117.4440982, 0.0839051, 0.0 ], [ 117.4441562, 0.0838902, 0.0 ], [ 117.4442119, 0.0838684, 0.0 ], [ 117.4442648, 0.0838402, 0.0 ], [ 117.4443139, 0.0838059, 0.0 ], [ 117.4443587, 0.0837659, 0.0 ], [ 117.4443985, 0.083721, 0.0 ], [ 117.4444327, 0.0836716, 0.0 ], [ 117.444452, 0.0836317, 0.0 ], [ 117.4444662, 0.0835898, 0.0 ], [ 117.4444751, 0.0835464, 0.0 ], [ 117.4444787, 0.0835023, 0.0 ], [ 117.4444768, 0.083458, 0.0 ], [ 117.4444606, 0.0833554, 0.0 ], [ 117.4444379, 0.083254, 0.0 ], [ 117.4444088, 0.0831543, 0.0 ], [ 117.4442935, 0.0828369, 0.0 ], [ 117.4442685, 0.0827744, 0.0 ], [ 117.4442489, 0.0827099, 0.0 ], [ 117.444235, 0.082644, 0.0 ], [ 117.4442267, 0.0825771, 0.0 ], [ 117.4442242, 0.0825097, 0.0 ], [ 117.4442258, 0.0824558, 0.0 ], [ 117.4442326, 0.0824023, 0.0 ], [ 117.4442446, 0.0823497, 0.0 ], [ 117.4442618, 0.0822986, 0.0 ], [ 117.4442839, 0.0822494, 0.0 ], [ 117.4443107, 0.0822027, 0.0 ], [ 117.444342, 0.0821589, 0.0 ], [ 117.4444044, 0.0820908, 0.0 ], [ 117.4444719, 0.0820277, 0.0 ], [ 117.444544, 0.0819701, 0.0 ], [ 117.4446203, 0.0819182, 0.0 ], [ 117.4447003, 0.0818724, 0.0 ], [ 117.4447836, 0.0818329, 0.0 ], [ 117.4451382, 0.081664, 0.0 ], [ 117.4452051, 0.0816303, 0.0 ], [ 117.4452695, 0.081592, 0.0 ], [ 117.4453311, 0.0815491, 0.0 ], [ 117.4453895, 0.081502, 0.0 ], [ 117.4454444, 0.0814509, 0.0 ], [ 117.4454956, 0.0813959, 0.0 ], [ 117.4455962, 0.081281, 0.0 ], [ 117.4457007, 0.0811697, 0.0 ], [ 117.445809, 0.0810621, 0.0 ], [ 117.4459209, 0.0809584, 0.0 ], [ 117.4459934, 0.0808882, 0.0 ], [ 117.4460697, 0.0808224, 0.0 ], [ 117.4461497, 0.0807612, 0.0 ], [ 117.4462332, 0.0807047, 0.0 ], [ 117.4463198, 0.0806533, 0.0 ], [ 117.4464092, 0.080607, 0.0 ], [ 117.4465011, 0.0805661, 0.0 ], [ 117.4466745, 0.080494, 0.0 ], [ 117.4472232, 0.0803009, 0.0 ], [ 117.4474523, 0.0802144, 0.0 ], [ 117.4475578, 0.0801703, 0.0 ], [ 117.4476604, 0.08012, 0.0 ], [ 117.4477599, 0.0800635, 0.0 ], [ 117.4478558, 0.0800012, 0.0 ], [ 117.4479669, 0.0799213, 0.0 ], [ 117.4480811, 0.0798461, 0.0 ], [ 117.4481984, 0.0797758, 0.0 ], [ 117.4482468, 0.0797462, 0.0 ], [ 117.4482983, 0.0797222, 0.0 ], [ 117.448352, 0.0797041, 0.0 ], [ 117.4484074, 0.0796921, 0.0 ], [ 117.4484638, 0.0796864, 0.0 ], [ 117.4485406, 0.0796864, 0.0 ], [ 117.4486173, 0.0796905, 0.0 ], [ 117.4486936, 0.0796988, 0.0 ], [ 117.4487694, 0.0797111, 0.0 ], [ 117.4489098, 0.0797614, 0.0 ], [ 117.4490483, 0.0798165, 0.0 ], [ 117.4491243, 0.0798492, 0.0 ], [ 117.4492026, 0.0798754, 0.0 ], [ 117.4492829, 0.0798952, 0.0 ], [ 117.4493645, 0.0799083, 0.0 ], [ 117.4494362, 0.0799102, 0.0 ], [ 117.4495078, 0.0799066, 0.0 ], [ 117.449579, 0.0798975, 0.0 ], [ 117.4496493, 0.079883, 0.0 ], [ 117.4497182, 0.0798632, 0.0 ], [ 117.4497855, 0.0798381, 0.0 ], [ 117.4498507, 0.079808, 0.0 ], [ 117.4499116, 0.0797764, 0.0 ], [ 117.4499696, 0.0797395, 0.0 ], [ 117.450024, 0.0796976, 0.0 ], [ 117.4500746, 0.0796511, 0.0 ], [ 117.4501209, 0.0796002, 0.0 ], [ 117.4501626, 0.0795454, 0.0 ], [ 117.4502124, 0.0794634, 0.0 ], [ 117.4502575, 0.0793787, 0.0 ], [ 117.4502977, 0.0792916, 0.0 ], [ 117.4504522, 0.0789441, 0.0 ], [ 117.4505787, 0.0786257, 0.0 ], [ 117.4506256, 0.0784938, 0.0 ], [ 117.4507424, 0.0780659, 0.0 ], [ 117.4508515, 0.0776496, 0.0 ], [ 117.4508656, 0.0775895, 0.0 ], [ 117.4508852, 0.077531, 0.0 ], [ 117.4509103, 0.0774746, 0.0 ], [ 117.4509406, 0.0774209, 0.0 ], [ 117.4509758, 0.0773703, 0.0 ], [ 117.4510156, 0.0773234, 0.0 ], [ 117.4510596, 0.0772804, 0.0 ], [ 117.4511075, 0.0772418, 0.0 ], [ 117.4512008, 0.0771924, 0.0 ], [ 117.451297, 0.0771491, 0.0 ], [ 117.4513957, 0.0771121, 0.0 ], [ 117.4514966, 0.0770814, 0.0 ], [ 117.4516764, 0.0770299, 0.0 ], [ 117.4518578, 0.0769846, 0.0 ], [ 117.4520407, 0.0769455, 0.0 ], [ 117.4522247, 0.0769127, 0.0 ], [ 117.4524026, 0.0768876, 0.0 ], [ 117.4525813, 0.0768686, 0.0 ], [ 117.4527604, 0.0768559, 0.0 ], [ 117.4532062, 0.0768254, 0.0 ], [ 117.453304, 0.0768211, 0.0 ], [ 117.4534014, 0.0768114, 0.0 ], [ 117.4534982, 0.0767965, 0.0 ], [ 117.4535941, 0.0767764, 0.0 ], [ 117.4536887, 0.0767512, 0.0 ], [ 117.4538291, 0.0766967, 0.0 ], [ 117.4539679, 0.0766382, 0.0 ], [ 117.4541051, 0.0765758, 0.0 ], [ 117.4545653, 0.076358, 0.0 ], [ 117.454749, 0.0762645, 0.0 ], [ 117.4549886, 0.0761425, 0.0 ], [ 117.4551724, 0.0760409, 0.0 ], [ 117.4552687, 0.0759907, 0.0 ] ] } },
{ "type": "Feature", "properties": { "OBJECTID": 0, "Kl_Dat_Das": "Jalan Non Tol", "Nm_Ruas": "JL. MOH. ROEM (BONTANG)\r\n", "Thn_Data": 2023, "Status": "Jalan Provinsi", "Fungsi": "Jalan Kolektor Primer 3", "Mendukung": null, "Ura_Dukung": null, "Kd_Bd_PU": "2", "Kd_Jns_Inf": "1", "Kd_Inf": "34 035 K", "Propinsi": "Kalimantan Timur", "Kab_Kot": "Bontang", "Kecamatan": null, "Desa_Kel": null, "Tk_Ruas_Aw": "4.957703, 117.444865", "Tk_Ruas_Ak": "0.075990, 117.455268", "Kd_Patok": null, "Km_Awal": 0.0, "Km_Akhir": 5.1690282542499997, "Nm_Lintas": null, "Kon_Baik": 0.0, "Kon_Sdg": 0.0, "Kon_Rgn": 0.0, "Kon_Rusak": 0.0, "Kon_Mntp": 0.0, "Kon_T_Mntp": 0.0, "Panjang": 5.26411861, "Lbr_Keras": 0.0, "LHRT": 0.0, "VCR": 0.0, "Tipe_Jln": 0, "MST": 0.0, "Tanah_Kri": 0.0, "Macadam": 0.0, "Aspal": 0.0, "Rigid": 0.0, "Thn_Pen_Ak": 0, "Jns_Pen": null, "Koord_X_Aw": 0.0, "Koord_Y_Aw": 0.0, "Koord_X_Ak": 0.0, "Koord_Y_Ak": 0.0, "Shape_Leng": 0.0, "Status_J_1": null, "Keterangan": "Diusulkan JKP3", "Masuk": null, "panjangjal": 5.1690282542499997 }, "geometry": { "type": "LineString", "coordinates": [ [ 117.4552687, 0.0759907, 0.0 ], [ 117.4546654, 0.0756516, 0.0 ], [ 117.45429, 0.0754066, 0.0 ], [ 117.4540255, 0.075248, 0.0 ], [ 117.4537937, 0.0751074, 0.0 ], [ 117.453553, 0.0749847, 0.0 ], [ 117.4532169, 0.0748245, 0.0 ], [ 117.4524442, 0.0744487, 0.0 ], [ 117.4510771, 0.0737929, 0.0 ], [ 117.4497446, 0.0731473, 0.0 ], [ 117.4486923, 0.0726998, 0.0 ], [ 117.4485487, 0.0726645, 0.0 ], [ 117.4484037, 0.0726354, 0.0 ], [ 117.4482576, 0.0726127, 0.0 ], [ 117.4481106, 0.0725962, 0.0 ], [ 117.4479631, 0.0725861, 0.0 ], [ 117.4477918, 0.0725986, 0.0 ], [ 117.4476211, 0.072618, 0.0 ], [ 117.4474514, 0.0726444, 0.0 ], [ 117.4466391, 0.0728471, 0.0 ], [ 117.4458193, 0.0730784, 0.0 ], [ 117.4454058, 0.073222, 0.0 ], [ 117.4452717, 0.0732571, 0.0 ], [ 117.445136, 0.0732854, 0.0 ], [ 117.444999, 0.0733066, 0.0 ], [ 117.4448612, 0.0733208, 0.0 ], [ 117.4444278, 0.0733329, 0.0 ], [ 117.4437723, 0.0733233, 0.0 ], [ 117.4431938, 0.0733113, 0.0 ], [ 117.4430975, 0.0733119, 0.0 ], [ 117.4430014, 0.0733069, 0.0 ], [ 117.4429056, 0.0732965, 0.0 ], [ 117.4428107, 0.0732806, 0.0 ], [ 117.4427168, 0.0732593, 0.0 ], [ 117.4426217, 0.0732359, 0.0 ], [ 117.4425284, 0.0732062, 0.0 ], [ 117.4424372, 0.0731704, 0.0 ], [ 117.4423485, 0.0731287, 0.0 ], [ 117.4422627, 0.0730812, 0.0 ], [ 117.4421803, 0.0730282, 0.0 ], [ 117.4421014, 0.0729698, 0.0 ], [ 117.4420265, 0.0729064, 0.0 ], [ 117.4419559, 0.0728381, 0.0 ], [ 117.4416319, 0.0724177, 0.0 ], [ 117.4415652, 0.0723207, 0.0 ], [ 117.4415028, 0.0722209, 0.0 ], [ 117.4414448, 0.0721184, 0.0 ], [ 117.4413913, 0.0720134, 0.0 ], [ 117.4413425, 0.0719062, 0.0 ], [ 117.4412326, 0.0715914, 0.0 ], [ 117.4409026, 0.0707309, 0.0 ], [ 117.4408774, 0.0706577, 0.0 ], [ 117.4408586, 0.0705826, 0.0 ], [ 117.4408464, 0.070506, 0.0 ], [ 117.440841, 0.0704287, 0.0 ], [ 117.4408391, 0.0703419, 0.0 ], [ 117.4408423, 0.070255, 0.0 ], [ 117.4408504, 0.0701685, 0.0 ], [ 117.4408636, 0.0700827, 0.0 ], [ 117.4408906, 0.0699636, 0.0 ], [ 117.4409219, 0.0698456, 0.0 ], [ 117.4409574, 0.0697289, 0.0 ], [ 117.440997, 0.0696135, 0.0 ], [ 117.4410276, 0.0695345, 0.0 ], [ 117.4410644, 0.0694583, 0.0 ], [ 117.4411071, 0.0693853, 0.0 ], [ 117.4411554, 0.0693159, 0.0 ], [ 117.4411946, 0.0692745, 0.0 ], [ 117.4412382, 0.0692377, 0.0 ], [ 117.4412855, 0.069206, 0.0 ], [ 117.441336, 0.0691797, 0.0 ], [ 117.4413891, 0.0691593, 0.0 ], [ 117.4414441, 0.069145, 0.0 ], [ 117.4415004, 0.0691368, 0.0 ], [ 117.4415572, 0.069135, 0.0 ], [ 117.441703, 0.0691303, 0.0 ], [ 117.4423891, 0.0691159, 0.0 ], [ 117.4425548, 0.0691141, 0.0 ], [ 117.4427202, 0.0691062, 0.0 ], [ 117.4428853, 0.0690925, 0.0 ], [ 117.4429475, 0.0690795, 0.0 ], [ 117.4430079, 0.0690597, 0.0 ], [ 117.4430657, 0.0690332, 0.0 ], [ 117.4431202, 0.0690005, 0.0 ], [ 117.4431709, 0.068962, 0.0 ], [ 117.443217, 0.068918, 0.0 ], [ 117.4432683, 0.0688539, 0.0 ], [ 117.443315, 0.0687864, 0.0 ], [ 117.4433568, 0.0687156, 0.0 ], [ 117.4433934, 0.0686421, 0.0 ], [ 117.4434248, 0.0685661, 0.0 ], [ 117.4434507, 0.068488, 0.0 ], [ 117.4434789, 0.0684154, 0.0 ], [ 117.4435019, 0.068341, 0.0 ], [ 117.4435198, 0.0682652, 0.0 ], [ 117.4435325, 0.0681883, 0.0 ], [ 117.4435301, 0.0680818, 0.0 ], [ 117.4435224, 0.0679756, 0.0 ], [ 117.4435095, 0.06787, 0.0 ], [ 117.4434913, 0.0677651, 0.0 ], [ 117.4434532, 0.0676049, 0.0 ], [ 117.4434204, 0.0674435, 0.0 ], [ 117.4433929, 0.0672811, 0.0 ], [ 117.4433792, 0.0671589, 0.0 ], [ 117.4433726, 0.0670361, 0.0 ], [ 117.443373, 0.0669131, 0.0 ], [ 117.4433806, 0.0667904, 0.0 ], [ 117.4434044, 0.0665745, 0.0 ], [ 117.443428, 0.0663469, 0.0 ], [ 117.4434421, 0.0660391, 0.0 ], [ 117.4434468, 0.0651655, 0.0 ], [ 117.4434464, 0.0650842, 0.0 ], [ 117.4434498, 0.0650029, 0.0 ], [ 117.4434568, 0.064922, 0.0 ], [ 117.4434759, 0.0647934, 0.0 ], [ 117.4434993, 0.0646655, 0.0 ], [ 117.4435268, 0.0645385, 0.0 ], [ 117.4435584, 0.0644124, 0.0 ], [ 117.4435859, 0.0643188, 0.0 ], [ 117.4436193, 0.0642271, 0.0 ], [ 117.4436584, 0.0641377, 0.0 ], [ 117.443703, 0.064051, 0.0 ], [ 117.443753, 0.0639673, 0.0 ], [ 117.4437925, 0.0638977, 0.0 ], [ 117.4438375, 0.0638317, 0.0 ], [ 117.4438879, 0.0637696, 0.0 ], [ 117.4439351, 0.0637096, 0.0 ], [ 117.4439815, 0.0636526, 0.0 ], [ 117.4440243, 0.0636023, 0.0 ], [ 117.4440591, 0.0635665, 0.0 ], [ 117.4440842, 0.0635348, 0.0 ], [ 117.444107, 0.0634974, 0.0 ], [ 117.4441513, 0.0634371, 0.0 ], [ 117.4441755, 0.0633983, 0.0 ], [ 117.4442204, 0.063315, 0.0 ], [ 117.4442942, 0.0631149, 0.0 ], [ 117.4444161, 0.0626698, 0.0 ], [ 117.4445083, 0.0623287, 0.0 ], [ 117.4446004, 0.0619786, 0.0 ], [ 117.4447549, 0.0613832, 0.0 ], [ 117.4448025, 0.0611797, 0.0 ], [ 117.4448101, 0.0611322, 0.0 ], [ 117.4448137, 0.0610783, 0.0 ], [ 117.4448161, 0.0610125, 0.0 ], [ 117.4448161, 0.0609538, 0.0 ], [ 117.4448125, 0.0608904, 0.0 ], [ 117.4447959, 0.0608174, 0.0 ], [ 117.4447745, 0.060736, 0.0 ], [ 117.4447412, 0.060645, 0.0 ], [ 117.4445568, 0.0601735, 0.0 ], [ 117.4443309, 0.0596421, 0.0 ], [ 117.4443119, 0.0595511, 0.0 ], [ 117.4442977, 0.0594386, 0.0 ], [ 117.4443, 0.0593357, 0.0 ], [ 117.4443119, 0.0592399, 0.0 ], [ 117.4443476, 0.0591131, 0.0 ], [ 117.4443928, 0.0589934, 0.0 ], [ 117.4444474, 0.0588713, 0.0 ], [ 117.4445093, 0.0587756, 0.0 ], [ 117.4445626, 0.0587045, 0.0 ], [ 117.445019, 0.0580239, 0.0 ], [ 117.4453894, 0.0574876, 0.0 ], [ 117.4454489, 0.0574161, 0.0 ], [ 117.445513, 0.0573486, 0.0 ], [ 117.4455813, 0.0572855, 0.0 ], [ 117.4456535, 0.057227, 0.0 ], [ 117.4457294, 0.0571734, 0.0 ], [ 117.4458086, 0.0571249, 0.0 ], [ 117.4459637, 0.0570271, 0.0 ], [ 117.4461081, 0.0569252, 0.0 ], [ 117.4461781, 0.0568688, 0.0 ], [ 117.4462436, 0.0568069, 0.0 ], [ 117.446304, 0.0567402, 0.0 ], [ 117.446359, 0.0566688, 0.0 ], [ 117.4464083, 0.0565933, 0.0 ], [ 117.4464954, 0.0564636, 0.0 ], [ 117.4467477, 0.0560224, 0.0 ], [ 117.446801, 0.0559311, 0.0 ], [ 117.4468498, 0.0558373, 0.0 ], [ 117.446894, 0.0557412, 0.0 ], [ 117.4469335, 0.055643, 0.0 ], [ 117.4469682, 0.0555431, 0.0 ], [ 117.4469979, 0.055452, 0.0 ], [ 117.4470216, 0.0553593, 0.0 ], [ 117.4470392, 0.0552651, 0.0 ], [ 117.4470506, 0.05517, 0.0 ], [ 117.4470558, 0.0550743, 0.0 ], [ 117.4470539, 0.0546442, 0.0 ], [ 117.4470573, 0.0544714, 0.0 ], [ 117.4470675, 0.0542989, 0.0 ], [ 117.4470804, 0.0541977, 0.0 ], [ 117.4470982, 0.0540973, 0.0 ], [ 117.4471208, 0.0539979, 0.0 ], [ 117.4471483, 0.0538998, 0.0 ], [ 117.4471804, 0.053803, 0.0 ], [ 117.4472326, 0.0536918, 0.0 ], [ 117.4472909, 0.0535836, 0.0 ], [ 117.4473551, 0.0534788, 0.0 ], [ 117.447425, 0.0533778, 0.0 ], [ 117.447487, 0.0533, 0.0 ], [ 117.4475531, 0.0532256, 0.0 ], [ 117.4476231, 0.0531549, 0.0 ], [ 117.4476967, 0.0530881, 0.0 ], [ 117.4477737, 0.0530253, 0.0 ], [ 117.4478893, 0.0529588, 0.0 ], [ 117.4480079, 0.0528979, 0.0 ], [ 117.4481292, 0.0528428, 0.0 ], [ 117.4482531, 0.0527935, 0.0 ], [ 117.4483328, 0.0527631, 0.0 ], [ 117.4484109, 0.0527289, 0.0 ], [ 117.4484874, 0.052691, 0.0 ], [ 117.448562, 0.0526494, 0.0 ], [ 117.448646, 0.0525828, 0.0 ], [ 117.4487263, 0.0525116, 0.0 ], [ 117.4488026, 0.0524362, 0.0 ], [ 117.4488747, 0.0523567, 0.0 ], [ 117.4489424, 0.0522734, 0.0 ], [ 117.4493765, 0.0516444, 0.0 ], [ 117.449457, 0.0514833, 0.0 ], [ 117.4495323, 0.0513197, 0.0 ], [ 117.4496184, 0.051005, 0.0 ], [ 117.4496362, 0.0509265, 0.0 ], [ 117.4496482, 0.0508468, 0.0 ], [ 117.4496541, 0.0507665, 0.0 ], [ 117.4496541, 0.0506859, 0.0 ], [ 117.4496498, 0.0506267, 0.0 ], [ 117.4496396, 0.0505683, 0.0 ], [ 117.4496234, 0.0505113, 0.0 ], [ 117.4496016, 0.0504562, 0.0 ], [ 117.4495743, 0.0504037, 0.0 ], [ 117.4495573, 0.0503778, 0.0 ], [ 117.4495418, 0.0503542, 0.0 ], [ 117.4495045, 0.0503083, 0.0 ], [ 117.4491658, 0.0498754, 0.0 ], [ 117.4489996, 0.0496891, 0.0 ], [ 117.4489547, 0.0496424, 0.0 ], [ 117.4489055, 0.0496003, 0.0 ], [ 117.4488524, 0.0495634, 0.0 ], [ 117.4487958, 0.049532, 0.0 ], [ 117.4487365, 0.0495064, 0.0 ], [ 117.448675, 0.0494867, 0.0 ], [ 117.4486118, 0.0494734, 0.0 ], [ 117.4485321, 0.0494593, 0.0 ], [ 117.4484516, 0.04945, 0.0 ], [ 117.4483948, 0.0494468, 0.0 ], [ 117.4483708, 0.0494455, 0.0 ], [ 117.4482898, 0.0494459, 0.0 ], [ 117.448209, 0.0494511, 0.0 ], [ 117.4473163, 0.049562, 0.0 ], [ 117.4459807, 0.049744, 0.0 ], [ 117.4454768, 0.0498016, 0.0 ], [ 117.4453607, 0.049808, 0.0 ], [ 117.4452445, 0.0498075, 0.0 ], [ 117.4451851, 0.0497972, 0.0 ], [ 117.4451272, 0.0497802, 0.0 ], [ 117.4450716, 0.0497567, 0.0 ], [ 117.4450189, 0.0497272, 0.0 ], [ 117.4449699, 0.0496918, 0.0 ], [ 117.4449251, 0.0496512, 0.0 ], [ 117.4448852, 0.0496057, 0.0 ], [ 117.4448652, 0.049577, 0.0 ] ] } },
{ "type": "Feature", "properties": { "OBJECTID": 0, "Kl_Dat_Das": "Jalan Non Tol", "Nm_Ruas": "JL. LETJEN URIP SUMOHARJO (BONTANG)\r\n", "Thn_Data": 2023, "Status": "Jalan Provinsi", "Fungsi": "Jalan Kolektor Primer 3", "Mendukung": null, "Ura_Dukung": null, "Kd_Bd_PU": "2", "Kd_Jns_Inf": "1", "Kd_Inf": "34 034 K", "Propinsi": "Kalimantan Timur", "Kab_Kot": "Bontang", "Kecamatan": null, "Desa_Kel": null, "Tk_Ruas_Aw": "2.268612, 117.478253", "Tk_Ruas_Ak": "4.957703, 117.444865", "Kd_Patok": null, "Km_Awal": 0.0, "Km_Akhir": 6.2134393793999996, "Nm_Lintas": null, "Kon_Baik": 0.0, "Kon_Sdg": 0.0, "Kon_Rgn": 0.0, "Kon_Rusak": 0.0, "Kon_Mntp": 0.0, "Kon_T_Mntp": 0.0, "Panjang": 6.2111577, "Lbr_Keras": 0.0, "LHRT": 0.0, "VCR": 0.0, "Tipe_Jln": 0, "MST": 0.0, "Tanah_Kri": 0.0, "Macadam": 0.0, "Aspal": 0.0, "Rigid": 0.0, "Thn_Pen_Ak": 0, "Jns_Pen": null, "Koord_X_Aw": 0.0, "Koord_Y_Aw": 0.0, "Koord_X_Ak": 0.0, "Koord_Y_Ak": 0.0, "Shape_Leng": 0.0, "Status_J_1": null, "Keterangan": "Diusulkan JKP3", "Masuk": null, "panjangjal": 6.2134393793999996 }, "geometry": { "type": "MultiLineString", "coordinates": [ [ [ 117.4782532, 0.0226861, 0.0 ], [ 117.4780904, 0.0229711, 0.0 ], [ 117.4779349, 0.0232607, 0.0 ], [ 117.4777836, 0.0235526, 0.0 ], [ 117.477618, 0.0239148, 0.0 ], [ 117.4775393, 0.0240725, 0.0 ], [ 117.4774543, 0.0242268, 0.0 ], [ 117.4773631, 0.0243775, 0.0 ], [ 117.477266, 0.0245244, 0.0 ], [ 117.4771322, 0.0247199, 0.0 ], [ 117.4769941, 0.0249124, 0.0 ], [ 117.4768519, 0.0251018, 0.0 ], [ 117.476796, 0.0251825, 0.0 ], [ 117.4767446, 0.0252663, 0.0 ], [ 117.4766979, 0.0253528, 0.0 ], [ 117.4766561, 0.0254418, 0.0 ], [ 117.4766194, 0.025533, 0.0 ], [ 117.4765877, 0.0256261, 0.0 ], [ 117.4764868, 0.0259882, 0.0 ], [ 117.4764052, 0.0262711, 0.0 ], [ 117.4763103, 0.0265558, 0.0 ], [ 117.4762721, 0.0266708, 0.0 ], [ 117.4762382, 0.0267872, 0.0 ], [ 117.4762089, 0.0269049, 0.0 ], [ 117.4761841, 0.0270236, 0.0 ], [ 117.4761832, 0.0270278, 0.0 ], [ 117.4761728, 0.0270793, 0.0 ], [ 117.476167, 0.0271358, 0.0 ], [ 117.4761667, 0.0271926, 0.0 ], [ 117.4761719, 0.0272492, 0.0 ], [ 117.4761826, 0.027305, 0.0 ], [ 117.4762131, 0.0273802, 0.0 ], [ 117.4762501, 0.0274525, 0.0 ], [ 117.4762932, 0.0275211, 0.0 ], [ 117.4763422, 0.0275857, 0.0 ], [ 117.4763967, 0.0276457, 0.0 ], [ 117.4764561, 0.0277006, 0.0 ], [ 117.4766144, 0.0277748, 0.0 ], [ 117.4767755, 0.0278424, 0.0 ], [ 117.4769393, 0.0279033, 0.0 ], [ 117.4771053, 0.0279574, 0.0 ], [ 117.4772232, 0.0280156, 0.0 ], [ 117.4773383, 0.0280793, 0.0 ], [ 117.4773717, 0.0281107, 0.0 ], [ 117.4774007, 0.0281462, 0.0 ], [ 117.4774248, 0.0281852, 0.0 ], [ 117.4774436, 0.028227, 0.0 ], [ 117.4774567, 0.028271, 0.0 ], [ 117.477463, 0.0283047, 0.0 ], [ 117.4774641, 0.0283389, 0.0 ], [ 117.4774602, 0.0283729, 0.0 ], [ 117.4774512, 0.0284059, 0.0 ], [ 117.4774374, 0.0284371, 0.0 ], [ 117.4774191, 0.028466, 0.0 ], [ 117.4770066, 0.0289617, 0.0 ], [ 117.4765364, 0.0295499, 0.0 ], [ 117.4760838, 0.0301434, 0.0 ], [ 117.4759861, 0.030267, 0.0 ], [ 117.4758932, 0.0303942, 0.0 ], [ 117.4758054, 0.030525, 0.0 ], [ 117.4757226, 0.0306592, 0.0 ], [ 117.4755079, 0.0310248, 0.0 ], [ 117.475298, 0.0313933, 0.0 ], [ 117.4750543, 0.0318571, 0.0 ], [ 117.4747895, 0.032373, 0.0 ] ], [ [ 117.4747925, 0.0323746, 0.0 ], [ 117.4746946, 0.0325434, 0.0 ], [ 117.4746377, 0.0326515, 0.0 ], [ 117.4743802, 0.0331405, 0.0 ], [ 117.4741593, 0.0335545, 0.0 ], [ 117.4740022, 0.033849, 0.0 ], [ 117.4736882, 0.0344453, 0.0 ], [ 117.4733222, 0.0351439, 0.0 ], [ 117.4729513, 0.0358332, 0.0 ], [ 117.4726895, 0.0363268, 0.0 ], [ 117.4724636, 0.036765, 0.0 ], [ 117.4721333, 0.0373941, 0.0 ], [ 117.4719608, 0.0377176, 0.0 ], [ 117.4719111, 0.0378035, 0.0 ], [ 117.4718555, 0.0378857, 0.0 ], [ 117.4717942, 0.0379637, 0.0 ], [ 117.4717276, 0.0380372, 0.0 ], [ 117.471656, 0.0381057, 0.0 ], [ 117.4715797, 0.0381689, 0.0 ], [ 117.4714992, 0.0382265, 0.0 ], [ 117.4714266, 0.0382674, 0.0 ], [ 117.4713516, 0.0383036, 0.0 ], [ 117.4712745, 0.038335, 0.0 ], [ 117.4711955, 0.0383613, 0.0 ], [ 117.471115, 0.0383825, 0.0 ], [ 117.4710196, 0.038395, 0.0 ], [ 117.4709235, 0.0384008, 0.0 ], [ 117.4708272, 0.0383997, 0.0 ], [ 117.4707313, 0.0383918, 0.0 ], [ 117.4706361, 0.0383771, 0.0 ], [ 117.4705422, 0.0383557, 0.0 ], [ 117.470457, 0.0383192, 0.0 ], [ 117.4703743, 0.0382773, 0.0 ], [ 117.4702943, 0.0382303, 0.0 ], [ 117.4702174, 0.0381784, 0.0 ], [ 117.4701439, 0.0381218, 0.0 ], [ 117.470074, 0.0380607, 0.0 ], [ 117.470008, 0.0379953, 0.0 ], [ 117.4691262, 0.0371363, 0.0 ], [ 117.468563, 0.0365942, 0.0 ], [ 117.4683516, 0.0363909, 0.0 ], [ 117.4682844, 0.0363219, 0.0 ], [ 117.4682128, 0.0362575, 0.0 ], [ 117.468151, 0.036209, 0.0 ], [ 117.4681371, 0.0361981, 0.0 ], [ 117.4680577, 0.0361438, 0.0 ], [ 117.4680329, 0.0361292, 0.0 ], [ 117.4679749, 0.0360949, 0.0 ], [ 117.4678891, 0.0360517, 0.0 ], [ 117.4677578, 0.0360094, 0.0 ], [ 117.4676248, 0.0359727, 0.0 ], [ 117.4674905, 0.0359415, 0.0 ], [ 117.467355, 0.0359159, 0.0 ], [ 117.4666114, 0.035765, 0.0 ], [ 117.4663382, 0.0356986, 0.0 ], [ 117.4660664, 0.0356266, 0.0 ], [ 117.4657962, 0.035549, 0.0 ], [ 117.4648737, 0.0351619, 0.0 ], [ 117.4641339, 0.0348365, 0.0 ], [ 117.4638722, 0.0347249, 0.0 ], [ 117.4636862, 0.034654, 0.0 ], [ 117.4634981, 0.0345887, 0.0 ], [ 117.4633083, 0.0345289, 0.0 ], [ 117.4631168, 0.0344747, 0.0 ], [ 117.4620948, 0.034254, 0.0 ], [ 117.4611606, 0.0340778, 0.0 ], [ 117.4601953, 0.033875, 0.0 ], [ 117.4596869, 0.0337638, 0.0 ], [ 117.459339, 0.0336968, 0.0 ], [ 117.4592302, 0.0336754, 0.0 ], [ 117.4591205, 0.0336596, 0.0 ], [ 117.4590101, 0.0336496, 0.0 ], [ 117.4588993, 0.0336453, 0.0 ], [ 117.4587885, 0.0336468, 0.0 ], [ 117.4586779, 0.033654, 0.0 ], [ 117.4585678, 0.0336669, 0.0 ], [ 117.4584586, 0.0336855, 0.0 ], [ 117.4583888, 0.033706, 0.0 ], [ 117.458321, 0.0337325, 0.0 ], [ 117.4582557, 0.0337647, 0.0 ], [ 117.4581934, 0.0338024, 0.0 ], [ 117.4581345, 0.0338453, 0.0 ], [ 117.4580795, 0.0338931, 0.0 ], [ 117.4575392, 0.034462, 0.0 ], [ 117.4573576, 0.0346654, 0.0 ] ], [ [ 117.4573571, 0.0346659, 0.0 ], [ 117.4569774, 0.035091, 0.0 ], [ 117.4567409, 0.0353566, 0.0 ], [ 117.4564178, 0.0357194, 0.0 ], [ 117.4561271, 0.0360544, 0.0 ], [ 117.455867, 0.0363915, 0.0 ], [ 117.4553246, 0.0371157, 0.0 ], [ 117.4547902, 0.0378298, 0.0 ], [ 117.454463, 0.0382589, 0.0 ], [ 117.4544069, 0.0383302, 0.0 ], [ 117.4543466, 0.0383979, 0.0 ], [ 117.4542824, 0.038462, 0.0 ], [ 117.4542146, 0.038522, 0.0 ], [ 117.4541433, 0.0385778, 0.0 ], [ 117.4540687, 0.0386292, 0.0 ], [ 117.4539913, 0.0386761, 0.0 ], [ 117.4538343, 0.0387474, 0.0 ], [ 117.4536751, 0.0388133, 0.0 ], [ 117.4535137, 0.0388739, 0.0 ], [ 117.4529826, 0.0390808, 0.0 ], [ 117.452348, 0.0393161, 0.0 ], [ 117.4511593, 0.0397508, 0.0 ], [ 117.4506022, 0.0399537, 0.0 ], [ 117.4500756, 0.0401413, 0.0 ], [ 117.4492975, 0.040419, 0.0 ], [ 117.4479523, 0.0409017, 0.0 ], [ 117.4474985, 0.0410706, 0.0 ], [ 117.4471648, 0.041203, 0.0 ], [ 117.447076, 0.041242, 0.0 ], [ 117.4469897, 0.0412863, 0.0 ], [ 117.4469063, 0.041336, 0.0 ], [ 117.4468261, 0.0413908, 0.0 ], [ 117.4467495, 0.0414505, 0.0 ], [ 117.4466767, 0.0415148, 0.0 ], [ 117.4466079, 0.0415836, 0.0 ], [ 117.4461578, 0.0420713, 0.0 ], [ 117.445898, 0.042379, 0.0 ], [ 117.44584, 0.0424526, 0.0 ], [ 117.4457857, 0.042529, 0.0 ], [ 117.4457354, 0.042608, 0.0 ], [ 117.4456891, 0.0426895, 0.0 ], [ 117.4456469, 0.0427732, 0.0 ], [ 117.445357, 0.0434106, 0.0 ], [ 117.4451625, 0.0438847, 0.0 ], [ 117.4450727, 0.0441022, 0.0 ], [ 117.4450169, 0.0442532, 0.0 ], [ 117.4449757, 0.0443799, 0.0 ], [ 117.4449413, 0.0445086, 0.0 ], [ 117.4449138, 0.044639, 0.0 ], [ 117.4448931, 0.0447707, 0.0 ], [ 117.4448842, 0.0450006, 0.0 ], [ 117.4448722, 0.0452302, 0.0 ], [ 117.4448398, 0.0458898, 0.0 ], [ 117.444817, 0.0465509, 0.0 ], [ 117.4447923, 0.0472343, 0.0 ], [ 117.444758, 0.0480329, 0.0 ], [ 117.4447352, 0.0486986, 0.0 ], [ 117.4447306, 0.0488177, 0.0 ], [ 117.444732, 0.0489369, 0.0 ], [ 117.4447394, 0.049056, 0.0 ], [ 117.4447529, 0.0491744, 0.0 ], [ 117.4447685, 0.0492719, 0.0 ], [ 117.4447901, 0.0493683, 0.0 ], [ 117.4448174, 0.0494631, 0.0 ], [ 117.4448505, 0.0495561, 0.0 ], [ 117.4448652, 0.049577, 0.0 ] ] ] } },
{ "type": "Feature", "properties": { "OBJECTID": 0, "Kl_Dat_Das": "Jalan Non Tol", "Nm_Ruas": "MUARA BADAK - BONTANG", "Thn_Data": 2023, "Status": "Jalan Provinsi", "Fungsi": "Jalan Kolektor Primer 2", "Mendukung": null, "Ura_Dukung": null, "Kd_Bd_PU": "2", "Kd_Jns_Inf": "1", "Kd_Inf": "34 033", "Propinsi": "Kalimantan Timur", "Kab_Kot": "Kutai Kartanegara", "Kecamatan": null, "Desa_Kel": null, "Tk_Ruas_Aw": "-0.328310, 117.415084", "Tk_Ruas_Ak": "2.268612, 117.478253", "Kd_Patok": null, "Km_Awal": 0.0, "Km_Akhir": 52.770841481399998, "Nm_Lintas": null, "Kon_Baik": 0.0, "Kon_Sdg": 0.0, "Kon_Rgn": 0.0, "Kon_Rusak": 0.0, "Kon_Mntp": 0.0, "Kon_T_Mntp": 0.0, "Panjang": 0.0, "Lbr_Keras": 0.0, "LHRT": 0.0, "VCR": 0.0, "Tipe_Jln": 0, "MST": 0.0, "Tanah_Kri": 0.0, "Macadam": 0.0, "Aspal": 0.0, "Rigid": 0.0, "Thn_Pen_Ak": 0, "Jns_Pen": null, "Koord_X_Aw": 0.0, "Koord_Y_Aw": 0.0, "Koord_X_Ak": 0.0, "Koord_Y_Ak": 0.0, "Shape_Leng": 0.0, "Status_J_1": null, "Keterangan": "JKP2/3", "Masuk": null, "panjangjal": 52.770841481399998 }, "geometry": { "type": "LineString", "coordinates": [ [ 117.4150842, -0.3283102, 0.0 ], [ 117.4150596, -0.3281997, 0.0 ], [ 117.4150482, -0.3281212, 0.0 ], [ 117.415051, -0.3280313, 0.0 ], [ 117.4150961, -0.3279154, 0.0 ], [ 117.4151795, -0.3277771, 0.0 ], [ 117.4171956, -0.3254363, 0.0 ], [ 117.4195451, -0.3226179, 0.0 ], [ 117.4197261, -0.3224868, 0.0 ], [ 117.4199092, -0.3223538, 0.0 ], [ 117.4203133, -0.3221958, 0.0 ], [ 117.4207055, -0.3221587, 0.0 ], [ 117.4208214, -0.322171, 0.0 ], [ 117.4224181, -0.3226352, 0.0 ], [ 117.4229253, -0.3228363, 0.0 ], [ 117.4234957, -0.3230148, 0.0 ], [ 117.423522, -0.3230143, 0.0 ], [ 117.423574, -0.3230133, 0.0 ], [ 117.4239503, -0.3230478, 0.0 ], [ 117.4254954, -0.3229833, 0.0 ], [ 117.4275444, -0.3229204, 0.0 ], [ 117.4283099, -0.3229384, 0.0 ], [ 117.4283623, -0.3225278, 0.0 ], [ 117.4285178, -0.3224693, 0.0 ], [ 117.4296787, -0.322488, 0.0 ], [ 117.4302198, -0.3225145, 0.0 ], [ 117.4307608, -0.3225409, 0.0 ], [ 117.4310482, -0.322555, 0.0 ], [ 117.4317309, -0.3225785, 0.0 ], [ 117.432389, -0.3226011, 0.0 ], [ 117.4327524, -0.3226564, 0.0 ], [ 117.4338303, -0.3229961, 0.0 ], [ 117.4339239, -0.3230302, 0.0 ], [ 117.4354923, -0.3235412, 0.0 ], [ 117.4354925, -0.3235412, 0.0 ], [ 117.4355638, -0.3233962, 0.0 ], [ 117.4356508, -0.322733, 0.0 ], [ 117.4357966, -0.3218599, 0.0 ], [ 117.4360012, -0.3209054, 0.0 ], [ 117.4361913, -0.320354, 0.0 ], [ 117.4364575, -0.3199547, 0.0 ], [ 117.4368378, -0.3195364, 0.0 ], [ 117.4369329, -0.319061, 0.0 ], [ 117.437104, -0.3179202, 0.0 ], [ 117.4372371, -0.3164751, 0.0 ], [ 117.4373512, -0.3156005, 0.0 ], [ 117.4373892, -0.3146117, 0.0 ], [ 117.4374463, -0.3140984, 0.0 ], [ 117.4377032, -0.3134823, 0.0 ], [ 117.4378743, -0.3131021, 0.0 ], [ 117.4381405, -0.3124175, 0.0 ], [ 117.438768, -0.3114668, 0.0 ], [ 117.4393717, -0.3103878, 0.0 ], [ 117.4397995, -0.3095084, 0.0 ], [ 117.4400847, -0.3085577, 0.0 ], [ 117.4405522, -0.3073679, 0.0 ], [ 117.4416688, -0.305503, 0.0 ], [ 117.4424534, -0.3043779, 0.0 ], [ 117.443024, -0.3036597, 0.0 ], [ 117.4432885, -0.3033466, 0.0 ], [ 117.4434502, -0.3028537, 0.0 ], [ 117.4431738, -0.302734, 0.0 ], [ 117.4425685, -0.3024264, 0.0 ], [ 117.4421068, -0.3023201, 0.0 ], [ 117.4415624, -0.3022762, 0.0 ], [ 117.4393277, -0.3020548, 0.0 ], [ 117.4378874, -0.3019644, 0.0 ], [ 117.437309, -0.3020218, 0.0 ], [ 117.4370821, -0.3019534, 0.0 ], [ 117.4368665, -0.3016795, 0.0 ], [ 117.4359124, -0.2991227, 0.0 ], [ 117.4359349, -0.2988258, 0.0 ], [ 117.4363653, -0.2979122, 0.0 ], [ 117.4367843, -0.2968045, 0.0 ], [ 117.4367841, -0.2965875, 0.0 ], [ 117.4366025, -0.2962337, 0.0 ], [ 117.4337085, -0.2926504, 0.0 ], [ 117.4328232, -0.2915092, 0.0 ], [ 117.4325736, -0.291201, 0.0 ], [ 117.4315071, -0.2905851, 0.0 ], [ 117.4297026, -0.2881771, 0.0 ], [ 117.4276142, -0.2853582, 0.0 ], [ 117.4263202, -0.2833266, 0.0 ], [ 117.4252648, -0.282037, 0.0 ], [ 117.4234258, -0.2788526, 0.0 ], [ 117.4231757, -0.277848, 0.0 ], [ 117.422834, -0.2751879, 0.0 ], [ 117.4228789, -0.2742631, 0.0 ], [ 117.4234225, -0.2728356, 0.0 ], [ 117.4234337, -0.2724702, 0.0 ], [ 117.4229564, -0.2708035, 0.0 ], [ 117.422797, -0.2696276, 0.0 ], [ 117.4223087, -0.2683148, 0.0 ], [ 117.4209902, -0.2626638, 0.0 ], [ 117.4202404, -0.2602095, 0.0 ], [ 117.4197294, -0.2588396, 0.0 ], [ 117.4192973, -0.2566134, 0.0 ], [ 117.4182411, -0.2537025, 0.0 ], [ 117.4172755, -0.2505174, 0.0 ], [ 117.4171732, -0.2500379, 0.0 ], [ 117.4168773, -0.2478573, 0.0 ], [ 117.416263, -0.2439984, 0.0 ], [ 117.4160236, -0.2414638, 0.0 ], [ 117.415054, -0.2397805, 0.0 ], [ 117.414945, -0.2394865, 0.0 ], [ 117.4149439, -0.2391395, 0.0 ], [ 117.414995, -0.2388164, 0.0 ], [ 117.4152853, -0.2374937, 0.0 ], [ 117.4153702, -0.2366922, 0.0 ], [ 117.415556, -0.2357324, 0.0 ], [ 117.4158161, -0.2342708, 0.0 ], [ 117.4158837, -0.2331518, 0.0 ], [ 117.41577, -0.2324783, 0.0 ], [ 117.4154293, -0.2316335, 0.0 ], [ 117.4148165, -0.2306633, 0.0 ], [ 117.414677, -0.2303198, 0.0 ], [ 117.4146144, -0.2299343, 0.0 ], [ 117.4146247, -0.2297588, 0.0 ], [ 117.4148408, -0.2278515, 0.0 ], [ 117.4148997, -0.2271878, 0.0 ], [ 117.4150415, -0.2266327, 0.0 ], [ 117.4154947, -0.2255479, 0.0 ], [ 117.4155852, -0.2250911, 0.0 ], [ 117.415607, -0.2231044, 0.0 ], [ 117.4155267, -0.2209808, 0.0 ], [ 117.4156058, -0.2202728, 0.0 ], [ 117.4161381, -0.2185257, 0.0 ], [ 117.4174411, -0.215568, 0.0 ], [ 117.4181659, -0.21317, 0.0 ], [ 117.4182891, -0.2123842, 0.0 ], [ 117.4184049, -0.2113795, 0.0 ], [ 117.4185507, -0.211069, 0.0 ], [ 117.4197183, -0.209744, 0.0 ], [ 117.4197876, -0.2095661, 0.0 ], [ 117.4198021, -0.2093501, 0.0 ], [ 117.4196416, -0.2085464, 0.0 ], [ 117.4192407, -0.2067985, 0.0 ], [ 117.4191067, -0.205991, 0.0 ], [ 117.4190455, -0.205101, 0.0 ], [ 117.4191602, -0.2039327, 0.0 ], [ 117.4187626, -0.2022088, 0.0 ], [ 117.4187467, -0.2012373, 0.0 ], [ 117.4187538, -0.1992252, 0.0 ], [ 117.4186357, -0.1968654, 0.0 ], [ 117.4183513, -0.1945364, 0.0 ], [ 117.4180098, -0.1912025, 0.0 ], [ 117.4170444, -0.1874465, 0.0 ], [ 117.416238, -0.1842042, 0.0 ], [ 117.416079, -0.183405, 0.0 ], [ 117.4162033, -0.1822975, 0.0 ], [ 117.416339, -0.1810757, 0.0 ], [ 117.4164747, -0.1800367, 0.0 ], [ 117.4169393, -0.1787806, 0.0 ], [ 117.4170003, -0.1782305, 0.0 ], [ 117.41718, -0.1771201, 0.0 ], [ 117.4176186, -0.1755491, 0.0 ], [ 117.418072, -0.1748411, 0.0 ], [ 117.4210878, -0.1719057, 0.0 ], [ 117.4214051, -0.1711407, 0.0 ], [ 117.4217676, -0.1698846, 0.0 ], [ 117.4218691, -0.1681263, 0.0 ], [ 117.4224351, -0.1648378, 0.0 ], [ 117.422707, -0.1639243, 0.0 ], [ 117.4227969, -0.1613325, 0.0 ], [ 117.4230567, -0.1579757, 0.0 ], [ 117.4231358, -0.1571993, 0.0 ], [ 117.4230953, -0.1565087, 0.0 ], [ 117.4230467, -0.1563288, 0.0 ], [ 117.4230752, -0.1552983, 0.0 ], [ 117.4232094, -0.1545243, 0.0 ], [ 117.4233843, -0.1538539, 0.0 ], [ 117.4235085, -0.1520613, 0.0 ], [ 117.4237917, -0.1511987, 0.0 ], [ 117.4242569, -0.1500856, 0.0 ], [ 117.4246039, -0.1493299, 0.0 ], [ 117.4246758, -0.1491838, 0.0 ], [ 117.4248002, -0.1479735, 0.0 ], [ 117.4249128, -0.1451419, 0.0 ], [ 117.425331, -0.1398555, 0.0 ], [ 117.4255232, -0.1377546, 0.0 ], [ 117.425925, -0.1366733, 0.0 ], [ 117.4263538, -0.1357047, 0.0 ], [ 117.4265773, -0.1349435, 0.0 ], [ 117.4266281, -0.1344502, 0.0 ], [ 117.4266498, -0.1343605, 0.0 ], [ 117.4269091, -0.1321959, 0.0 ], [ 117.4268161, -0.1316539, 0.0 ], [ 117.4269038, -0.1307978, 0.0 ], [ 117.42707, -0.1302776, 0.0 ], [ 117.4278855, -0.1272933, 0.0 ], [ 117.4281426, -0.1262268, 0.0 ], [ 117.4287473, -0.1245423, 0.0 ], [ 117.4288917, -0.1240843, 0.0 ], [ 117.4293438, -0.1227801, 0.0 ], [ 117.4295083, -0.1225827, 0.0 ], [ 117.4316141, -0.1207828, 0.0 ], [ 117.4319908, -0.1204209, 0.0 ], [ 117.4320096, -0.1203491, 0.0 ], [ 117.43205, -0.1198868, 0.0 ], [ 117.432038, -0.1193519, 0.0 ], [ 117.4319562, -0.1189878, 0.0 ], [ 117.4316041, -0.1183373, 0.0 ], [ 117.4314846, -0.1181581, 0.0 ], [ 117.4313484, -0.117827, 0.0 ], [ 117.4312689, -0.1173817, 0.0 ], [ 117.4312803, -0.1170048, 0.0 ], [ 117.4314508, -0.1164193, 0.0 ], [ 117.4315101, -0.1162713, 0.0 ], [ 117.4315287, -0.1161103, 0.0 ], [ 117.4315293, -0.1158996, 0.0 ], [ 117.4314936, -0.1157021, 0.0 ], [ 117.4313391, -0.1153012, 0.0 ], [ 117.4308463, -0.114119, 0.0 ], [ 117.4307633, -0.1137418, 0.0 ], [ 117.4307487, -0.1134403, 0.0 ], [ 117.4311382, -0.1126272, 0.0 ], [ 117.4329555, -0.1099365, 0.0 ], [ 117.434161, -0.1083887, 0.0 ], [ 117.4337173, -0.1057674, 0.0 ], [ 117.4337363, -0.1056741, 0.0 ], [ 117.4338015, -0.1049126, 0.0 ], [ 117.4342535, -0.102394, 0.0 ], [ 117.4342705, -0.1022754, 0.0 ], [ 117.4344627, -0.1009299, 0.0 ], [ 117.4344627, -0.1003405, 0.0 ], [ 117.4345578, -0.0960242, 0.0 ], [ 117.4346338, -0.0950355, 0.0 ], [ 117.4346148, -0.0946362, 0.0 ], [ 117.4344392, -0.0945308, 0.0 ], [ 117.4342598, -0.0945652, 0.0 ], [ 117.4337462, -0.094637, 0.0 ], [ 117.4331613, -0.0947519, 0.0 ], [ 117.4327333, -0.0948668, 0.0 ], [ 117.4323767, -0.0948668, 0.0 ], [ 117.4322859, -0.094832, 0.0 ], [ 117.4321374, -0.0947751, 0.0 ], [ 117.4320477, -0.0947017, 0.0 ], [ 117.4317046, -0.0933401, 0.0 ], [ 117.4316866, -0.0931399, 0.0 ], [ 117.4316866, -0.0930825, 0.0 ], [ 117.4317411, -0.0929483, 0.0 ], [ 117.4318885, -0.0928505, 0.0 ], [ 117.4319377, -0.0928257, 0.0 ], [ 117.4336796, -0.0924484, 0.0 ], [ 117.4341263, -0.0924262, 0.0 ], [ 117.4345448, -0.092407, 0.0 ], [ 117.4356557, -0.0921146, 0.0 ], [ 117.4355395, -0.0916252, 0.0 ], [ 117.4353981, -0.0908283, 0.0 ], [ 117.4354194, -0.0903328, 0.0 ], [ 117.4357557, -0.0888558, 0.0 ], [ 117.4357392, -0.0885428, 0.0 ], [ 117.4356155, -0.0882627, 0.0 ], [ 117.4353849, -0.0877122, 0.0 ], [ 117.4350115, -0.0864719, 0.0 ], [ 117.4349863, -0.0863283, 0.0 ], [ 117.4350204, -0.0858997, 0.0 ], [ 117.4352182, -0.0852247, 0.0 ], [ 117.435321, -0.0850603, 0.0 ], [ 117.4357195, -0.0845942, 0.0 ], [ 117.4358479, -0.0843405, 0.0 ], [ 117.4358778, -0.0841432, 0.0 ], [ 117.4357083, -0.0837069, 0.0 ], [ 117.4356416, -0.0835318, 0.0 ], [ 117.4355832, -0.0833079, 0.0 ], [ 117.4355741, -0.0831637, 0.0 ], [ 117.4356038, -0.0829039, 0.0 ], [ 117.4357557, -0.0818395, 0.0 ], [ 117.4358182, -0.0810657, 0.0 ], [ 117.4357521, -0.0799777, 0.0 ], [ 117.4357846, -0.0793759, 0.0 ], [ 117.4357937, -0.0793106, 0.0 ], [ 117.4357937, -0.0790958, 0.0 ], [ 117.4355386, -0.0783557, 0.0 ], [ 117.4353879, -0.077829, 0.0 ], [ 117.4353994, -0.0774564, 0.0 ], [ 117.4355208, -0.0771109, 0.0 ], [ 117.4356341, -0.0769085, 0.0 ], [ 117.4364825, -0.0755693, 0.0 ], [ 117.4366548, -0.0752162, 0.0 ], [ 117.4370602, -0.0741046, 0.0 ], [ 117.4376626, -0.0731161, 0.0 ], [ 117.4380207, -0.0727997, 0.0 ], [ 117.438605, -0.0725268, 0.0 ], [ 117.4389635, -0.0724171, 0.0 ], [ 117.4417628, -0.0724413, 0.0 ], [ 117.4429507, -0.0725252, 0.0 ], [ 117.4440053, -0.0724554, 0.0 ], [ 117.4442931, -0.0724464, 0.0 ], [ 117.4463087, -0.0725034, 0.0 ], [ 117.4488376, -0.0725415, 0.0 ], [ 117.4511573, -0.0725225, 0.0 ], [ 117.4527355, -0.0725747, 0.0 ], [ 117.4531158, -0.0725747, 0.0 ], [ 117.4532394, -0.0727269, 0.0 ], [ 117.4531619, -0.0740008, 0.0 ], [ 117.4530997, -0.07563, 0.0 ], [ 117.4530906, -0.075869, 0.0 ], [ 117.4530347, -0.0768859, 0.0 ], [ 117.452948, -0.0784644, 0.0 ], [ 117.4527911, -0.0819013, 0.0 ], [ 117.4527284, -0.0837485, 0.0 ], [ 117.4535368, -0.0839879, 0.0 ], [ 117.4551537, -0.0844307, 0.0 ], [ 117.4563901, -0.0849932, 0.0 ], [ 117.4573411, -0.0854719, 0.0 ], [ 117.4606595, -0.087189, 0.0 ], [ 117.4632036, -0.0885415, 0.0 ], [ 117.4656051, -0.0898789, 0.0 ], [ 117.4671364, -0.0906927, 0.0 ], [ 117.4672505, -0.0907502, 0.0 ], [ 117.4674122, -0.0906066, 0.0 ], [ 117.4682967, -0.088931, 0.0 ], [ 117.469105, -0.0872362, 0.0 ], [ 117.4717997, -0.0813509, 0.0 ], [ 117.472618, -0.0793988, 0.0 ], [ 117.4732171, -0.0778333, 0.0 ], [ 117.4736451, -0.076713, 0.0 ], [ 117.4749037, -0.0757303, 0.0 ], [ 117.4750574, -0.0755414, 0.0 ], [ 117.4761447, -0.0737863, 0.0 ], [ 117.4773479, -0.071797, 0.0 ], [ 117.4779255, -0.070777, 0.0 ], [ 117.4785558, -0.0697998, 0.0 ], [ 117.4788151, -0.0693712, 0.0 ], [ 117.4791937, -0.0687782, 0.0 ], [ 117.4793088, -0.0685194, 0.0 ], [ 117.4794428, -0.0681647, 0.0 ], [ 117.4795578, -0.0679702, 0.0 ], [ 117.4798562, -0.0676662, 0.0 ], [ 117.4814053, -0.0660314, 0.0 ], [ 117.481809, -0.06558, 0.0 ], [ 117.4823232, -0.0651954, 0.0 ], [ 117.4828742, -0.0644693, 0.0 ], [ 117.4837094, -0.0639728, 0.0 ], [ 117.4843723, -0.0628403, 0.0 ], [ 117.4845289, -0.0625863, 0.0 ], [ 117.4847641, -0.0622135, 0.0 ], [ 117.4851331, -0.0616959, 0.0 ], [ 117.4854725, -0.0612469, 0.0 ], [ 117.4856288, -0.0609731, 0.0 ], [ 117.4862978, -0.060198, 0.0 ], [ 117.4868732, -0.0596629, 0.0 ], [ 117.487109, -0.0594059, 0.0 ], [ 117.4871907, -0.0591674, 0.0 ], [ 117.4873428, -0.0587071, 0.0 ], [ 117.4874712, -0.0580931, 0.0 ], [ 117.4875635, -0.0573981, 0.0 ], [ 117.4876431, -0.0570829, 0.0 ], [ 117.4876589, -0.0570312, 0.0 ], [ 117.4879678, -0.0560092, 0.0 ], [ 117.4881818, -0.0545356, 0.0 ], [ 117.4881769, -0.0540683, 0.0 ], [ 117.4881341, -0.0537756, 0.0 ], [ 117.4881305, -0.0532937, 0.0 ], [ 117.488127, -0.0529511, 0.0 ], [ 117.4881448, -0.0524443, 0.0 ], [ 117.4881484, -0.0521587, 0.0 ], [ 117.488014, -0.050988, 0.0 ], [ 117.4878557, -0.050675, 0.0 ], [ 117.4878307, -0.0506276, 0.0 ], [ 117.4875891, -0.0498364, 0.0 ], [ 117.4874486, -0.0491844, 0.0 ], [ 117.4872234, -0.0483688, 0.0 ], [ 117.4871512, -0.0480661, 0.0 ], [ 117.4870999, -0.0478514, 0.0 ], [ 117.4870434, -0.0474225, 0.0 ], [ 117.4869712, -0.0468743, 0.0 ], [ 117.4869143, -0.0464791, 0.0 ], [ 117.4868982, -0.0444754, 0.0 ], [ 117.4869142, -0.0441697, 0.0 ], [ 117.4869053, -0.0439992, 0.0 ], [ 117.4866757, -0.0428037, 0.0 ], [ 117.4865829, -0.0422778, 0.0 ], [ 117.4863712, -0.0409025, 0.0 ], [ 117.4863331, -0.0406312, 0.0 ], [ 117.4863093, -0.0404718, 0.0 ], [ 117.4862474, -0.0403381, 0.0 ], [ 117.4861082, -0.0402622, 0.0 ], [ 117.4859262, -0.0401839, 0.0 ], [ 117.4858072, -0.0401458, 0.0 ], [ 117.4856906, -0.0401125, 0.0 ], [ 117.4854893, -0.0400817, 0.0 ], [ 117.4851267, -0.0399983, 0.0 ], [ 117.4849673, -0.0399483, 0.0 ], [ 117.4848055, -0.0398317, 0.0 ], [ 117.4846306, -0.039671, 0.0 ], [ 117.4845119, -0.039534, 0.0 ], [ 117.4844414, -0.039404, 0.0 ], [ 117.484351, -0.0391655, 0.0 ], [ 117.484301, -0.0389442, 0.0 ], [ 117.484263, -0.0386015, 0.0 ], [ 117.4842976, -0.038316, 0.0 ], [ 117.4842963, -0.0374475, 0.0 ], [ 117.4843201, -0.0373618, 0.0 ], [ 117.48437, -0.0373333, 0.0 ], [ 117.4847455, -0.0373175, 0.0 ], [ 117.487905, -0.0372649, 0.0 ], [ 117.488168, -0.037258, 0.0 ], [ 117.4893208, -0.0371511, 0.0 ], [ 117.4912935, -0.0370441, 0.0 ], [ 117.4913454, -0.0358131, 0.0 ], [ 117.4914048, -0.0349516, 0.0 ], [ 117.4915831, -0.0342979, 0.0 ], [ 117.491791, -0.0337335, 0.0 ], [ 117.4919396, -0.0333472, 0.0 ], [ 117.4918505, -0.0326936, 0.0 ], [ 117.4917316, -0.0314755, 0.0 ], [ 117.4915236, -0.0305842, 0.0 ], [ 117.4911077, -0.0296632, 0.0 ], [ 117.4908403, -0.0289799, 0.0 ], [ 117.4908128, -0.0288877, 0.0 ], [ 117.4896519, -0.0249987, 0.0 ], [ 117.4887309, -0.0221466, 0.0 ], [ 117.4874843, -0.0180761, 0.0 ], [ 117.487347, -0.0176277, 0.0 ], [ 117.4872751, -0.017393, 0.0 ], [ 117.48693, -0.0161852, 0.0 ], [ 117.4869186, -0.0161452, 0.0 ], [ 117.4858787, -0.0125205, 0.0 ], [ 117.4843174, -0.0070355, 0.0 ], [ 117.4842447, -0.0067568, 0.0 ], [ 117.4840332, -0.0059999, 0.0 ], [ 117.4838019, -0.0048487, 0.0 ], [ 117.4837122, -0.0037983, 0.0 ], [ 117.4836368, -0.0029147, 0.0 ], [ 117.4836208, -0.0022409, 0.0 ], [ 117.4835777, -0.001315, 0.0 ], [ 117.483518, -0.0009799, 0.0 ], [ 117.4834502, -0.0006872, 0.0 ], [ 117.4831896, 0.0003371, 0.0 ], [ 117.4825345, 0.0025713, 0.0 ], [ 117.4824726, 0.0028212, 0.0 ], [ 117.4824345, 0.0030091, 0.0 ], [ 117.4823917, 0.0032661, 0.0 ], [ 117.4823798, 0.0034969, 0.0 ], [ 117.4824536, 0.004206, 0.0 ], [ 117.4825321, 0.0046486, 0.0 ], [ 117.4826606, 0.0052435, 0.0 ], [ 117.4827391, 0.0061477, 0.0 ], [ 117.4827986, 0.0070899, 0.0 ], [ 117.4829114, 0.0082928, 0.0 ], [ 117.4829128, 0.0091434, 0.0 ], [ 117.4828795, 0.0099143, 0.0 ], [ 117.482844, 0.0104539, 0.0 ], [ 117.4827893, 0.0113928, 0.0 ], [ 117.4827194, 0.0120919, 0.0 ], [ 117.4826679, 0.012652, 0.0 ], [ 117.4826645, 0.0132503, 0.0 ], [ 117.4826061, 0.0136918, 0.0 ], [ 117.4824587, 0.0141613, 0.0 ], [ 117.4823007, 0.0145925, 0.0 ], [ 117.4822409, 0.0147846, 0.0 ], [ 117.4821293, 0.0150529, 0.0 ], [ 117.4820008, 0.0153123, 0.0 ], [ 117.4817983, 0.0157031, 0.0 ], [ 117.4816317, 0.0159648, 0.0 ], [ 117.4813176, 0.0164169, 0.0 ], [ 117.4810059, 0.0168809, 0.0 ], [ 117.4807751, 0.017283, 0.0 ], [ 117.4806062, 0.0175567, 0.0 ], [ 117.4805039, 0.0178898, 0.0 ], [ 117.4804277, 0.018261, 0.0 ], [ 117.4803087, 0.0185965, 0.0 ], [ 117.4801814, 0.0188842, 0.0 ], [ 117.4799062, 0.019507, 0.0 ], [ 117.4794569, 0.020294, 0.0 ], [ 117.4782532, 0.0226861, 0.0 ] ] } },
{ "type": "Feature", "properties": { "OBJECTID": 0, "Kl_Dat_Das": "Jalan Non Tol", "Nm_Ruas": "KELUANG LOLO - BEKOSO - SANGKURIMAN - TANAH PERIUK", "Thn_Data": 2023, "Status": "Jalan Provinsi", "Fungsi": "Jalan Kolektor Primer 3", "Mendukung": null, "Ura_Dukung": null, "Kd_Bd_PU": "2", "Kd_Jns_Inf": "1", "Kd_Inf": "34 057", "Propinsi": "Kalimantan Timur", "Kab_Kot": "Paser", "Kecamatan": null, "Desa_Kel": null, "Tk_Ruas_Aw": "-1.927338, 116.191307", "Tk_Ruas_Ak": "-1.885002, 116.092130", "Kd_Patok": null, "Km_Awal": 0.0, "Km_Akhir": 17.925402456899999, "Nm_Lintas": null, "Kon_Baik": 0.0, "Kon_Sdg": 0.0, "Kon_Rgn": 0.0, "Kon_Rusak": 0.0, "Kon_Mntp": 0.0, "Kon_T_Mntp": 0.0, "Panjang": 17.9190571, "Lbr_Keras": 0.0, "LHRT": 0.0, "VCR": 0.0, "Tipe_Jln": 0, "MST": 0.0, "Tanah_Kri": 0.0, "Macadam": 0.0, "Aspal": 0.0, "Rigid": 0.0, "Thn_Pen_Ak": 0, "Jns_Pen": null, "Koord_X_Aw": 0.0, "Koord_Y_Aw": 0.0, "Koord_X_Ak": 0.0, "Koord_Y_Ak": 0.0, "Shape_Leng": 0.0, "Status_J_1": null, "Keterangan": "Diusulkan JKP3", "Masuk": null, "panjangjal": 17.925402456899999 }, "geometry": { "type": "LineString", "coordinates": [ [ 116.1913073, -1.9273383, 0.0 ], [ 116.1910801, -1.9276328, 0.0 ], [ 116.1907261, -1.9280072, 0.0 ], [ 116.1904505, -1.9282151, 0.0 ], [ 116.1901836, -1.928427, 0.0 ], [ 116.1898766, -1.9285813, 0.0 ], [ 116.1894876, -1.9287785, 0.0 ], [ 116.1890165, -1.9290296, 0.0 ], [ 116.1888594, -1.9290798, 0.0 ], [ 116.1886703, -1.9291156, 0.0 ], [ 116.1884776, -1.9290976, 0.0 ], [ 116.1881672, -1.929119, 0.0 ], [ 116.1878139, -1.9292193, 0.0 ], [ 116.1874142, -1.9293556, 0.0 ], [ 116.1868431, -1.9295815, 0.0 ], [ 116.1860722, -1.9298971, 0.0 ], [ 116.1857189, -1.9300405, 0.0 ], [ 116.185023, -1.9302664, 0.0 ], [ 116.1846804, -1.9303631, 0.0 ], [ 116.1845162, -1.9304241, 0.0 ], [ 116.1844091, -1.9304592, 0.0 ], [ 116.1842593, -1.9304742, 0.0 ], [ 116.1840701, -1.9305459, 0.0 ], [ 116.1835169, -1.9308652, 0.0 ], [ 116.1831135, -1.9312025, 0.0 ], [ 116.1828279, -1.9314178, 0.0 ], [ 116.1826102, -1.9315864, 0.0 ], [ 116.1824496, -1.9316976, 0.0 ], [ 116.182264, -1.9317765, 0.0 ], [ 116.1820677, -1.9318231, 0.0 ], [ 116.1818286, -1.9318445, 0.0 ], [ 116.1814968, -1.9318659, 0.0 ], [ 116.1812006, -1.931916, 0.0 ], [ 116.1810471, -1.931977, 0.0 ], [ 116.1809079, -1.9320882, 0.0 ], [ 116.179895, -1.9329311, 0.0 ], [ 116.1797361, -1.9330628, 0.0 ], [ 116.179599, -1.9331777, 0.0 ], [ 116.1793299, -1.9333702, 0.0 ], [ 116.1790753, -1.9335424, 0.0 ], [ 116.1788587, -1.9336955, 0.0 ], [ 116.1786565, -1.9338199, 0.0 ], [ 116.1782231, -1.9341325, 0.0 ], [ 116.1778327, -1.9345915, 0.0 ], [ 116.1776661, -1.9347973, 0.0 ], [ 116.1775471, -1.9349217, 0.0 ], [ 116.1774376, -1.9350365, 0.0 ], [ 116.177352, -1.9350891, 0.0 ], [ 116.1771426, -1.9352231, 0.0 ], [ 116.1769522, -1.9353474, 0.0 ], [ 116.1768237, -1.9354527, 0.0 ], [ 116.1766952, -1.9355627, 0.0 ], [ 116.176619, -1.9356489, 0.0 ], [ 116.1765095, -1.9357685, 0.0 ], [ 116.1763524, -1.9360652, 0.0 ], [ 116.1762238, -1.9363476, 0.0 ], [ 116.1760286, -1.9367209, 0.0 ], [ 116.1758476, -1.9370894, 0.0 ], [ 116.1757047, -1.9373813, 0.0 ], [ 116.1755904, -1.9376302, 0.0 ], [ 116.1754904, -1.9378072, 0.0 ], [ 116.1754095, -1.9379077, 0.0 ], [ 116.1753, -1.9380082, 0.0 ], [ 116.175162, -1.9381182, 0.0 ], [ 116.1749573, -1.9382378, 0.0 ], [ 116.1747527, -1.9383287, 0.0 ], [ 116.1744841, -1.9384579, 0.0 ], [ 116.1742766, -1.9384901, 0.0 ], [ 116.174141, -1.9384805, 0.0 ], [ 116.173869, -1.9384288, 0.0 ], [ 116.1735122, -1.9383138, 0.0 ], [ 116.1732078, -1.9382323, 0.0 ], [ 116.1729557, -1.9380981, 0.0 ], [ 116.1727179, -1.9378969, 0.0 ], [ 116.172599, -1.9377437, 0.0 ], [ 116.1723757, -1.9372553, 0.0 ], [ 116.172195, -1.936901, 0.0 ], [ 116.1720524, -1.936628, 0.0 ], [ 116.1717197, -1.9359194, 0.0 ], [ 116.1713799, -1.9351978, 0.0 ], [ 116.1712117, -1.9348833, 0.0 ], [ 116.1711368, -1.9347719, 0.0 ], [ 116.1709798, -1.9346103, 0.0 ], [ 116.1705661, -1.9342331, 0.0 ], [ 116.1700275, -1.9338271, 0.0 ], [ 116.1693783, -1.9332703, 0.0 ], [ 116.1690074, -1.9329542, 0.0 ], [ 116.1682013, -1.9323148, 0.0 ], [ 116.1675093, -1.9317113, 0.0 ], [ 116.1666711, -1.9309892, 0.0 ], [ 116.1657152, -1.9302061, 0.0 ], [ 116.165009, -1.9296169, 0.0 ], [ 116.1644073, -1.9291072, 0.0 ], [ 116.1642457, -1.9289703, 0.0 ], [ 116.1622961, -1.9273803, 0.0 ], [ 116.1603915, -1.9258212, 0.0 ], [ 116.1585724, -1.9243555, 0.0 ], [ 116.1568318, -1.9229329, 0.0 ], [ 116.155027, -1.9214529, 0.0 ], [ 116.1543992, -1.9209427, 0.0 ], [ 116.1541353, -1.9207487, 0.0 ], [ 116.1538142, -1.9205834, 0.0 ], [ 116.1535645, -1.9204828, 0.0 ], [ 116.1531649, -1.9203605, 0.0 ], [ 116.1527367, -1.9203388, 0.0 ], [ 116.1519589, -1.9203743, 0.0 ], [ 116.1512095, -1.9204601, 0.0 ], [ 116.1501246, -1.920718, 0.0 ], [ 116.1474482, -1.9212983, 0.0 ], [ 116.1447431, -1.9219144, 0.0 ], [ 116.1443149, -1.9220291, 0.0 ], [ 116.1439081, -1.9221151, 0.0 ], [ 116.1436297, -1.9222585, 0.0 ], [ 116.1434084, -1.9224595, 0.0 ], [ 116.1411307, -1.9247202, 0.0 ], [ 116.140888, -1.9249283, 0.0 ], [ 116.1407095, -1.9250287, 0.0 ], [ 116.1403669, -1.9251147, 0.0 ], [ 116.1372482, -1.9252567, 0.0 ], [ 116.1351358, -1.9253131, 0.0 ], [ 116.1347861, -1.9253632, 0.0 ], [ 116.1346362, -1.9254205, 0.0 ], [ 116.1329153, -1.9273799, 0.0 ], [ 116.1327225, -1.9275809, 0.0 ], [ 116.1325869, -1.9276454, 0.0 ], [ 116.1323871, -1.9276597, 0.0 ], [ 116.1321302, -1.9276093, 0.0 ], [ 116.1318973, -1.9276106, 0.0 ], [ 116.1317962, -1.9276225, 0.0 ], [ 116.1317516, -1.9276554, 0.0 ], [ 116.1315701, -1.9277899, 0.0 ], [ 116.1312577, -1.9280859, 0.0 ], [ 116.1309781, -1.9283491, 0.0 ], [ 116.1304694, -1.9288095, 0.0 ], [ 116.1300916, -1.9291444, 0.0 ], [ 116.1299399, -1.9293029, 0.0 ], [ 116.1298595, -1.9293627, 0.0 ], [ 116.1297465, -1.9294255, 0.0 ], [ 116.1296484, -1.9294494, 0.0 ], [ 116.1295205, -1.9294583, 0.0 ], [ 116.1293154, -1.9294432, 0.0 ], [ 116.1291191, -1.9294252, 0.0 ], [ 116.1288515, -1.9293682, 0.0 ], [ 116.1285096, -1.9292513, 0.0 ], [ 116.1280102, -1.9290297, 0.0 ], [ 116.1272878, -1.9287182, 0.0 ], [ 116.1270321, -1.9286253, 0.0 ], [ 116.1268954, -1.9285714, 0.0 ], [ 116.1266991, -1.9285593, 0.0 ], [ 116.1265742, -1.9286191, 0.0 ], [ 116.1264879, -1.9286908, 0.0 ], [ 116.1261755, -1.9290437, 0.0 ], [ 116.1255388, -1.9297734, 0.0 ], [ 116.1251704, -1.9302051, 0.0 ], [ 116.1250212, -1.9303323, 0.0 ], [ 116.1248766, -1.9303514, 0.0 ], [ 116.1246863, -1.9303455, 0.0 ], [ 116.1243095, -1.9303319, 0.0 ], [ 116.124005, -1.9302954, 0.0 ], [ 116.1238243, -1.9302398, 0.0 ], [ 116.1232154, -1.929981, 0.0 ], [ 116.1226522, -1.9297547, 0.0 ], [ 116.1225324, -1.9296857, 0.0 ], [ 116.1224525, -1.9296187, 0.0 ], [ 116.1223536, -1.9294942, 0.0 ], [ 116.1222909, -1.9293314, 0.0 ], [ 116.1222339, -1.9290977, 0.0 ], [ 116.1222035, -1.9289618, 0.0 ], [ 116.1221428, -1.9286803, 0.0 ], [ 116.1220858, -1.9284007, 0.0 ], [ 116.1219909, -1.9280215, 0.0 ], [ 116.1219152, -1.927571, 0.0 ], [ 116.1218544, -1.9273584, 0.0 ], [ 116.1218069, -1.9272416, 0.0 ], [ 116.1217632, -1.9271669, 0.0 ], [ 116.1217414, -1.9271423, 0.0 ], [ 116.1216852, -1.9270788, 0.0 ], [ 116.121592, -1.9269907, 0.0 ], [ 116.1213637, -1.9268278, 0.0 ], [ 116.121027, -1.9265864, 0.0 ], [ 116.1207759, -1.9264177, 0.0 ], [ 116.1204232, -1.9261896, 0.0 ], [ 116.1202912, -1.9261285, 0.0 ], [ 116.1201949, -1.9261141, 0.0 ], [ 116.1200843, -1.9261176, 0.0 ], [ 116.1199451, -1.9261319, 0.0 ], [ 116.1196275, -1.9262251, 0.0 ], [ 116.1188174, -1.9264831, 0.0 ], [ 116.1180786, -1.9267412, 0.0 ], [ 116.1178395, -1.9268345, 0.0 ], [ 116.117686, -1.9269206, 0.0 ], [ 116.1175075, -1.9270677, 0.0 ], [ 116.1170148, -1.9276203, 0.0 ], [ 116.1160902, -1.9286035, 0.0 ], [ 116.1155404, -1.9291202, 0.0 ], [ 116.1153084, -1.9293283, 0.0 ], [ 116.115137, -1.9295006, 0.0 ], [ 116.1149514, -1.9296333, 0.0 ], [ 116.1147372, -1.9297624, 0.0 ], [ 116.1142018, -1.930035, 0.0 ], [ 116.1139699, -1.9301462, 0.0 ], [ 116.1137557, -1.9302394, 0.0 ], [ 116.1135844, -1.9302896, 0.0 ], [ 116.1131954, -1.930354, 0.0 ], [ 116.1128457, -1.9304077, 0.0 ], [ 116.1124389, -1.9304434, 0.0 ], [ 116.1122284, -1.9304289, 0.0 ], [ 116.1120465, -1.9303965, 0.0 ], [ 116.1116647, -1.9302778, 0.0 ], [ 116.1108335, -1.9299794, 0.0 ], [ 116.1106087, -1.9299182, 0.0 ], [ 116.1103554, -1.929875, 0.0 ], [ 116.1101806, -1.9298749, 0.0 ], [ 116.109863, -1.9298999, 0.0 ], [ 116.1091386, -1.9300144, 0.0 ], [ 116.1081751, -1.9301467, 0.0 ], [ 116.107961, -1.9301753, 0.0 ], [ 116.1075042, -1.9302972, 0.0 ], [ 116.1072794, -1.9303617, 0.0 ], [ 116.1070153, -1.9304872, 0.0 ], [ 116.1066298, -1.9307168, 0.0 ], [ 116.1060372, -1.9311473, 0.0 ], [ 116.1051555, -1.9317966, 0.0 ], [ 116.1041103, -1.93249, 0.0 ], [ 116.1037834, -1.932026, 0.0 ], [ 116.1032961, -1.9312628, 0.0 ], [ 116.1028218, -1.930523, 0.0 ], [ 116.1027445, -1.9303973, 0.0 ], [ 116.1026524, -1.9302926, 0.0 ], [ 116.1025157, -1.9301638, 0.0 ], [ 116.1021353, -1.9297926, 0.0 ], [ 116.101866, -1.9295036, 0.0 ], [ 116.1016164, -1.9291804, 0.0 ], [ 116.1012562, -1.9286955, 0.0 ], [ 116.1008855, -1.9280239, 0.0 ], [ 116.1005326, -1.9273919, 0.0 ], [ 116.1000227, -1.9265659, 0.0 ], [ 116.0998659, -1.9263217, 0.0 ], [ 116.0997197, -1.9261169, 0.0 ], [ 116.09906, -1.9253267, 0.0 ], [ 116.0987997, -1.9250286, 0.0 ], [ 116.0985643, -1.9247305, 0.0 ], [ 116.0985037, -1.9246371, 0.0 ], [ 116.0984431, -1.9244935, 0.0 ], [ 116.0983861, -1.9243319, 0.0 ], [ 116.0983363, -1.9241488, 0.0 ], [ 116.0982901, -1.9237179, 0.0 ], [ 116.0982011, -1.9233984, 0.0 ], [ 116.0979873, -1.9228382, 0.0 ], [ 116.0976072, -1.9219776, 0.0 ], [ 116.0972152, -1.9210799, 0.0 ], [ 116.0971439, -1.9208764, 0.0 ], [ 116.0969778, -1.9202301, 0.0 ], [ 116.0967879, -1.9193265, 0.0 ], [ 116.0966276, -1.9188238, 0.0 ], [ 116.0965564, -1.9186023, 0.0 ], [ 116.0962652, -1.9181534, 0.0 ], [ 116.0961766, -1.9180102, 0.0 ], [ 116.0961243, -1.9178594, 0.0 ], [ 116.096141, -1.9176895, 0.0 ], [ 116.0961673, -1.9175555, 0.0 ], [ 116.096246, -1.9170744, 0.0 ], [ 116.0962819, -1.9167178, 0.0 ], [ 116.0962382, -1.9163378, 0.0 ], [ 116.0961254, -1.9159907, 0.0 ], [ 116.095971, -1.9156316, 0.0 ], [ 116.095775, -1.9151498, 0.0 ], [ 116.0955285, -1.9145513, 0.0 ], [ 116.0953473, -1.9141563, 0.0 ], [ 116.095178, -1.913857, 0.0 ], [ 116.0948987, -1.913453, 0.0 ], [ 116.0946759, -1.9131178, 0.0 ], [ 116.0944174, -1.9127107, 0.0 ], [ 116.0941678, -1.9123486, 0.0 ], [ 116.0933781, -1.9110629, 0.0 ], [ 116.0932569, -1.9108546, 0.0 ], [ 116.0931856, -1.9107397, 0.0 ], [ 116.0931375, -1.9106412, 0.0 ], [ 116.0930396, -1.9103151, 0.0 ], [ 116.0928317, -1.9096956, 0.0 ], [ 116.0926951, -1.9093814, 0.0 ], [ 116.092606, -1.909163, 0.0 ], [ 116.0925734, -1.9090583, 0.0 ], [ 116.0925645, -1.9089835, 0.0 ], [ 116.0925676, -1.9088099, 0.0 ], [ 116.092651, -1.908451, 0.0 ], [ 116.0928505, -1.9078647, 0.0 ], [ 116.0929518, -1.9075685, 0.0 ], [ 116.0929816, -1.9074519, 0.0 ], [ 116.0929876, -1.9073382, 0.0 ], [ 116.0929936, -1.9072275, 0.0 ], [ 116.0930145, -1.9070001, 0.0 ], [ 116.092997, -1.9064107, 0.0 ], [ 116.0929466, -1.9060996, 0.0 ], [ 116.092914, -1.9058901, 0.0 ], [ 116.0928665, -1.9057944, 0.0 ], [ 116.0925099, -1.9052915, 0.0 ], [ 116.0922247, -1.9048037, 0.0 ], [ 116.0920465, -1.9044805, 0.0 ], [ 116.0919723, -1.904292, 0.0 ], [ 116.091898, -1.9041244, 0.0 ], [ 116.0917971, -1.9037743, 0.0 ], [ 116.091628, -1.9030682, 0.0 ], [ 116.0915508, -1.9027929, 0.0 ], [ 116.0915449, -1.9026732, 0.0 ], [ 116.0915272, -1.9024189, 0.0 ], [ 116.0915065, -1.9022124, 0.0 ], [ 116.0914591, -1.9018564, 0.0 ], [ 116.0914415, -1.9015093, 0.0 ], [ 116.0914536, -1.9011563, 0.0 ], [ 116.0915043, -1.9007554, 0.0 ], [ 116.0916474, -1.9000195, 0.0 ], [ 116.0917577, -1.899484, 0.0 ], [ 116.0918024, -1.8993345, 0.0 ], [ 116.091856, -1.899146, 0.0 ], [ 116.0919096, -1.8990563, 0.0 ], [ 116.092109, -1.8986884, 0.0 ], [ 116.0922489, -1.898485, 0.0 ], [ 116.0925465, -1.8979646, 0.0 ], [ 116.0927411, -1.8976665, 0.0 ], [ 116.0928858, -1.8974655, 0.0 ], [ 116.0929962, -1.8973354, 0.0 ], [ 116.0931733, -1.8971631, 0.0 ], [ 116.0933199, -1.897056, 0.0 ], [ 116.0934589, -1.8969775, 0.0 ], [ 116.0935769, -1.8969087, 0.0 ], [ 116.0937901, -1.8968092, 0.0 ], [ 116.0939728, -1.8967366, 0.0 ], [ 116.0941041, -1.8967002, 0.0 ], [ 116.0942583, -1.896662, 0.0 ], [ 116.0944334, -1.8966353, 0.0 ], [ 116.0945038, -1.8966181, 0.0 ], [ 116.0946313, -1.8965684, 0.0 ], [ 116.0947684, -1.8965091, 0.0 ], [ 116.0948483, -1.896469, 0.0 ], [ 116.0949111, -1.8964058, 0.0 ], [ 116.0949911, -1.8963235, 0.0 ], [ 116.095132, -1.8961149, 0.0 ], [ 116.0952368, -1.8958679, 0.0 ], [ 116.0953111, -1.8957071, 0.0 ], [ 116.0954064, -1.8955023, 0.0 ], [ 116.0954198, -1.8953357, 0.0 ], [ 116.0954123, -1.8951845, 0.0 ], [ 116.09538, -1.8950561, 0.0 ], [ 116.0953382, -1.8949489, 0.0 ], [ 116.095245, -1.8948206, 0.0 ], [ 116.0949978, -1.8945026, 0.0 ], [ 116.0948, -1.8942172, 0.0 ], [ 116.0946592, -1.8940888, 0.0 ], [ 116.0945375, -1.8939949, 0.0 ], [ 116.0943872, -1.8938934, 0.0 ], [ 116.0941589, -1.8937305, 0.0 ], [ 116.0940049, -1.8935945, 0.0 ], [ 116.0939174, -1.8934795, 0.0 ], [ 116.0938471, -1.8933167, 0.0 ], [ 116.0937406, -1.893085, 0.0 ], [ 116.0935563, -1.8926407, 0.0 ], [ 116.0932685, -1.891826, 0.0 ], [ 116.0931022, -1.8914131, 0.0 ], [ 116.0929477, -1.89106, 0.0 ], [ 116.0922705, -1.8897731, 0.0 ], [ 116.0920506, -1.889402, 0.0 ], [ 116.0919972, -1.8892225, 0.0 ], [ 116.0919675, -1.8891208, 0.0 ], [ 116.0919379, -1.8888993, 0.0 ], [ 116.091938, -1.8887139, 0.0 ], [ 116.0919619, -1.8885224, 0.0 ], [ 116.0920155, -1.8883022, 0.0 ], [ 116.0920013, -1.8881766, 0.0 ], [ 116.0919657, -1.8880437, 0.0 ], [ 116.0918373, -1.887839, 0.0 ], [ 116.0917054, -1.8876917, 0.0 ], [ 116.09147, -1.8874511, 0.0 ], [ 116.0913702, -1.8872859, 0.0 ], [ 116.0913346, -1.8871566, 0.0 ], [ 116.0913489, -1.8870094, 0.0 ], [ 116.0913633, -1.8868981, 0.0 ], [ 116.0914097, -1.8867869, 0.0 ], [ 116.0915026, -1.8866433, 0.0 ], [ 116.0916311, -1.8864926, 0.0 ], [ 116.0918417, -1.8863275, 0.0 ], [ 116.0920237, -1.886184, 0.0 ], [ 116.0921308, -1.8860872, 0.0 ], [ 116.0921808, -1.8860154, 0.0 ], [ 116.0922201, -1.8859328, 0.0 ], [ 116.0922309, -1.8858108, 0.0 ], [ 116.0921953, -1.885563, 0.0 ], [ 116.0921306, -1.8850029, 0.0 ] ] } },
{ "type": "Feature", "properties": { "OBJECTID": 0, "Kl_Dat_Das": "Jalan Non Tol", "Nm_Ruas": "SIMP. 3 NENANG - PELABUHAN BULUMINUNG", "Thn_Data": 2023, "Status": "Jalan Provinsi", "Fungsi": "Jalan Kolektor Primer 2", "Mendukung": null, "Ura_Dukung": null, "Kd_Bd_PU": "2", "Kd_Jns_Inf": "1", "Kd_Inf": "34 063", "Propinsi": "Kalimantan Timur", "Kab_Kot": "Penajam Paser Utara", "Kecamatan": null, "Desa_Kel": null, "Tk_Ruas_Aw": "-1.281230, 116.746696", "Tk_Ruas_Ak": "-1.222851, 116.743359", "Kd_Patok": null, "Km_Awal": 0.0, "Km_Akhir": 7.5811761826600002, "Nm_Lintas": null, "Kon_Baik": 0.0, "Kon_Sdg": 0.0, "Kon_Rgn": 0.0, "Kon_Rusak": 0.0, "Kon_Mntp": 0.0, "Kon_T_Mntp": 0.0, "Panjang": 0.0, "Lbr_Keras": 0.0, "LHRT": 0.0, "VCR": 0.0, "Tipe_Jln": 0, "MST": 0.0, "Tanah_Kri": 0.0, "Macadam": 0.0, "Aspal": 0.0, "Rigid": 0.0, "Thn_Pen_Ak": 0, "Jns_Pen": null, "Koord_X_Aw": 0.0, "Koord_Y_Aw": 0.0, "Koord_X_Ak": 0.0, "Koord_Y_Ak": 0.0, "Shape_Leng": 0.0, "Status_J_1": null, "Keterangan": "JKP2/3", "Masuk": null, "panjangjal": 7.5811761826600002 }, "geometry": { "type": "MultiLineString", "coordinates": [ [ [ 116.7474274, -1.2409711, 0.0 ], [ 116.7472247, -1.2417773, 0.0 ], [ 116.7471053, -1.2422746, 0.0 ], [ 116.7470196, -1.2425816, 0.0 ], [ 116.7468911, -1.2429386, 0.0 ], [ 116.7468875, -1.2430921, 0.0 ], [ 116.7468732, -1.2433456, 0.0 ], [ 116.746852, -1.2436506, 0.0 ], [ 116.7467553, -1.2440839, 0.0 ], [ 116.746713, -1.2445357, 0.0 ], [ 116.7466481, -1.2452259, 0.0 ], [ 116.746573, -1.2459728, 0.0 ], [ 116.7464909, -1.2465761, 0.0 ], [ 116.7464314, -1.2473449, 0.0 ], [ 116.7463944, -1.247851, 0.0 ], [ 116.7463551, -1.248343, 0.0 ], [ 116.7463447, -1.2487273, 0.0 ], [ 116.7462336, -1.2496466, 0.0 ], [ 116.7461586, -1.2502391, 0.0 ], [ 116.7460836, -1.2507634, 0.0 ], [ 116.7459728, -1.2517297, 0.0 ], [ 116.7459519, -1.2519212, 0.0 ], [ 116.7459119, -1.2522411, 0.0 ], [ 116.7458433, -1.2527429, 0.0 ], [ 116.7457976, -1.2530761, 0.0 ], [ 116.74579, -1.2531642, 0.0 ], [ 116.7457899, -1.2534304, 0.0 ], [ 116.7458185, -1.2536105, 0.0 ], [ 116.7458527, -1.2537197, 0.0 ], [ 116.7459079, -1.2538633, 0.0 ], [ 116.7459897, -1.2539763, 0.0 ], [ 116.7460486, -1.2540376, 0.0 ], [ 116.7461495, -1.2541334, 0.0 ], [ 116.7466937, -1.2545759, 0.0 ], [ 116.7469087, -1.2547407, 0.0 ], [ 116.7472797, -1.2550261, 0.0 ], [ 116.7476298, -1.2552981, 0.0 ], [ 116.7481379, -1.2556813, 0.0 ], [ 116.7489275, -1.2562732, 0.0 ], [ 116.7493366, -1.2566027, 0.0 ], [ 116.749504, -1.2567521, 0.0 ], [ 116.749856, -1.2570816, 0.0 ], [ 116.7502822, -1.2574915, 0.0 ], [ 116.7505334, -1.2577386, 0.0 ], [ 116.750815, -1.2580757, 0.0 ], [ 116.7512412, -1.2586102, 0.0 ], [ 116.7514257, -1.2588841, 0.0 ], [ 116.751791, -1.2594587, 0.0 ], [ 116.7519598, -1.2597868, 0.0 ], [ 116.7520063, -1.25986, 0.0 ], [ 116.7519267, -1.2599617, 0.0 ], [ 116.7518188, -1.2601239, 0.0 ], [ 116.7516095, -1.2604342, 0.0 ], [ 116.7513658, -1.2607923, 0.0 ], [ 116.7511154, -1.2611717, 0.0 ], [ 116.7508214, -1.2616402, 0.0 ], [ 116.7503558, -1.2623798, 0.0 ], [ 116.7501843, -1.2627003, 0.0 ], [ 116.750071, -1.2629094, 0.0 ], [ 116.7495457, -1.2639172, 0.0 ], [ 116.7491645, -1.2646635, 0.0 ], [ 116.7488932, -1.2652596, 0.0 ], [ 116.7486648, -1.2659598, 0.0 ], [ 116.748447, -1.2666996, 0.0 ], [ 116.748215, -1.2676225, 0.0 ], [ 116.7480901, -1.2679816, 0.0 ], [ 116.747876, -1.2684243, 0.0 ], [ 116.7478045, -1.268537, 0.0 ], [ 116.7475306, -1.2690035, 0.0 ], [ 116.7473061, -1.2693425, 0.0 ], [ 116.7470487, -1.2697584, 0.0 ], [ 116.7469064, -1.2700188, 0.0 ], [ 116.7466566, -1.2704186, 0.0 ], [ 116.7461736, -1.2712062, 0.0 ], [ 116.745643, -1.2720872, 0.0 ], [ 116.745191, -1.2728245, 0.0 ], [ 116.7449911, -1.2731405, 0.0 ], [ 116.7447104, -1.2735834, 0.0 ], [ 116.7443179, -1.2741845, 0.0 ], [ 116.7438947, -1.2748906, 0.0 ], [ 116.7435337, -1.2755041, 0.0 ], [ 116.7434103, -1.2757596, 0.0 ], [ 116.7433585, -1.2759072, 0.0 ], [ 116.7431713, -1.2763689, 0.0 ], [ 116.7430108, -1.2768758, 0.0 ], [ 116.7430287, -1.2769118, 0.0 ], [ 116.7430547, -1.2769469, 0.0 ], [ 116.7447617, -1.2789338, 0.0 ], [ 116.7457666, -1.2801071, 0.0 ], [ 116.7461649, -1.280568, 0.0 ], [ 116.746501, -1.281002, 0.0 ], [ 116.7466964, -1.2812307, 0.0 ] ], [ [ 116.7474274, -1.2409711, 12.5262 ], [ 116.7474676, -1.2406768, 11.9906 ], [ 116.7474962, -1.240421, 11.1757 ], [ 116.7475193, -1.2400696, 12.3402458 ], [ 116.7475119, -1.2399499, 12.6235893 ], [ 116.7474792, -1.2397477, 12.9609924 ], [ 116.7473899, -1.2394383, 13.3420393 ], [ 116.747271, -1.2390517, 13.799346 ], [ 116.7471523, -1.2386898, 14.2224 ], [ 116.7470626, -1.2384518, 15.3044 ], [ 116.7469903, -1.238173, 16.9137 ], [ 116.7468843, -1.2376537, 19.2562 ], [ 116.7468189, -1.2374188, 19.2903 ], [ 116.7467594, -1.2371421, 16.9526435 ], [ 116.7467029, -1.2370291, 16.1766914 ], [ 116.7466404, -1.2369399, 15.7348935 ], [ 116.7465542, -1.2368626, 15.1022172 ], [ 116.7464114, -1.2367555, 13.898478 ], [ 116.7462478, -1.2366454, 12.8053064 ], [ 116.7460455, -1.2364848, 11.5756916 ], [ 116.7458076, -1.2362945, 9.9165483 ], [ 116.7455548, -1.2361398, 8.9650854 ], [ 116.7453228, -1.236003, 7.8620916 ], [ 116.7450997, -1.2359435, 8.7966683 ], [ 116.7448865, -1.2358954, 9.8499379 ], [ 116.7446208, -1.23589, 11.3399383 ], [ 116.7443948, -1.2358602, 13.1270372 ], [ 116.7443142, -1.2358443, 13.6873209 ], [ 116.7442262, -1.2358181, 14.1905059 ], [ 116.7440974, -1.2357472, 15.2472452 ], [ 116.7439843, -1.2356431, 17.0347622 ], [ 116.7438178, -1.2354379, 18.7970477 ], [ 116.7436869, -1.2352505, 20.0985 ], [ 116.7435798, -1.2350809, 18.5580261 ], [ 116.7435055, -1.234956, 17.9126311 ], [ 116.7434728, -1.234846, 17.350874 ], [ 116.7434754, -1.2347533, 16.9734769 ], [ 116.7435084, -1.2346854, 16.6033223 ], [ 116.7437702, -1.2339656, 13.3508 ], [ 116.7438288, -1.2336139, 11.61 ], [ 116.743839, -1.2335319, 11.3631 ], [ 116.7438492, -1.2334498, 10.837 ], [ 116.7438594, -1.2333677, 9.6261 ], [ 116.7439338, -1.2324992, 4.7899 ], [ 116.7439962, -1.232178, 4.0459 ], [ 116.74402, -1.232059, 5.2315 ], [ 116.7440706, -1.2319222, 6.5563 ], [ 116.7441331, -1.2317943, 6.4623682 ], [ 116.7441774, -1.2317359, 6.4186113 ], [ 116.7442252, -1.2316931, 6.3782071 ], [ 116.7442995, -1.2316438, 6.2805874 ], [ 116.7443829, -1.2316129, 6.1829646 ], [ 116.7446357, -1.2315742, 5.9688371 ], [ 116.7448528, -1.2315445, 5.8013318 ], [ 116.7449748, -1.2315028, 5.7056 ], [ 116.7450967, -1.2314166, 6.3731 ], [ 116.7451811, -1.231324, 7.102 ], [ 116.7452663, -1.2311786, 7.7223 ], [ 116.7453139, -1.2309734, 7.5815 ], [ 116.7453257, -1.230719, 7.9523 ], [ 116.7451473, -1.2299175, 8.3437 ], [ 116.7450583, -1.2296758, 6.5296 ], [ 116.7449766, -1.2294238, 4.5008 ], [ 116.7449141, -1.2293226, 4.6383 ], [ 116.7448487, -1.2291947, 5.3585 ], [ 116.7447801, -1.2291089, 5.5226 ], [ 116.7447148, -1.2289717, 5.6057 ], [ 116.7446494, -1.2288081, 5.0160661 ], [ 116.744603, -1.2286802, 4.8447073 ], [ 116.7446286, -1.2285404, 4.6734073 ], [ 116.7447892, -1.2280942, 4.0859474 ], [ 116.7448651, -1.2279494, 3.4513 ], [ 116.7449783, -1.2277332, 3.9191 ], [ 116.7450343, -1.2274589, 4.3274 ], [ 116.7450506, -1.227322, 4.5347 ], [ 116.7450308, -1.2272462, 4.7687 ], [ 116.745011, -1.2271704, 4.9829 ], [ 116.7449912, -1.2270946, 5.0046 ], [ 116.7448843, -1.226879, 5.0030238 ], [ 116.7447702, -1.2266487, 5.0013408 ], [ 116.7446952, -1.2264738, 5.0001244 ], [ 116.7446488, -1.2262311, 5.0001244 ], [ 116.7446666, -1.2258671, 4.9988658 ], [ 116.7447023, -1.2255137, 4.9978 ], [ 116.74471, -1.225193, 4.9978 ], [ 116.7446246, -1.2248666, 4.0558 ], [ 116.7444497, -1.2243766, 3.6697 ], [ 116.7443388, -1.2241231, 1.7470481 ], [ 116.7442023, -1.2239197, 0.0 ], [ 116.7439738, -1.2236437, 0.0 ], [ 116.7437278, -1.2233712, 0.0 ], [ 116.7435793, -1.2232018, 0.0 ], [ 116.7433599, -1.2228513, 0.0 ] ] ] } },
{ "type": "Feature", "properties": { "OBJECTID": 0, "Kl_Dat_Das": "Jalan Non Tol", "Nm_Ruas": "JL. TENGKAWANG (SAMARINDA)", "Thn_Data": 2023, "Status": "Jalan Provinsi", "Fungsi": "Jalan Kolektor Primer 3", "Mendukung": null, "Ura_Dukung": null, "Kd_Bd_PU": "2", "Kd_Jns_Inf": "1", "Kd_Inf": "34 004 K", "Propinsi": "Kalimantan Timur", "Kab_Kot": "Samarinda", "Kecamatan": null, "Desa_Kel": null, "Tk_Ruas_Aw": "-0.500020, 117.112420", "Tk_Ruas_Ak": "-0.503148, 117.116560", "Kd_Patok": null, "Km_Awal": 0.0, "Km_Akhir": 0.57839819574999995, "Nm_Lintas": null, "Kon_Baik": 0.0, "Kon_Sdg": 0.0, "Kon_Rgn": 0.0, "Kon_Rusak": 0.0, "Kon_Mntp": 0.0, "Kon_T_Mntp": 0.0, "Panjang": 0.0, "Lbr_Keras": 0.0, "LHRT": 0.0, "VCR": 0.0, "Tipe_Jln": 0, "MST": 0.0, "Tanah_Kri": 0.0, "Macadam": 0.0, "Aspal": 0.0, "Rigid": 0.0, "Thn_Pen_Ak": 0, "Jns_Pen": null, "Koord_X_Aw": 0.0, "Koord_Y_Aw": 0.0, "Koord_X_Ak": 0.0, "Koord_Y_Ak": 0.0, "Shape_Leng": 0.0, "Status_J_1": null, "Keterangan": null, "Masuk": null, "panjangjal": 0.57839819574999995 }, "geometry": { "type": "LineString", "coordinates": [ [ 117.1124202, -0.5000207, 0.0 ], [ 117.1127206, -0.500319, 0.0 ], [ 117.112852, -0.5004504, 0.0 ], [ 117.1133288, -0.500902, 0.0 ], [ 117.1136714, -0.5011994, 0.0 ], [ 117.1137595, -0.5012756, 0.0 ], [ 117.1138832, -0.5013779, 0.0 ], [ 117.1139998, -0.5014636, 0.0 ], [ 117.1142044, -0.5016277, 0.0 ], [ 117.1147184, -0.5019894, 0.0 ], [ 117.1149873, -0.5021703, 0.0 ], [ 117.1156131, -0.5025724, 0.0 ], [ 117.1158487, -0.5027104, 0.0 ], [ 117.1161508, -0.5028841, 0.0 ], [ 117.1165601, -0.5031482, 0.0 ] ] } },
{ "type": "Feature", "properties": { "OBJECTID": 0, "Kl_Dat_Das": "Jalan Non Tol", "Nm_Ruas": "JL. A.W. SYAHRANI (KUTIM)", "Thn_Data": 2023, "Status": "Jalan Provinsi", "Fungsi": "Jalan Kolektor Primer 3", "Mendukung": null, "Ura_Dukung": null, "Kd_Bd_PU": "2", "Kd_Jns_Inf": "1", "Kd_Inf": "34 059", "Propinsi": "Kalimantan Timur", "Kab_Kot": null, "Kecamatan": null, "Desa_Kel": null, "Tk_Ruas_Aw": "0.513846, 117.536410", "Tk_Ruas_Ak": "0.522903, 117.610270", "Kd_Patok": null, "Km_Awal": 0.0, "Km_Akhir": 8.8952375513700002, "Nm_Lintas": null, "Kon_Baik": 0.0, "Kon_Sdg": 0.0, "Kon_Rgn": 0.0, "Kon_Rusak": 0.0, "Kon_Mntp": 0.0, "Kon_T_Mntp": 0.0, "Panjang": 0.0, "Lbr_Keras": 0.0, "LHRT": 0.0, "VCR": 0.0, "Tipe_Jln": 0, "MST": 0.0, "Tanah_Kri": 0.0, "Macadam": 0.0, "Aspal": 0.0, "Rigid": 0.0, "Thn_Pen_Ak": 0, "Jns_Pen": null, "Koord_X_Aw": 0.0, "Koord_Y_Aw": 0.0, "Koord_X_Ak": 0.0, "Koord_Y_Ak": 0.0, "Shape_Leng": 0.0, "Status_J_1": null, "Keterangan": null, "Masuk": null, "panjangjal": 8.8952375513700002 }, "geometry": { "type": "LineString", "coordinates": [ [ 117.5364104, 0.5138461, 0.0 ], [ 117.5372779, 0.5138278, 0.0 ], [ 117.5379798, 0.513804, 0.0 ], [ 117.538627, 0.5137826, 0.0 ], [ 117.5390458, 0.5137636, 0.0 ], [ 117.5397977, 0.5137517, 0.0 ], [ 117.5405615, 0.5137422, 0.0 ], [ 117.541016, 0.5137327, 0.0 ], [ 117.5420558, 0.5137398, 0.0 ], [ 117.5428458, 0.5137493, 0.0 ], [ 117.5449659, 0.5137255, 0.0 ], [ 117.5468718, 0.5137184, 0.0 ], [ 117.5486993, 0.5136613, 0.0 ], [ 117.5508336, 0.5135899, 0.0 ], [ 117.5519758, 0.5135756, 0.0 ], [ 117.5524041, 0.5135613, 0.0 ], [ 117.5528681, 0.5135042, 0.0 ], [ 117.5532678, 0.5134685, 0.0 ], [ 117.553639, 0.51339, 0.0 ], [ 117.5541601, 0.5133043, 0.0 ], [ 117.5550025, 0.5130973, 0.0 ], [ 117.555702, 0.5128903, 0.0 ], [ 117.5566229, 0.5126762, 0.0 ], [ 117.557401, 0.5125477, 0.0 ], [ 117.5581219, 0.5124121, 0.0 ], [ 117.5586644, 0.512305, 0.0 ], [ 117.5591641, 0.5122193, 0.0 ], [ 117.5593497, 0.5121979, 0.0 ], [ 117.5596567, 0.5121979, 0.0 ], [ 117.5598494, 0.5121979, 0.0 ], [ 117.5603348, 0.5123407, 0.0 ], [ 117.5611986, 0.5127261, 0.0 ], [ 117.5617411, 0.5129546, 0.0 ], [ 117.5621694, 0.5130973, 0.0 ], [ 117.5623193, 0.5131188, 0.0 ], [ 117.563183, 0.5131045, 0.0 ], [ 117.5648106, 0.5130331, 0.0 ], [ 117.5667165, 0.5129546, 0.0 ], [ 117.5690437, 0.5129046, 0.0 ], [ 117.5699145, 0.5128475, 0.0 ], [ 117.5707854, 0.5128261, 0.0 ], [ 117.5711566, 0.5128118, 0.0 ], [ 117.5713922, 0.5128047, 0.0 ], [ 117.5716634, 0.5127975, 0.0 ], [ 117.5719133, 0.5128047, 0.0 ], [ 117.5724201, 0.5128689, 0.0 ], [ 117.5736336, 0.5131188, 0.0 ], [ 117.5748971, 0.5134257, 0.0 ], [ 117.5751184, 0.5134757, 0.0 ], [ 117.5753183, 0.5134899, 0.0 ], [ 117.5756395, 0.5135542, 0.0 ], [ 117.5759679, 0.5135685, 0.0 ], [ 117.5766746, 0.5136042, 0.0 ], [ 117.5772671, 0.5136113, 0.0 ], [ 117.5778025, 0.5136327, 0.0 ], [ 117.5785734, 0.513647, 0.0 ], [ 117.5810718, 0.5136327, 0.0 ], [ 117.5827779, 0.5136399, 0.0 ], [ 117.5849266, 0.5136184, 0.0 ], [ 117.5867183, 0.5136113, 0.0 ], [ 117.5883744, 0.5136399, 0.0 ], [ 117.5895451, 0.5136684, 0.0 ], [ 117.5901376, 0.5136541, 0.0 ], [ 117.5909585, 0.5136613, 0.0 ], [ 117.5916224, 0.5136399, 0.0 ], [ 117.5923219, 0.5135827, 0.0 ], [ 117.5928502, 0.5135827, 0.0 ], [ 117.5934498, 0.5135328, 0.0 ], [ 117.5940851, 0.5134328, 0.0 ], [ 117.5950131, 0.5132401, 0.0 ], [ 117.5958411, 0.5130616, 0.0 ], [ 117.5965478, 0.5129189, 0.0 ], [ 117.5970832, 0.5128404, 0.0 ], [ 117.5976115, 0.5127261, 0.0 ], [ 117.5980755, 0.5126333, 0.0 ], [ 117.5983967, 0.5125548, 0.0 ], [ 117.5986894, 0.5124977, 0.0 ], [ 117.5989392, 0.5124692, 0.0 ], [ 117.5992033, 0.5124834, 0.0 ], [ 117.5995031, 0.5125191, 0.0 ], [ 117.5997601, 0.5125762, 0.0 ], [ 117.6000314, 0.5126476, 0.0 ], [ 117.6003812, 0.5127761, 0.0 ], [ 117.6007238, 0.5129474, 0.0 ], [ 117.600938, 0.5130973, 0.0 ], [ 117.601145, 0.5134685, 0.0 ], [ 117.601302, 0.5139968, 0.0 ], [ 117.6013591, 0.5142466, 0.0 ], [ 117.6013734, 0.5144251, 0.0 ], [ 117.6013663, 0.5146321, 0.0 ], [ 117.6013663, 0.5149605, 0.0 ], [ 117.6013877, 0.515296, 0.0 ], [ 117.6014424, 0.5155648, 0.0 ], [ 117.6016661, 0.5160502, 0.0 ], [ 117.6021895, 0.5169925, 0.0 ], [ 117.6027559, 0.5180775, 0.0 ], [ 117.6033745, 0.5192149, 0.0 ], [ 117.603622, 0.5196385, 0.0 ], [ 117.6040693, 0.5201953, 0.0 ], [ 117.6045024, 0.5205528, 0.0 ], [ 117.6050639, 0.5210763, 0.0 ], [ 117.6055874, 0.5213999, 0.0 ], [ 117.6061299, 0.5216759, 0.0 ], [ 117.6066724, 0.5218758, 0.0 ], [ 117.6073958, 0.5220756, 0.0 ], [ 117.6080715, 0.5221898, 0.0 ], [ 117.6088139, 0.5223707, 0.0 ], [ 117.609385, 0.5224754, 0.0 ], [ 117.6097943, 0.5226372, 0.0 ], [ 117.6100417, 0.5227419, 0.0 ], [ 117.6102702, 0.5229037, 0.0 ] ] } },
{ "type": "Feature", "properties": { "OBJECTID": 0, "Kl_Dat_Das": "Jalan Non Tol", "Nm_Ruas": "JL. CIPTO MANGUN KUSUMO (SAMARINDA)", "Thn_Data": 2023, "Status": "Jalan Provinsi", "Fungsi": "Jalan Kolektor Primer 2", "Mendukung": null, "Ura_Dukung": null, "Kd_Bd_PU": "2", "Kd_Jns_Inf": "1", "Kd_Inf": "34 019", "Propinsi": "Kalimantan Timur", "Kab_Kot": "Samarinda", "Kecamatan": null, "Desa_Kel": null, "Tk_Ruas_Aw": "-0.520249, 117.121843", "Tk_Ruas_Ak": "-0.575844, 117.086187", "Kd_Patok": null, "Km_Awal": 0.0, "Km_Akhir": 9.5269947187900001, "Nm_Lintas": null, "Kon_Baik": 0.0, "Kon_Sdg": 0.0, "Kon_Rgn": 0.0, "Kon_Rusak": 0.0, "Kon_Mntp": 0.0, "Kon_T_Mntp": 0.0, "Panjang": 0.0, "Lbr_Keras": 0.0, "LHRT": 0.0, "VCR": 0.0, "Tipe_Jln": 0, "MST": 0.0, "Tanah_Kri": 0.0, "Macadam": 0.0, "Aspal": 0.0, "Rigid": 0.0, "Thn_Pen_Ak": 0, "Jns_Pen": null, "Koord_X_Aw": 0.0, "Koord_Y_Aw": 0.0, "Koord_X_Ak": 0.0, "Koord_Y_Ak": 0.0, "Shape_Leng": 0.0, "Status_J_1": null, "Keterangan": null, "Masuk": null, "panjangjal": 9.5269947187900001 }, "geometry": { "type": "LineString", "coordinates": [ [ 117.1218432, -0.5202496, 0.0 ], [ 117.1216546, -0.5210695, 0.0 ], [ 117.1214762, -0.5218428, 0.0 ], [ 117.1212501, -0.5226518, 0.0 ], [ 117.1211669, -0.522973, 0.0 ], [ 117.121155, -0.5231753, 0.0 ], [ 117.1212144, -0.5233776, 0.0 ], [ 117.1213572, -0.5236393, 0.0 ], [ 117.1217736, -0.524139, 0.0 ], [ 117.1223447, -0.5246982, 0.0 ], [ 117.1226778, -0.5251027, 0.0 ], [ 117.1227611, -0.5253763, 0.0 ], [ 117.1227135, -0.5259355, 0.0 ], [ 117.1226897, -0.5266017, 0.0 ], [ 117.1226183, -0.527839, 0.0 ], [ 117.1225588, -0.5282554, 0.0 ], [ 117.1225231, -0.5286481, 0.0 ], [ 117.1225469, -0.5288384, 0.0 ], [ 117.1226302, -0.5290169, 0.0 ], [ 117.122773, -0.529231, 0.0 ], [ 117.1231775, -0.529695, 0.0 ], [ 117.124391, -0.5308729, 0.0 ], [ 117.1246885, -0.5312298, 0.0 ], [ 117.1247479, -0.5313725, 0.0 ], [ 117.1247717, -0.5315748, 0.0 ], [ 117.1246528, -0.5317889, 0.0 ], [ 117.1245457, -0.5320388, 0.0 ], [ 117.1243672, -0.5323243, 0.0 ], [ 117.1240817, -0.5326099, 0.0 ], [ 117.1237843, -0.5328002, 0.0 ], [ 117.1234987, -0.5328597, 0.0 ], [ 117.1230109, -0.5328835, 0.0 ], [ 117.1225588, -0.5328954, 0.0 ], [ 117.1222138, -0.5329311, 0.0 ], [ 117.1219164, -0.5330144, 0.0 ], [ 117.119989, -0.5336806, 0.0 ], [ 117.1192157, -0.5339424, 0.0 ], [ 117.118954, -0.5340375, 0.0 ], [ 117.1187517, -0.5342398, 0.0 ], [ 117.1186684, -0.5344182, 0.0 ], [ 117.1186446, -0.5345491, 0.0 ], [ 117.1185851, -0.5348109, 0.0 ], [ 117.1185257, -0.5349655, 0.0 ], [ 117.1184781, -0.5350726, 0.0 ], [ 117.1183234, -0.5352987, 0.0 ], [ 117.1178951, -0.5356318, 0.0 ], [ 117.1177999, -0.5357507, 0.0 ], [ 117.1177523, -0.5359173, 0.0 ], [ 117.1175977, -0.5361315, 0.0 ], [ 117.1174668, -0.5363099, 0.0 ], [ 117.1167411, -0.5370476, 0.0 ], [ 117.1164436, -0.5372379, 0.0 ], [ 117.115932, -0.5375234, 0.0 ], [ 117.1153729, -0.5378447, 0.0 ], [ 117.1149089, -0.5381897, 0.0 ], [ 117.1147066, -0.5383801, 0.0 ], [ 117.1145044, -0.5385823, 0.0 ], [ 117.1142664, -0.5388084, 0.0 ], [ 117.1139928, -0.5390582, 0.0 ], [ 117.1138024, -0.5391653, 0.0 ], [ 117.1134693, -0.5391772, 0.0 ], [ 117.1122796, -0.538963, 0.0 ], [ 117.1119583, -0.5389511, 0.0 ], [ 117.1116014, -0.5389392, 0.0 ], [ 117.111185, -0.539082, 0.0 ], [ 117.1105069, -0.5392605, 0.0 ], [ 117.1090078, -0.5395103, 0.0 ], [ 117.1080322, -0.5396531, 0.0 ], [ 117.1068068, -0.5398196, 0.0 ], [ 117.1058788, -0.5397601, 0.0 ], [ 117.1055933, -0.5398077, 0.0 ], [ 117.1048675, -0.5399981, 0.0 ], [ 117.1044154, -0.5400814, 0.0 ], [ 117.1035826, -0.5400338, 0.0 ], [ 117.1028807, -0.54001, 0.0 ], [ 117.1022144, -0.5400576, 0.0 ], [ 117.1016553, -0.5401646, 0.0 ], [ 117.1007987, -0.5403312, 0.0 ], [ 117.100418, -0.5404621, 0.0 ], [ 117.1000729, -0.5406643, 0.0 ], [ 117.0996565, -0.5409618, 0.0 ], [ 117.0994543, -0.5411045, 0.0 ], [ 117.0992044, -0.5411283, 0.0 ], [ 117.0987642, -0.5408904, 0.0 ], [ 117.0985263, -0.5407714, 0.0 ], [ 117.0980266, -0.5406881, 0.0 ], [ 117.0973366, -0.5406286, 0.0 ], [ 117.096932, -0.5406405, 0.0 ], [ 117.0965989, -0.5407238, 0.0 ], [ 117.0959565, -0.5407952, 0.0 ], [ 117.0954806, -0.5409737, 0.0 ], [ 117.0951237, -0.5411164, 0.0 ], [ 117.09485, -0.5411878, 0.0 ], [ 117.094624, -0.5412235, 0.0 ], [ 117.0939815, -0.5411759, 0.0 ], [ 117.0931606, -0.5411402, 0.0 ], [ 117.0921969, -0.5412711, 0.0 ], [ 117.0916734, -0.5414496, 0.0 ], [ 117.0913403, -0.5416042, 0.0 ], [ 117.0909358, -0.5421039, 0.0 ], [ 117.0901863, -0.5431033, 0.0 ], [ 117.0896033, -0.5443049, 0.0 ], [ 117.0891393, -0.5451139, 0.0 ], [ 117.0889252, -0.5456374, 0.0 ], [ 117.0887943, -0.5459467, 0.0 ], [ 117.0886039, -0.5463512, 0.0 ], [ 117.0885682, -0.5467914, 0.0 ], [ 117.0884136, -0.5473625, 0.0 ], [ 117.0879139, -0.5490043, 0.0 ], [ 117.0876046, -0.5501703, 0.0 ], [ 117.0874618, -0.550777, 0.0 ], [ 117.0872952, -0.5511102, 0.0 ], [ 117.0871882, -0.5514314, 0.0 ], [ 117.086748, -0.5534658, 0.0 ], [ 117.0867717, -0.5537871, 0.0 ], [ 117.0866647, -0.5544176, 0.0 ], [ 117.0865668, -0.5551687, 0.0 ], [ 117.0864666, -0.5561746, 0.0 ], [ 117.0864353, -0.5564913, 0.0 ], [ 117.0863598, -0.5573263, 0.0 ], [ 117.0862646, -0.5579736, 0.0 ], [ 117.0861409, -0.5585637, 0.0 ], [ 117.0860648, -0.5589729, 0.0 ], [ 117.0859791, -0.5594869, 0.0 ], [ 117.085941, -0.5598486, 0.0 ], [ 117.0859886, -0.560077, 0.0 ], [ 117.086179, -0.5605434, 0.0 ], [ 117.086455, -0.561124, 0.0 ], [ 117.0866358, -0.5615332, 0.0 ], [ 117.0867786, -0.5618568, 0.0 ], [ 117.0868928, -0.5623898, 0.0 ], [ 117.086988, -0.5629514, 0.0 ], [ 117.0871117, -0.5634368, 0.0 ], [ 117.0871879, -0.5639698, 0.0 ], [ 117.0872735, -0.5646932, 0.0 ], [ 117.087264, -0.5652737, 0.0 ], [ 117.0872926, -0.5661208, 0.0 ], [ 117.0873116, -0.5669299, 0.0 ], [ 117.0873306, -0.5678531, 0.0 ], [ 117.0872831, -0.568329, 0.0 ], [ 117.0872164, -0.5690047, 0.0 ], [ 117.0871784, -0.5697091, 0.0 ], [ 117.0871213, -0.570223, 0.0 ], [ 117.0870927, -0.5706228, 0.0 ], [ 117.0870261, -0.5714128, 0.0 ], [ 117.087007, -0.5716793, 0.0 ], [ 117.0870181, -0.5718873, 0.0 ], [ 117.0870977, -0.5720995, 0.0 ], [ 117.0872119, -0.572347, 0.0 ], [ 117.0872714, -0.5725165, 0.0 ], [ 117.0872535, -0.5726891, 0.0 ], [ 117.0871815, -0.5728408, 0.0 ], [ 117.0870292, -0.5730501, 0.0 ], [ 117.0869025, -0.5731501, 0.0 ], [ 117.0867454, -0.5733705, 0.0 ], [ 117.0866866, -0.5735546, 0.0 ], [ 117.0866247, -0.5737307, 0.0 ], [ 117.0865676, -0.5739448, 0.0 ], [ 117.0865248, -0.5741257, 0.0 ], [ 117.0865153, -0.5742779, 0.0 ], [ 117.0865105, -0.5745778, 0.0 ], [ 117.0864629, -0.5747776, 0.0 ], [ 117.0864058, -0.5750013, 0.0 ], [ 117.0863106, -0.5753392, 0.0 ], [ 117.0861874, -0.5758441, 0.0 ] ] } },
{ "type": "Feature", "properties": { "OBJECTID": 0, "Kl_Dat_Das": "Jalan Non Tol", "Nm_Ruas": "JL. AWANG LONG I (SAMARINDA)", "Thn_Data": 2023, "Status": "Jalan Provinsi", "Fungsi": "Jalan Kolektor Primer 3", "Mendukung": null, "Ura_Dukung": null, "Kd_Bd_PU": "2", "Kd_Jns_Inf": "1", "Kd_Inf": "34 003 K", "Propinsi": "Kalimantan Timur", "Kab_Kot": "Samarinda", "Kecamatan": null, "Desa_Kel": null, "Tk_Ruas_Aw": "-0.501191, 117.143650", "Tk_Ruas_Ak": "-0.497304, 117.143948", "Kd_Patok": null, "Km_Awal": 0.0, "Km_Akhir": 0.43750749021200003, "Nm_Lintas": null, "Kon_Baik": 0.0, "Kon_Sdg": 0.0, "Kon_Rgn": 0.0, "Kon_Rusak": 0.0, "Kon_Mntp": 0.0, "Kon_T_Mntp": 0.0, "Panjang": 0.0, "Lbr_Keras": 0.0, "LHRT": 0.0, "VCR": 0.0, "Tipe_Jln": 0, "MST": 0.0, "Tanah_Kri": 0.0, "Macadam": 0.0, "Aspal": 0.0, "Rigid": 0.0, "Thn_Pen_Ak": 0, "Jns_Pen": null, "Koord_X_Aw": 0.0, "Koord_Y_Aw": 0.0, "Koord_X_Ak": 0.0, "Koord_Y_Ak": 0.0, "Shape_Leng": 0.0, "Status_J_1": null, "Keterangan": null, "Masuk": null, "panjangjal": 0.43750749021200003 }, "geometry": { "type": "LineString", "coordinates": [ [ 117.1436506, -0.5011919, 0.0 ], [ 117.1436867, -0.5010786, 0.0 ], [ 117.1437306, -0.5009333, 0.0 ], [ 117.1438872, -0.5004287, 0.0 ], [ 117.1439425, -0.5002319, 0.0 ], [ 117.143994, -0.4999815, 0.0 ], [ 117.1440188, -0.4997846, 0.0 ], [ 117.1440436, -0.4995954, 0.0 ], [ 117.1440397, -0.4994483, 0.0 ], [ 117.1440129, -0.4992132, 0.0 ], [ 117.1439574, -0.4990202, 0.0 ], [ 117.1439134, -0.4988215, 0.0 ], [ 117.1438962, -0.4986667, 0.0 ], [ 117.1438999, -0.4985367, 0.0 ], [ 117.1438942, -0.498359, 0.0 ], [ 117.1439017, -0.4981659, 0.0 ], [ 117.1439131, -0.497929, 0.0 ], [ 117.1439303, -0.4976996, 0.0 ], [ 117.1439379, -0.4975047, 0.0 ], [ 117.1439486, -0.4973047, 0.0 ] ] } },
{ "type": "Feature", "properties": { "OBJECTID": 0, "Kl_Dat_Das": "Jalan Non Tol", "Nm_Ruas": "JL. APT PRANOTO (SAMARINDA)", "Thn_Data": 2023, "Status": "Jalan Provinsi", "Fungsi": "Jalan Kolektor Primer 3", "Mendukung": null, "Ura_Dukung": null, "Kd_Bd_PU": "2", "Kd_Jns_Inf": "1", "Kd_Inf": "34 018 K", "Propinsi": "Kalimantan Timur", "Kab_Kot": "Samarinda", "Kecamatan": null, "Desa_Kel": null, "Tk_Ruas_Aw": "-0.524781, 117.122412", "Tk_Ruas_Ak": "-0.533822, 117.134562", "Kd_Patok": null, "Km_Awal": 0.0, "Km_Akhir": 1.84755931713, "Nm_Lintas": null, "Kon_Baik": 0.0, "Kon_Sdg": 0.0, "Kon_Rgn": 0.0, "Kon_Rusak": 0.0, "Kon_Mntp": 0.0, "Kon_T_Mntp": 0.0, "Panjang": 0.0, "Lbr_Keras": 0.0, "LHRT": 0.0, "VCR": 0.0, "Tipe_Jln": 0, "MST": 0.0, "Tanah_Kri": 0.0, "Macadam": 0.0, "Aspal": 0.0, "Rigid": 0.0, "Thn_Pen_Ak": 0, "Jns_Pen": null, "Koord_X_Aw": 0.0, "Koord_Y_Aw": 0.0, "Koord_X_Ak": 0.0, "Koord_Y_Ak": 0.0, "Shape_Leng": 0.0, "Status_J_1": null, "Keterangan": null, "Masuk": null, "panjangjal": 1.84755931713 }, "geometry": { "type": "LineString", "coordinates": [ [ 117.1224129, -0.524781, 0.0 ], [ 117.1239053, -0.5248532, 0.0 ], [ 117.1255971, -0.525046, 0.0 ], [ 117.1260825, -0.5250603, 0.0 ], [ 117.1263966, -0.5251102, 0.0 ], [ 117.1269106, -0.525253, 0.0 ], [ 117.1275887, -0.5255528, 0.0 ], [ 117.1282455, -0.5259383, 0.0 ], [ 117.1300158, -0.527009, 0.0 ], [ 117.1307368, -0.5274373, 0.0 ], [ 117.1310794, -0.5276658, 0.0 ], [ 117.1312507, -0.5278656, 0.0 ], [ 117.1314292, -0.5280727, 0.0 ], [ 117.1316576, -0.5286437, 0.0 ], [ 117.1319146, -0.5291791, 0.0 ], [ 117.1323429, -0.5300214, 0.0 ], [ 117.132657, -0.5306211, 0.0 ], [ 117.1326855, -0.5308709, 0.0 ], [ 117.1327069, -0.5311136, 0.0 ], [ 117.1327069, -0.5314491, 0.0 ], [ 117.1327498, -0.5317489, 0.0 ], [ 117.1328283, -0.5319988, 0.0 ], [ 117.1329425, -0.5321772, 0.0 ], [ 117.1331709, -0.5324413, 0.0 ], [ 117.1345626, -0.533823, 0.0 ] ] } },
{ "type": "Feature", "properties": { "OBJECTID": 0, "Kl_Dat_Das": "Jalan Non Tol", "Nm_Ruas": "JL. GUNUNG KINIBALU I (SAMARINDA)\r\nJL. GUNUNG KINIBALU I (SAMARINDA)", "Thn_Data": 2023, "Status": "Jalan Provinsi", "Fungsi": "Jalan Kolektor Primer 3", "Mendukung": null, "Ura_Dukung": null, "Kd_Bd_PU": "2", "Kd_Jns_Inf": "1", "Kd_Inf": "34 001 K", "Propinsi": "Kalimantan Timur", "Kab_Kot": "Samarinda", "Kecamatan": null, "Desa_Kel": null, "Tk_Ruas_Aw": "-0.501794, 117.141075", "Tk_Ruas_Ak": "-0.500732, 117.141280", "Kd_Patok": null, "Km_Awal": 0.0, "Km_Akhir": 0.119615817166, "Nm_Lintas": null, "Kon_Baik": 0.0, "Kon_Sdg": 0.0, "Kon_Rgn": 0.0, "Kon_Rusak": 0.0, "Kon_Mntp": 0.0, "Kon_T_Mntp": 0.0, "Panjang": 0.0, "Lbr_Keras": 0.0, "LHRT": 0.0, "VCR": 0.0, "Tipe_Jln": 0, "MST": 0.0, "Tanah_Kri": 0.0, "Macadam": 0.0, "Aspal": 0.0, "Rigid": 0.0, "Thn_Pen_Ak": 0, "Jns_Pen": null, "Koord_X_Aw": 0.0, "Koord_Y_Aw": 0.0, "Koord_X_Ak": 0.0, "Koord_Y_Ak": 0.0, "Shape_Leng": 0.0, "Status_J_1": null, "Keterangan": null, "Masuk": null, "panjangjal": 0.119615817166 }, "geometry": { "type": "LineString", "coordinates": [ [ 117.141076, -0.5017945, 0.0 ], [ 117.1411906, -0.5012015, 0.0 ], [ 117.1412276, -0.5010295, 0.0 ], [ 117.1412809, -0.5007326, 0.0 ] ] } },
{ "type": "Feature", "properties": { "OBJECTID": 0, "Kl_Dat_Das": "Jalan Non Tol", "Nm_Ruas": "JL. JENDERAL SUDIRMAN (SAMARINDA)", "Thn_Data": 2023, "Status": "Jalan Provinsi", "Fungsi": "Jalan Kolektor Primer 3", "Mendukung": null, "Ura_Dukung": null, "Kd_Bd_PU": "2", "Kd_Jns_Inf": "1", "Kd_Inf": "34 002 K", "Propinsi": "Kalimantan Timur", "Kab_Kot": "Samarinda", "Kecamatan": null, "Desa_Kel": null, "Tk_Ruas_Aw": "-0.500732, 117.141280", "Tk_Ruas_Ak": "-0.501191, 117.143650", "Kd_Patok": null, "Km_Awal": 0.0, "Km_Akhir": 0.26864337533400001, "Nm_Lintas": null, "Kon_Baik": 0.0, "Kon_Sdg": 0.0, "Kon_Rgn": 0.0, "Kon_Rusak": 0.0, "Kon_Mntp": 0.0, "Kon_T_Mntp": 0.0, "Panjang": 0.0, "Lbr_Keras": 0.0, "LHRT": 0.0, "VCR": 0.0, "Tipe_Jln": 0, "MST": 0.0, "Tanah_Kri": 0.0, "Macadam": 0.0, "Aspal": 0.0, "Rigid": 0.0, "Thn_Pen_Ak": 0, "Jns_Pen": null, "Koord_X_Aw": 0.0, "Koord_Y_Aw": 0.0, "Koord_X_Ak": 0.0, "Koord_Y_Ak": 0.0, "Shape_Leng": 0.0, "Status_J_1": null, "Keterangan": null, "Masuk": null, "panjangjal": 0.26864337533400001 }, "geometry": { "type": "LineString", "coordinates": [ [ 117.1412809, -0.5007326, 0.0 ], [ 117.1415925, -0.500793, 0.0 ], [ 117.1417507, -0.5008169, 0.0 ], [ 117.1436506, -0.5011919, 0.0 ] ] } },
{ "type": "Feature", "properties": { "OBJECTID": 0, "Kl_Dat_Das": "Jalan Non Tol", "Nm_Ruas": "JL. TERATAI (SAMARINDA)", "Thn_Data": 2023, "Status": "Jalan Provinsi", "Fungsi": "Jalan Kolektor Primer 3", "Mendukung": null, "Ura_Dukung": null, "Kd_Bd_PU": "2", "Kd_Jns_Inf": "1", "Kd_Inf": "34 011 K", "Propinsi": "Kalimantan Timur", "Kab_Kot": "Samarinda", "Kecamatan": null, "Desa_Kel": null, "Tk_Ruas_Aw": "-0.539431, 117.083215", "Tk_Ruas_Ak": "-0.544319, 117.083377", "Kd_Patok": null, "Km_Awal": 0.0, "Km_Akhir": 0.64835181165800004, "Nm_Lintas": null, "Kon_Baik": 0.0, "Kon_Sdg": 0.0, "Kon_Rgn": 0.0, "Kon_Rusak": 0.0, "Kon_Mntp": 0.0, "Kon_T_Mntp": 0.0, "Panjang": 0.0, "Lbr_Keras": 0.0, "LHRT": 0.0, "VCR": 0.0, "Tipe_Jln": 0, "MST": 0.0, "Tanah_Kri": 0.0, "Macadam": 0.0, "Aspal": 0.0, "Rigid": 0.0, "Thn_Pen_Ak": 0, "Jns_Pen": null, "Koord_X_Aw": 0.0, "Koord_Y_Aw": 0.0, "Koord_X_Ak": 0.0, "Koord_Y_Ak": 0.0, "Shape_Leng": 2.3557565822200002, "Status_J_1": "Sudah Terbangun", "Keterangan": null, "Masuk": "YES", "panjangjal": 0.64835181165800004 }, "geometry": { "type": "LineString", "coordinates": [ [ 117.0803709, -0.5532832, 0.0 ], [ 117.0805831, -0.5525772, 0.0 ], [ 117.0806478, -0.552345, 0.0 ], [ 117.0807297, -0.5520771, 0.0 ], [ 117.0808034, -0.5518439, 0.0 ], [ 117.0808462, -0.5516559, 0.0 ], [ 117.0808867, -0.5514584, 0.0 ], [ 117.0809057, -0.55128, 0.0 ], [ 117.0809057, -0.5511086, 0.0 ], [ 117.0809152, -0.5509064, 0.0 ], [ 117.0809248, -0.5506803, 0.0 ], [ 117.0809438, -0.5504305, 0.0 ], [ 117.0809747, -0.5501878, 0.0 ], [ 117.081008, -0.5499403, 0.0 ], [ 117.0810652, -0.5497167, 0.0 ], [ 117.0811318, -0.549512, 0.0 ], [ 117.0812674, -0.5493502, 0.0 ], [ 117.0814007, -0.5492194, 0.0 ], [ 117.0814958, -0.5491004, 0.0 ], [ 117.0816624, -0.5488981, 0.0 ], [ 117.0817695, -0.5487554, 0.0 ], [ 117.0818504, -0.5486221, 0.0 ], [ 117.0819384, -0.5484627, 0.0 ], [ 117.0820122, -0.5482842, 0.0 ], [ 117.0821002, -0.5480986, 0.0 ], [ 117.0821549, -0.5479106, 0.0 ], [ 117.0821652, -0.5478438, 0.0 ] ] } },
{ "type": "Feature", "properties": { "OBJECTID": 0, "Kl_Dat_Das": "Jalan Non Tol", "Nm_Ruas": "JL. TELUK AMBULUNG (SAMARINDA)", "Thn_Data": 2023, "Status": "Jalan Provinsi", "Fungsi": "Jalan Kolektor Primer 3", "Mendukung": null, "Ura_Dukung": null, "Kd_Bd_PU": "2", "Kd_Jns_Inf": "1", "Kd_Inf": "34 012 K", "Propinsi": "Kalimantan Timur", "Kab_Kot": "Samarinda", "Kecamatan": null, "Desa_Kel": null, "Tk_Ruas_Aw": "-0.544319, 117.083377", "Tk_Ruas_Ak": "-0.547843, 117.082165", "Kd_Patok": null, "Km_Awal": 0.0, "Km_Akhir": 0.42314620546699999, "Nm_Lintas": null, "Kon_Baik": 0.0, "Kon_Sdg": 0.0, "Kon_Rgn": 0.0, "Kon_Rusak": 0.0, "Kon_Mntp": 0.0, "Kon_T_Mntp": 0.0, "Panjang": 0.0, "Lbr_Keras": 0.0, "LHRT": 0.0, "VCR": 0.0, "Tipe_Jln": 0, "MST": 0.0, "Tanah_Kri": 0.0, "Macadam": 0.0, "Aspal": 0.0, "Rigid": 0.0, "Thn_Pen_Ak": 0, "Jns_Pen": null, "Koord_X_Aw": 0.0, "Koord_Y_Aw": 0.0, "Koord_X_Ak": 0.0, "Koord_Y_Ak": 0.0, "Shape_Leng": 2.3557565822200002, "Status_J_1": "Sudah Terbangun", "Keterangan": null, "Masuk": "YES", "panjangjal": 0.42314620546699999 }, "geometry": { "type": "LineString", "coordinates": [ [ 117.0821652, -0.5478438, 0.0 ], [ 117.0821883, -0.5476941, 0.0 ], [ 117.0822121, -0.5474609, 0.0 ], [ 117.0822477, -0.5472135, 0.0 ], [ 117.082331, -0.5469755, 0.0 ], [ 117.082469, -0.5467899, 0.0 ], [ 117.0825761, -0.5466305, 0.0 ], [ 117.0826808, -0.5465163, 0.0 ], [ 117.0828045, -0.5463878, 0.0 ], [ 117.0829473, -0.5462117, 0.0 ], [ 117.0830568, -0.5459952, 0.0 ], [ 117.0831139, -0.5457311, 0.0 ], [ 117.083171, -0.5454574, 0.0 ], [ 117.08324, -0.5451338, 0.0 ], [ 117.0833018, -0.544903, 0.0 ], [ 117.0833375, -0.5447222, 0.0 ], [ 117.0833661, -0.5445413, 0.0 ], [ 117.083378, -0.5443193, 0.0 ] ] } },
{ "type": "Feature", "properties": { "OBJECTID": 0, "Kl_Dat_Das": "Jalan Non Tol", "Nm_Ruas": "JL K.H. HASYIM ASHARI", "Thn_Data": 2023, "Status": "Jalan Provinsi", "Fungsi": "Jalan Kolektor Primer 3", "Mendukung": null, "Ura_Dukung": null, "Kd_Bd_PU": "2", "Kd_Jns_Inf": "1", "Kd_Inf": "34 010 K", "Propinsi": "Kalimantan Timur", "Kab_Kot": "Samarinda", "Kecamatan": null, "Desa_Kel": null, "Tk_Ruas_Aw": "-0.538827, 117.086727", "Tk_Ruas_Ak": "-0.539431, 117.083215", "Kd_Patok": null, "Km_Awal": 0.0, "Km_Akhir": 0.46916821910599998, "Nm_Lintas": null, "Kon_Baik": 0.0, "Kon_Sdg": 0.0, "Kon_Rgn": 0.0, "Kon_Rusak": 0.0, "Kon_Mntp": 0.0, "Kon_T_Mntp": 0.0, "Panjang": 0.0, "Lbr_Keras": 0.0, "LHRT": 0.0, "VCR": 0.0, "Tipe_Jln": 0, "MST": 0.0, "Tanah_Kri": 0.0, "Macadam": 0.0, "Aspal": 0.0, "Rigid": 0.0, "Thn_Pen_Ak": 0, "Jns_Pen": null, "Koord_X_Aw": 0.0, "Koord_Y_Aw": 0.0, "Koord_X_Ak": 0.0, "Koord_Y_Ak": 0.0, "Shape_Leng": 2.3557565822200002, "Status_J_1": "Sudah Terbangun", "Keterangan": null, "Masuk": "YES", "panjangjal": 0.46916821910599998 }, "geometry": { "type": "LineString", "coordinates": [ [ 117.0832158, -0.5394315, 0.0 ], [ 117.0832287, -0.5393988, 0.0 ], [ 117.0832458, -0.5393554, 0.0 ], [ 117.083419, -0.5389595, 0.0 ], [ 117.0835352, -0.5388243, 0.0 ], [ 117.0836627, -0.5387063, 0.0 ], [ 117.0838873, -0.5385369, 0.0 ], [ 117.0840472, -0.5384017, 0.0 ], [ 117.0842661, -0.538269, 0.0 ], [ 117.0844075, -0.5382433, 0.0 ], [ 117.0846288, -0.5382333, 0.0 ], [ 117.0848205, -0.5382256, 0.0 ], [ 117.0849919, -0.5382218, 0.0 ], [ 117.0851335, -0.5382391, 0.0 ], [ 117.0852848, -0.5382663, 0.0 ], [ 117.0854047, -0.5383077, 0.0 ], [ 117.0855303, -0.5383663, 0.0 ], [ 117.0856631, -0.5383934, 0.0 ], [ 117.0857787, -0.5383863, 0.0 ], [ 117.0859001, -0.538392, 0.0 ], [ 117.0859772, -0.5384191, 0.0 ], [ 117.0860843, -0.5384733, 0.0 ], [ 117.0862066, -0.5385552, 0.0 ], [ 117.0863179, -0.538618, 0.0 ], [ 117.086419, -0.5386808, 0.0 ], [ 117.0865379, -0.5387533, 0.0 ], [ 117.0866896, -0.5388354, 0.0 ], [ 117.0867277, -0.5388271, 0.0 ] ] } },
{ "type": "Feature", "properties": { "OBJECTID": 0, "Kl_Dat_Das": "Jalan Non Tol", "Nm_Ruas": "JL. STADION (PALARAN)", "Thn_Data": 2023, "Status": "Jalan Provinsi", "Fungsi": "Jalan Kolektor Primer 3", "Mendukung": "Strategis", "Ura_Dukung": "Mendukung Akses Tol Balikpapan - Samarinda", "Kd_Bd_PU": "2", "Kd_Jns_Inf": "1", "Kd_Inf": "34 015", "Propinsi": "Kalimantan Timur", "Kab_Kot": "Samarinda", "Kecamatan": null, "Desa_Kel": null, "Tk_Ruas_Aw": "-0.585386, 117.110374", "Tk_Ruas_Ak": "-0.586249, 117.125187", "Kd_Patok": null, "Km_Awal": 0.0, "Km_Akhir": 1.6833251625400001, "Nm_Lintas": null, "Kon_Baik": 0.0, "Kon_Sdg": 0.0, "Kon_Rgn": 0.0, "Kon_Rusak": 0.0, "Kon_Mntp": 0.0, "Kon_T_Mntp": 0.0, "Panjang": 8.0206221244000009, "Lbr_Keras": 0.0, "LHRT": 0.0, "VCR": 0.0, "Tipe_Jln": 0, "MST": 0.0, "Tanah_Kri": 0.0, "Macadam": 0.0, "Aspal": 0.0, "Rigid": 0.0, "Thn_Pen_Ak": 0, "Jns_Pen": null, "Koord_X_Aw": 0.0, "Koord_Y_Aw": 0.0, "Koord_X_Ak": 0.0, "Koord_Y_Ak": 0.0, "Shape_Leng": 0.0, "Status_J_1": "Sudah Terbangun", "Keterangan": null, "Masuk": "YES", "panjangjal": 1.68709768604 }, "geometry": { "type": "LineString", "coordinates": [ [ 117.1103742, -0.585386, 0.0 ], [ 117.1110728, -0.5856062, 0.0 ], [ 117.1126216, -0.5860262, 0.0 ], [ 117.1142523, -0.5863052, 0.0 ], [ 117.1147459, -0.5863696, 0.0 ], [ 117.115175, -0.586391, 0.0 ], [ 117.1158585, -0.5863706, 0.0 ], [ 117.1163305, -0.5862633, 0.0 ], [ 117.1166953, -0.5861131, 0.0 ], [ 117.1176395, -0.5856196, 0.0 ], [ 117.117897, -0.5855552, 0.0 ], [ 117.1183476, -0.5855123, 0.0 ], [ 117.1189756, -0.5855408, 0.0 ], [ 117.122399, -0.5857758, 0.0 ], [ 117.1234936, -0.5858858, 0.0 ], [ 117.1240905, -0.5859732, 0.0 ], [ 117.1247815, -0.5861297, 0.0 ], [ 117.1251875, -0.5862492, 0.0 ] ] } },
{ "type": "Feature", "properties": { "OBJECTID": 0, "Kl_Dat_Das": "Jalan Non Tol", "Nm_Ruas": "JL. LINGKAR STADION (PALARAN)", "Thn_Data": 2023, "Status": "Jalan Provinsi", "Fungsi": "Jalan Kolektor Primer 3", "Mendukung": "Strategis", "Ura_Dukung": "Mendukung Akses Tol Balikpapan - Samarinda", "Kd_Bd_PU": "2", "Kd_Jns_Inf": "1", "Kd_Inf": "34 016", "Propinsi": "Kalimantan Timur", "Kab_Kot": "Samarinda", "Kecamatan": null, "Desa_Kel": null, "Tk_Ruas_Aw": "-0.586249, 117.125187", "Tk_Ruas_Ak": "-0.586249, 117.125187", "Kd_Patok": null, "Km_Awal": 0.0, "Km_Akhir": 3.3807185604200001, "Nm_Lintas": null, "Kon_Baik": 0.0, "Kon_Sdg": 0.0, "Kon_Rgn": 0.0, "Kon_Rusak": 0.0, "Kon_Mntp": 0.0, "Kon_T_Mntp": 0.0, "Panjang": 8.0206221244000009, "Lbr_Keras": 0.0, "LHRT": 0.0, "VCR": 0.0, "Tipe_Jln": 0, "MST": 0.0, "Tanah_Kri": 0.0, "Macadam": 0.0, "Aspal": 0.0, "Rigid": 0.0, "Thn_Pen_Ak": 0, "Jns_Pen": null, "Koord_X_Aw": 0.0, "Koord_Y_Aw": 0.0, "Koord_X_Ak": 0.0, "Koord_Y_Ak": 0.0, "Shape_Leng": 0.0, "Status_J_1": "Sudah Terbangun", "Keterangan": null, "Masuk": "YES", "panjangjal": 3.3800322832299998 }, "geometry": { "type": "MultiLineString", "coordinates": [ [ [ 117.1257876, -0.5866957, 0.0 ], [ 117.1257034, -0.58675, 0.0 ], [ 117.1256263, -0.5867757, 0.0 ], [ 117.1255549, -0.5867971, 0.0 ], [ 117.1254479, -0.5868014, 0.0 ], [ 117.1253608, -0.5867685, 0.0 ], [ 117.1253022, -0.5867186, 0.0 ], [ 117.1252351, -0.5866615, 0.0 ], [ 117.1251652, -0.5865615, 0.0 ], [ 117.1251495, -0.5864873, 0.0 ], [ 117.125148, -0.5863959, 0.0 ], [ 117.1251637, -0.5863102, 0.0 ], [ 117.1251875, -0.5862492, 0.0 ], [ 117.1252457, -0.5861756, 0.0 ], [ 117.1253028, -0.5861137, 0.0 ], [ 117.1253659, -0.5860731, 0.0 ], [ 117.1254389, -0.5860337, 0.0 ], [ 117.125515, -0.5860081, 0.0 ], [ 117.1255826, -0.58601, 0.0 ], [ 117.1256359, -0.5860223, 0.0 ], [ 117.125693, -0.586049, 0.0 ], [ 117.1259737, -0.5857944, 0.0 ], [ 117.1275401, -0.584271, 0.0 ], [ 117.1291709, -0.5827045, 0.0 ], [ 117.1300077, -0.5821252, 0.0 ], [ 117.1306729, -0.5817604, 0.0 ], [ 117.1309733, -0.5816317, 0.0 ], [ 117.1312523, -0.5816317, 0.0 ], [ 117.1314883, -0.5816746, 0.0 ], [ 117.1319604, -0.5818677, 0.0 ], [ 117.13269, -0.5823398, 0.0 ], [ 117.1342134, -0.5833268, 0.0 ], [ 117.1345997, -0.5835629, 0.0 ], [ 117.1348786, -0.5837989, 0.0 ], [ 117.1351302, -0.584109, 0.0 ], [ 117.1352778, -0.584392, 0.0 ], [ 117.1353373, -0.5846442, 0.0 ], [ 117.135373, -0.5848393, 0.0 ], [ 117.1353788, -0.5851107, 0.0 ] ], [ [ 117.125693, -0.586049, 12.2066 ], [ 117.1257876, -0.5861132, 12.1813905 ], [ 117.1258619, -0.586196, 12.1610953 ], [ 117.1259133, -0.5862774, 12.1337454 ], [ 117.1259375, -0.5863859, 12.1115467 ], [ 117.1259361, -0.5864773, 12.086049 ], [ 117.1259065, -0.5865432, 12.0669048 ], [ 117.1258533, -0.5866215, 12.0435105 ], [ 117.1257876, -0.5866957, 12.018607 ], [ 117.125914, -0.5868368, 11.8701 ], [ 117.1259613, -0.5869099, 12.166 ], [ 117.1260085, -0.586983, 12.0178 ], [ 117.1260558, -0.5870561, 12.0929 ], [ 117.1261324, -0.5871693, 12.6754 ], [ 117.1261797, -0.5872423, 12.7104 ], [ 117.126227, -0.5873154, 11.7882 ], [ 117.1262743, -0.5873885, 11.3284 ], [ 117.1263216, -0.5874616, 10.615 ], [ 117.1263533, -0.5875264, 10.0342 ], [ 117.126385, -0.5875912, 9.5883 ], [ 117.1264167, -0.587656, 9.6194 ], [ 117.1264435, -0.5877308, 9.5177 ], [ 117.1264702, -0.5878057, 9.2671 ], [ 117.1264881, -0.587882, 9.1761 ], [ 117.1265059, -0.5879583, 9.307 ], [ 117.1265248, -0.5880402, 9.1516 ], [ 117.1265256, -0.5881251, 9.057 ], [ 117.1265263, -0.5882099, 9.2485 ], [ 117.1265271, -0.5882947, 9.6963 ], [ 117.1265279, -0.5883795, 10.2524 ], [ 117.1265286, -0.5884643, 10.4947 ], [ 117.1265294, -0.5885491, 10.2654 ], [ 117.1265318, -0.5886257, 9.763 ], [ 117.1265342, -0.5887023, 9.1848 ], [ 117.1265365, -0.5887789, 8.7519 ], [ 117.1265389, -0.5888555, 8.6883 ], [ 117.1265472, -0.5889261, 9.0892 ], [ 117.1265556, -0.5889967, 9.894 ], [ 117.1265639, -0.5890673, 10.7936 ], [ 117.1265722, -0.589138, 11.4669 ], [ 117.1266007, -0.5892193, 11.1984 ], [ 117.126648, -0.5893246, 10.2062 ], [ 117.1266845, -0.589398, 9.8607 ], [ 117.126721, -0.5894714, 9.3043 ], [ 117.1267574, -0.5895449, 8.8578 ], [ 117.1268012, -0.5896128, 8.5215 ], [ 117.1268449, -0.5896808, 8.3537 ], [ 117.1268887, -0.5897488, 8.5378 ], [ 117.1269324, -0.5898168, 8.6803 ], [ 117.1269762, -0.5898848, 9.1976 ], [ 117.1270314, -0.589946, 9.8938 ], [ 117.1270865, -0.5900073, 10.2818 ], [ 117.1271417, -0.5900686, 10.2647 ], [ 117.1271969, -0.5901299, 10.0606 ], [ 117.127252, -0.5901912, 9.5923 ], [ 117.1273239, -0.5902443, 9.1302 ], [ 117.1273957, -0.5902974, 9.1015 ], [ 117.1274632, -0.5903508, 9.5389 ], [ 117.127535, -0.5904039, 10.3219 ], [ 117.1276069, -0.5904571, 11.9109 ], [ 117.1276787, -0.5905102, 12.4753 ], [ 117.1277505, -0.5905634, 11.861 ], [ 117.1278223, -0.5906165, 11.0866 ], [ 117.1278941, -0.5906696, 11.0405 ], [ 117.1279659, -0.5907228, 10.8793 ], [ 117.1280396, -0.5907647, 10.6329 ], [ 117.1281134, -0.5908066, 10.3246 ], [ 117.1281871, -0.5908485, 10.019 ], [ 117.1282608, -0.5908903, 9.0815 ], [ 117.128344, -0.5909179, 8.2703 ], [ 117.1284272, -0.5909454, 8.6706 ], [ 117.1285654, -0.5909848, 9.5782 ], [ 117.1286486, -0.5910123, 10.0748 ], [ 117.1287235, -0.5910243, 10.0203 ], [ 117.1287984, -0.5910363, 9.63 ], [ 117.1288733, -0.5910483, 9.1825 ], [ 117.1289482, -0.5910602, 9.1349 ], [ 117.1290376, -0.591066, 9.5276 ], [ 117.129127, -0.5910717, 8.9841 ], [ 117.1292165, -0.5910774, 7.4131 ], [ 117.1293144, -0.5910825, 7.3703 ], [ 117.1294085, -0.5910742, 8.4392 ], [ 117.1294884, -0.5910713, 9.2672 ], [ 117.1295821, -0.5910635, 9.3327 ], [ 117.1296693, -0.5910404, 8.6421 ], [ 117.1297492, -0.5910375, 7.8623 ], [ 117.1298291, -0.5910346, 7.3563 ], [ 117.1299156, -0.5910174, 7.1444 ], [ 117.1299878, -0.5909981, 7.9189 ], [ 117.1300817, -0.59096, 9.0673 ], [ 117.1301638, -0.5909291, 9.8577 ], [ 117.1302365, -0.5908978, 10.1253 ], [ 117.1303051, -0.5908755, 10.2735 ], [ 117.1303737, -0.5908533, 10.2439 ], [ 117.1304423, -0.590831, 9.8598 ], [ 117.1305109, -0.5908087, 9.4904 ], [ 117.1305861, -0.5907843, 9.5591 ], [ 117.1306614, -0.5907599, 10.3362 ], [ 117.1307366, -0.5907355, 10.9609 ], [ 117.1308119, -0.5907111, 11.2476 ], [ 117.130884, -0.590666, 11.5578 ], [ 117.1309562, -0.5906209, 11.3897 ], [ 117.1310283, -0.5905758, 11.2833 ], [ 117.1311004, -0.5905307, 11.2354 ], [ 117.1311725, -0.5904856, 10.8423 ], [ 117.1312447, -0.5904405, 10.4848 ], [ 117.1313168, -0.5903955, 10.2529 ], [ 117.1313889, -0.5903504, 10.1509 ], [ 117.1314611, -0.5903053, 10.1265 ], [ 117.1315332, -0.5902602, 10.1297 ], [ 117.1316053, -0.5902151, 10.3305 ], [ 117.1316745, -0.5901614, 10.4651 ], [ 117.1317412, -0.590113, 10.1733 ], [ 117.131805, -0.5900559, 9.4823 ], [ 117.1318689, -0.5899989, 9.3092 ], [ 117.1318755, -0.5899929, 9.2722 ], [ 117.1319278, -0.5899465, 8.9563 ], [ 117.1319965, -0.5898848, 8.4569 ], [ 117.1320603, -0.5898277, 8.7461 ], [ 117.1321241, -0.5897707, 9.5712 ], [ 117.1321879, -0.5897136, 10.1637 ], [ 117.1322517, -0.5896566, 10.0025 ], [ 117.1323155, -0.5895995, 9.6234 ], [ 117.1323793, -0.5895425, 9.2359 ], [ 117.1324431, -0.5894854, 9.1777 ], [ 117.1324932, -0.5894135, 9.7344 ], [ 117.1325432, -0.5893415, 10.2067 ], [ 117.1325933, -0.5892696, 9.8604 ], [ 117.1326434, -0.5891977, 9.3569 ], [ 117.1326934, -0.5891258, 9.2458 ], [ 117.1327435, -0.5890538, 9.6755 ], [ 117.1327935, -0.5889819, 10.174 ], [ 117.1328436, -0.58891, 10.0844 ], [ 117.1328937, -0.588838, 9.6726 ], [ 117.1329437, -0.5887661, 9.6255 ], [ 117.1329776, -0.5887174, 9.9505 ], [ 117.1329938, -0.5886942, 10.1055 ], [ 117.1330439, -0.5886223, 10.7822 ], [ 117.1330939, -0.5885503, 10.8143 ], [ 117.133144, -0.5884784, 10.2305 ], [ 117.1331941, -0.5884065, 9.8603 ], [ 117.1334086, -0.588061, 9.9089 ] ], [ [ 117.1334086, -0.588061, 9.1707 ], [ 117.1334592, -0.5879653, 8.9413 ], [ 117.1335092, -0.5878933, 8.7785 ], [ 117.1335593, -0.5878214, 8.1852 ], [ 117.1336094, -0.5877495, 7.7305 ], [ 117.1336415, -0.5877032, 7.6928 ], [ 117.1336594, -0.5876776, 7.6719 ], [ 117.1337095, -0.5876056, 7.5812 ], [ 117.1337441, -0.5875348, 7.1208 ], [ 117.1337942, -0.5874629, 7.0456 ], [ 117.1338442, -0.587391, 7.388 ], [ 117.1338939, -0.587316, 7.8211 ], [ 117.1339435, -0.587241, 7.9953 ], [ 117.1339932, -0.5871661, 7.7752 ], [ 117.1340428, -0.5870911, 7.5298 ], [ 117.1340925, -0.5870161, 7.3198 ], [ 117.1341421, -0.5869411, 7.0843 ], [ 117.1341918, -0.5868662, 7.0423 ], [ 117.1342414, -0.5867912, 7.1805 ], [ 117.1342911, -0.5867162, 7.3583 ], [ 117.1343407, -0.5866412, 7.5912 ], [ 117.1343904, -0.5865663, 7.7622 ], [ 117.13444, -0.5864913, 7.8919 ], [ 117.1344897, -0.5864163, 7.9524 ], [ 117.1345393, -0.5863414, 7.5978 ], [ 117.134589, -0.5862664, 7.1141 ], [ 117.1346386, -0.5861914, 7.3395 ], [ 117.1346883, -0.5861164, 7.8744 ], [ 117.1347379, -0.5860415, 8.1827 ], [ 117.1347876, -0.5859665, 8.042 ], [ 117.1348396, -0.5859119, 8.0795 ], [ 117.1348825, -0.5858274, 8.2403 ], [ 117.134936, -0.5857644, 7.8824 ], [ 117.1349943, -0.5856847, 7.8274 ], [ 117.1350513, -0.585605, 8.2416 ], [ 117.1350894, -0.5855279, 8.5696 ], [ 117.135137, -0.585465, 8.6147 ], [ 117.135177, -0.585406, 8.7173 ], [ 117.1352227, -0.585347, 8.5417 ], [ 117.1352588, -0.5852842, 8.3108 ], [ 117.1353074, -0.5852185, 8.6211 ], [ 117.1353479, -0.5851724, 9.2829 ], [ 117.1353788, -0.5851107, 9.9073 ] ] ] } },
{ "type": "Feature", "properties": { "OBJECTID": 0, "Kl_Dat_Das": "Jalan Non Tol", "Nm_Ruas": "JL. PANGERAN SURIANSYAH (SAMARINDA)", "Thn_Data": 2023, "Status": "Jalan Provinsi", "Fungsi": "Jalan Kolektor Primer 3", "Mendukung": "Non Strategis", "Ura_Dukung": null, "Kd_Bd_PU": "2", "Kd_Jns_Inf": "1", "Kd_Inf": "34 040 K", "Propinsi": "Kalimantan Timur", "Kab_Kot": "Samarinda", "Kecamatan": null, "Desa_Kel": null, "Tk_Ruas_Aw": "-0.508175, 117.156488", "Tk_Ruas_Ak": "-0.502992, 117.158475", "Kd_Patok": null, "Km_Awal": 0.0, "Km_Akhir": 0.61695821336699996, "Nm_Lintas": null, "Kon_Baik": 0.0, "Kon_Sdg": 0.0, "Kon_Rgn": 9.5, "Kon_Rusak": 0.0, "Kon_Mntp": 8.5, "Kon_T_Mntp": 9.5, "Panjang": 18.0, "Lbr_Keras": 7.0, "LHRT": 0.0, "VCR": 0.0, "Tipe_Jln": 2, "MST": 8.0, "Tanah_Kri": 0.0, "Macadam": 0.0, "Aspal": 83.055555555599994, "Rigid": 16.944444444399998, "Thn_Pen_Ak": 2016, "Jns_Pen": "Peningkatan", "Koord_X_Aw": 117.15918079, "Koord_Y_Aw": -0.503223566, "Koord_X_Ak": 117.266181586, "Koord_Y_Ak": -0.57256102, "Shape_Leng": 0.0, "Status_J_1": "Sudah Terbangun", "Keterangan": null, "Masuk": "YES", "panjangjal": 0.61695821336699996 }, "geometry": { "type": "LineString", "coordinates": [ [ 117.156489, -0.5081751, 0.0 ], [ 117.1569167, -0.5073871, 0.0 ], [ 117.1572023, -0.5068731, 0.0 ], [ 117.1574699, -0.5059523, 0.0 ], [ 117.157834, -0.504596, 0.0 ], [ 117.1581124, -0.5038857, 0.0 ], [ 117.158476, -0.5029929, 0.0 ] ] } },
{ "type": "Feature", "properties": { "OBJECTID": 0, "Kl_Dat_Das": "Jalan Non Tol", "Nm_Ruas": "SIMP. 3 RAPAK INDAH - SIMP. 4 M. SAID (RING ROAD I SAMARINDA)\r\n\r\nRING ROAD I (SIMP. 3 RAPAK INDAH - SIMP. 4 M. SAID)", "Thn_Data": 2023, "Status": "Jalan Provinsi", "Fungsi": "Jalan Kolektor Primer 3", "Mendukung": null, "Ura_Dukung": null, "Kd_Bd_PU": "2", "Kd_Jns_Inf": "1", "Kd_Inf": "34 026", "Propinsi": "Kalimantan Timur", "Kab_Kot": "Samarinda", "Kecamatan": null, "Desa_Kel": null, "Tk_Ruas_Aw": "-0.509116, 117.092419", "Tk_Ruas_Ak": "-0.494458, 117.084087", "Kd_Patok": null, "Km_Awal": 0.0, "Km_Akhir": 7.6658248901799997, "Nm_Lintas": null, "Kon_Baik": 0.0, "Kon_Sdg": 0.0, "Kon_Rgn": 0.0, "Kon_Rusak": 0.0, "Kon_Mntp": 0.0, "Kon_T_Mntp": 0.0, "Panjang": 0.0, "Lbr_Keras": 0.0, "LHRT": 0.0, "VCR": 0.0, "Tipe_Jln": 0, "MST": 0.0, "Tanah_Kri": 0.0, "Macadam": 0.0, "Aspal": 0.0, "Rigid": 0.0, "Thn_Pen_Ak": 0, "Jns_Pen": null, "Koord_X_Aw": 0.0, "Koord_Y_Aw": 0.0, "Koord_X_Ak": 0.0, "Koord_Y_Ak": 0.0, "Shape_Leng": 7.67235279417, "Status_J_1": "Sudah Terbangun", "Keterangan": null, "Masuk": "YES", "panjangjal": 2.035177591 }, "geometry": { "type": "LineString", "coordinates": [ [ 117.0840873, -0.4944588, 0.0 ], [ 117.0840073, -0.4946957, 0.0 ], [ 117.083778, -0.495332, 0.0 ], [ 117.0837058, -0.4956061, 0.0 ], [ 117.0836998, -0.495698, 0.0 ], [ 117.0837076, -0.4957873, 0.0 ], [ 117.0837271, -0.4958747, 0.0 ], [ 117.0837554, -0.4959603, 0.0 ], [ 117.0837919, -0.4960436, 0.0 ], [ 117.0838328, -0.4961242, 0.0 ], [ 117.0840682, -0.4967786, 0.0 ], [ 117.0843031, -0.4974954, 0.0 ], [ 117.0851181, -0.4986167, 0.0 ], [ 117.0860782, -0.4998871, 0.0 ], [ 117.0864886, -0.5004832, 0.0 ], [ 117.0868206, -0.5010221, 0.0 ], [ 117.0873666, -0.501636, 0.0 ], [ 117.0880234, -0.5020679, 0.0 ], [ 117.0888372, -0.5023606, 0.0 ], [ 117.089733, -0.5025712, 0.0 ], [ 117.0900339, -0.5026924, 0.0 ], [ 117.0901149, -0.5027425, 0.0 ], [ 117.090194, -0.5028055, 0.0 ], [ 117.0902718, -0.5028808, 0.0 ], [ 117.0903477, -0.502967, 0.0 ], [ 117.0904205, -0.503061, 0.0 ], [ 117.0904894, -0.5031604, 0.0 ], [ 117.0907229, -0.5035741, 0.0 ], [ 117.0908563, -0.503811, 0.0 ], [ 117.0909144, -0.5039403, 0.0 ], [ 117.0909651, -0.5040765, 0.0 ], [ 117.0910396, -0.5045641, 0.0 ], [ 117.0912606, -0.5072932, 0.0 ], [ 117.0915283, -0.5079606, 0.0 ], [ 117.0919558, -0.5085856, 0.0 ], [ 117.0919815, -0.5086228, 0.0 ], [ 117.0920057, -0.5086576, 0.0 ], [ 117.0920843, -0.5087759, 0.0 ], [ 117.0922265, -0.5089459, 0.0 ], [ 117.0923461, -0.5090626, 0.0 ], [ 117.0924198, -0.5091186, 0.0 ] ] } },
{ "type": "Feature", "properties": { "OBJECTID": 0, "Kl_Dat_Das": "Jalan Non Tol", "Nm_Ruas": "SIMP. 4 BATU BESAUNG - BTS. KUKAR\r\n", "Thn_Data": 2023, "Status": "Jalan Provinsi", "Fungsi": "Jalan Kolektor Primer 3", "Mendukung": "Bandara", "Ura_Dukung": null, "Kd_Bd_PU": "2", "Kd_Jns_Inf": "1", "Kd_Inf": "34 038", "Propinsi": "Kalimantan Timur", "Kab_Kot": "Samarinda", "Kecamatan": null, "Desa_Kel": null, "Tk_Ruas_Aw": "-0.377134, 117.148613", "Tk_Ruas_Ak": "-0.380555, 117.132040", "Kd_Patok": null, "Km_Awal": 0.0, "Km_Akhir": 2.7242863528100001, "Nm_Lintas": null, "Kon_Baik": 0.0, "Kon_Sdg": 0.0, "Kon_Rgn": 0.0, "Kon_Rusak": 0.0, "Kon_Mntp": 0.0, "Kon_T_Mntp": 0.0, "Panjang": 0.0, "Lbr_Keras": 0.0, "LHRT": 0.0, "VCR": 0.0, "Tipe_Jln": 0, "MST": 0.0, "Tanah_Kri": 0.0, "Macadam": 0.0, "Aspal": 0.0, "Rigid": 0.0, "Thn_Pen_Ak": 0, "Jns_Pen": null, "Koord_X_Aw": 0.0, "Koord_Y_Aw": 0.0, "Koord_X_Ak": 0.0, "Koord_Y_Ak": 0.0, "Shape_Leng": 5.8517559509900003, "Status_J_1": null, "Keterangan": "Akses Ke Bandara / Ringroad", "Masuk": "YES", "panjangjal": 2.7242863528100001 }, "geometry": { "type": "LineString", "coordinates": [ [ 117.13204, -0.3805553, 0.0 ], [ 117.1323786, -0.3798556, 0.0 ], [ 117.1324893, -0.3795558, 0.0 ], [ 117.1325821, -0.3794095, 0.0 ], [ 117.1327974, -0.3792814, 0.0 ], [ 117.1330732, -0.3792048, 0.0 ], [ 117.1335297, -0.3789845, 0.0 ], [ 117.1336819, -0.3788505, 0.0 ], [ 117.1337849, -0.37856, 0.0 ], [ 117.1338991, -0.3781817, 0.0 ], [ 117.1340825, -0.377692, 0.0 ], [ 117.1342442, -0.3773569, 0.0 ], [ 117.1343203, -0.3772037, 0.0 ], [ 117.1343773, -0.3770792, 0.0 ], [ 117.1343692, -0.3768325, 0.0 ], [ 117.1343597, -0.3765165, 0.0 ], [ 117.1344072, -0.3763154, 0.0 ], [ 117.1344453, -0.3762388, 0.0 ], [ 117.1345023, -0.3761526, 0.0 ], [ 117.1345594, -0.3760473, 0.0 ], [ 117.1345594, -0.3759324, 0.0 ], [ 117.1345499, -0.375693, 0.0 ], [ 117.1346165, -0.3755494, 0.0 ], [ 117.1347877, -0.3753196, 0.0 ], [ 117.1350948, -0.3750372, 0.0 ], [ 117.135366, -0.3748837, 0.0 ], [ 117.1355588, -0.3747909, 0.0 ], [ 117.1356908, -0.3746946, 0.0 ], [ 117.1358586, -0.3745554, 0.0 ], [ 117.1359727, -0.3745649, 0.0 ], [ 117.1360393, -0.3745937, 0.0 ], [ 117.1362624, -0.3747072, 0.0 ], [ 117.1365477, -0.3749561, 0.0 ], [ 117.136776, -0.3751668, 0.0 ], [ 117.1369758, -0.375387, 0.0 ], [ 117.1371409, -0.3758027, 0.0 ], [ 117.1372805, -0.3760106, 0.0 ], [ 117.1374327, -0.3761446, 0.0 ], [ 117.1375183, -0.3761829, 0.0 ], [ 117.1378097, -0.3761502, 0.0 ], [ 117.1379932, -0.376157, 0.0 ], [ 117.1381501, -0.3761714, 0.0 ], [ 117.13825, -0.3762144, 0.0 ], [ 117.1382928, -0.376315, 0.0 ], [ 117.1383606, -0.3765862, 0.0 ], [ 117.1383891, -0.3766868, 0.0 ], [ 117.1385368, -0.3767456, 0.0 ], [ 117.138689, -0.3767647, 0.0 ], [ 117.1389488, -0.3767742, 0.0 ], [ 117.1391866, -0.3767742, 0.0 ], [ 117.1396907, -0.376755, 0.0 ], [ 117.1397572, -0.3767359, 0.0 ], [ 117.140014, -0.3766593, 0.0 ], [ 117.1401852, -0.3765635, 0.0 ], [ 117.1404629, -0.3763614, 0.0 ], [ 117.1407276, -0.3761513, 0.0 ], [ 117.1408775, -0.3759158, 0.0 ], [ 117.1410274, -0.3758872, 0.0 ], [ 117.1412201, -0.3759658, 0.0 ], [ 117.1414444, -0.3762293, 0.0 ], [ 117.1414801, -0.3764078, 0.0 ], [ 117.14158, -0.3765827, 0.0 ], [ 117.141762, -0.3768182, 0.0 ], [ 117.1421154, -0.3772144, 0.0 ], [ 117.142458, -0.3777355, 0.0 ], [ 117.1426508, -0.3780139, 0.0 ], [ 117.1428541, -0.3780108, 0.0 ], [ 117.1429983, -0.3778797, 0.0 ], [ 117.1431505, -0.3776499, 0.0 ], [ 117.1433201, -0.3772561, 0.0 ], [ 117.1433391, -0.3771412, 0.0 ], [ 117.1434057, -0.3770455, 0.0 ], [ 117.1436245, -0.3769192, 0.0 ], [ 117.1437269, -0.3767332, 0.0 ], [ 117.1440243, -0.3761324, 0.0 ], [ 117.144289, -0.3757963, 0.0 ], [ 117.1443937, -0.3757388, 0.0 ], [ 117.1446231, -0.3757031, 0.0 ], [ 117.1448006, -0.3757754, 0.0 ], [ 117.1450148, -0.3758617, 0.0 ], [ 117.1453003, -0.3759093, 0.0 ], [ 117.1455263, -0.3760015, 0.0 ], [ 117.1456751, -0.3761621, 0.0 ], [ 117.1458059, -0.3763168, 0.0 ], [ 117.1459428, -0.3764506, 0.0 ], [ 117.1461985, -0.376519, 0.0 ], [ 117.1466744, -0.3766172, 0.0 ], [ 117.1471027, -0.3767421, 0.0 ], [ 117.147302, -0.3768194, 0.0 ], [ 117.1476931, -0.3769285, 0.0 ], [ 117.1480545, -0.3770009, 0.0 ], [ 117.1484114, -0.377102, 0.0 ], [ 117.1486137, -0.3771347, 0.0 ] ] } },
{ "type": "Feature", "properties": { "OBJECTID": 0, "Kl_Dat_Das": "Jalan Non Tol", "Nm_Ruas": "SIMP. 3 SEBULU - MUARA KAMAN", "Thn_Data": 2023, "Status": "Jalan Provinsi", "Fungsi": "Jalan Kolektor Primer 3", "Mendukung": null, "Ura_Dukung": null, "Kd_Bd_PU": "2", "Kd_Jns_Inf": "1", "Kd_Inf": "34 049", "Propinsi": "Kalimantan Timur", "Kab_Kot": "Kutai Kartanegara", "Kecamatan": "Sebulu/Muara Kaman", "Desa_Kel": null, "Tk_Ruas_Aw": "-0.171482, 116.860608", "Tk_Ruas_Ak": "-0.147283, 116.731705", "Kd_Patok": null, "Km_Awal": 0.0, "Km_Akhir": 44.064559001, "Nm_Lintas": null, "Kon_Baik": 0.0, "Kon_Sdg": 0.0, "Kon_Rgn": 0.0, "Kon_Rusak": 0.0, "Kon_Mntp": 0.0, "Kon_T_Mntp": 0.0, "Panjang": 5.222525, "Lbr_Keras": 0.0, "LHRT": 0.0, "VCR": 0.0, "Tipe_Jln": 0, "MST": 0.0, "Tanah_Kri": 0.0, "Macadam": 0.0, "Aspal": 0.0, "Rigid": 0.0, "Thn_Pen_Ak": 0, "Jns_Pen": null, "Koord_X_Aw": 0.0, "Koord_Y_Aw": 0.0, "Koord_X_Ak": 0.0, "Koord_Y_Ak": 0.0, "Shape_Leng": 0.0, "Status_J_1": null, "Keterangan": null, "Masuk": null, "panjangjal": 44.064559001 }, "geometry": { "type": "MultiLineString", "coordinates": [ [ [ 116.8421181, -0.1328946, 0.0 ], [ 116.842517, -0.1337367, 0.0 ], [ 116.8428879, -0.1347995, 0.0 ], [ 116.8430734, -0.1356613, 0.0 ], [ 116.8432303, -0.1367959, 0.0 ], [ 116.8434586, -0.1373417, 0.0 ], [ 116.844015, -0.1381747, 0.0 ], [ 116.8446284, -0.1389647, 0.0 ], [ 116.8458125, -0.1399557, 0.0 ], [ 116.8462263, -0.1404297, 0.0 ], [ 116.846854, -0.1409754, 0.0 ], [ 116.8476101, -0.1414494, 0.0 ], [ 116.8489084, -0.1419808, 0.0 ], [ 116.849693, -0.1424404, 0.0 ], [ 116.850335, -0.1429001, 0.0 ], [ 116.8506631, -0.1435033, 0.0 ], [ 116.8514763, -0.1447816, 0.0 ], [ 116.8519471, -0.1453992, 0.0 ], [ 116.8524179, -0.1457726, 0.0 ], [ 116.8527603, -0.1459449, 0.0 ], [ 116.8530313, -0.1461173, 0.0 ], [ 116.8540585, -0.1473668, 0.0 ], [ 116.854729, -0.147927, 0.0 ], [ 116.8557705, -0.1491909, 0.0 ], [ 116.8565979, -0.1504692, 0.0 ], [ 116.8573113, -0.151058, 0.0 ], [ 116.8576394, -0.1519916, 0.0 ], [ 116.857996, -0.15248, 0.0 ], [ 116.8583955, -0.1532268, 0.0 ], [ 116.858852, -0.1537726, 0.0 ], [ 116.8594512, -0.1541173, 0.0 ], [ 116.8597793, -0.1544189, 0.0 ], [ 116.8606211, -0.155137, 0.0 ], [ 116.8608636, -0.1557546, 0.0 ], [ 116.8612345, -0.1562861, 0.0 ], [ 116.8618993, -0.1571287, 0.0 ], [ 116.8621086, -0.1579904, 0.0 ], [ 116.8620895, -0.1591203, 0.0 ], [ 116.8621846, -0.1606714, 0.0 ], [ 116.8623416, -0.1613609, 0.0 ], [ 116.8624557, -0.1618635, 0.0 ], [ 116.8624414, -0.1626678, 0.0 ], [ 116.8621703, -0.163903, 0.0 ], [ 116.8618993, -0.1644057, 0.0 ], [ 116.8611574, -0.1653967, 0.0 ], [ 116.8608435, -0.1661005, 0.0 ], [ 116.8607151, -0.1666319, 0.0 ], [ 116.8606723, -0.1672782, 0.0 ], [ 116.8607009, -0.1685062, 0.0 ], [ 116.860683, -0.169633, 0.0 ], [ 116.860683, -0.16995, 0.0 ], [ 116.860683, -0.1705, 0.0 ], [ 116.860667, -0.17075, 0.0 ], [ 116.860583, -0.1714, 0.0 ], [ 116.8605607, -0.1714665, 0.0 ] ], [ [ 116.8420394, -0.1327805, 0.0 ], [ 116.8415329, -0.1323568, 0.0 ], [ 116.8409408, -0.1319044, 0.0 ], [ 116.8404772, -0.1315382, 0.0 ], [ 116.8400563, -0.1313155, 0.0 ], [ 116.8397639, -0.1312294, 0.0 ], [ 116.8388936, -0.1310857, 0.0 ], [ 116.8385973, -0.1310412, 0.0 ], [ 116.8382407, -0.1309909, 0.0 ], [ 116.8379233, -0.1309335, 0.0 ], [ 116.83767, -0.1308401, 0.0 ], [ 116.8368675, -0.1302074, 0.0 ], [ 116.8360591, -0.1292978, 0.0 ], [ 116.8354789, -0.128752, 0.0 ], [ 116.8350414, -0.1282637, 0.0 ], [ 116.834661, -0.1279669, 0.0 ], [ 116.8344327, -0.127852, 0.0 ], [ 116.8341379, -0.1277754, 0.0 ], [ 116.833805, -0.1277945, 0.0 ], [ 116.8331557, -0.1277885, 0.0 ], [ 116.8322997, -0.1277741, 0.0 ], [ 116.8319359, -0.1278029, 0.0 ], [ 116.8313367, -0.1279178, 0.0 ], [ 116.8309729, -0.1279824, 0.0 ], [ 116.8307732, -0.1280111, 0.0 ], [ 116.8303595, -0.1279321, 0.0 ], [ 116.8300955, -0.1278316, 0.0 ], [ 116.8297817, -0.1276161, 0.0 ], [ 116.8295606, -0.1273433, 0.0 ], [ 116.8294108, -0.1267831, 0.0 ], [ 116.8293608, -0.1262445, 0.0 ], [ 116.8293537, -0.1257203, 0.0 ], [ 116.8293442, -0.1249351, 0.0 ], [ 116.8292729, -0.124691, 0.0 ], [ 116.8292158, -0.1245617, 0.0 ], [ 116.8291159, -0.1244396, 0.0 ], [ 116.8288092, -0.1242529, 0.0 ], [ 116.8286166, -0.1240734, 0.0 ], [ 116.828424, -0.1238723, 0.0 ], [ 116.8282956, -0.1236209, 0.0 ], [ 116.8282314, -0.1233768, 0.0 ], [ 116.8283083, -0.122673, 0.0 ], [ 116.8284224, -0.1222134, 0.0 ], [ 116.828432, -0.1219166, 0.0 ], [ 116.8283464, -0.1215432, 0.0 ], [ 116.8281847, -0.1212751, 0.0 ], [ 116.8277947, -0.1207006, 0.0 ], [ 116.8274048, -0.1202697, 0.0 ], [ 116.8271765, -0.1200686, 0.0 ], [ 116.8268817, -0.1197526, 0.0 ], [ 116.8266154, -0.1193983, 0.0 ], [ 116.8263991, -0.1189757, 0.0 ], [ 116.8260187, -0.118473, 0.0 ], [ 116.8257215, -0.1181379, 0.0 ], [ 116.8255313, -0.117707, 0.0 ], [ 116.8252697, -0.1168932, 0.0 ], [ 116.8252222, -0.1160194, 0.0 ], [ 116.8252341, -0.1148226, 0.0 ], [ 116.8252103, -0.1141403, 0.0 ], [ 116.825126, -0.1125406, 0.0 ], [ 116.8250689, -0.1121959, 0.0 ], [ 116.8248121, -0.1118512, 0.0 ], [ 116.8240988, -0.1112479, 0.0 ], [ 116.8237707, -0.1110181, 0.0 ], [ 116.8225152, -0.1110469, 0.0 ], [ 116.8214595, -0.1110899, 0.0 ], [ 116.8200342, -0.110974, 0.0 ], [ 116.8188738, -0.1109165, 0.0 ] ], [ [ 116.8186931, -0.1109548, 0.0 ], [ 116.8181986, -0.1109261, 0.0 ], [ 116.8173711, -0.1111176, 0.0 ], [ 116.8169146, -0.1112612, 0.0 ], [ 116.8165627, -0.1114623, 0.0 ], [ 116.8163059, -0.1118357, 0.0 ], [ 116.8159792, -0.1124672, 0.0 ], [ 116.8155322, -0.1131278, 0.0 ], [ 116.8150566, -0.1138172, 0.0 ], [ 116.8146381, -0.1143056, 0.0 ], [ 116.8140389, -0.1149184, 0.0 ], [ 116.8136109, -0.115378, 0.0 ], [ 116.8129515, -0.1161791, 0.0 ], [ 116.8125711, -0.1165046, 0.0 ], [ 116.8115248, -0.1172132, 0.0 ], [ 116.8102532, -0.1182338, 0.0 ], [ 116.810082, -0.1184062, 0.0 ], [ 116.8099394, -0.1184852, 0.0 ], [ 116.8096326, -0.1185785, 0.0 ], [ 116.809276, -0.118557, 0.0 ], [ 116.8090192, -0.1184852, 0.0 ], [ 116.8085626, -0.1183559, 0.0 ], [ 116.8083344, -0.1181907, 0.0 ], [ 116.8080419, -0.1177311, 0.0 ], [ 116.8079064, -0.1175301, 0.0 ], [ 116.807671, -0.117329, 0.0 ], [ 116.8075274, -0.1172361, 0.0 ], [ 116.8072361, -0.1172241, 0.0 ], [ 116.8070994, -0.11726, 0.0 ], [ 116.8068676, -0.1173917, 0.0 ], [ 116.8063207, -0.1177567, 0.0 ], [ 116.8054171, -0.1183253, 0.0 ], [ 116.8047008, -0.1188698, 0.0 ], [ 116.8044393, -0.1192528, 0.0 ], [ 116.8042372, -0.1196239, 0.0 ], [ 116.8040707, -0.1201026, 0.0 ], [ 116.8037378, -0.1206891, 0.0 ], [ 116.8031791, -0.1211918, 0.0 ], [ 116.8027154, -0.1216466, 0.0 ], [ 116.8022161, -0.1218859, 0.0 ], [ 116.8017524, -0.1220535, 0.0 ], [ 116.8012531, -0.1221732, 0.0 ], [ 116.8008251, -0.1221373, 0.0 ], [ 116.8002307, -0.1220774, 0.0 ], [ 116.7998383, -0.1220415, 0.0 ], [ 116.7995887, -0.1220535, 0.0 ], [ 116.7993033, -0.1221492, 0.0 ], [ 116.799068, -0.1223667, 0.0 ], [ 116.7988659, -0.1227497, 0.0 ], [ 116.7985449, -0.1234079, 0.0 ], [ 116.7982358, -0.1241261, 0.0 ], [ 116.7980575, -0.1244851, 0.0 ], [ 116.7977959, -0.124916, 0.0 ], [ 116.7974274, -0.125311, 0.0 ], [ 116.7968805, -0.1257658, 0.0 ], [ 116.7964287, -0.1260411, 0.0 ], [ 116.7960846, -0.1261041, 0.0 ], [ 116.7954854, -0.1260538, 0.0 ] ], [ [ 116.7951858, -0.1260036, 0.0 ], [ 116.7946508, -0.1259533, 0.0 ], [ 116.7941943, -0.1259748, 0.0 ], [ 116.7933353, -0.1260718, 0.0 ], [ 116.7920799, -0.1261005, 0.0 ], [ 116.7907246, -0.1261866, 0.0 ], [ 116.7900255, -0.1262154, 0.0 ], [ 116.7894915, -0.1262404, 0.0 ], [ 116.7892168, -0.1261003, 0.0 ], [ 116.7889341, -0.1257024, 0.0 ], [ 116.7884177, -0.1255281, 0.0 ], [ 116.788218, -0.125485, 0.0 ], [ 116.7880182, -0.125485, 0.0 ], [ 116.7874333, -0.1255137, 0.0 ], [ 116.7866344, -0.1256143, 0.0 ], [ 116.7860352, -0.1255712, 0.0 ], [ 116.7858355, -0.125485, 0.0 ], [ 116.7855501, -0.1253126, 0.0 ], [ 116.7854217, -0.1249536, 0.0 ], [ 116.7854075, -0.124695, 0.0 ], [ 116.7856072, -0.1239195, 0.0 ], [ 116.7856358, -0.123345, 0.0 ], [ 116.7858926, -0.1227274, 0.0 ], [ 116.7859639, -0.1222534, 0.0 ], [ 116.7860495, -0.1211906, 0.0 ], [ 116.7861101, -0.1202279, 0.0 ], [ 116.7861187, -0.1200914, 0.0 ], [ 116.7860325, -0.120085, 0.0 ], [ 116.7857614, -0.1200275, 0.0 ], [ 116.7853905, -0.1200275, 0.0 ], [ 116.7850766, -0.1200275, 0.0 ], [ 116.7845345, -0.1202142, 0.0 ], [ 116.7842064, -0.1203435, 0.0 ], [ 116.7839353, -0.120444, 0.0 ], [ 116.7834217, -0.1204584, 0.0 ], [ 116.7831221, -0.1204727, 0.0 ], [ 116.7828083, -0.1205445, 0.0 ], [ 116.7824373, -0.1206738, 0.0 ], [ 116.7822947, -0.1208031, 0.0 ], [ 116.7821663, -0.1211047, 0.0 ], [ 116.7820521, -0.1213345, 0.0 ], [ 116.7818524, -0.1216648, 0.0 ], [ 116.7813673, -0.1221388, 0.0 ], [ 116.7810963, -0.1223829, 0.0 ], [ 116.7809435, -0.1224506, 0.0 ], [ 116.7807396, -0.1225409, 0.0 ], [ 116.78044, -0.1225984, 0.0 ], [ 116.7800834, -0.1225122, 0.0 ], [ 116.7796411, -0.122426, 0.0 ], [ 116.7792559, -0.122426, 0.0 ], [ 116.7788279, -0.1223973, 0.0 ], [ 116.7784713, -0.1222967, 0.0 ], [ 116.7779719, -0.122426, 0.0 ], [ 116.7777294, -0.1225265, 0.0 ], [ 116.7775725, -0.1226414, 0.0 ], [ 116.7774013, -0.1228281, 0.0 ], [ 116.7771017, -0.1230005, 0.0 ], [ 116.7767022, -0.1231154, 0.0 ], [ 116.7763313, -0.1230866, 0.0 ], [ 116.7758034, -0.1230723, 0.0 ], [ 116.7751044, -0.1229286, 0.0 ], [ 116.7747905, -0.1229143, 0.0 ], [ 116.7745765, -0.1228568, 0.0 ], [ 116.7743483, -0.1227707, 0.0 ], [ 116.7741485, -0.1225983, 0.0 ], [ 116.7739488, -0.1224547, 0.0 ], [ 116.773692, -0.1223541, 0.0 ], [ 116.7734352, -0.1222967, 0.0 ], [ 116.7730928, -0.1223541, 0.0 ], [ 116.7728075, -0.122469, 0.0 ], [ 116.7726363, -0.1225983, 0.0 ], [ 116.7724794, -0.1226557, 0.0 ], [ 116.7722368, -0.1227132, 0.0 ], [ 116.7718944, -0.1227563, 0.0 ], [ 116.7715948, -0.1226988, 0.0 ], [ 116.7713951, -0.1226414, 0.0 ], [ 116.7711526, -0.1224259, 0.0 ], [ 116.7708815, -0.1222392, 0.0 ], [ 116.7706675, -0.1220812, 0.0 ], [ 116.7704821, -0.1219807, 0.0 ], [ 116.7701967, -0.1218945, 0.0 ], [ 116.7699827, -0.1219089, 0.0 ], [ 116.7696974, -0.1218227, 0.0 ], [ 116.7694549, -0.1218227, 0.0 ], [ 116.7692694, -0.1218801, 0.0 ], [ 116.7689413, -0.1220668, 0.0 ], [ 116.7683849, -0.1222679, 0.0 ], [ 116.7679854, -0.1224403, 0.0 ], [ 116.7675574, -0.1227275, 0.0 ], [ 116.767372, -0.1228711, 0.0 ], [ 116.7670867, -0.1232876, 0.0 ], [ 116.7669725, -0.1236754, 0.0 ], [ 116.766883, -0.12415, 0.0 ], [ 116.766867, -0.124583, 0.0 ], [ 116.766833, -0.124933, 0.0 ], [ 116.766833, -0.125383, 0.0 ], [ 116.766817, -0.125867, 0.0 ], [ 116.766817, -0.12635, 0.0 ], [ 116.7668, -0.126933, 0.0 ], [ 116.766817, -0.127267, 0.0 ], [ 116.766783, -0.127567, 0.0 ], [ 116.766733, -0.127817, 0.0 ], [ 116.766567, -0.128217, 0.0 ], [ 116.7665445, -0.1284007, 0.0 ], [ 116.7664303, -0.1288028, 0.0 ], [ 116.7664018, -0.1291906, 0.0 ], [ 116.7664303, -0.1294492, 0.0 ], [ 116.7664731, -0.1298369, 0.0 ], [ 116.7664303, -0.1301816, 0.0 ], [ 116.7663733, -0.1304833, 0.0 ], [ 116.7663019, -0.1308567, 0.0 ], [ 116.7661307, -0.131187, 0.0 ], [ 116.7659453, -0.1314312, 0.0 ], [ 116.7657741, -0.1316897, 0.0 ], [ 116.7657741, -0.1318333, 0.0 ], [ 116.7657455, -0.1321637, 0.0 ], [ 116.7657455, -0.1323791, 0.0 ], [ 116.7657455, -0.1325802, 0.0 ], [ 116.7656742, -0.1327956, 0.0 ], [ 116.7655315, -0.1330685, 0.0 ], [ 116.7653746, -0.1332983, 0.0 ], [ 116.7653033, -0.1334994, 0.0 ], [ 116.7652747, -0.1337435, 0.0 ], [ 116.7651321, -0.1339733, 0.0 ], [ 116.7650179, -0.1342031, 0.0 ], [ 116.7649038, -0.1344186, 0.0 ], [ 116.7648039, -0.134634, 0.0 ], [ 116.7647326, -0.1348351, 0.0 ], [ 116.7647469, -0.1349931, 0.0 ], [ 116.7647611, -0.1351798, 0.0 ], [ 116.7647754, -0.1355245, 0.0 ], [ 116.7648039, -0.135941, 0.0 ], [ 116.7648895, -0.1363288, 0.0 ], [ 116.7648039, -0.1367884, 0.0 ], [ 116.764704, -0.1371905, 0.0 ], [ 116.7645471, -0.1376358, 0.0 ], [ 116.7644758, -0.1380092, 0.0 ], [ 116.764005, -0.1383539, 0.0 ], [ 116.7636626, -0.138555, 0.0 ], [ 116.7633202, -0.1387991, 0.0 ], [ 116.7629635, -0.1391582, 0.0 ], [ 116.7627638, -0.1395029, 0.0 ], [ 116.762564, -0.1398045, 0.0 ], [ 116.76235, -0.1400199, 0.0 ], [ 116.7620505, -0.1402641, 0.0 ], [ 116.7618507, -0.1405657, 0.0 ], [ 116.7615797, -0.1409822, 0.0 ], [ 116.7614085, -0.1414849, 0.0 ], [ 116.7612658, -0.1419158, 0.0 ], [ 116.7609947, -0.1424041, 0.0 ], [ 116.760795, -0.1427775, 0.0 ], [ 116.7607094, -0.1430791, 0.0 ], [ 116.7606666, -0.1433807, 0.0 ], [ 116.760638, -0.1437254, 0.0 ], [ 116.7606666, -0.1440271, 0.0 ], [ 116.7607236, -0.1445154, 0.0 ], [ 116.7606666, -0.1453915, 0.0 ], [ 116.7607094, -0.1457218, 0.0 ], [ 116.7606095, -0.1462676, 0.0 ], [ 116.7605096, -0.1467703, 0.0 ], [ 116.7602813, -0.1473879, 0.0 ], [ 116.7601815, -0.1478331, 0.0 ], [ 116.7600388, -0.1483071, 0.0 ], [ 116.7598676, -0.148781, 0.0 ], [ 116.7596821, -0.1492981, 0.0 ], [ 116.7596108, -0.1496859, 0.0 ], [ 116.759568, -0.1498008, 0.0 ], [ 116.7594111, -0.1499444, 0.0 ], [ 116.7586407, -0.1507343, 0.0 ], [ 116.7583268, -0.1510934, 0.0 ], [ 116.7576848, -0.1519551, 0.0 ], [ 116.7575421, -0.1521131, 0.0 ], [ 116.756786, -0.1526014, 0.0 ], [ 116.7561298, -0.1529892, 0.0 ], [ 116.7554022, -0.1532765, 0.0 ], [ 116.7547744, -0.1534344, 0.0 ], [ 116.754375, -0.1534919, 0.0 ], [ 116.7540041, -0.1535493, 0.0 ], [ 116.7534334, -0.1536929, 0.0 ], [ 116.753067, -0.153817, 0.0 ], [ 116.752833, -0.153917, 0.0 ], [ 116.7526, -0.153967, 0.0 ], [ 116.7523, -0.153933, 0.0 ], [ 116.751867, -0.15375, 0.0 ], [ 116.751367, -0.153533, 0.0 ], [ 116.7508, -0.15315, 0.0 ], [ 116.7497432, -0.1524015, 0.0 ], [ 116.7493199, -0.1520999, 0.0 ], [ 116.7482309, -0.1510035, 0.0 ], [ 116.7465761, -0.1496151, 0.0 ], [ 116.7461481, -0.1492417, 0.0 ], [ 116.7458627, -0.1490502, 0.0 ], [ 116.7455584, -0.1488491, 0.0 ], [ 116.7452636, -0.1487629, 0.0 ], [ 116.7449687, -0.1486959, 0.0 ], [ 116.7444266, -0.148648, 0.0 ], [ 116.7438084, -0.1486001, 0.0 ], [ 116.7432853, -0.1484852, 0.0 ], [ 116.7429619, -0.1484278, 0.0 ], [ 116.7423913, -0.1483033, 0.0 ], [ 116.7419252, -0.1482554, 0.0 ], [ 116.7409266, -0.1481213, 0.0 ], [ 116.740375, -0.1480256, 0.0 ], [ 116.7400801, -0.1480064, 0.0 ], [ 116.7395665, -0.1479586, 0.0 ], [ 116.7391005, -0.1479585, 0.0 ], [ 116.7388437, -0.1479394, 0.0 ], [ 116.7385108, -0.1478149, 0.0 ], [ 116.738017, -0.14765, 0.0 ], [ 116.737783, -0.147583, 0.0 ], [ 116.737583, -0.147533, 0.0 ], [ 116.737383, -0.147467, 0.0 ], [ 116.737183, -0.1474, 0.0 ], [ 116.736583, -0.14725, 0.0 ], [ 116.736333, -0.147167, 0.0 ], [ 116.736067, -0.14705, 0.0 ], [ 116.735817, -0.14695, 0.0 ], [ 116.7355, -0.146833, 0.0 ], [ 116.735283, -0.1468, 0.0 ], [ 116.735083, -0.146817, 0.0 ], [ 116.73485, -0.146867, 0.0 ], [ 116.734617, -0.146883, 0.0 ], [ 116.7344, -0.146867, 0.0 ], [ 116.7341, -0.146817, 0.0 ], [ 116.7339, -0.146783, 0.0 ], [ 116.7337, -0.146767, 0.0 ], [ 116.733517, -0.14675, 0.0 ], [ 116.733367, -0.14675, 0.0 ], [ 116.73315, -0.14685, 0.0 ], [ 116.733, -0.146933, 0.0 ], [ 116.732867, -0.147033, 0.0 ], [ 116.732733, -0.147117, 0.0 ], [ 116.732583, -0.147183, 0.0 ], [ 116.73245, -0.147217, 0.0 ], [ 116.73225, -0.147267, 0.0 ], [ 116.7322017, -0.1472776, 0.0 ], [ 116.7317058, -0.1472834, 0.0 ] ], [ [ 116.979467, -0.1703126, 0.0 ], [ 116.9793697, -0.1702722, 0.0 ], [ 116.9790944, -0.1702118, 0.0 ], [ 116.9788183, -0.1701803, 0.0 ], [ 116.9787388, -0.1701768, 0.0 ], [ 116.9784101, -0.170157, 0.0 ], [ 116.9784111, -0.1701597, 0.0 ], [ 116.9783145, -0.1701526, 0.0 ], [ 116.97805, -0.1701227, 0.0 ], [ 116.9779013, -0.1700755, 0.0 ], [ 116.977795, -0.170034, 0.0 ], [ 116.9777459, -0.1700076, 0.0 ], [ 116.9776991, -0.1699754, 0.0 ], [ 116.9776552, -0.1699345, 0.0 ], [ 116.9776116, -0.1698863, 0.0 ], [ 116.9775695, -0.1698312, 0.0 ], [ 116.9775299, -0.1697695, 0.0 ], [ 116.9774916, -0.1697022, 0.0 ], [ 116.9770715, -0.1687301, 0.0 ], [ 116.9769638, -0.1685213, 0.0 ], [ 116.976907, -0.1684206, 0.0 ], [ 116.976725, -0.168154, 0.0 ], [ 116.9765495, -0.1679594, 0.0 ], [ 116.9765048, -0.1679212, 0.0 ], [ 116.9758197, -0.167477, 0.0 ], [ 116.9752429, -0.1671269, 0.0 ], [ 116.9749351, -0.1669832, 0.0 ], [ 116.9748693, -0.1669744, 0.0 ], [ 116.9746158, -0.1669675, 0.0 ], [ 116.9740296, -0.1669262, 0.0 ], [ 116.9729692, -0.166875, 0.0 ], [ 116.9725677, -0.1668434, 0.0 ], [ 116.9723084, -0.1668047, 0.0 ], [ 116.9718867, -0.1666896, 0.0 ], [ 116.9714969, -0.1665539, 0.0 ], [ 116.9713657, -0.1665078, 0.0 ], [ 116.9704291, -0.1662102, 0.0 ], [ 116.9693873, -0.1657122, 0.0 ], [ 116.9682558, -0.1651022, 0.0 ], [ 116.9676084, -0.1646399, 0.0 ], [ 116.966371, -0.1636395, 0.0 ], [ 116.965074, -0.1625955, 0.0 ], [ 116.9646068, -0.1623341, 0.0 ], [ 116.9641499, -0.1622449, 0.0 ], [ 116.9638323, -0.1622627, 0.0 ], [ 116.96277, -0.1625068, 0.0 ], [ 116.9617976, -0.1627637, 0.0 ], [ 116.9615665, -0.1628413, 0.0 ], [ 116.9611173, -0.1629729, 0.0 ], [ 116.9606378, -0.1631084, 0.0 ], [ 116.9599504, -0.1632428, 0.0 ], [ 116.9596385, -0.1632656, 0.0 ], [ 116.9593101, -0.1632128, 0.0 ], [ 116.9591227, -0.1631545, 0.0 ], [ 116.9588033, -0.1629997, 0.0 ], [ 116.9587438, -0.1629573, 0.0 ], [ 116.9581102, -0.1625566, 0.0 ], [ 116.9574846, -0.1621435, 0.0 ], [ 116.9566649, -0.1615036, 0.0 ], [ 116.9563987, -0.1611335, 0.0 ], [ 116.95597, -0.1600662, 0.0 ], [ 116.9556686, -0.1591163, 0.0 ], [ 116.9553969, -0.158358, 0.0 ], [ 116.9551948, -0.1577283, 0.0 ], [ 116.9548688, -0.1567874, 0.0 ], [ 116.9546533, -0.1563783, 0.0 ], [ 116.9542997, -0.155974, 0.0 ], [ 116.9539631, -0.1556619, 0.0 ], [ 116.9532816, -0.1551535, 0.0 ], [ 116.9517336, -0.1539048, 0.0 ], [ 116.951388, -0.153633, 0.0 ], [ 116.9512415, -0.1535288, 0.0 ], [ 116.9508041, -0.1532875, 0.0 ], [ 116.9504145, -0.1531491, 0.0 ], [ 116.94909, -0.1528807, 0.0 ], [ 116.9484348, -0.1526961, 0.0 ], [ 116.9474014, -0.1522546, 0.0 ], [ 116.9459982, -0.1515749, 0.0 ], [ 116.9450773, -0.151147, 0.0 ], [ 116.9439017, -0.1505997, 0.0 ], [ 116.9432034, -0.1503249, 0.0 ], [ 116.9431024, -0.1503226, 0.0 ], [ 116.9429998, -0.1503314, 0.0 ], [ 116.9428928, -0.1503493, 0.0 ], [ 116.9427911, -0.1503793, 0.0 ], [ 116.9425952, -0.1504501, 0.0 ], [ 116.9413675, -0.1508204, 0.0 ], [ 116.940411, -0.1510226, 0.0 ], [ 116.9391308, -0.1513177, 0.0 ], [ 116.9377412, -0.1518507, 0.0 ], [ 116.93589, -0.1527096, 0.0 ], [ 116.9342696, -0.1534044, 0.0 ], [ 116.9326611, -0.1540398, 0.0 ], [ 116.931933, -0.154123, 0.0 ], [ 116.9312871, -0.1540833, 0.0 ], [ 116.9305505, -0.1539327, 0.0 ], [ 116.9299619, -0.1537626, 0.0 ], [ 116.9287535, -0.1531031, 0.0 ], [ 116.9271146, -0.1521913, 0.0 ], [ 116.9259263, -0.1515258, 0.0 ], [ 116.9252223, -0.1511794, 0.0 ], [ 116.9246887, -0.1509093, 0.0 ], [ 116.9234401, -0.1503801, 0.0 ], [ 116.9221966, -0.1499448, 0.0 ], [ 116.9207429, -0.1494435, 0.0 ], [ 116.9205331, -0.1494009, 0.0 ], [ 116.9204229, -0.1493925, 0.0 ], [ 116.9200923, -0.1494092, 0.0 ], [ 116.9188958, -0.1497568, 0.0 ], [ 116.9170164, -0.1501403, 0.0 ], [ 116.9162672, -0.1502052, 0.0 ], [ 116.9161831, -0.1502247, 0.0 ], [ 116.9160302, -0.1502827, 0.0 ], [ 116.9159616, -0.1503229, 0.0 ], [ 116.9159026, -0.1503708, 0.0 ], [ 116.9158468, -0.1504321, 0.0 ], [ 116.9157865, -0.1504922, 0.0 ], [ 116.9151966, -0.1512417, 0.0 ], [ 116.9146592, -0.1522265, 0.0 ], [ 116.9145464, -0.1526024, 0.0 ], [ 116.9143643, -0.1531237, 0.0 ], [ 116.9142745, -0.1534489, 0.0 ], [ 116.9140631, -0.1540853, 0.0 ], [ 116.9139827, -0.154341, 0.0 ], [ 116.9136816, -0.1551039, 0.0 ], [ 116.913379, -0.1559426, 0.0 ], [ 116.9130556, -0.1565429, 0.0 ], [ 116.9125156, -0.1574328, 0.0 ], [ 116.9119722, -0.1583407, 0.0 ], [ 116.9112229, -0.1595182, 0.0 ], [ 116.9107421, -0.1600457, 0.0 ], [ 116.9100805, -0.1608285, 0.0 ], [ 116.9100267, -0.160933, 0.0 ], [ 116.9096096, -0.1618638, 0.0 ], [ 116.9091108, -0.1628807, 0.0 ], [ 116.9090193, -0.1631196, 0.0 ], [ 116.9089184, -0.1634107, 0.0 ], [ 116.9086425, -0.1640172, 0.0 ], [ 116.908493, -0.1644754, 0.0 ], [ 116.9084859, -0.1645262, 0.0 ], [ 116.9084333, -0.1647846, 0.0 ], [ 116.9083871, -0.1649877, 0.0 ], [ 116.908214, -0.1656381, 0.0 ], [ 116.90777, -0.166728, 0.0 ], [ 116.907362, -0.1680303, 0.0 ], [ 116.9069511, -0.1694341, 0.0 ], [ 116.9065374, -0.1709367, 0.0 ], [ 116.906277, -0.1717281, 0.0 ], [ 116.906161, -0.1721802, 0.0 ], [ 116.9061105, -0.1725579, 0.0 ], [ 116.9059606, -0.1733305, 0.0 ], [ 116.9058873, -0.1738544, 0.0 ], [ 116.9058822, -0.1738998, 0.0 ], [ 116.9058778, -0.1739485, 0.0 ], [ 116.9058637, -0.1740594, 0.0 ], [ 116.9056675, -0.1751925, 0.0 ], [ 116.9056664, -0.1752613, 0.0 ], [ 116.9055519, -0.175996, 0.0 ], [ 116.9053477, -0.1767822, 0.0 ], [ 116.9049307, -0.1777036, 0.0 ], [ 116.904663, -0.1783639, 0.0 ], [ 116.9044905, -0.1790004, 0.0 ], [ 116.9042698, -0.1801081, 0.0 ], [ 116.9041747, -0.1806124, 0.0 ], [ 116.9041498, -0.1807253, 0.0 ], [ 116.9038946, -0.182219, 0.0 ], [ 116.9036946, -0.1828331, 0.0 ], [ 116.9036412, -0.1829168, 0.0 ], [ 116.903584, -0.1829922, 0.0 ], [ 116.9035213, -0.1830602, 0.0 ], [ 116.9034545, -0.1831213, 0.0 ], [ 116.9033811, -0.1831768, 0.0 ], [ 116.9026257, -0.183721, 0.0 ], [ 116.902263, -0.1840003, 0.0 ], [ 116.9021286, -0.1841039, 0.0 ], [ 116.9013577, -0.1844542, 0.0 ], [ 116.9012441, -0.1844799, 0.0 ], [ 116.8999045, -0.1848488, 0.0 ], [ 116.8996696, -0.1849749, 0.0 ], [ 116.8996046, -0.1850382, 0.0 ], [ 116.8995425, -0.1851086, 0.0 ], [ 116.8994877, -0.1851971, 0.0 ], [ 116.8994358, -0.1852895, 0.0 ], [ 116.8993841, -0.1853816, 0.0 ], [ 116.8990141, -0.1859167, 0.0 ], [ 116.8986452, -0.1863142, 0.0 ], [ 116.8985996, -0.1864026, 0.0 ], [ 116.8985682, -0.1864963, 0.0 ], [ 116.8985484, -0.1865907, 0.0 ], [ 116.8985369, -0.1866836, 0.0 ], [ 116.898532, -0.1867771, 0.0 ], [ 116.8983893, -0.1877604, 0.0 ], [ 116.898326, -0.1878485, 0.0 ], [ 116.8982477, -0.1879255, 0.0 ], [ 116.8981527, -0.1879871, 0.0 ], [ 116.8980537, -0.1880374, 0.0 ], [ 116.897957, -0.1880843, 0.0 ], [ 116.897595, -0.1882637, 0.0 ], [ 116.8974486, -0.1883923, 0.0 ], [ 116.8973354, -0.1885375, 0.0 ], [ 116.8972891, -0.188618, 0.0 ], [ 116.8972516, -0.1887051, 0.0 ], [ 116.8972257, -0.1888004, 0.0 ], [ 116.8972054, -0.1888972, 0.0 ], [ 116.8971947, -0.1889856, 0.0 ], [ 116.8971858, -0.189116, 0.0 ], [ 116.8972019, -0.1892047, 0.0 ], [ 116.8972168, -0.1892929, 0.0 ], [ 116.8972, -0.1897422, 0.0 ], [ 116.8971787, -0.189817, 0.0 ], [ 116.8970807, -0.1900281, 0.0 ], [ 116.8970276, -0.1900999, 0.0 ], [ 116.8969611, -0.1901705, 0.0 ], [ 116.896885, -0.1902372, 0.0 ], [ 116.8968001, -0.1903004, 0.0 ], [ 116.8967031, -0.1903523, 0.0 ], [ 116.8965961, -0.1903917, 0.0 ], [ 116.8964826, -0.1904213, 0.0 ], [ 116.8963635, -0.1904463, 0.0 ], [ 116.8957286, -0.1906434, 0.0 ], [ 116.8956314, -0.1906927, 0.0 ], [ 116.8955326, -0.1907538, 0.0 ], [ 116.8954341, -0.1908241, 0.0 ], [ 116.8953356, -0.1908975, 0.0 ], [ 116.8945184, -0.1917349, 0.0 ], [ 116.8944621, -0.1918325, 0.0 ], [ 116.8936799, -0.1930645, 0.0 ], [ 116.8930187, -0.1937492, 0.0 ], [ 116.8927469, -0.1939801, 0.0 ], [ 116.8926832, -0.1940197, 0.0 ], [ 116.8924979, -0.1941085, 0.0 ], [ 116.892321, -0.1941892, 0.0 ], [ 116.8918713, -0.1944876, 0.0 ], [ 116.8914758, -0.1947601, 0.0 ], [ 116.8914031, -0.1948186, 0.0 ], [ 116.8910057, -0.1952061, 0.0 ], [ 116.8909559, -0.1952766, 0.0 ], [ 116.8904602, -0.196077, 0.0 ], [ 116.8903735, -0.1961857, 0.0 ], [ 116.8902671, -0.196293, 0.0 ], [ 116.8895646, -0.1968826, 0.0 ], [ 116.8886236, -0.1977395, 0.0 ], [ 116.8885141, -0.1978689, 0.0 ], [ 116.8883381, -0.1980831, 0.0 ], [ 116.8882934, -0.19813, 0.0 ], [ 116.8881605, -0.1983037, 0.0 ], [ 116.8877033, -0.1989501, 0.0 ], [ 116.8870676, -0.1995657, 0.0 ], [ 116.8864244, -0.1999182, 0.0 ], [ 116.8861841, -0.19999, 0.0 ], [ 116.8856121, -0.2000656, 0.0 ], [ 116.8855769, -0.2000664, 0.0 ], [ 116.8853932, -0.2000521, 0.0 ], [ 116.8853308, -0.2000372, 0.0 ], [ 116.8852644, -0.2000137, 0.0 ], [ 116.8851929, -0.1999791, 0.0 ], [ 116.8851242, -0.1999345, 0.0 ], [ 116.8850563, -0.199878, 0.0 ], [ 116.8849939, -0.1998052, 0.0 ], [ 116.8848313, -0.1995393, 0.0 ], [ 116.884792, -0.199436, 0.0 ], [ 116.8847545, -0.1993284, 0.0 ], [ 116.8847235, -0.1992139, 0.0 ], [ 116.8846942, -0.1990974, 0.0 ], [ 116.8845264, -0.1983334, 0.0 ], [ 116.8844461, -0.198062, 0.0 ], [ 116.8843745, -0.1978736, 0.0 ], [ 116.8843356, -0.1978173, 0.0 ], [ 116.8838983, -0.1972774, 0.0 ], [ 116.8835014, -0.1968164, 0.0 ], [ 116.882906, -0.1961735, 0.0 ], [ 116.8824743, -0.1957325, 0.0 ], [ 116.8823036, -0.1955713, 0.0 ], [ 116.8819987, -0.1952762, 0.0 ], [ 116.8818902, -0.1951887, 0.0 ], [ 116.8816741, -0.1950629, 0.0 ], [ 116.881062, -0.1947187, 0.0 ], [ 116.8807913, -0.1945224, 0.0 ], [ 116.8806545, -0.1944064, 0.0 ], [ 116.880546, -0.1942862, 0.0 ], [ 116.8804729, -0.1941966, 0.0 ], [ 116.8797274, -0.1930279, 0.0 ], [ 116.8792955, -0.1923424, 0.0 ], [ 116.879004, -0.1920512, 0.0 ], [ 116.8788455, -0.1919441, 0.0 ], [ 116.8786677, -0.1918466, 0.0 ], [ 116.8784643, -0.1917857, 0.0 ], [ 116.8782845, -0.1917371, 0.0 ], [ 116.8780946, -0.1917014, 0.0 ], [ 116.8778633, -0.1916714, 0.0 ], [ 116.8775553, -0.1916297, 0.0 ], [ 116.8770452, -0.1916101, 0.0 ], [ 116.8768284, -0.1916088, 0.0 ], [ 116.8767012, -0.1916086, 0.0 ], [ 116.8765398, -0.1916215, 0.0 ], [ 116.8763309, -0.1916673, 0.0 ], [ 116.8759717, -0.1917546, 0.0 ], [ 116.8756654, -0.1918408, 0.0 ], [ 116.8754483, -0.1918973, 0.0 ], [ 116.8752371, -0.191933, 0.0 ], [ 116.8750229, -0.1919598, 0.0 ], [ 116.8748266, -0.1919509, 0.0 ], [ 116.8746535, -0.1919383, 0.0 ], [ 116.8744192, -0.1919053, 0.0 ], [ 116.8742179, -0.1918511, 0.0 ], [ 116.8740994, -0.1918083, 0.0 ], [ 116.8739481, -0.1917512, 0.0 ], [ 116.8737868, -0.1916869, 0.0 ], [ 116.8736083, -0.1915755, 0.0 ], [ 116.8733214, -0.1913971, 0.0 ], [ 116.8724319, -0.1907404, 0.0 ], [ 116.8721764, -0.1905648, 0.0 ], [ 116.8719382, -0.1904609, 0.0 ], [ 116.8718094, -0.1904224, 0.0 ], [ 116.8716775, -0.1903935, 0.0 ], [ 116.8715475, -0.1903734, 0.0 ], [ 116.8714217, -0.1903575, 0.0 ], [ 116.8712979, -0.1903489, 0.0 ], [ 116.8710629, -0.1903545, 0.0 ], [ 116.8708366, -0.1903795, 0.0 ], [ 116.8706593, -0.1904031, 0.0 ], [ 116.8704708, -0.1904281, 0.0 ], [ 116.8701572, -0.1905155, 0.0 ], [ 116.8701056, -0.1905289, 0.0 ], [ 116.8697185, -0.190632, 0.0 ], [ 116.8697, -0.1906393, 0.0 ], [ 116.8695558, -0.190683, 0.0 ], [ 116.8695027, -0.1907014, 0.0 ], [ 116.8694444, -0.1907207, 0.0 ], [ 116.8686449, -0.1909506, 0.0 ], [ 116.8679508, -0.1911474, 0.0 ], [ 116.8678737, -0.1911706, 0.0 ], [ 116.8666026, -0.1913937, 0.0 ], [ 116.864802, -0.1914832, 0.0 ], [ 116.8638359, -0.1912332, 0.0 ], [ 116.8637366, -0.1911573, 0.0 ], [ 116.8636427, -0.1910728, 0.0 ], [ 116.8631497, -0.1905163, 0.0 ], [ 116.8629839, -0.1902067, 0.0 ], [ 116.8625931, -0.1887329, 0.0 ], [ 116.8624845, -0.1875342, 0.0 ], [ 116.8624824, -0.1867165, 0.0 ], [ 116.8624301, -0.1857073, 0.0 ], [ 116.8624768, -0.1849342, 0.0 ], [ 116.8625139, -0.1840209, 0.0 ], [ 116.8625131, -0.1839338, 0.0 ], [ 116.862503, -0.1838823, 0.0 ], [ 116.8624809, -0.1838247, 0.0 ], [ 116.8624489, -0.1837625, 0.0 ], [ 116.8624114, -0.1837025, 0.0 ], [ 116.8623698, -0.1836468, 0.0 ], [ 116.8623238, -0.1835924, 0.0 ], [ 116.8622702, -0.1835352, 0.0 ], [ 116.8614811, -0.1829772, 0.0 ], [ 116.8604497, -0.1821871, 0.0 ], [ 116.8594539, -0.1813156, 0.0 ], [ 116.8590305, -0.1807764, 0.0 ], [ 116.8589854, -0.1806704, 0.0 ], [ 116.8589509, -0.1805565, 0.0 ], [ 116.8589331, -0.1804378, 0.0 ], [ 116.8589251, -0.1803201, 0.0 ], [ 116.8589853, -0.1785405, 0.0 ], [ 116.8591626, -0.1768602, 0.0 ], [ 116.8592507, -0.1752011, 0.0 ], [ 116.8595871, -0.1740468, 0.0 ], [ 116.8600879, -0.1727654, 0.0 ], [ 116.8606086, -0.1714828, 0.0 ] ] ] } },
{ "type": "Feature", "properties": { "OBJECTID": 0, "Kl_Dat_Das": "Jalan Non Tol", "Nm_Ruas": "BTS. SAMARINDA - SIMP. 4 SAMBERA", "Thn_Data": 2023, "Status": "Jalan Provinsi", "Fungsi": "Jalan Kolektor Primer 2", "Mendukung": null, "Ura_Dukung": null, "Kd_Bd_PU": "2", "Kd_Jns_Inf": "1", "Kd_Inf": "34 031", "Propinsi": "Kalimantan Timur", "Kab_Kot": "Samarinda", "Kecamatan": null, "Desa_Kel": null, "Tk_Ruas_Aw": "-0.318823, 117.215173", "Tk_Ruas_Ak": "-0.320805, 117.288007", "Kd_Patok": null, "Km_Awal": 0.0, "Km_Akhir": 12.590306786, "Nm_Lintas": null, "Kon_Baik": 0.0, "Kon_Sdg": 0.0, "Kon_Rgn": 0.0, "Kon_Rusak": 0.0, "Kon_Mntp": 0.0, "Kon_T_Mntp": 0.0, "Panjang": 0.0, "Lbr_Keras": 0.0, "LHRT": 0.0, "VCR": 0.0, "Tipe_Jln": 0, "MST": 0.0, "Tanah_Kri": 0.0, "Macadam": 0.0, "Aspal": 0.0, "Rigid": 0.0, "Thn_Pen_Ak": 0, "Jns_Pen": null, "Koord_X_Aw": 0.0, "Koord_Y_Aw": 0.0, "Koord_X_Ak": 0.0, "Koord_Y_Ak": 0.0, "Shape_Leng": 25.879196411100001, "Status_J_1": "Sudah Terbangun", "Keterangan": null, "Masuk": "NO", "panjangjal": 12.590306786 }, "geometry": { "type": "LineString", "coordinates": [ [ 117.2880077, -0.3208053, 0.0 ], [ 117.2878388, -0.320598, 0.0 ], [ 117.2878026, -0.320518, 0.0 ], [ 117.2877436, -0.3202172, 0.0 ], [ 117.2876693, -0.3200021, 0.0 ], [ 117.2874634, -0.3197098, 0.0 ], [ 117.2872633, -0.3193474, 0.0 ], [ 117.287163, -0.3191791, 0.0 ], [ 117.2870428, -0.3190244, 0.0 ], [ 117.2868941, -0.3189102, 0.0 ], [ 117.2868086, -0.3188531, 0.0 ], [ 117.2866017, -0.3188101, 0.0 ], [ 117.2862876, -0.318818, 0.0 ], [ 117.2860758, -0.3187746, 0.0 ], [ 117.2858838, -0.3187077, 0.0 ], [ 117.2857184, -0.3186147, 0.0 ], [ 117.2853305, -0.3182506, 0.0 ], [ 117.2850831, -0.3179556, 0.0 ], [ 117.2845232, -0.3168218, 0.0 ], [ 117.2843495, -0.316227, 0.0 ], [ 117.2842733, -0.3160794, 0.0 ], [ 117.2841686, -0.3159771, 0.0 ], [ 117.2839283, -0.3158986, 0.0 ], [ 117.2836928, -0.3158343, 0.0 ], [ 117.2834072, -0.3156963, 0.0 ], [ 117.2831645, -0.3154917, 0.0 ], [ 117.282848, -0.3152014, 0.0 ], [ 117.2824174, -0.3147017, 0.0 ], [ 117.2821318, -0.3145375, 0.0 ], [ 117.2819629, -0.3145732, 0.0 ], [ 117.2812609, -0.3149849, 0.0 ], [ 117.2806685, -0.3153347, 0.0 ], [ 117.2805352, -0.3153846, 0.0 ], [ 117.2801474, -0.315299, 0.0 ], [ 117.2799784, -0.315092, 0.0 ], [ 117.2798523, -0.3147279, 0.0 ], [ 117.279651, -0.3139563, 0.0 ], [ 117.2795063, -0.3136837, 0.0 ], [ 117.2793774, -0.3135518, 0.0 ], [ 117.2789074, -0.3135339, 0.0 ], [ 117.277569, -0.313415, 0.0 ], [ 117.2762543, -0.3131175, 0.0 ], [ 117.2755107, -0.3128439, 0.0 ], [ 117.2748266, -0.3122014, 0.0 ], [ 117.274095, -0.311672, 0.0 ], [ 117.2731908, -0.3113448, 0.0 ], [ 117.2724812, -0.3110758, 0.0 ], [ 117.2717887, -0.3109253, 0.0 ], [ 117.2710269, -0.3106561, 0.0 ], [ 117.2696632, -0.3101825, 0.0 ], [ 117.269392, -0.3101301, 0.0 ], [ 117.2691588, -0.3102158, 0.0 ], [ 117.2687209, -0.3107773, 0.0 ], [ 117.268464, -0.3111105, 0.0 ], [ 117.2682748, -0.3112271, 0.0 ], [ 117.2681053, -0.3112955, 0.0 ], [ 117.2678614, -0.3112925, 0.0 ], [ 117.2676121, -0.3112009, 0.0 ], [ 117.2672962, -0.3110099, 0.0 ], [ 117.2669185, -0.3107303, 0.0 ], [ 117.266633, -0.310534, 0.0 ], [ 117.2661125, -0.3103229, 0.0 ], [ 117.265821, -0.3103437, 0.0 ], [ 117.2655384, -0.3104151, 0.0 ], [ 117.2653124, -0.3105787, 0.0 ], [ 117.2651666, -0.3107898, 0.0 ], [ 117.2650239, -0.3109653, 0.0 ], [ 117.2648157, -0.3112033, 0.0 ], [ 117.2646699, -0.3114412, 0.0 ], [ 117.2646045, -0.311691, 0.0 ], [ 117.2646521, -0.3118784, 0.0 ], [ 117.2647948, -0.3121402, 0.0 ], [ 117.264887, -0.3123454, 0.0 ], [ 117.2649673, -0.3125833, 0.0 ], [ 117.265009, -0.312857, 0.0 ], [ 117.265012, -0.3131485, 0.0 ], [ 117.2649227, -0.3134162, 0.0 ], [ 117.2646104, -0.3138088, 0.0 ], [ 117.2643338, -0.3141181, 0.0 ], [ 117.2638193, -0.3146832, 0.0 ], [ 117.2635912, -0.3147729, 0.0 ], [ 117.2633404, -0.3148438, 0.0 ], [ 117.2628671, -0.3147608, 0.0 ], [ 117.2622698, -0.3145862, 0.0 ], [ 117.2615313, -0.314325, 0.0 ], [ 117.2608051, -0.3140693, 0.0 ], [ 117.2604517, -0.3138766, 0.0 ], [ 117.2601555, -0.313616, 0.0 ], [ 117.2598271, -0.3132663, 0.0 ], [ 117.2594987, -0.3128415, 0.0 ], [ 117.2594416, -0.3119706, 0.0 ], [ 117.2593738, -0.3117779, 0.0 ], [ 117.2592989, -0.3115745, 0.0 ], [ 117.2591561, -0.311346, 0.0 ], [ 117.2589348, -0.3110498, 0.0 ], [ 117.2587421, -0.3108249, 0.0 ], [ 117.2585422, -0.3107107, 0.0 ], [ 117.2583459, -0.3107036, 0.0 ], [ 117.2581853, -0.3107571, 0.0 ], [ 117.2580996, -0.3108785, 0.0 ], [ 117.2580604, -0.3110284, 0.0 ], [ 117.2580568, -0.3113746, 0.0 ], [ 117.2580247, -0.3115994, 0.0 ], [ 117.2578355, -0.3118921, 0.0 ], [ 117.2575999, -0.3121063, 0.0 ], [ 117.2572751, -0.3122704, 0.0 ], [ 117.2565256, -0.3124275, 0.0 ], [ 117.2559902, -0.3124882, 0.0 ], [ 117.2553335, -0.312531, 0.0 ], [ 117.2549873, -0.3126131, 0.0 ], [ 117.2546696, -0.312813, 0.0 ], [ 117.2544698, -0.3129058, 0.0 ], [ 117.2542199, -0.3129415, 0.0 ], [ 117.253863, -0.3129272, 0.0 ], [ 117.2532884, -0.3130485, 0.0 ], [ 117.2527815, -0.313202, 0.0 ], [ 117.2521855, -0.3135268, 0.0 ], [ 117.2517857, -0.3137088, 0.0 ], [ 117.251336, -0.3138944, 0.0 ], [ 117.2509719, -0.3141086, 0.0 ], [ 117.2506293, -0.314312, 0.0 ], [ 117.250408, -0.3145083, 0.0 ], [ 117.250191, -0.3148289, 0.0 ], [ 117.2499654, -0.3152436, 0.0 ], [ 117.2497691, -0.3156041, 0.0 ], [ 117.2496585, -0.3158753, 0.0 ], [ 117.2495871, -0.3163179, 0.0 ], [ 117.2495229, -0.3167177, 0.0 ], [ 117.2493979, -0.3169818, 0.0 ], [ 117.2490946, -0.3173922, 0.0 ], [ 117.2484914, -0.3180632, 0.0 ], [ 117.2482843, -0.318256, 0.0 ], [ 117.2480631, -0.3183488, 0.0 ], [ 117.2477775, -0.318413, 0.0 ], [ 117.2474313, -0.3184309, 0.0 ], [ 117.2472493, -0.3184594, 0.0 ], [ 117.2470708, -0.3185487, 0.0 ], [ 117.2468888, -0.3188735, 0.0 ], [ 117.2466532, -0.319209, 0.0 ], [ 117.2464819, -0.3193517, 0.0 ], [ 117.2460179, -0.3195052, 0.0 ], [ 117.2457359, -0.3196051, 0.0 ], [ 117.2455289, -0.3197872, 0.0 ], [ 117.2451506, -0.3201655, 0.0 ], [ 117.2448032, -0.3204725, 0.0 ], [ 117.2445938, -0.320808, 0.0 ], [ 117.2444867, -0.3211268, 0.0 ], [ 117.244382, -0.3214004, 0.0 ], [ 117.2442297, -0.321636, 0.0 ], [ 117.2440989, -0.3217621, 0.0 ], [ 117.2438348, -0.3218954, 0.0 ], [ 117.2432209, -0.3221761, 0.0 ], [ 117.2430162, -0.3222214, 0.0 ], [ 117.2427545, -0.3221952, 0.0 ], [ 117.2425594, -0.3221642, 0.0 ], [ 117.2422072, -0.3221238, 0.0 ], [ 117.241905, -0.3220215, 0.0 ], [ 117.241717, -0.3219406, 0.0 ], [ 117.2415338, -0.3218644, 0.0 ], [ 117.2413197, -0.3217121, 0.0 ], [ 117.2410389, -0.3214028, 0.0 ], [ 117.2408105, -0.3211078, 0.0 ], [ 117.2407438, -0.3208698, 0.0 ], [ 117.2407081, -0.3205724, 0.0 ], [ 117.2406867, -0.3202274, 0.0 ], [ 117.2406487, -0.3200299, 0.0 ], [ 117.2405654, -0.3197586, 0.0 ], [ 117.240425, -0.3195968, 0.0 ], [ 117.240256, -0.3194517, 0.0 ], [ 117.2400292, -0.3193233, 0.0 ], [ 117.2393376, -0.318971, 0.0 ], [ 117.2388855, -0.3186855, 0.0 ], [ 117.2386618, -0.3184808, 0.0 ], [ 117.2384596, -0.3182262, 0.0 ], [ 117.238124, -0.3178098, 0.0 ], [ 117.2379147, -0.3174696, 0.0 ], [ 117.2378599, -0.3172197, 0.0 ], [ 117.2378147, -0.3166249, 0.0 ], [ 117.2378718, -0.3160086, 0.0 ], [ 117.237848, -0.3158396, 0.0 ], [ 117.2377529, -0.3156826, 0.0 ], [ 117.2375982, -0.3154613, 0.0 ], [ 117.2375173, -0.3152995, 0.0 ], [ 117.2372889, -0.3147379, 0.0 ], [ 117.2371437, -0.3143025, 0.0 ], [ 117.2371604, -0.3140312, 0.0 ], [ 117.2372341, -0.3137695, 0.0 ], [ 117.2373793, -0.3134007, 0.0 ], [ 117.2374197, -0.3131056, 0.0 ], [ 117.2373983, -0.3129177, 0.0 ], [ 117.2370699, -0.3122752, 0.0 ], [ 117.2369486, -0.3120039, 0.0 ], [ 117.2367939, -0.3116066, 0.0 ], [ 117.2366512, -0.311371, 0.0 ], [ 117.2363741, -0.3111146, 0.0 ], [ 117.2359802, -0.3108333, 0.0 ], [ 117.2357446, -0.3106262, 0.0 ], [ 117.2355804, -0.3104478, 0.0 ], [ 117.2354769, -0.3101587, 0.0 ], [ 117.2353984, -0.309866, 0.0 ], [ 117.2351664, -0.3094448, 0.0 ], [ 117.2348059, -0.309038, 0.0 ], [ 117.234476, -0.3088591, 0.0 ], [ 117.2340778, -0.3087667, 0.0 ], [ 117.2338351, -0.3087024, 0.0 ], [ 117.2334139, -0.3083848, 0.0 ], [ 117.2332069, -0.308292, 0.0 ], [ 117.2330249, -0.3082884, 0.0 ], [ 117.2326572, -0.3084419, 0.0 ], [ 117.2324217, -0.308499, 0.0 ], [ 117.2322682, -0.3085061, 0.0 ], [ 117.2319041, -0.3081921, 0.0 ], [ 117.2313485, -0.3077066, 0.0 ], [ 117.2311582, -0.3075163, 0.0 ], [ 117.2310107, -0.3073212, 0.0 ], [ 117.230925, -0.3071832, 0.0 ], [ 117.2308726, -0.3070356, 0.0 ], [ 117.2307204, -0.30685, 0.0 ], [ 117.2305252, -0.306693, 0.0 ], [ 117.2303206, -0.3066168, 0.0 ], [ 117.2299209, -0.3065312, 0.0 ], [ 117.2295211, -0.3065074, 0.0 ], [ 117.2291499, -0.3065217, 0.0 ], [ 117.2284789, -0.3062599, 0.0 ], [ 117.2281125, -0.3061267, 0.0 ], [ 117.2277222, -0.3060601, 0.0 ], [ 117.2271179, -0.305784, 0.0 ], [ 117.2267133, -0.3056508, 0.0 ], [ 117.2264706, -0.3056175, 0.0 ], [ 117.2262946, -0.305608, 0.0 ], [ 117.2261518, -0.3057317, 0.0 ], [ 117.2260661, -0.3059506, 0.0 ], [ 117.2260138, -0.3063075, 0.0 ], [ 117.22599, -0.3065407, 0.0 ], [ 117.2260253, -0.3067681, 0.0 ], [ 117.2260947, -0.3069928, 0.0 ], [ 117.2261551, -0.307207, 0.0 ], [ 117.226109, -0.3074782, 0.0 ], [ 117.2259852, -0.30774, 0.0 ], [ 117.2258948, -0.3080207, 0.0 ], [ 117.2258996, -0.3082444, 0.0 ], [ 117.2259757, -0.3085442, 0.0 ], [ 117.2259567, -0.3088155, 0.0 ], [ 117.2258091, -0.309101, 0.0 ], [ 117.2255141, -0.3094341, 0.0 ], [ 117.2251465, -0.3103443, 0.0 ], [ 117.2250525, -0.3106607, 0.0 ], [ 117.2250652, -0.3109782, 0.0 ], [ 117.2252095, -0.3113698, 0.0 ], [ 117.2254522, -0.3121503, 0.0 ], [ 117.2255855, -0.3125738, 0.0 ], [ 117.2255522, -0.3130926, 0.0 ], [ 117.2254665, -0.3135209, 0.0 ], [ 117.2253571, -0.3139396, 0.0 ], [ 117.2251762, -0.3148236, 0.0 ], [ 117.225081, -0.3151627, 0.0 ], [ 117.2249264, -0.3153649, 0.0 ], [ 117.2243969, -0.3156564, 0.0 ], [ 117.2242125, -0.3158468, 0.0 ], [ 117.2240222, -0.3162037, 0.0 ], [ 117.2238973, -0.3167688, 0.0 ], [ 117.2237009, -0.3171317, 0.0 ], [ 117.2232726, -0.3177741, 0.0 ], [ 117.22288, -0.3184582, 0.0 ], [ 117.2227004, -0.3189353, 0.0 ], [ 117.2223731, -0.3194702, 0.0 ], [ 117.2219294, -0.3197634, 0.0 ], [ 117.2216153, -0.3199704, 0.0 ], [ 117.2210157, -0.3202987, 0.0 ], [ 117.2207516, -0.3205058, 0.0 ], [ 117.2205903, -0.3206347, 0.0 ], [ 117.2204589, -0.3207128, 0.0 ], [ 117.2196214, -0.3203844, 0.0 ], [ 117.2183203, -0.3197591, 0.0 ], [ 117.2180966, -0.3196163, 0.0 ], [ 117.2178111, -0.31905, 0.0 ], [ 117.2173352, -0.3184504, 0.0 ], [ 117.2170449, -0.3181839, 0.0 ], [ 117.2165071, -0.3179507, 0.0 ], [ 117.2161407, -0.3178936, 0.0 ], [ 117.2158837, -0.3179221, 0.0 ], [ 117.2156838, -0.3180554, 0.0 ], [ 117.2154506, -0.31826, 0.0 ], [ 117.2151738, -0.3188239, 0.0 ] ] } }
]
}
