{
"type": "FeatureCollection",
"name": "Bontang",
"crs": { "type": "name", "properties": { "name": "urn:ogc:def:crs:OGC:1.3:CRS84" } },
"features": [
{ "type": "Feature", "properties": { "Kl_Dat_Das": "Jalan non tol", "Nm_Ruas": "Jl. AM. Parikesit", "Thn_Data": 2015, "Status": "Jalan Kota", "Fungsi": "Jalan Lokal", "Mendukung": null, "Ura_Dukung": null, "Kd_Bd_PU": null, "Kd_Jns_Inf": null, "Kd_Inf": "001 00 K 040", "Propinsi": "Kalimantan Timur", "Kab_Kota": "Bontang", "Kecamatan": "Bontang Utara", "Desa_Kel": "Bontang Baru", "Tk_Ruas_Aw": "Jl. Mayjen. DI. Panjaitan", "Tk_Ruas_Ak": "Jl. Awang Long", "Kd_Patok": null, "Km_Awal": 0.0, "Km_Akhir": 0.0, "Nm_Lintas": "-", "Kon_Baik": 0.5244992412, "Kon_Sdg": 0.0, "Kon_Rgn": 0.0, "Kon_Rusak": 0.0, "Kon_Mntp": 0.0, "Kon_T_Mntp": 0.0, "Panjang": 0.5231692188, "Lbr_Keras": 4.0, "LHRT": 0.0, "VCR": 0.0, "Tipe_Jln": 2, "MST": 0.0, "Tipe_Keras": "Aspal", "Tanah_Kri": 0.0, "Macadam": 0.0, "Aspal": 100.0, "Rigid": 0.0, "Thn_Pen_Ak": 2018, "Jns_Pen": "Rehabilitasi / Pemeliharaan & Peningkatan", "Koord_X_Aw": 117.4926977085, "Koord_Y_Aw": 0.1340744434, "Koord_X_Ak": 117.49408157080001, "Koord_Y_Ak": 0.1385975165 }, "geometry": { "type": "LineString", "coordinates": [ [ 117.49408157084315, 0.138597516488316, 0.0 ], [ 117.494057497056559, 0.138528894796425, 0.0 ], [ 117.493978328871847, 0.13828344196031, 0.0 ], [ 117.493905411632696, 0.138036034148072, 0.0 ], [ 117.493815415623047, 0.137735072949739, 0.0 ], [ 117.493624713597569, 0.137097334372515, 0.0 ], [ 117.493530829778223, 0.136803206384924, 0.0 ], [ 117.493370281957056, 0.136300227072333, 0.0 ], [ 117.493302616476385, 0.136075147162866, 0.0 ], [ 117.493228635525696, 0.135829059675142, 0.0 ], [ 117.493151553694275, 0.135572657492249, 0.0 ], [ 117.492816345474992, 0.134486141322651, 0.0 ], [ 117.492727873596408, 0.134169854408855, 0.0 ], [ 117.492709415604452, 0.134115157260878, 0.0 ], [ 117.492697708467972, 0.13407444340927, 0.0 ] ] } },
{ "type": "Feature", "properties": { "Kl_Dat_Das": "Jalan non tol", "Nm_Ruas": "Jl. Perkusi", "Thn_Data": 2015, "Status": "Jalan Kota", "Fungsi": "Jalan Lokal Sekunder", "Mendukung": null, "Ura_Dukung": null, "Kd_Bd_PU": null, "Kd_Jns_Inf": null, "Kd_Inf": "001 00 K 076", "Propinsi": "Kalimantan Timur", "Kab_Kota": "Bontang", "Kecamatan": "Bontang Utara", "Desa_Kel": "Bontang Baru", "Tk_Ruas_Aw": "Jl. AM. Parikesit", "Tk_Ruas_Ak": "Jl. Awang Long", "Kd_Patok": null, "Km_Awal": 0.0, "Km_Akhir": 0.0, "Nm_Lintas": "-", "Kon_Baik": 0.612967293, "Kon_Sdg": 0.0, "Kon_Rgn": 0.0, "Kon_Rusak": 0.0, "Kon_Mntp": 0.0, "Kon_T_Mntp": 0.0, "Panjang": 0.612967293, "Lbr_Keras": 3.0, "LHRT": 0.0, "VCR": 0.0, "Tipe_Jln": 2, "MST": 0.0, "Tipe_Keras": "Beton", "Tanah_Kri": 0.0, "Macadam": 0.0, "Aspal": 0.0, "Rigid": 100.0, "Thn_Pen_Ak": 0, "Jns_Pen": null, "Koord_X_Aw": 117.49353082979999, "Koord_Y_Aw": 0.1368032064, "Koord_X_Ak": 117.4989246351, "Koord_Y_Ak": 0.1361633329 }, "geometry": { "type": "LineString", "coordinates": [ [ 117.493530829778223, 0.136803206384924, 0.0 ], [ 117.493934163095034, 0.136699578614058, 0.0 ], [ 117.494392134939616, 0.136586826640568, 0.0 ], [ 117.494809584194968, 0.136505210588992, 0.0 ], [ 117.494980491475459, 0.136463148064659, 0.0 ], [ 117.495168937070517, 0.136416769130677, 0.0 ], [ 117.495342651756388, 0.136386016421274, 0.0 ], [ 117.495417147247181, 0.136371360166687, 0.0 ], [ 117.49550779550826, 0.136353526013447, 0.0 ], [ 117.495657420401642, 0.136323014865288, 0.0 ], [ 117.495797338528504, 0.136288297304271, 0.0 ], [ 117.4961154269659, 0.136209370755959, 0.0 ], [ 117.496459581194827, 0.136123976562273, 0.0 ], [ 117.496672430743274, 0.136071375041964, 0.0 ], [ 117.496878141711875, 0.136020537678977, 0.0 ], [ 117.497003494061161, 0.135993651381105, 0.0 ], [ 117.497009932060919, 0.135992270521625, 0.0 ], [ 117.497142944083677, 0.135970564393343, 0.0 ], [ 117.49727685570565, 0.135955471852766, 0.0 ], [ 117.497411342674042, 0.135947029444463, 0.0 ], [ 117.497546079343039, 0.135945257610438, 0.0 ], [ 117.497680739462226, 0.135950160640543, 0.0 ], [ 117.49781499696654, 0.135961726662256, 0.0 ], [ 117.497948526765882, 0.135979927669245, 0.0 ], [ 117.498163124064334, 0.136019290891623, 0.0 ], [ 117.498805231306733, 0.136137071525409, 0.0 ], [ 117.49892463508877, 0.136163332887187, 0.0 ] ] } },
{ "type": "Feature", "properties": { "Kl_Dat_Das": "Jalan non tol", "Nm_Ruas": "Jl. Gamelan", "Thn_Data": 2015, "Status": "Jalan Kota", "Fungsi": "Jalan Lokal Sekunder", "Mendukung": null, "Ura_Dukung": null, "Kd_Bd_PU": null, "Kd_Jns_Inf": null, "Kd_Inf": "001 00 K 075", "Propinsi": "Kalimantan Timur", "Kab_Kota": "Bontang", "Kecamatan": "Bontang Utara", "Desa_Kel": "Bontang Baru", "Tk_Ruas_Aw": "Jl. MH. Thamrin", "Tk_Ruas_Ak": "Jl. P. Suryanata", "Kd_Patok": null, "Km_Awal": 0.0, "Km_Akhir": 0.0, "Nm_Lintas": "-", "Kon_Baik": 0.3901924049, "Kon_Sdg": 0.0, "Kon_Rgn": 0.0, "Kon_Rusak": 0.0, "Kon_Mntp": 0.0, "Kon_T_Mntp": 0.0, "Panjang": 0.3901924049, "Lbr_Keras": 5.0, "LHRT": 0.0, "VCR": 0.0, "Tipe_Jln": 2, "MST": 0.0, "Tipe_Keras": "Beton", "Tanah_Kri": 0.0, "Macadam": 0.0, "Aspal": 0.0, "Rigid": 100.0, "Thn_Pen_Ak": 0, "Jns_Pen": null, "Koord_X_Aw": 117.4890970714, "Koord_Y_Aw": 0.137859617, "Koord_X_Ak": 117.4923552474, "Koord_Y_Ak": 0.1365707196 }, "geometry": { "type": "LineString", "coordinates": [ [ 117.489097071387505, 0.137859617030041, 0.0 ], [ 117.489832942563424, 0.137567441769954, 0.0 ], [ 117.490020804937828, 0.137492851625586, 0.0 ], [ 117.490166689015865, 0.137437673888597, 0.0 ], [ 117.490473672067523, 0.137321563685162, 0.0 ], [ 117.491403601108573, 0.136969836618739, 0.0 ], [ 117.491778065724517, 0.136828202867639, 0.0 ], [ 117.491903357210347, 0.136751589094921, 0.0 ], [ 117.491954843911543, 0.136716510121069, 0.0 ], [ 117.492008915375763, 0.136685623181333, 0.0 ], [ 117.492065235566074, 0.13665912022823, 0.0 ], [ 117.49212345447026, 0.136637165969014, 0.0 ], [ 117.492355247413059, 0.136570719607266, 0.0 ] ] } },
{ "type": "Feature", "properties": { "Kl_Dat_Das": "Jalan non tol", "Nm_Ruas": "Jl. MH. Thamrin", "Thn_Data": 2015, "Status": "Jalan Kota", "Fungsi": "Jalan Kolektor", "Mendukung": null, "Ura_Dukung": null, "Kd_Bd_PU": null, "Kd_Jns_Inf": null, "Kd_Inf": "001 00 K 006", "Propinsi": "Kalimantan Timur", "Kab_Kota": "Bontang", "Kecamatan": "Bontang Utara", "Desa_Kel": "Bontang Baru", "Tk_Ruas_Aw": "Sp.3 Jl. MT. Haryono- Jl. Letjen. R. Suprapto", "Tk_Ruas_Ak": "Sp. 3 Jl. Pelabuhan Tj. Limau - Jl. Otto Iskandardinata", "Kd_Patok": null, "Km_Awal": 0.0, "Km_Akhir": 0.0, "Nm_Lintas": "-", "Kon_Baik": 1.363, "Kon_Sdg": 0.0, "Kon_Rgn": 0.1, "Kon_Rusak": 0.0, "Kon_Mntp": 0.0, "Kon_T_Mntp": 0.0, "Panjang": 1.4636772433, "Lbr_Keras": 4.4, "LHRT": 0.0, "VCR": 0.0, "Tipe_Jln": 3, "MST": 0.0, "Tipe_Keras": "Aspal", "Tanah_Kri": 0.0, "Macadam": 0.0, "Aspal": 100.0, "Rigid": 0.0, "Thn_Pen_Ak": 2018, "Jns_Pen": "Rehabilitasi / Pemeliharaan", "Koord_X_Aw": 117.4882815672, "Koord_Y_Aw": 0.1360948529, "Koord_X_Ak": 117.49038437199999, "Koord_Y_Ak": 0.1485703522 }, "geometry": { "type": "LineString", "coordinates": [ [ 117.490384372020557, 0.148570352209788, 0.0 ], [ 117.490372619198183, 0.148546658602015, 0.0 ], [ 117.490359015629565, 0.148519233902334, 0.0 ], [ 117.49032853965933, 0.148471032456996, 0.0 ], [ 117.490293271509259, 0.148426265695548, 0.0 ], [ 117.490070737817859, 0.148157930917648, 0.0 ], [ 117.490062937490507, 0.148148525154397, 0.0 ], [ 117.490000069014513, 0.148072717308139, 0.0 ], [ 117.489860773937039, 0.147904752995487, 0.0 ], [ 117.489726121397453, 0.147744993499202, 0.0 ], [ 117.489692938661406, 0.147709598121366, 0.0 ], [ 117.489663906193755, 0.14767068112036, 0.0 ], [ 117.489639389955542, 0.147628733053807, 0.0 ], [ 117.489633220614238, 0.147614806396291, 0.0 ], [ 117.489619698979368, 0.147584282686523, 0.0 ], [ 117.489605081474352, 0.147537890325452, 0.0 ], [ 117.48957148246518, 0.147394883406605, 0.0 ], [ 117.489564065029882, 0.147363312694722, 0.0 ], [ 117.48952942962741, 0.147187339365814, 0.0 ], [ 117.489526276749757, 0.147167540701048, 0.0 ], [ 117.489501221776777, 0.147010206643643, 0.0 ], [ 117.489431642836067, 0.146679402020652, 0.0 ], [ 117.489307607106525, 0.146089688982954, 0.0 ], [ 117.489295289178813, 0.146038669272571, 0.0 ], [ 117.489120621422671, 0.14531521146921, 0.0 ], [ 117.489022087880812, 0.144907094418102, 0.0 ], [ 117.488918328481319, 0.144489299296765, 0.0 ], [ 117.488897317662463, 0.144404697619109, 0.0 ], [ 117.488881262832493, 0.144319299539916, 0.0 ], [ 117.48887157679826, 0.144232934116474, 0.0 ], [ 117.488868313471599, 0.14414608205476, 0.0 ], [ 117.488871491016198, 0.144059226769116, 0.0 ], [ 117.48888109174608, 0.143972851692467, 0.0 ], [ 117.488888448118573, 0.14393350797036, 0.0 ], [ 117.488897062223259, 0.143887437584283, 0.0 ], [ 117.488919313557389, 0.14380345985569, 0.0 ], [ 117.488930489850873, 0.14377117066374, 0.0 ], [ 117.488947721898057, 0.143721385922618, 0.0 ], [ 117.488982129125603, 0.143641672604929, 0.0 ], [ 117.489297893140019, 0.142519965681458, 0.0 ], [ 117.489361206141552, 0.14232148958439, 0.0 ], [ 117.489428518736531, 0.142110475422157, 0.0 ], [ 117.489463450491257, 0.141984537808412, 0.0 ], [ 117.489471959440394, 0.141946233508236, 0.0 ], [ 117.489491796437633, 0.141856934318355, 0.0 ], [ 117.489513479092579, 0.141728013753436, 0.0 ], [ 117.489528439187339, 0.141598128515568, 0.0 ], [ 117.48952984789959, 0.14157570106687, 0.0 ], [ 117.489536635828699, 0.141467633643458, 0.0 ], [ 117.489538046611543, 0.141336885842065, 0.0 ], [ 117.489535155589465, 0.141289494195689, 0.0 ], [ 117.489528227744373, 0.141175928113682, 0.0 ], [ 117.48952518724559, 0.141014696187028, 0.0 ], [ 117.489526765425708, 0.140946727312382, 0.0 ], [ 117.489527649628243, 0.140908646589992, 0.0 ], [ 117.489528930568426, 0.140853479246402, 0.0 ], [ 117.489535807044945, 0.140748301690678, 0.0 ], [ 117.489539450998691, 0.140692566449729, 0.0 ], [ 117.489556729666788, 0.140532246409293, 0.0 ], [ 117.489594054654845, 0.14025073277503, 0.0 ], [ 117.489657545275804, 0.139771872120036, 0.0 ], [ 117.489670069716453, 0.139642791027029, 0.0 ], [ 117.489676143352781, 0.13951323979029, 0.0 ], [ 117.489675750876145, 0.139383544938596, 0.0 ], [ 117.489668893275962, 0.139254033362761, 0.0 ], [ 117.489665764428096, 0.139223697858881, 0.0 ], [ 117.489655587836992, 0.139125031491346, 0.0 ], [ 117.48963586809451, 0.138996864468595, 0.0 ], [ 117.489598052531733, 0.138881563532664, 0.0 ], [ 117.489555074575378, 0.138768110547858, 0.0 ], [ 117.489507022916541, 0.138656739639828, 0.0 ], [ 117.489453996715966, 0.138547680637089, 0.0 ], [ 117.489396105400047, 0.138441158597743, 0.0 ], [ 117.489254184398305, 0.138165160040558, 0.0 ], [ 117.489097071387505, 0.137859617030131, 0.0 ], [ 117.488928340583016, 0.137531480453561, 0.0 ], [ 117.488902130901693, 0.137480509583554, 0.0 ], [ 117.488894355936637, 0.137465389341401, 0.0 ], [ 117.48876716459813, 0.137217528707026, 0.0 ], [ 117.488747719140974, 0.13717963490302, 0.0 ], [ 117.488687623455021, 0.137062525070576, 0.0 ], [ 117.488511296375577, 0.136656492653287, 0.0 ], [ 117.488281567214827, 0.136094852899419, 0.0 ] ] } },
{ "type": "Feature", "properties": { "Kl_Dat_Das": "Jalan non tol", "Nm_Ruas": "Jl. Gitar", "Thn_Data": 2015, "Status": "Jalan Kota", "Fungsi": "Jalan Lokal Sekunder", "Mendukung": null, "Ura_Dukung": null, "Kd_Bd_PU": null, "Kd_Jns_Inf": null, "Kd_Inf": "001 00 K 077", "Propinsi": "Kalimantan Timur", "Kab_Kota": "Bontang", "Kecamatan": "Bontang Utara", "Desa_Kel": "Bontang Baru", "Tk_Ruas_Aw": "Jl. AM. Parikesit", "Tk_Ruas_Ak": "Gg. Gitar 3", "Kd_Patok": null, "Km_Awal": 0.0, "Km_Akhir": 0.0, "Nm_Lintas": "-", "Kon_Baik": 0.2032546186, "Kon_Sdg": 0.0, "Kon_Rgn": 0.0, "Kon_Rusak": 0.0, "Kon_Mntp": 0.0, "Kon_T_Mntp": 0.0, "Panjang": 0.2032546186, "Lbr_Keras": 0.0, "LHRT": 0.0, "VCR": 0.0, "Tipe_Jln": 2, "MST": 0.0, "Tipe_Keras": "Beton", "Tanah_Kri": 0.0, "Macadam": 0.0, "Aspal": 0.0, "Rigid": 100.0, "Thn_Pen_Ak": 0, "Jns_Pen": null, "Koord_X_Aw": 117.4938154156, "Koord_Y_Aw": 0.1377350729, "Koord_X_Ak": 117.4956015397, "Koord_Y_Ak": 0.1373707 }, "geometry": { "type": "LineString", "coordinates": [ [ 117.493815415623047, 0.137735072949739, 0.0 ], [ 117.49422095507542, 0.13763487468276, 0.0 ], [ 117.494331320931721, 0.13761455099819, 0.0 ], [ 117.494442223965734, 0.137597445905999, 0.0 ], [ 117.494553571585655, 0.137583573686821, 0.0 ], [ 117.494617052483719, 0.137575841562539, 0.0 ], [ 117.49467976170564, 0.137563252680036, 0.0 ], [ 117.49474133317851, 0.137545880528657, 0.0 ], [ 117.494838857124421, 0.137510360809628, 0.0 ], [ 117.494938170677145, 0.137480283803249, 0.0 ], [ 117.49503897438656, 0.137455740197462, 0.0 ], [ 117.495046984587447, 0.137454252964469, 0.0 ], [ 117.495140964309414, 0.137436803995871, 0.0 ], [ 117.495243832925837, 0.137423532294525, 0.0 ], [ 117.495347270066617, 0.137415965110057, 0.0 ], [ 117.495487524111383, 0.137393933413997, 0.0 ], [ 117.49560153968828, 0.137370699982158, 0.0 ] ] } },
{ "type": "Feature", "properties": { "Kl_Dat_Das": "Jalan non tol", "Nm_Ruas": "Jl. Tjoet Nyak Dien", "Thn_Data": 2015, "Status": "Jalan Kota", "Fungsi": "Jalan Lokal", "Mendukung": null, "Ura_Dukung": null, "Kd_Bd_PU": null, "Kd_Jns_Inf": null, "Kd_Inf": "001 00 K 085", "Propinsi": "Kalimantan Timur", "Kab_Kota": "Bontang", "Kecamatan": "Bontang Utara", "Desa_Kel": "Bontang Baru", "Tk_Ruas_Aw": "Jl.  Awang Long", "Tk_Ruas_Ak": "Buntu", "Kd_Patok": null, "Km_Awal": 0.0, "Km_Akhir": 0.0, "Nm_Lintas": "-", "Kon_Baik": 0.780992824, "Kon_Sdg": 0.0, "Kon_Rgn": 0.0, "Kon_Rusak": 0.0, "Kon_Mntp": 0.0, "Kon_T_Mntp": 0.0, "Panjang": 0.780992824, "Lbr_Keras": 4.0, "LHRT": 0.0, "VCR": 0.0, "Tipe_Jln": 2, "MST": 0.0, "Tipe_Keras": "Aspal", "Tanah_Kri": 0.0, "Macadam": 0.0, "Aspal": 100.0, "Rigid": 0.0, "Thn_Pen_Ak": 2018, "Jns_Pen": "Peningkatan", "Koord_X_Aw": 117.49602453769999, "Koord_Y_Aw": 0.1383707016, "Koord_X_Ak": 117.4976510603, "Koord_Y_Ak": 0.1452261942 }, "geometry": { "type": "LineString", "coordinates": [ [ 117.496024537716153, 0.138370701610273, 0.0 ], [ 117.496034972726221, 0.138398713425627, 0.0 ], [ 117.496050180546277, 0.138426838602511, 0.0 ], [ 117.496069130475632, 0.138452557770231, 0.0 ], [ 117.496090027671443, 0.1384956975837, 0.0 ], [ 117.496105793363753, 0.138540993527459, 0.0 ], [ 117.496116213086509, 0.138587829425445, 0.0 ], [ 117.496182583473868, 0.13893858123593, 0.0 ], [ 117.496236475975067, 0.139155217512323, 0.0 ], [ 117.496358409501099, 0.139645363963933, 0.0 ], [ 117.496402952519858, 0.139837088523719, 0.0 ], [ 117.496496235447822, 0.140238602042839, 0.0 ], [ 117.496530920529935, 0.140362325780558, 0.0 ], [ 117.496605471348801, 0.140628252922455, 0.0 ], [ 117.496741044666521, 0.141122676431371, 0.0 ], [ 117.496808838885741, 0.141374105885963, 0.0 ], [ 117.496810769108151, 0.141382837129282, 0.0 ], [ 117.496820446968755, 0.141426614340979, 0.0 ], [ 117.496827512185675, 0.141479935208251, 0.0 ], [ 117.496829981855427, 0.14153367090634, 0.0 ], [ 117.496833907813581, 0.14156659269997, 0.0 ], [ 117.496834546373918, 0.141571947456829, 0.0 ], [ 117.49684431051756, 0.141609224574421, 0.0 ], [ 117.496859087700372, 0.141644789919371, 0.0 ], [ 117.496878595540792, 0.141677963863013, 0.0 ], [ 117.496891838497618, 0.141699608138577, 0.0 ], [ 117.496902098401009, 0.141722835982007, 0.0 ], [ 117.496909192246093, 0.141747233080463, 0.0 ], [ 117.496912993500629, 0.14177236426535, 0.0 ], [ 117.496925790505443, 0.141836499074915, 0.0 ], [ 117.496990981216825, 0.142163215615173, 0.0 ], [ 117.497024361531388, 0.142330507830838, 0.0 ], [ 117.497070340824308, 0.142529766509415, 0.0 ], [ 117.497094364725385, 0.14263387794565, 0.0 ], [ 117.497102346485974, 0.14266593595583, 0.0 ], [ 117.497155144944074, 0.142877996106237, 0.0 ], [ 117.497172506020831, 0.14294772526689, 0.0 ], [ 117.497212084933338, 0.143106690298621, 0.0 ], [ 117.49733228347111, 0.143639073014343, 0.0 ], [ 117.497337439639466, 0.143661910682458, 0.0 ], [ 117.497352361985577, 0.143728004640479, 0.0 ], [ 117.497392448033992, 0.143884853665708, 0.0 ], [ 117.497429355316584, 0.144029264773792, 0.0 ], [ 117.49744922314197, 0.144107003752354, 0.0 ], [ 117.497485405357949, 0.144248577791592, 0.0 ], [ 117.497545800956345, 0.144484894098484, 0.0 ], [ 117.497561158144222, 0.144550513955433, 0.0 ], [ 117.497574212014115, 0.144606291942917, 0.0 ], [ 117.497595915756904, 0.14472908492358, 0.0 ], [ 117.497610177587418, 0.144847355945073, 0.0 ], [ 117.497610845851199, 0.144852897746612, 0.0 ], [ 117.497618956665903, 0.144977352001, 0.0 ], [ 117.497624109976115, 0.14506621825903, 0.0 ], [ 117.497635911567585, 0.145154439385117, 0.0 ], [ 117.497651060257226, 0.145226194239624, 0.0 ] ] } },
{ "type": "Feature", "properties": { "Kl_Dat_Das": "Jalan non tol", "Nm_Ruas": "Jl. Mulawarman", "Thn_Data": 2015, "Status": "Jalan Kota", "Fungsi": "Jalan Lokal", "Mendukung": null, "Ura_Dukung": null, "Kd_Bd_PU": null, "Kd_Jns_Inf": null, "Kd_Inf": "001 00 K 043", "Propinsi": "Kalimantan Timur", "Kab_Kota": "Bontang", "Kecamatan": "Bontang Utara", "Desa_Kel": "Bontang Baru", "Tk_Ruas_Aw": "Sp. 4  Jl. Awang Long - Jl. AM. Parikesit", "Tk_Ruas_Ak": "Sp. 3 Jl. RA. Kartini û Jl. Otto Iskandardinata", "Kd_Patok": null, "Km_Awal": 0.0, "Km_Akhir": 0.0, "Nm_Lintas": "-", "Kon_Baik": 0.0, "Kon_Sdg": 0.179, "Kon_Rgn": 0.969, "Kon_Rusak": 0.0, "Kon_Mntp": 0.0, "Kon_T_Mntp": 0.0, "Panjang": 0.9347636939, "Lbr_Keras": 4.0, "LHRT": 0.0, "VCR": 0.0, "Tipe_Jln": 2, "MST": 0.0, "Tipe_Keras": "Beton", "Tanah_Kri": 0.0, "Macadam": 0.0, "Aspal": 0.0, "Rigid": 100.0, "Thn_Pen_Ak": 2019, "Jns_Pen": "Peningkatan", "Koord_X_Aw": 117.49408157080001, "Koord_Y_Aw": 0.1385975165, "Koord_X_Ak": 117.4908644872, "Koord_Y_Ak": 0.1447659636 }, "geometry": { "type": "LineString", "coordinates": [ [ 117.490864487158532, 0.144765963623058, 0.0 ], [ 117.491196197795148, 0.14447741070336, 0.0 ], [ 117.491341505993333, 0.144351008053604, 0.0 ], [ 117.491413614669455, 0.144285068840588, 0.0 ], [ 117.491460720728824, 0.144241993074672, 0.0 ], [ 117.491654108320404, 0.144065151313896, 0.0 ], [ 117.492144885675785, 0.143616363847343, 0.0 ], [ 117.492165093098507, 0.143597765148399, 0.0 ], [ 117.492743591431804, 0.143065321397614, 0.0 ], [ 117.49286525989875, 0.142953339032545, 0.0 ], [ 117.493181921574092, 0.142660898117697, 0.0 ], [ 117.493266522961008, 0.142586717753431, 0.0 ], [ 117.493330723818303, 0.142524687748846, 0.0 ], [ 117.493347467084632, 0.142508510630364, 0.0 ], [ 117.49342456504246, 0.142426459263731, 0.0 ], [ 117.493497636908728, 0.142340755139628, 0.0 ], [ 117.493565526072189, 0.142262451889337, 0.0 ], [ 117.493582042527692, 0.142245734900825, 0.0 ], [ 117.493638332277897, 0.142188761714635, 0.0 ], [ 117.493715746952148, 0.142119996934809, 0.0 ], [ 117.493797441989955, 0.142056448994197, 0.0 ], [ 117.493883071144765, 0.141998387226408, 0.0 ], [ 117.493972271496219, 0.141946057713028, 0.0 ], [ 117.494064664988528, 0.141899682240705, 0.0 ], [ 117.494159860031814, 0.141859457361818, 0.0 ], [ 117.494251594364314, 0.141827588903538, 0.0 ], [ 117.494257453163399, 0.141825553559727, 0.0 ], [ 117.494403782345429, 0.141766220337672, 0.0 ], [ 117.494689604632541, 0.141650325770797, 0.0 ], [ 117.495050946686078, 0.141503809623714, 0.0 ], [ 117.49489573037124, 0.14104154645463, 0.0 ], [ 117.494841302456038, 0.140879449930651, 0.0 ], [ 117.494808180984151, 0.140780807976853, 0.0 ], [ 117.494711564254445, 0.140493065207181, 0.0 ], [ 117.494600488100104, 0.140162398944994, 0.0 ], [ 117.494536096272554, 0.139970708763713, 0.0 ], [ 117.494491442075059, 0.139837776179661, 0.0 ], [ 117.494376509776188, 0.139495630300928, 0.0 ], [ 117.494355888884002, 0.139434243257256, 0.0 ], [ 117.494142864567266, 0.138772232614826, 0.0 ], [ 117.49408157084315, 0.138597516488289, 0.0 ] ] } },
{ "type": "Feature", "properties": { "Kl_Dat_Das": "Jalan non tol", "Nm_Ruas": "Jl. Dewi Sartika", "Thn_Data": 2015, "Status": "Jalan Kota", "Fungsi": "Jalan Lokal", "Mendukung": null, "Ura_Dukung": null, "Kd_Bd_PU": null, "Kd_Jns_Inf": null, "Kd_Inf": "001 00 K 044", "Propinsi": "Kalimantan Timur", "Kab_Kota": "Bontang", "Kecamatan": "Bontang Utara", "Desa_Kel": "Bontang Kuala", "Tk_Ruas_Aw": "Jl. Mulawarman", "Tk_Ruas_Ak": "Buntu", "Kd_Patok": null, "Km_Awal": 0.0, "Km_Akhir": 0.0, "Nm_Lintas": "-", "Kon_Baik": 0.0, "Kon_Sdg": 0.113, "Kon_Rgn": 0.4, "Kon_Rusak": 0.0, "Kon_Mntp": 0.0, "Kon_T_Mntp": 0.0, "Panjang": 0.4941221116, "Lbr_Keras": 4.0, "LHRT": 0.0, "VCR": 0.0, "Tipe_Jln": 2, "MST": 0.0, "Tipe_Keras": "Aspal", "Tanah_Kri": 0.0, "Macadam": 0.0, "Aspal": 100.0, "Rigid": 0.0, "Thn_Pen_Ak": 0, "Jns_Pen": null, "Koord_X_Aw": 117.49484130250001, "Koord_Y_Aw": 0.1408794499, "Koord_X_Ak": 117.499093993, "Koord_Y_Ak": 0.1395949103 }, "geometry": { "type": "LineString", "coordinates": [ [ 117.499093993018576, 0.139594910339389, 0.0 ], [ 117.498633522226228, 0.139726315789283, 0.0 ], [ 117.498211932249674, 0.139846625744303, 0.0 ], [ 117.498061377515725, 0.139893265862612, 0.0 ], [ 117.497903946108678, 0.139942036294847, 0.0 ], [ 117.497783508435774, 0.139979346495414, 0.0 ], [ 117.496821089800491, 0.140277492677284, 0.0 ], [ 117.496530920529935, 0.140362325780558, 0.0 ], [ 117.496032568137124, 0.14050802273802, 0.0 ], [ 117.495650185942196, 0.140619814961803, 0.0 ], [ 117.495437546741925, 0.140681981582852, 0.0 ], [ 117.495340524062144, 0.140714114231652, 0.0 ], [ 117.495198324403333, 0.140761208907946, 0.0 ], [ 117.494841302456067, 0.140879449930613, 0.0 ] ] } },
{ "type": "Feature", "properties": { "Kl_Dat_Das": "Jalan non tol", "Nm_Ruas": "Jl. Seruling", "Thn_Data": 2015, "Status": "Jalan Kota", "Fungsi": "Jalan Lingkungan", "Mendukung": null, "Ura_Dukung": null, "Kd_Bd_PU": null, "Kd_Jns_Inf": null, "Kd_Inf": "001 00 K 082", "Propinsi": "Kalimantan Timur", "Kab_Kota": "Bontang", "Kecamatan": "Bontang Utara", "Desa_Kel": "Bontang Baru", "Tk_Ruas_Aw": "Jl. MH. Thamrin", "Tk_Ruas_Ak": "Sp. 3 Gg Arumbia 3 - Gg. Angklung_BB-1", "Kd_Patok": null, "Km_Awal": 0.0, "Km_Akhir": 0.0, "Nm_Lintas": "-", "Kon_Baik": 0.3899775731, "Kon_Sdg": 0.0, "Kon_Rgn": 0.0, "Kon_Rusak": 0.0, "Kon_Mntp": 0.0, "Kon_T_Mntp": 0.0, "Panjang": 0.3899775731, "Lbr_Keras": 3.0, "LHRT": 0.0, "VCR": 0.0, "Tipe_Jln": 2, "MST": 0.0, "Tipe_Keras": "Beton", "Tanah_Kri": 0.0, "Macadam": 0.0, "Aspal": 0.0, "Rigid": 100.0, "Thn_Pen_Ak": 0, "Jns_Pen": null, "Koord_X_Aw": 117.489592444, "Koord_Y_Aw": 0.1402624591, "Koord_X_Ak": 117.4930091033, "Koord_Y_Ak": 0.1408695042 }, "geometry": { "type": "LineString", "coordinates": [ [ 117.489592444036234, 0.140262459140255, 0.0 ], [ 117.490216794941631, 0.140482439241462, 0.0 ], [ 117.491030910990631, 0.140727702311471, 0.0 ], [ 117.491138726148009, 0.140759287457378, 0.0 ], [ 117.491248289470448, 0.140784035598252, 0.0 ], [ 117.491359173622783, 0.140801850208011, 0.0 ], [ 117.491470946118, 0.140812661803912, 0.0 ], [ 117.491583171004507, 0.140816428217259, 0.0 ], [ 117.492336069770502, 0.140828348761984, 0.0 ], [ 117.492372693118057, 0.140824643444989, 0.0 ], [ 117.492409466343332, 0.140826249727448, 0.0 ], [ 117.492445633273817, 0.140833134579129, 0.0 ], [ 117.492480450204411, 0.140845156425917, 0.0 ], [ 117.49251381353595, 0.140856918158329, 0.0 ], [ 117.492548437387455, 0.14086409315921, 0.0 ], [ 117.492583702588149, 0.1408665531197, 0.0 ], [ 117.492618978498243, 0.140864254048917, 0.0 ], [ 117.492961412804675, 0.14087027369869, 0.0 ], [ 117.49300910334982, 0.140869504216356, 0.0 ] ] } },
{ "type": "Feature", "properties": { "Kl_Dat_Das": "Jalan non tol", "Nm_Ruas": "Jl. Gendang 9", "Thn_Data": 2015, "Status": "Jalan Kota", "Fungsi": "Jalan Lingkungan", "Mendukung": null, "Ura_Dukung": null, "Kd_Bd_PU": null, "Kd_Jns_Inf": null, "Kd_Inf": "001 00 K 352", "Propinsi": "Kalimantan Timur", "Kab_Kota": "Bontang", "Kecamatan": "Bontang Utara", "Desa_Kel": "Bontang Baru", "Tk_Ruas_Aw": "Jl. Gendang 8", "Tk_Ruas_Ak": "Buntu", "Kd_Patok": null, "Km_Awal": 0.0, "Km_Akhir": 0.0, "Nm_Lintas": "-", "Kon_Baik": 0.1548084298, "Kon_Sdg": 0.0, "Kon_Rgn": 0.0, "Kon_Rusak": 0.0, "Kon_Mntp": 0.0, "Kon_T_Mntp": 0.0, "Panjang": 0.1559972573, "Lbr_Keras": 0.0, "LHRT": 0.0, "VCR": 0.0, "Tipe_Jln": 2, "MST": 0.0, "Tipe_Keras": "Beton", "Tanah_Kri": 0.0, "Macadam": 0.0, "Aspal": 0.0, "Rigid": 100.0, "Thn_Pen_Ak": 0, "Jns_Pen": null, "Koord_X_Aw": 554708.72877436131, "Koord_Y_Aw": 15607.7501330785, "Koord_X_Ak": 554862.22312992811, "Koord_Y_Ak": 15587.3464771975 }, "geometry": { "type": "LineString", "coordinates": [ [ 117.491648942595319, 0.14120297498608, 0.0 ], [ 117.491668702249754, 0.141203133068918, 0.0 ], [ 117.49167777542921, 0.141202869718497, 0.0 ], [ 117.491686771770006, 0.141204084856501, 0.0 ], [ 117.492198741418477, 0.141204550527379, 0.0 ], [ 117.492273342690538, 0.141200642214202, 0.0 ], [ 117.492275152793752, 0.141200437255473, 0.0 ], [ 117.492347576845148, 0.141192236649493, 0.0 ], [ 117.492421176629762, 0.141179364098997, 0.0 ], [ 117.492493877076754, 0.141162070910081, 0.0 ], [ 117.493028306622634, 0.141018354194148, 0.0 ] ] } },
{ "type": "Feature", "properties": { "Kl_Dat_Das": "Jalan non tol", "Nm_Ruas": "Jl. Otto Iskandardinata", "Thn_Data": 2015, "Status": "Jalan Kota", "Fungsi": "Jalan Lokal", "Mendukung": null, "Ura_Dukung": null, "Kd_Bd_PU": null, "Kd_Jns_Inf": null, "Kd_Inf": "001 00 K 042", "Propinsi": "Kalimantan Timur", "Kab_Kota": "Bontang", "Kecamatan": "Bontang Utara", "Desa_Kel": "Bontang Baru", "Tk_Ruas_Aw": "Jl. MH. Thamrin", "Tk_Ruas_Ak": "Sp. 3 Jl. Mulawarman û Jl. RA. Kartini", "Kd_Patok": null, "Km_Awal": 0.0, "Km_Akhir": 0.0, "Nm_Lintas": "-", "Kon_Baik": 0.0, "Kon_Sdg": 0.097, "Kon_Rgn": 0.343, "Kon_Rusak": 0.0, "Kon_Mntp": 0.0, "Kon_T_Mntp": 0.0, "Panjang": 0.4316256709, "Lbr_Keras": 4.3, "LHRT": 0.0, "VCR": 0.0, "Tipe_Jln": 2, "MST": 0.0, "Tipe_Keras": "Beton", "Tanah_Kri": 0.0, "Macadam": 0.0, "Aspal": 0.0, "Rigid": 100.0, "Thn_Pen_Ak": 2019, "Jns_Pen": "Peningkatan", "Koord_X_Aw": 117.49038437199999, "Koord_Y_Aw": 0.1485703522, "Koord_X_Ak": 117.4908644872, "Koord_Y_Ak": 0.1447659636 }, "geometry": { "type": "LineString", "coordinates": [ [ 117.490384372020685, 0.148570352209788, 0.0 ], [ 117.490433967656031, 0.148538646108932, 0.0 ], [ 117.490461331457595, 0.148518420690266, 0.0 ], [ 117.490476380230447, 0.148502100904302, 0.0 ], [ 117.490488498784174, 0.148483472492952, 0.0 ], [ 117.490497344185755, 0.148463062606372, 0.0 ], [ 117.490502666126517, 0.148441448807219, 0.0 ], [ 117.490504314005193, 0.148419242726675, 0.0 ], [ 117.490522936225048, 0.148322862197858, 0.0 ], [ 117.490531278039029, 0.148266787194359, 0.0 ], [ 117.490543052133489, 0.148187639858008, 0.0 ], [ 117.490557313566569, 0.148051665364335, 0.0 ], [ 117.49070729686899, 0.147088043403073, 0.0 ], [ 117.490712762992757, 0.147056062628622, 0.0 ], [ 117.490808737944931, 0.146494539922912, 0.0 ], [ 117.490827525419604, 0.146384619673313, 0.0 ], [ 117.490839831758862, 0.146312618735692, 0.0 ], [ 117.490860569161214, 0.146252206678071, 0.0 ], [ 117.490875717583208, 0.146190135001746, 0.0 ], [ 117.490885149424457, 0.14612692655669, 0.0 ], [ 117.490888785237871, 0.146063113769458, 0.0 ], [ 117.490886594397466, 0.14599923415625, 0.0 ], [ 117.490878595357586, 0.145935825796414, 0.0 ], [ 117.490864855496852, 0.145873422799696, 0.0 ], [ 117.49084578143129, 0.145792439281649, 0.0 ], [ 117.490845089710319, 0.145788479560395, 0.0 ], [ 117.49083146196925, 0.145710468253299, 0.0 ], [ 117.490821946489618, 0.145627792380196, 0.0 ], [ 117.490817267805141, 0.145544696758805, 0.0 ], [ 117.490817442049533, 0.145461467932478, 0.0 ], [ 117.490832859734383, 0.145241511369647, 0.0 ], [ 117.490838939261252, 0.145154777762002, 0.0 ], [ 117.490846645492084, 0.145093477765442, 0.0 ], [ 117.490858668786259, 0.144997837258359, 0.0 ], [ 117.490875142461519, 0.144866795762482, 0.0 ], [ 117.490880073328412, 0.144849560908426, 0.0 ], [ 117.490882242129587, 0.144831758800706, 0.0 ], [ 117.490881594564385, 0.144813835148852, 0.0 ], [ 117.490878146846526, 0.144796238703975, 0.0 ], [ 117.490871985295584, 0.14477941002599, 0.0 ], [ 117.490864487158532, 0.144765963623058, 0.0 ] ] } },
{ "type": "Feature", "properties": { "Kl_Dat_Das": "Jalan non tol", "Nm_Ruas": "Jl. Gendang 5", "Thn_Data": 2015, "Status": "Jalan Kota", "Fungsi": "Jalan Lingkungan", "Mendukung": null, "Ura_Dukung": null, "Kd_Bd_PU": null, "Kd_Jns_Inf": null, "Kd_Inf": "001 00 K 350", "Propinsi": "Kalimantan Timur", "Kab_Kota": "Bontang", "Kecamatan": "Bontang Utara", "Desa_Kel": "Bontang Baru", "Tk_Ruas_Aw": "Jl. MH. Thamrin", "Tk_Ruas_Ak": "Jl. Gendang", "Kd_Patok": null, "Km_Awal": 0.0, "Km_Akhir": 0.0, "Nm_Lintas": "-", "Kon_Baik": 0.134849985, "Kon_Sdg": 0.0, "Kon_Rgn": 0.0, "Kon_Rusak": 0.0, "Kon_Mntp": 0.0, "Kon_T_Mntp": 0.0, "Panjang": 0.134849985, "Lbr_Keras": 0.0, "LHRT": 0.0, "VCR": 0.0, "Tipe_Jln": 2, "MST": 0.0, "Tipe_Keras": "Beton", "Tanah_Kri": 0.0, "Macadam": 0.0, "Aspal": 0.0, "Rigid": 100.0, "Thn_Pen_Ak": 0, "Jns_Pen": null, "Koord_X_Aw": 554473.50903097796, "Koord_Y_Aw": 15617.308493623699, "Koord_X_Ak": 554601.07281079295, "Koord_Y_Ak": 15661.0304121554 }, "geometry": { "type": "LineString", "coordinates": [ [ 117.489535155589408, 0.141289494195658, 0.0 ], [ 117.490000199924879, 0.141447000717631, 0.0 ], [ 117.490681508621961, 0.141685021135925, 0.0 ] ] } },
{ "type": "Feature", "properties": { "Kl_Dat_Das": "Jalan non tol", "Nm_Ruas": "Jl. Gendang 6", "Thn_Data": 2015, "Status": "Jalan Kota", "Fungsi": "Jalan Lingkungan", "Mendukung": null, "Ura_Dukung": null, "Kd_Bd_PU": null, "Kd_Jns_Inf": null, "Kd_Inf": "001 00 K 351", "Propinsi": "Kalimantan Timur", "Kab_Kota": "Bontang", "Kecamatan": "Bontang Utara", "Desa_Kel": "Bontang Baru", "Tk_Ruas_Aw": "Jl. Mulawarman", "Tk_Ruas_Ak": "Jl. Gendang", "Kd_Patok": null, "Km_Awal": 0.0, "Km_Akhir": 0.0, "Nm_Lintas": "-", "Kon_Baik": 0.3271493332, "Kon_Sdg": 0.0, "Kon_Rgn": 0.0, "Kon_Rusak": 0.0, "Kon_Mntp": 0.0, "Kon_T_Mntp": 0.0, "Panjang": 0.3271493332, "Lbr_Keras": 0.0, "LHRT": 0.0, "VCR": 0.0, "Tipe_Jln": 2, "MST": 0.0, "Tipe_Keras": "Beton", "Tanah_Kri": 0.0, "Macadam": 0.0, "Aspal": 0.0, "Rigid": 100.0, "Thn_Pen_Ak": 0, "Jns_Pen": null, "Koord_X_Aw": 554601.0728107933, "Koord_Y_Aw": 15661.0304121599, "Koord_X_Ak": 554895.8721985938, "Koord_Y_Ak": 15753.848531028299 }, "geometry": { "type": "LineString", "coordinates": [ [ 117.490681508621975, 0.141685021135966, 0.0 ], [ 117.49092521051108, 0.141770160247111, 0.0 ], [ 117.491478967513117, 0.141963049180783, 0.0 ], [ 117.491611753703125, 0.142009302291144, 0.0 ], [ 117.492029780343515, 0.142128850172739, 0.0 ], [ 117.492131367692807, 0.142156553463177, 0.0 ], [ 117.492234310455288, 0.142178610245445, 0.0 ], [ 117.492338299214524, 0.142194954223515, 0.0 ], [ 117.492443021410253, 0.142205536272356, 0.0 ], [ 117.492548162277615, 0.14221032458561, 0.0 ], [ 117.492653405793433, 0.142209304771246, 0.0 ], [ 117.492707898875864, 0.142210567658879, 0.0 ], [ 117.493167400961099, 0.142221216702258, 0.0 ], [ 117.493180452546625, 0.142219710635134, 0.0 ], [ 117.493193576879008, 0.142220292254079, 0.0 ], [ 117.493206446530849, 0.142222947048724, 0.0 ], [ 117.493218740428475, 0.142227608786938, 0.0 ], [ 117.493230151862249, 0.142234161167163, 0.0 ], [ 117.493240396138418, 0.142242440719725, 0.0 ], [ 117.493249217681537, 0.142252240885441, 0.0 ], [ 117.493256396410686, 0.142263317168523, 0.0 ], [ 117.493261753230072, 0.142275393236567, 0.0 ], [ 117.493265154497152, 0.142288167814377, 0.0 ], [ 117.493330723818246, 0.142524687748799, 0.0 ] ] } },
{ "type": "Feature", "properties": { "Kl_Dat_Das": "Jalan non tol", "Nm_Ruas": "Jl. Gendang", "Thn_Data": 2015, "Status": "Jalan Kota", "Fungsi": "Jalan Lokal", "Mendukung": null, "Ura_Dukung": null, "Kd_Bd_PU": null, "Kd_Jns_Inf": null, "Kd_Inf": "001 00 K 083", "Propinsi": "Kalimantan Timur", "Kab_Kota": "Bontang", "Kecamatan": "Bontang Utara", "Desa_Kel": "Bontang Baru", "Tk_Ruas_Aw": "Jl. RA. Kartini", "Tk_Ruas_Ak": "Buntu", "Kd_Patok": null, "Km_Awal": 0.0, "Km_Akhir": 0.0, "Nm_Lintas": "-", "Kon_Baik": 0.3837182867, "Kon_Sdg": 0.0, "Kon_Rgn": 0.0, "Kon_Rusak": 0.0, "Kon_Mntp": 0.0, "Kon_T_Mntp": 0.0, "Panjang": 0.3837182867, "Lbr_Keras": 0.0, "LHRT": 0.0, "VCR": 0.0, "Tipe_Jln": 2, "MST": 0.0, "Tipe_Keras": "Beton", "Tanah_Kri": 0.0, "Macadam": 0.0, "Aspal": 0.0, "Rigid": 100.0, "Thn_Pen_Ak": 0, "Jns_Pen": null, "Koord_X_Aw": 117.4903756656, "Koord_Y_Aw": 0.1445093592, "Koord_X_Ak": 117.4907484969, "Koord_Y_Ak": 0.1410683171 }, "geometry": { "type": "LineString", "coordinates": [ [ 117.490375665569204, 0.144509359190695, 0.0 ], [ 117.490453164420998, 0.144245022477177, 0.0 ], [ 117.490466274872773, 0.144206047252073, 0.0 ], [ 117.490474278491163, 0.144165694410895, 0.0 ], [ 117.490477041367967, 0.14412463909519, 0.0 ], [ 117.49047451727769, 0.144083568199564, 0.0 ], [ 117.49046877259137, 0.143673573816049, 0.0 ], [ 117.490476431512363, 0.143426667751563, 0.0 ], [ 117.49053082482763, 0.142964724408599, 0.0 ], [ 117.490574911836831, 0.142590309093322, 0.0 ], [ 117.490614477018326, 0.142254296197396, 0.0 ], [ 117.490627802011574, 0.142141131838996, 0.0 ], [ 117.490681508621975, 0.141685021135966, 0.0 ], [ 117.490681829570306, 0.141682295439381, 0.0 ], [ 117.490748496915771, 0.141068317114064, 0.0 ] ] } },
{ "type": "Feature", "properties": { "Kl_Dat_Das": "Jalan non tol", "Nm_Ruas": "Jl. Awang Long", "Thn_Data": 2015, "Status": "Jalan Kota", "Fungsi": "Jalan Lokal Sekunder", "Mendukung": null, "Ura_Dukung": null, "Kd_Bd_PU": null, "Kd_Jns_Inf": null, "Kd_Inf": "001 00 K 039", "Propinsi": "Kalimantan Timur", "Kab_Kota": "Bontang", "Kecamatan": "Bontang Utara", "Desa_Kel": "Bontang Baru", "Tk_Ruas_Aw": "Jl. MH. Thamrin", "Tk_Ruas_Ak": "Sp. 4 Jl. Kapten Piere Tendean - Jl. AIP II Ks. Tubun", "Kd_Patok": null, "Km_Awal": 0.0, "Km_Akhir": 0.0, "Nm_Lintas": "-", "Kon_Baik": 0.008, "Kon_Sdg": 0.123, "Kon_Rgn": 0.03, "Kon_Rusak": 0.0, "Kon_Mntp": 0.0, "Kon_T_Mntp": 0.0, "Panjang": 1.538624581, "Lbr_Keras": 5.4, "LHRT": 0.0, "VCR": 0.0, "Tipe_Jln": 2, "MST": 0.0, "Tipe_Keras": "Aspal", "Tanah_Kri": 0.0, "Macadam": 0.0, "Aspal": 100.0, "Rigid": 0.0, "Thn_Pen_Ak": 2019, "Jns_Pen": "Peningkatan", "Koord_X_Aw": 117.4896657644, "Koord_Y_Aw": 0.1392236979, "Koord_X_Ak": 117.50005656970001, "Koord_Y_Ak": 0.1334556476 }, "geometry": { "type": "LineString", "coordinates": [ [ 117.489665764428196, 0.139223697858881, 0.0 ], [ 117.489685604147454, 0.139219635561517, 0.0 ], [ 117.489738060520949, 0.139204566558931, 0.0 ], [ 117.489772551858664, 0.139192681672625, 0.0 ], [ 117.489808334091308, 0.139185659680209, 0.0 ], [ 117.490344625883267, 0.139107834942479, 0.0 ], [ 117.49043520820841, 0.139095537390688, 0.0 ], [ 117.490752539617915, 0.139052456143304, 0.0 ], [ 117.490873634006434, 0.139036016240709, 0.0 ], [ 117.490950806307183, 0.139024944464495, 0.0 ], [ 117.491203031568276, 0.13898875814283, 0.0 ], [ 117.491332866977245, 0.138970130880807, 0.0 ], [ 117.491652604589035, 0.138918230283537, 0.0 ], [ 117.491841819764204, 0.138887516408886, 0.0 ], [ 117.492296924824473, 0.138817519624865, 0.0 ], [ 117.4925106097362, 0.138784654120457, 0.0 ], [ 117.492567485880841, 0.138777706153235, 0.0 ], [ 117.493280409232852, 0.13869061571296, 0.0 ], [ 117.49332857956108, 0.13868473124387, 0.0 ], [ 117.493568371746065, 0.138655438320427, 0.0 ], [ 117.49408157084315, 0.138597516488289, 0.0 ], [ 117.494217493418432, 0.138582175687475, 0.0 ], [ 117.494716864552743, 0.138520400432526, 0.0 ], [ 117.49502208280343, 0.138484497392142, 0.0 ], [ 117.495508441142974, 0.138427051867723, 0.0 ], [ 117.496024537716281, 0.138370701610313, 0.0 ], [ 117.496218351551093, 0.138349539949786, 0.0 ], [ 117.496594263952943, 0.138317298754316, 0.0 ], [ 117.496969610477308, 0.138278953674273, 0.0 ], [ 117.497344293340475, 0.138234514700002, 0.0 ], [ 117.49771821493232, 0.138183993409768, 0.0 ], [ 117.498091928348472, 0.138115732039353, 0.0 ], [ 117.498457129573126, 0.138058164627353, 0.0 ], [ 117.498494682246019, 0.138046116131079, 0.0 ], [ 117.49851982866609, 0.138033421185185, 0.0 ], [ 117.498529914215965, 0.138028329585325, 0.0 ], [ 117.498561966549687, 0.138005238614596, 0.0 ], [ 117.498590057831834, 0.137977406162349, 0.0 ], [ 117.498613503215097, 0.137945510765974, 0.0 ], [ 117.498631731115893, 0.137910330015075, 0.0 ], [ 117.498644297149653, 0.137872721593794, 0.0 ], [ 117.498650894964726, 0.137833602371416, 0.0 ], [ 117.498690410515806, 0.137592021788009, 0.0 ], [ 117.498707231705893, 0.137495139737155, 0.0 ], [ 117.498756700135914, 0.137291171535537, 0.0 ], [ 117.49878160987079, 0.13720507449068, 0.0 ], [ 117.498800911928925, 0.137117530340959, 0.0 ], [ 117.498814524783953, 0.137028908847185, 0.0 ], [ 117.498837081337342, 0.136881880860585, 0.0 ], [ 117.498885895337708, 0.136518646497109, 0.0 ], [ 117.49892463508877, 0.136163332887293, 0.0 ], [ 117.498940621267039, 0.136016710757417, 0.0 ], [ 117.498982218677043, 0.135601438054039, 0.0 ], [ 117.498992582981145, 0.135530686368327, 0.0 ], [ 117.499007789492339, 0.135460827167378, 0.0 ], [ 117.499027765189339, 0.135392195912573, 0.0 ], [ 117.499052414149546, 0.135325122168695, 0.0 ], [ 117.499232304640159, 0.134974814448412, 0.0 ], [ 117.49941637460995, 0.134650805438753, 0.0 ], [ 117.499556617288022, 0.134395937822148, 0.0 ], [ 117.499792218015969, 0.133986230333221, 0.0 ], [ 117.500008725730595, 0.133560587265436, 0.0 ], [ 117.500047699706329, 0.133477106925113, 0.0 ], [ 117.500056569682897, 0.133455647597259, 0.0 ] ] } },
{ "type": "Feature", "properties": { "Kl_Dat_Das": "Jalan non tol", "Nm_Ruas": "Jl. Satya Lencana 2", "Thn_Data": 2015, "Status": "Jalan Kota", "Fungsi": "Jalan Setapak", "Mendukung": null, "Ura_Dukung": null, "Kd_Bd_PU": null, "Kd_Jns_Inf": null, "Kd_Inf": "001 00 K 431", "Propinsi": "Kalimantan Timur", "Kab_Kota": "Bontang", "Kecamatan": "Bontang Selatan", "Desa_Kel": "Bontang Lestari", "Tk_Ruas_Aw": "Jl. Satya Lencana 1", "Tk_Ruas_Ak": "Buntu", "Kd_Patok": null, "Km_Awal": 0.0, "Km_Akhir": 0.0, "Nm_Lintas": "-", "Kon_Baik": 0.0, "Kon_Sdg": 0.0, "Kon_Rgn": 0.0, "Kon_Rusak": 4.825, "Kon_Mntp": 0.0, "Kon_T_Mntp": 0.0, "Panjang": 4.8144742040999997, "Lbr_Keras": 0.0, "LHRT": 0.0, "VCR": 0.0, "Tipe_Jln": 2, "MST": 0.0, "Tipe_Keras": "Beton, Tanah", "Tanah_Kri": 0.0, "Macadam": 0.0, "Aspal": 0.0, "Rigid": 0.0, "Thn_Pen_Ak": 2017, "Jns_Pen": "Peningkatan", "Koord_X_Aw": 117.43831060620001, "Koord_Y_Aw": 0.0313211941, "Koord_X_Ak": 117.4029365043, "Koord_Y_Ak": 0.0326880316 }, "geometry": { "type": "LineString", "coordinates": [ [ 117.438310606209228, 0.031321194144108, 0.0 ], [ 117.438199142485971, 0.031313898129089, 0.0 ], [ 117.438075503077314, 0.031286371067617, 0.0 ], [ 117.437975640434843, 0.0312540564997, 0.0 ], [ 117.437894525523149, 0.031222533539733, 0.0 ], [ 117.43782320503351, 0.0312143273032, 0.0 ], [ 117.437770434486978, 0.031210903108577, 0.0 ], [ 117.437718183460561, 0.03120271629733, 0.0 ], [ 117.437666875182913, 0.031189833181426, 0.0 ], [ 117.437616925245933, 0.031172358112725, 0.0 ], [ 117.437568738239747, 0.03115043263798, 0.0 ], [ 117.437508230896938, 0.031107106964611, 0.0 ], [ 117.437451105892492, 0.031059353773182, 0.0 ], [ 117.437397682169149, 0.031007439680788, 0.0 ], [ 117.437348258004477, 0.030951654536593, 0.0 ], [ 117.437303109345763, 0.030892309802496, 0.0 ], [ 117.437158450763661, 0.030696210945921, 0.0 ], [ 117.437078461721526, 0.030598113875179, 0.0 ], [ 117.436750885551433, 0.030288494024158, 0.0 ], [ 117.436652654399268, 0.030184638175412, 0.0 ], [ 117.436557758335979, 0.030077685639026, 0.0 ], [ 117.436466293627532, 0.029967744910691, 0.0 ], [ 117.436297682855667, 0.029755206154123, 0.0 ], [ 117.436262505431614, 0.029702847235134, 0.0 ], [ 117.436222379069818, 0.029654228899296, 0.0 ], [ 117.436177693572745, 0.029609823443069, 0.0 ], [ 117.436128883031884, 0.029570062238068, 0.0 ], [ 117.436076421611148, 0.029535331539755, 0.0 ], [ 117.436020818940733, 0.029505968735124, 0.0 ], [ 117.435799518552017, 0.029417721038686, 0.0 ], [ 117.435316220306177, 0.029263695239992, 0.0 ], [ 117.435168982686719, 0.029222084120155, 0.0 ], [ 117.435020382335935, 0.02918571261577, 0.0 ], [ 117.434870603162267, 0.029154625740463, 0.0 ], [ 117.434736496709235, 0.029116172839651, 0.0 ], [ 117.434605248626994, 0.029075001642521, 0.0 ], [ 117.434515847704532, 0.029032872800373, 0.0 ], [ 117.434411229564404, 0.028973509347607, 0.0 ], [ 117.434332290406346, 0.028924678091578, 0.0 ], [ 117.434223867969564, 0.028863399687124, 0.0 ], [ 117.434041261742877, 0.028756162447499, 0.0 ], [ 117.433966126895939, 0.028714033543391, 0.0 ], [ 117.433863410902461, 0.028656585037364, 0.0 ], [ 117.433764499185429, 0.028596264070228, 0.0 ], [ 117.433696972898787, 0.028550305207225, 0.0 ], [ 117.433636104101851, 0.02850051639151, 0.0 ], [ 117.433338770587852, 0.028691414512845, 0.0 ], [ 117.433227390900683, 0.028760002298796, 0.0 ], [ 117.433118981291969, 0.028833254635993, 0.0 ], [ 117.433013734385327, 0.028911041369619, 0.0 ], [ 117.432911837183497, 0.028993224288427, 0.0 ], [ 117.432530964098419, 0.029364684577292, 0.0 ], [ 117.431984732019146, 0.02986917423744, 0.0 ], [ 117.431630965352198, 0.03017274146422, 0.0 ], [ 117.431554017074532, 0.03023249326459, 0.0 ], [ 117.43147300935685, 0.030286533926977, 0.0 ], [ 117.431388359612257, 0.030334584993055, 0.0 ], [ 117.431300504019745, 0.030376398867537, 0.0 ], [ 117.431209895277334, 0.030411760093669, 0.0 ], [ 117.431070705236507, 0.03044853589354, 0.0 ], [ 117.430930347281574, 0.030480497693479, 0.0 ], [ 117.430788985635232, 0.030507608096794, 0.0 ], [ 117.430646785696126, 0.030529835383326, 0.0 ], [ 117.430503913842628, 0.030547153546022, 0.0 ], [ 117.430209188615805, 0.030585751370912, 0.0 ], [ 117.430188047013786, 0.030590074830892, 0.0 ], [ 117.430166493587876, 0.030591008473867, 0.0 ], [ 117.430145061240069, 0.03058852921625, 0.0 ], [ 117.430124279878896, 0.030582698356723, 0.0 ], [ 117.430104663317024, 0.030573660061092, 0.0 ], [ 117.430086696567869, 0.030561637798951, 0.0 ], [ 117.430070823854422, 0.030546928816841, 0.0 ], [ 117.430057437624086, 0.030529896789881, 0.0 ], [ 117.430046868847853, 0.03051096282987, 0.0 ], [ 117.429846900498433, 0.029981316318997, 0.0 ], [ 117.429610518855853, 0.029524601532115, 0.0 ], [ 117.429346527636554, 0.029062500423276, 0.0 ], [ 117.42933222444185, 0.029040236076291, 0.0 ], [ 117.429314486702538, 0.029020635901471, 0.0 ], [ 117.429293795131898, 0.029004231085672, 0.0 ], [ 117.429270710494961, 0.028991466218423, 0.0 ], [ 117.42924585841196, 0.028982687242337, 0.0 ], [ 117.429219912402345, 0.028978132077575, 0.0 ], [ 117.429193575633136, 0.02897792417434, 0.0 ], [ 117.429167561860496, 0.028982069167105, 0.0 ], [ 117.428468680498781, 0.029106516653762, 0.0 ], [ 117.427727893409184, 0.029281574007105, 0.0 ], [ 117.42765659813459, 0.029304763557845, 0.0 ], [ 117.427587173281395, 0.029333127635476, 0.0 ], [ 117.427519988839876, 0.029366515077487, 0.0 ], [ 117.427437924794376, 0.02942947321924, 0.0 ], [ 117.42735285222318, 0.0294882447484, 0.0 ], [ 117.427264981663257, 0.029542684217041, 0.0 ], [ 117.427197219222634, 0.029575827873724, 0.0 ], [ 117.427127016331596, 0.029603346068225, 0.0 ], [ 117.427054832871605, 0.029625058535569, 0.0 ], [ 117.426981141697652, 0.029640823042595, 0.0 ], [ 117.426906425541915, 0.029650536320027, 0.0 ], [ 117.426831173850815, 0.029654134738687, 0.0 ], [ 117.426697279854352, 0.029649588827869, 0.0 ], [ 117.426563757793716, 0.029638567363425, 0.0 ], [ 117.426430916489508, 0.029621095836435, 0.0 ], [ 117.42629906318848, 0.029597214656187, 0.0 ], [ 117.425654397495364, 0.02947075566656, 0.0 ], [ 117.425510830241592, 0.029414117184981, 0.0 ], [ 117.425369084021, 0.029353006544277, 0.0 ], [ 117.425229296244311, 0.02928748298619, 0.0 ], [ 117.425044317804918, 0.029224602577777, 0.0 ], [ 117.424937786796946, 0.029194344114296, 0.0 ], [ 117.424829745412694, 0.029170113824137, 0.0 ], [ 117.424720529932856, 0.029151987124517, 0.0 ], [ 117.424610480292387, 0.02914002043576, 0.0 ], [ 117.424499939022567, 0.02913425100442, 0.0 ], [ 117.424389250184717, 0.029134696788103, 0.0 ], [ 117.424288065373389, 0.029134571871135, 0.0 ], [ 117.424187058811199, 0.02914061701433, 0.0 ], [ 117.424086601375606, 0.029152810021689, 0.0 ], [ 117.423987061927633, 0.029171106122667, 0.0 ], [ 117.423918948812712, 0.029180502396625, 0.0 ], [ 117.423850353800844, 0.029185141345433, 0.0 ], [ 117.423781604335559, 0.029185000824215, 0.0 ], [ 117.423193673783771, 0.029161136409096, 0.0 ], [ 117.423059397779113, 0.029136814383777, 0.0 ], [ 117.422925773228712, 0.029109093509833, 0.0 ], [ 117.422792885003915, 0.029077991393939, 0.0 ], [ 117.422372165744264, 0.028982274494644, 0.0 ], [ 117.422319064431022, 0.028965716551486, 0.0 ], [ 117.422267829418161, 0.028944001996039, 0.0 ], [ 117.422218953431411, 0.028917339656685, 0.0 ], [ 117.422172906510255, 0.028885985943987, 0.0 ], [ 117.422130131485687, 0.028850242385998, 0.0 ], [ 117.422091039724947, 0.028810452727161, 0.0 ], [ 117.422056007172031, 0.028766999623445, 0.0 ], [ 117.421698239185616, 0.028060959510143, 0.0 ], [ 117.421483623936652, 0.027583227803683, 0.0 ], [ 117.421406223327423, 0.02747016836667, 0.0 ], [ 117.42132430818765, 0.027360380053102, 0.0 ], [ 117.42123801475158, 0.027254045453508, 0.0 ], [ 117.421147486535006, 0.027151341414272, 0.0 ], [ 117.421052874095722, 0.02705243874444, 0.0 ], [ 117.420987685959417, 0.026996602086629, 0.0 ], [ 117.420919582604256, 0.026944411058028, 0.0 ], [ 117.420848764945831, 0.026896019630678, 0.0 ], [ 117.420775441907722, 0.026851570567027, 0.0 ], [ 117.420699829804676, 0.026811194999263, 0.0 ], [ 117.420604865223254, 0.026753446018201, 0.0 ], [ 117.420513280696937, 0.026690406197718, 0.0 ], [ 117.420425366739195, 0.026622275504618, 0.0 ], [ 117.420341402220302, 0.026549270055105, 0.0 ], [ 117.420239308352976, 0.02646276857445, 0.0 ], [ 117.420133596221277, 0.02638079028009, 0.0 ], [ 117.420024463394753, 0.026303488384542, 0.0 ], [ 117.41991211383629, 0.026231007361054, 0.0 ], [ 117.419796757520572, 0.026163482672665, 0.0 ], [ 117.419678610041728, 0.026101040519113, 0.0 ], [ 117.419557892210378, 0.026043797601524, 0.0 ], [ 117.419431968250834, 0.026006606211978, 0.0 ], [ 117.419304410213385, 0.025975567706217, 0.0 ], [ 117.419175514543483, 0.025950754217676, 0.0 ], [ 117.419045580794545, 0.025932223413592, 0.0 ], [ 117.418914910933481, 0.025920018359906, 0.0 ], [ 117.41877125031408, 0.025917387969455, 0.0 ], [ 117.418627619545987, 0.025921339132383, 0.0 ], [ 117.418484315973615, 0.025931863669552, 0.0 ], [ 117.418341636264472, 0.02594893979319, 0.0 ], [ 117.417818398329132, 0.026000722398061, 0.0 ], [ 117.417748966217829, 0.026008808252869, 0.0 ], [ 117.417704863937786, 0.026021069304052, 0.0 ], [ 117.417670445173329, 0.026028422861099, 0.0 ], [ 117.417625607836769, 0.026041216620505, 0.0 ], [ 117.417509101340301, 0.026062760391959, 0.0 ], [ 117.417360099963915, 0.026130283437786, 0.0 ], [ 117.417193662288938, 0.026216457529596, 0.0 ], [ 117.417079533606312, 0.026278694355393, 0.0 ], [ 117.416986499867207, 0.026323810435336, 0.0 ], [ 117.416851991966581, 0.026394147595109, 0.0 ], [ 117.416798967232793, 0.026424711573623, 0.0 ], [ 117.41672525913215, 0.026467798592774, 0.0 ], [ 117.41666141837635, 0.026496283951486, 0.0 ], [ 117.416594367779282, 0.026535062272289, 0.0 ], [ 117.416555849348569, 0.02655660578847, 0.0 ], [ 117.4165044914118, 0.026576713122653, 0.0 ], [ 117.416455986726106, 0.026605437801787, 0.0 ], [ 117.416391789321281, 0.026635598760319, 0.0 ], [ 117.416329018590019, 0.026684430649182, 0.0 ], [ 117.416274807501964, 0.026726081380796, 0.0 ], [ 117.41622023532635, 0.026778122596435, 0.0 ], [ 117.416160208435372, 0.026821128007616, 0.0 ], [ 117.416103858043456, 0.026868909938401, 0.0 ], [ 117.416023929970294, 0.026966425833087, 0.0 ], [ 117.41594825169409, 0.027067319781786, 0.0 ], [ 117.415876963908346, 0.027171404212987, 0.0 ], [ 117.415810199143735, 0.027278485623274, 0.0 ], [ 117.415748081523247, 0.027388364937897, 0.0 ], [ 117.415729380521384, 0.027495233502085, 0.0 ], [ 117.415716167965911, 0.027602929438506, 0.0 ], [ 117.415708478882379, 0.027711167258657, 0.0 ], [ 117.415706333653034, 0.027819660037694, 0.0 ], [ 117.415734897487141, 0.028504961036919, 0.0 ], [ 117.415740619927206, 0.028605292212612, 0.0 ], [ 117.415740211660264, 0.028633326459726, 0.0 ], [ 117.415735536592251, 0.028660965853609, 0.0 ], [ 117.415726705388579, 0.028687556134341, 0.0 ], [ 117.415713927095126, 0.028712467875794, 0.0 ], [ 117.415697504190106, 0.028735111385137, 0.0 ], [ 117.415677825424837, 0.02875495066127, 0.0 ], [ 117.415655356621514, 0.028771516082828, 0.0 ], [ 117.415273938668633, 0.02896927191927, 0.0 ], [ 117.415135579325465, 0.029071806947336, 0.0 ], [ 117.414797866114441, 0.029306745146751, 0.0 ], [ 117.41471799087698, 0.029353007157716, 0.0 ], [ 117.414635181023414, 0.02939370480933, 0.0 ], [ 117.414549818446744, 0.029428650417001, 0.0 ], [ 117.414181564582691, 0.029583443731521, 0.0 ], [ 117.41413477055292, 0.029600626237443, 0.0 ], [ 117.414090215105375, 0.029623042692054, 0.0 ], [ 117.414048473638886, 0.029650403604361, 0.0 ], [ 117.414010085211899, 0.029682355629609, 0.0 ], [ 117.41397554558138, 0.029718486132099, 0.0 ], [ 117.413851310619975, 0.029887816014829, 0.0 ], [ 117.413821161497523, 0.029923312559897, 0.0 ], [ 117.413786357657372, 0.02995419262125, 0.0 ], [ 117.413747589528384, 0.029979843609581, 0.0 ], [ 117.413116040627543, 0.030336050862631, 0.0 ], [ 117.41279303233523, 0.030519686476341, 0.0 ], [ 117.412186314404266, 0.030837924954024, 0.0 ], [ 117.411986870433637, 0.030940226618308, 0.0 ], [ 117.411713436858662, 0.031047944680912, 0.0 ], [ 117.411344895910347, 0.031185584512641, 0.0 ], [ 117.41121412321526, 0.031209522138323, 0.0 ], [ 117.411089294596408, 0.031197554073713, 0.0 ], [ 117.410910968037825, 0.031191570496903, 0.0 ], [ 117.410566203345027, 0.031179603294857, 0.0 ], [ 117.41042354217717, 0.03119755669007, 0.0 ], [ 117.41024521571957, 0.031221494504362, 0.0 ], [ 117.410120387247915, 0.031251416387896, 0.0 ], [ 117.409573520010326, 0.031478821140159, 0.0 ], [ 117.409436803300977, 0.031562601588911, 0.0 ], [ 117.409341696311571, 0.03169425610888, 0.0 ], [ 117.409264421933372, 0.031813942002122, 0.0 ], [ 117.409175259164826, 0.031945596503946, 0.0 ], [ 117.409014765836261, 0.032095204134136, 0.0 ], [ 117.408872104974407, 0.032196937461291, 0.0 ], [ 117.408717555839246, 0.032340560797906, 0.0 ], [ 117.408568950946957, 0.03249016839548, 0.0 ], [ 117.408420345981838, 0.032621823158629, 0.0 ], [ 117.408253908307373, 0.03274150943947, 0.0 ], [ 117.408129079953113, 0.032807337032678, 0.0 ], [ 117.407992362987088, 0.032831274714958, 0.0 ], [ 117.40778728740014, 0.032834267697348, 0.0 ], [ 117.407603016603886, 0.032843244874609, 0.0 ], [ 117.407466299519655, 0.032840253295492, 0.0 ], [ 117.407356331268772, 0.032798363781702, 0.0 ], [ 117.407267167728847, 0.032741513479514, 0.0 ], [ 117.40703831471005, 0.032612852374563, 0.0 ], [ 117.40681243389362, 0.032508128374179, 0.0 ], [ 117.406616274107094, 0.032385451403473, 0.0 ], [ 117.406479556709243, 0.032307656297691, 0.0 ], [ 117.406316090420532, 0.032256790563146, 0.0 ], [ 117.406161540544232, 0.032226869776183, 0.0 ], [ 117.405845307825928, 0.032194555923114, 0.0 ], [ 117.405666981171663, 0.032194556637516, 0.0 ], [ 117.405563551809763, 0.03221969103639, 0.0 ], [ 117.405456556083877, 0.032287912281432, 0.0 ], [ 117.40533172776189, 0.032374086446609, 0.0 ], [ 117.405139135433629, 0.032492576012447, 0.0 ], [ 117.404937032694789, 0.032698196775603, 0.0 ], [ 117.404822904084099, 0.032813095465035, 0.0 ], [ 117.404670732602796, 0.032966293722446, 0.0 ], [ 117.404528071722282, 0.033081192536229, 0.0 ], [ 117.404375899889601, 0.033148217129539, 0.0 ], [ 117.404273956590345, 0.033178737391917, 0.0 ], [ 117.404196681752225, 0.033193698417432, 0.0 ], [ 117.404140211621211, 0.033190706508219, 0.0 ], [ 117.404054020362139, 0.03318472257958, 0.0 ], [ 117.403979717475735, 0.033160785752154, 0.0 ], [ 117.403899470365459, 0.033136848948629, 0.0 ], [ 117.403783557842118, 0.03309495944069, 0.0 ], [ 117.403676561652503, 0.033053069894894, 0.0 ], [ 117.403527955776866, 0.03298125910009, 0.0 ], [ 117.40341798752101, 0.032951338130631, 0.0 ], [ 117.403322879846996, 0.032927401383427, 0.0 ], [ 117.403224800048122, 0.032900472505791, 0.0 ], [ 117.403138608575844, 0.032843622159769, 0.0 ], [ 117.403037556447842, 0.032762834736991, 0.0 ], [ 117.402936504343387, 0.032688031596097, 0.0 ] ] } },
{ "type": "Feature", "properties": { "Kl_Dat_Das": "Jalan non tol", "Nm_Ruas": "Jl. Linmas 2", "Thn_Data": 2015, "Status": "Jalan Kota", "Fungsi": "Jalan Lokal Sekunder", "Mendukung": null, "Ura_Dukung": null, "Kd_Bd_PU": null, "Kd_Jns_Inf": null, "Kd_Inf": "001 00 K 087", "Propinsi": "Kalimantan Timur", "Kab_Kota": "Bontang", "Kecamatan": "Bontang Selatan", "Desa_Kel": "Bontang Lestari", "Tk_Ruas_Aw": "Jl. Moh. Roem", "Tk_Ruas_Ak": "Buntu", "Kd_Patok": null, "Km_Awal": 0.0, "Km_Akhir": 0.0, "Nm_Lintas": "-", "Kon_Baik": 0.605, "Kon_Sdg": 0.087, "Kon_Rgn": 0.0, "Kon_Rusak": 0.0, "Kon_Mntp": 0.0, "Kon_T_Mntp": 0.0, "Panjang": 0.6923873823, "Lbr_Keras": 3.0, "LHRT": 0.0, "VCR": 0.0, "Tipe_Jln": 2, "MST": 0.0, "Tipe_Keras": "Beton", "Tanah_Kri": 0.0, "Macadam": 0.0, "Aspal": 0.0, "Rigid": 100.0, "Thn_Pen_Ak": 0, "Jns_Pen": null, "Koord_X_Aw": 117.4495573077, "Koord_Y_Aw": 0.0503777566, "Koord_X_Ak": 117.4544983067, "Koord_Y_Ak": 0.0473188966 }, "geometry": { "type": "LineString", "coordinates": [ [ 117.449557307710961, 0.050377756554322, 0.0 ], [ 117.449678493776304, 0.050049433292751, 0.0 ], [ 117.449692667173608, 0.050001426152775, 0.0 ], [ 117.449712970274419, 0.049955704201731, 0.0 ], [ 117.449739052562592, 0.049913056790835, 0.0 ], [ 117.449770463749232, 0.049874220191886, 0.0 ], [ 117.44980666154639, 0.049839864886192, 0.0 ], [ 117.449884427077322, 0.049796105102512, 0.0 ], [ 117.449964094153103, 0.049755961549896, 0.0 ], [ 117.450045496967036, 0.049719517776733, 0.0 ], [ 117.450128466099983, 0.049686849631298, 0.0 ], [ 117.45055185362196, 0.049541972422447, 0.0 ], [ 117.45062172102746, 0.049514700039247, 0.0 ], [ 117.450689272167338, 0.049482044485735, 0.0 ], [ 117.450754098546128, 0.049444203236842, 0.0 ], [ 117.450815808145606, 0.049401405126437, 0.0 ], [ 117.450874027795336, 0.049353908963536, 0.0 ], [ 117.450939247224568, 0.049294720432857, 0.0 ], [ 117.451001127076196, 0.049232002969998, 0.0 ], [ 117.451059479225705, 0.049165947246136, 0.0 ], [ 117.451114126273367, 0.049096754081315, 0.0 ], [ 117.451465296073067, 0.048659321704171, 0.0 ], [ 117.451565922033438, 0.048550447909133, 0.0 ], [ 117.45167136643245, 0.048446298319452, 0.0 ], [ 117.451781410669625, 0.048347088850944, 0.0 ], [ 117.451893272897522, 0.048257234368297, 0.0 ], [ 117.451936544473654, 0.048224242788146, 0.0 ], [ 117.451982490878237, 0.04819514684001, 0.0 ], [ 117.452030767037073, 0.048170165044945, 0.0 ], [ 117.452081010378592, 0.048149485025215, 0.0 ], [ 117.452132843557052, 0.048133262095178, 0.0 ], [ 117.452203548380581, 0.048103897006485, 0.0 ], [ 117.452275667816934, 0.048078254562334, 0.0 ], [ 117.452349008630719, 0.048056403468434, 0.0 ], [ 117.452407326427419, 0.0480414849862, 0.0 ], [ 117.452466843754877, 0.048032579781708, 0.0 ], [ 117.452526950475033, 0.048029779145904, 0.0 ], [ 117.452587030407983, 0.048033111789153, 0.0 ], [ 117.452671809973381, 0.048049558670284, 0.0 ], [ 117.452755572897189, 0.048070633875677, 0.0 ], [ 117.452830688656718, 0.048086583842649, 0.0 ], [ 117.452906553038503, 0.048098409479582, 0.0 ], [ 117.452982942782157, 0.048106075985054, 0.0 ], [ 117.453059633081352, 0.048109560797572, 0.0 ], [ 117.453443241652252, 0.048131079857482, 0.0 ], [ 117.45349071702033, 0.048126665718838, 0.0 ], [ 117.453537197634901, 0.048115978736192, 0.0 ], [ 117.453581869406307, 0.048099206088013, 0.0 ], [ 117.453623949926168, 0.048076641540724, 0.0 ], [ 117.453662702170746, 0.048048680303556, 0.0 ], [ 117.453697447409937, 0.048015812106621, 0.0 ], [ 117.453794397226403, 0.047915797650333, 0.0 ], [ 117.454325629615553, 0.047450528612863, 0.0 ], [ 117.45449830667593, 0.047318896597408, 0.0 ] ] } },
{ "type": "Feature", "properties": { "Kl_Dat_Das": "Jalan non tol", "Nm_Ruas": "Jl. Abdi Negara", "Thn_Data": 2015, "Status": "Jalan Kota", "Fungsi": "Jalan Lingkungan", "Mendukung": null, "Ura_Dukung": null, "Kd_Bd_PU": null, "Kd_Jns_Inf": null, "Kd_Inf": "001 00 K 432", "Propinsi": "Kalimantan Timur", "Kab_Kota": "Bontang", "Kecamatan": "Bontang Selatan", "Desa_Kel": "Bontang Lestari", "Tk_Ruas_Aw": "Jalan Urip Soemoharjo", "Tk_Ruas_Ak": "Sungai", "Kd_Patok": null, "Km_Awal": 0.0, "Km_Akhir": 0.0, "Nm_Lintas": "-", "Kon_Baik": 3.7853707761000002, "Kon_Sdg": 0.0, "Kon_Rgn": 0.0, "Kon_Rusak": 0.0, "Kon_Mntp": 0.0, "Kon_T_Mntp": 0.0, "Panjang": 3.7853707761000002, "Lbr_Keras": 6.0, "LHRT": 0.0, "VCR": 0.0, "Tipe_Jln": 2, "MST": 0.0, "Tipe_Keras": "Aspal, Beton", "Tanah_Kri": 0.0, "Macadam": 0.0, "Aspal": 27.03, "Rigid": 72.97, "Thn_Pen_Ak": 2017, "Jns_Pen": "Pembangunan", "Koord_X_Aw": 117.4681510219, "Koord_Y_Aw": 0.036208997, "Koord_X_Ak": 117.48850384150001, "Koord_Y_Ak": 0.0557530976 }, "geometry": { "type": "LineString", "coordinates": [ [ 117.468151021918459, 0.036208996992001, 0.0 ], [ 117.468182616863146, 0.03655478598303, 0.0 ], [ 117.468206407902983, 0.037072555798462, 0.0 ], [ 117.468233477039959, 0.037499939263287, 0.0 ], [ 117.468287600236181, 0.037977402932171, 0.0 ], [ 117.468299404132537, 0.038032401545777, 0.0 ], [ 117.468317686985998, 0.03808557372354, 0.0 ], [ 117.468342183853821, 0.03813614893032, 0.0 ], [ 117.46837253974391, 0.038183394264578, 0.0 ], [ 117.468408314759301, 0.038226625078986, 0.0 ], [ 117.468448990472638, 0.038265214901991, 0.0 ], [ 117.468493977438968, 0.038298604516174, 0.0 ], [ 117.468559166818977, 0.038327432838238, 0.0 ], [ 117.468625943967666, 0.038352306640257, 0.0 ], [ 117.468694072440542, 0.038373137849195, 0.0 ], [ 117.469380156178559, 0.038574171238943, 0.0 ], [ 117.469465003018996, 0.038598773840895, 0.0 ], [ 117.469548336696405, 0.038628154345036, 0.0 ], [ 117.469629891979949, 0.038662219240176, 0.0 ], [ 117.469709409299114, 0.038700860105888, 0.0 ], [ 117.469786635569719, 0.038743953957559, 0.0 ], [ 117.47010538102181, 0.038921589134175, 0.0 ], [ 117.470259256695016, 0.038989887896797, 0.0 ], [ 117.47041517299995, 0.039053322894593, 0.0 ], [ 117.470572978295479, 0.039111832432325, 0.0 ], [ 117.470795098702396, 0.039202720595399, 0.0 ], [ 117.470977083555752, 0.039295707459871, 0.0 ], [ 117.471156666057112, 0.039393313371318, 0.0 ], [ 117.471333730556381, 0.039495475471656, 0.0 ], [ 117.471562099608775, 0.039653190468543, 0.0 ], [ 117.471787396441655, 0.039815321975794, 0.0 ], [ 117.472030651539512, 0.040016997403632, 0.0 ], [ 117.472087316545043, 0.04006500693255, 0.0 ], [ 117.472147295449702, 0.040108746399871, 0.0 ], [ 117.472210271446514, 0.040147984775014, 0.0 ], [ 117.472275911897782, 0.040182514802038, 0.0 ], [ 117.472343870092388, 0.040212154094369, 0.0 ], [ 117.472793277509936, 0.040407488463418, 0.0 ], [ 117.472896862426197, 0.040446073497716, 0.0 ], [ 117.473001997022095, 0.040480146681416, 0.0 ], [ 117.473108487497143, 0.040509645205734, 0.0 ], [ 117.473216137551475, 0.04053451469462, 0.0 ], [ 117.473265857869947, 0.040547680808681, 0.0 ], [ 117.473316726345772, 0.040555183665252, 0.0 ], [ 117.473368108595309, 0.040556929695886, 0.0 ], [ 117.473419363827617, 0.040552897125887, 0.0 ], [ 117.473673346500817, 0.040491471768881, 0.0 ], [ 117.473750178115836, 0.040471796031089, 0.0 ], [ 117.473828407473263, 0.040458855084012, 0.0 ], [ 117.473907453231533, 0.040452745094749, 0.0 ], [ 117.473986727982179, 0.040453511467893, 0.0 ], [ 117.47514646435387, 0.040462121259606, 0.0 ], [ 117.475545015262426, 0.040479376402394, 0.0 ], [ 117.475730512444613, 0.040494280539906, 0.0 ], [ 117.475915549532289, 0.040514153078169, 0.0 ], [ 117.476099995249854, 0.040538979918085, 0.0 ], [ 117.476283718741243, 0.040568743445702, 0.0 ], [ 117.476582603689835, 0.040637847616802, 0.0 ], [ 117.4766190268288, 0.040650272174003, 0.0 ], [ 117.476653316561794, 0.040667801266362, 0.0 ], [ 117.476684771306893, 0.040690076241405, 0.0 ], [ 117.476712747487213, 0.040716641344026, 0.0 ], [ 117.476736672698777, 0.040746953041345, 0.0 ], [ 117.476756057422051, 0.040780391143662, 0.0 ], [ 117.476896431433886, 0.041162525038112, 0.0 ], [ 117.477066312049999, 0.041763256260623, 0.0 ], [ 117.477204524848247, 0.042199328005418, 0.0 ], [ 117.477252202440923, 0.042326605854997, 0.0 ], [ 117.477305145549352, 0.042451756426855, 0.0 ], [ 117.477363260822784, 0.042574559052257, 0.0 ], [ 117.47741391065442, 0.042665460376694, 0.0 ], [ 117.477469719452884, 0.042753246517759, 0.0 ], [ 117.477530498780538, 0.042837621067045, 0.0 ], [ 117.477596043416867, 0.0429182991354, 0.0 ], [ 117.477651235098563, 0.042973030501471, 0.0 ], [ 117.477711165103386, 0.043022453791039, 0.0 ], [ 117.47777533164313, 0.04306615518792, 0.0 ], [ 117.477843197457545, 0.04310376878475, 0.0 ], [ 117.477901231806783, 0.043136433921551, 0.0 ], [ 117.477956400623768, 0.043173794132659, 0.0 ], [ 117.478008330012372, 0.043215596216211, 0.0 ], [ 117.478254255064257, 0.04344158425562, 0.0 ], [ 117.478585270406612, 0.043783444463918, 0.0 ], [ 117.478795397364493, 0.043979155244963, 0.0 ], [ 117.478825961551323, 0.044010687625692, 0.0 ], [ 117.478860324103252, 0.044037970227828, 0.0 ], [ 117.47889790643822, 0.044060543678623, 0.0 ], [ 117.478938075760979, 0.044078027896074, 0.0 ], [ 117.478971600225606, 0.044091872045503, 0.0 ], [ 117.479002910163629, 0.044110234498602, 0.0 ], [ 117.479031408303413, 0.044132764971205, 0.0 ], [ 117.479056551011439, 0.044159033669577, 0.0 ], [ 117.479347608073155, 0.04461148235951, 0.0 ], [ 117.479438077063733, 0.044716699689047, 0.0 ], [ 117.479532473630698, 0.044818359873316, 0.0 ], [ 117.479630659889708, 0.044916314418309, 0.0 ], [ 117.479838882016864, 0.045105836223059, 0.0 ], [ 117.479912970452801, 0.045180042382268, 0.0 ], [ 117.47998241954636, 0.045258664766749, 0.0 ], [ 117.480046970083407, 0.045341409923485, 0.0 ], [ 117.480106381133425, 0.045427969011481, 0.0 ], [ 117.480160430948743, 0.045518018954533, 0.0 ], [ 117.48050381614209, 0.046107563517876, 0.0 ], [ 117.480620414454322, 0.046276479645322, 0.0 ], [ 117.480685815455047, 0.046365650307927, 0.0 ], [ 117.480756553489925, 0.046450591476351, 0.0 ], [ 117.480832359357521, 0.046530979897906, 0.0 ], [ 117.480912944570207, 0.046606509645854, 0.0 ], [ 117.48118753218337, 0.046859907755783, 0.0 ], [ 117.481273547344756, 0.046957669022247, 0.0 ], [ 117.481354661822593, 0.04705958757255, 0.0 ], [ 117.481430677659588, 0.047165414677325, 0.0 ], [ 117.481463947517597, 0.047216556661915, 0.0 ], [ 117.481492917826245, 0.047270284924789, 0.0 ], [ 117.481517391502678, 0.047326233956431, 0.0 ], [ 117.481537202054298, 0.047384023139542, 0.0 ], [ 117.481552214711328, 0.047443259338506, 0.0 ], [ 117.481562327343795, 0.047503539573695, 0.0 ], [ 117.481558905415497, 0.047579732068914, 0.0 ], [ 117.48154851608038, 0.047655281829229, 0.0 ], [ 117.481531247948581, 0.047729544493651, 0.0 ], [ 117.481507248299309, 0.047801886678865, 0.0 ], [ 117.481498717504863, 0.047845368152347, 0.0 ], [ 117.481496117236347, 0.04788961229701, 0.0 ], [ 117.481499495449327, 0.047933803138963, 0.0 ], [ 117.481509520446792, 0.048134184385587, 0.0 ], [ 117.481513943291574, 0.048167415945544, 0.0 ], [ 117.4815230696491, 0.048199661036326, 0.0 ], [ 117.481536709587559, 0.048230248594163, 0.0 ], [ 117.481554579241461, 0.048258542050827, 0.0 ], [ 117.481576306719205, 0.048283952581395, 0.0 ], [ 117.481819987344252, 0.048586994014908, 0.0 ], [ 117.48184677856996, 0.048634078732986, 0.0 ], [ 117.481868033957639, 0.048683944010781, 0.0 ], [ 117.481883473479442, 0.048735932901004, 0.0 ], [ 117.481892893728357, 0.048789360479038, 0.0 ], [ 117.481896170597835, 0.048843522866293, 0.0 ], [ 117.481881213424401, 0.04890817497418, 0.0 ], [ 117.481861798363141, 0.048971614672423, 0.0 ], [ 117.481838020631145, 0.049033530833987, 0.0 ], [ 117.481809996841406, 0.049093619803703, 0.0 ], [ 117.48177786443074, 0.049151586887553, 0.0 ], [ 117.481554723168699, 0.049497200111479, 0.0 ], [ 117.481369094649423, 0.049735439368583, 0.0 ], [ 117.481354089223217, 0.049784842529561, 0.0 ], [ 117.481344369346843, 0.04983556852394, 0.0 ], [ 117.481340044514127, 0.049887045927146, 0.0 ], [ 117.481341163443972, 0.049938694850029, 0.0 ], [ 117.481347713531719, 0.049989933471232, 0.0 ], [ 117.48156249181865, 0.050514019245697, 0.0 ], [ 117.481631412684024, 0.050699962765019, 0.0 ], [ 117.481695720547364, 0.050887573765274, 0.0 ], [ 117.48173090094879, 0.05103388814783, 0.0 ], [ 117.48176059955037, 0.051181429198929, 0.0 ], [ 117.481784774467386, 0.051329988837662, 0.0 ], [ 117.481799841471087, 0.051500068286896, 0.0 ], [ 117.481810832402402, 0.051670463912926, 0.0 ], [ 117.481817740876039, 0.051841076723308, 0.0 ], [ 117.481799111097416, 0.052047556011133, 0.0 ], [ 117.481794513976965, 0.052147866663042, 0.0 ], [ 117.481794899016208, 0.05224828327495, 0.0 ], [ 117.48179204833886, 0.052853377158622, 0.0 ], [ 117.481777794818854, 0.053543851148038, 0.0 ], [ 117.481787756996738, 0.053844659359148, 0.0 ], [ 117.481814846064708, 0.054249379783657, 0.0 ], [ 117.481823288918818, 0.054343883387357, 0.0 ], [ 117.481836244633712, 0.054437867728468, 0.0 ], [ 117.48185368311816, 0.05453111451696, 0.0 ], [ 117.481875563869139, 0.054623407175881, 0.0 ], [ 117.481890390601592, 0.054666206233158, 0.0 ], [ 117.481909031932602, 0.054707465966105, 0.0 ], [ 117.481931332553117, 0.054746842622014, 0.0 ], [ 117.481957106667025, 0.054784008136913, 0.0 ], [ 117.482461483980998, 0.055243144905705, 0.0 ], [ 117.482699183163007, 0.055408373703287, 0.0 ], [ 117.483119746437524, 0.055622928880199, 0.0 ], [ 117.483467846526011, 0.055767395069128, 0.0 ], [ 117.483541162468413, 0.055790105180586, 0.0 ], [ 117.48358153860687, 0.055799451299066, 0.0 ], [ 117.483622769295309, 0.05580353415493, 0.0 ], [ 117.483664180432484, 0.05580228699563, 0.0 ], [ 117.483705094966979, 0.055795730211686, 0.0 ], [ 117.484039865976712, 0.055680994513744, 0.0 ], [ 117.48412601388371, 0.055659249716727, 0.0 ], [ 117.484213429172812, 0.055643441796827, 0.0 ], [ 117.48430170865069, 0.055633643666067, 0.0 ], [ 117.484390445138047, 0.055629900517012, 0.0 ], [ 117.485096496741363, 0.055632766636128, 0.0 ], [ 117.485314945448422, 0.055625905733043, 0.0 ], [ 117.4855332034642, 0.055614439644357, 0.0 ], [ 117.485751175011174, 0.055598373402146, 0.0 ], [ 117.486750932307189, 0.055490680146517, 0.0 ], [ 117.487156975368407, 0.055443177723739, 0.0 ], [ 117.487267302712326, 0.055445175269759, 0.0 ], [ 117.487377389416281, 0.055452774447162, 0.0 ], [ 117.487486955043636, 0.055465955897401, 0.0 ], [ 117.487595720485047, 0.055484686041523, 0.0 ], [ 117.487703408669745, 0.055508917165806, 0.0 ], [ 117.488136117249852, 0.055639744396578, 0.0 ], [ 117.488503841490783, 0.055753097572281, 0.0 ] ] } },
{ "type": "Feature", "properties": { "Kl_Dat_Das": "Jalan non tol", "Nm_Ruas": "Jl. Prestasi", "Thn_Data": 2015, "Status": "Jalan Kota", "Fungsi": "Jalan Lingkungan", "Mendukung": null, "Ura_Dukung": null, "Kd_Bd_PU": null, "Kd_Jns_Inf": null, "Kd_Inf": "001 00 K 089", "Propinsi": "Kalimantan Timur", "Kab_Kota": "Bontang", "Kecamatan": "Bontang Selatan", "Desa_Kel": "Bontang Lestari", "Tk_Ruas_Aw": "Jl. Moh. Roem", "Tk_Ruas_Ak": "Buntu", "Kd_Patok": null, "Km_Awal": 0.0, "Km_Akhir": 0.0, "Nm_Lintas": "-", "Kon_Baik": 3.0228503913, "Kon_Sdg": 0.0, "Kon_Rgn": 0.0, "Kon_Rusak": 0.0, "Kon_Mntp": 0.0, "Kon_T_Mntp": 0.0, "Panjang": 3.046976972, "Lbr_Keras": 5.0, "LHRT": 0.0, "VCR": 0.0, "Tipe_Jln": 4, "MST": 0.0, "Tipe_Keras": "Beton", "Tanah_Kri": 0.0, "Macadam": 0.0, "Aspal": 0.0, "Rigid": 100.0, "Thn_Pen_Ak": 2015, "Jns_Pen": "Peningkatan", "Koord_X_Aw": 117.44416777230001, "Koord_Y_Aw": 0.0634107089, "Koord_X_Ak": 117.46497797390001, "Koord_Y_Ak": 0.0514612953 }, "geometry": { "type": "LineString", "coordinates": [ [ 117.464977973925258, 0.051461295281821, 0.0 ], [ 117.464905363460716, 0.051519780652688, 0.0 ], [ 117.464796795929516, 0.051613822969753, 0.0 ], [ 117.464691633708696, 0.051711708703629, 0.0 ], [ 117.464616868782514, 0.05178973715733, 0.0 ], [ 117.46454583732033, 0.051871224129553, 0.0 ], [ 117.464478696982567, 0.051955988753133, 0.0 ], [ 117.464415596793017, 0.052043842885969, 0.0 ], [ 117.464356676808038, 0.05213459152845, 0.0 ], [ 117.464305540229248, 0.052213770226808, 0.0 ], [ 117.464260310303487, 0.052296511797755, 0.0 ], [ 117.464221230708191, 0.052382370469339, 0.0 ], [ 117.464188511985711, 0.052470883676018, 0.0 ], [ 117.464162330409039, 0.052561574550877, 0.0 ], [ 117.46414282703212, 0.052653954494729, 0.0 ], [ 117.464034230874645, 0.053407782024519, 0.0 ], [ 117.463942915306504, 0.054080065125042, 0.0 ], [ 117.46392802783933, 0.054161994094848, 0.0 ], [ 117.463906556520655, 0.054242428776471, 0.0 ], [ 117.463878644243678, 0.054320833871047, 0.0 ], [ 117.463844476766582, 0.054396687586709, 0.0 ], [ 117.463804281476413, 0.054469485111089, 0.0 ], [ 117.463758325875816, 0.054538741971171, 0.0 ], [ 117.463706915802646, 0.054603997257117, 0.0 ], [ 117.463633386999547, 0.05466842483686, 0.0 ], [ 117.463557128159323, 0.054729551404868, 0.0 ], [ 117.463478285382024, 0.0547872598521, 0.0 ], [ 117.463397009718037, 0.054841439617893, 0.0 ], [ 117.462464437260408, 0.055495297363605, 0.0 ], [ 117.462166288378256, 0.05569302393448, 0.0 ], [ 117.46207474161902, 0.05574734352657, 0.0 ], [ 117.461980658785436, 0.055797077634751, 0.0 ], [ 117.461884266316332, 0.055842106558544, 0.0 ], [ 117.461785796209526, 0.055882321921923, 0.0 ], [ 117.461685485463249, 0.055917626934098, 0.0 ], [ 117.460920852429211, 0.056154306874231, 0.0 ], [ 117.460614318701104, 0.056243514043514, 0.0 ], [ 117.460510739152568, 0.056286658285445, 0.0 ], [ 117.46040962672393, 0.0563353743504, 0.0 ], [ 117.460311276880546, 0.056389519883139, 0.0 ], [ 117.460215977015054, 0.056448936662858, 0.0 ], [ 117.460124005607582, 0.056513451065297, 0.0 ], [ 117.460035631412126, 0.056582874570154, 0.0 ], [ 117.459951112671078, 0.056657004312095, 0.0 ], [ 117.459886953465713, 0.056729771666925, 0.0 ], [ 117.459826943410377, 0.056806042580203, 0.0 ], [ 117.459771270913322, 0.056885577591124, 0.0 ], [ 117.459720110764579, 0.05696812699076, 0.0 ], [ 117.459673623587179, 0.057053431606447, 0.0 ], [ 117.459631955332839, 0.057141223614932, 0.0 ], [ 117.459469818731876, 0.057563709377627, 0.0 ], [ 117.459341675779456, 0.057886233196137, 0.0 ], [ 117.459292328975934, 0.058000565492102, 0.0 ], [ 117.459238192170858, 0.058112679202802, 0.0 ], [ 117.459179363523305, 0.058222371047069, 0.0 ], [ 117.459115949699509, 0.058329442134711, 0.0 ], [ 117.459048065679397, 0.058433698327601, 0.0 ], [ 117.458947129293904, 0.058554823681193, 0.0 ], [ 117.458841197696145, 0.058671545693824, 0.0 ], [ 117.458730460223094, 0.058783655741838, 0.0 ], [ 117.458311335645348, 0.059165084918753, 0.0 ], [ 117.458247210469423, 0.059215401587039, 0.0 ], [ 117.458179700538892, 0.059261010679986, 0.0 ], [ 117.4581091461814, 0.059301682275137, 0.0 ], [ 117.45803590307213, 0.059337211340584, 0.0 ], [ 117.457960340440508, 0.059367418768864, 0.0 ], [ 117.457882839209248, 0.059392152279527, 0.0 ], [ 117.457214318494181, 0.05954012834786, 0.0 ], [ 117.456692204050242, 0.059652427218244, 0.0 ], [ 117.456603021895219, 0.059672734183425, 0.0 ], [ 117.456515480549228, 0.059699309809641, 0.0 ], [ 117.456430014184079, 0.059732022292136, 0.0 ], [ 117.456347046680577, 0.059770709389599, 0.0 ], [ 117.4562669895261, 0.059815179228962, 0.0 ], [ 117.455792193266475, 0.06015074794059, 0.0 ], [ 117.455389148703887, 0.060481641746832, 0.0 ], [ 117.454938436481015, 0.060904188129401, 0.0 ], [ 117.454881530020586, 0.060959588568481, 0.0 ], [ 117.454828054293799, 0.061018350986623, 0.0 ], [ 117.454778204904699, 0.061080260442247, 0.0 ], [ 117.45473216419289, 0.061145090482519, 0.0 ], [ 117.454690100566509, 0.061212603971607, 0.0 ], [ 117.454394705925196, 0.061752225224206, 0.0 ], [ 117.454333542162985, 0.061858826441636, 0.0 ], [ 117.454266454679555, 0.061961752732226, 0.0 ], [ 117.454193660690052, 0.062060670842004, 0.0 ], [ 117.45411539588612, 0.062155260494559, 0.0 ], [ 117.454031913672665, 0.062245215428091, 0.0 ], [ 117.453630632986361, 0.062601397636938, 0.0 ], [ 117.452970975998653, 0.063243933814288, 0.0 ], [ 117.452847175932817, 0.06336377661971, 0.0 ], [ 117.452805474663251, 0.063400934167315, 0.0 ], [ 117.452760209287163, 0.063433591989909, 0.0 ], [ 117.452711856798913, 0.063461405947974, 0.0 ], [ 117.45266092672415, 0.063484082945312, 0.0 ], [ 117.452607955750366, 0.063501384017665, 0.0 ], [ 117.452553502071609, 0.063513126850781, 0.0 ], [ 117.452498139506275, 0.063519187701696, 0.0 ], [ 117.452442451450338, 0.063519502702655, 0.0 ], [ 117.451731610750485, 0.063450331358077, 0.0 ], [ 117.451026261230894, 0.063364264575831, 0.0 ], [ 117.450519457919327, 0.063302279903515, 0.0 ], [ 117.450368149246415, 0.063270877464384, 0.0 ], [ 117.450218362023193, 0.063232793197043, 0.0 ], [ 117.450070387235115, 0.063188101085742, 0.0 ], [ 117.449924512346669, 0.063136887951589, 0.0 ], [ 117.449766429740535, 0.063064670736598, 0.0 ], [ 117.449606213065167, 0.062997388727279, 0.0 ], [ 117.449444014294741, 0.062935105744558, 0.0 ], [ 117.449287769775424, 0.062880595982403, 0.0 ], [ 117.449279987283688, 0.062877880867769, 0.0 ], [ 117.449114287620574, 0.062825768378094, 0.0 ], [ 117.448972578787746, 0.0627834291972, 0.0 ], [ 117.448829522201919, 0.062745964233302, 0.0 ], [ 117.448685283228102, 0.06271341679409, 0.0 ], [ 117.448540028598202, 0.062685824502833, 0.0 ], [ 117.44839392621806, 0.062663219254824, 0.0 ], [ 117.448281487437328, 0.062647463362654, 0.0 ], [ 117.448168287031834, 0.062638856844784, 0.0 ], [ 117.44805477307716, 0.062637433768299, 0.0 ], [ 117.447941394890108, 0.062643199766412, 0.0 ], [ 117.447828601250052, 0.062656132016221, 0.0 ], [ 117.447716838622711, 0.06267617932893, 0.0 ], [ 117.447631345515049, 0.062701961415281, 0.0 ], [ 117.447548152673903, 0.062734488113818, 0.0 ], [ 117.447467784162939, 0.062773554526734, 0.0 ], [ 117.447390746254158, 0.06281891455992, 0.0 ], [ 117.447317524238997, 0.062870282473401, 0.0 ], [ 117.447248579371049, 0.062927334681206, 0.0 ], [ 117.447184345960594, 0.062989711789736, 0.0 ], [ 117.447023323590912, 0.063198089615104, 0.0 ], [ 117.44686466602117, 0.063408297901514, 0.0 ], [ 117.44681793086859, 0.063468897433728, 0.0 ], [ 117.446766578709969, 0.063525583494215, 0.0 ], [ 117.446710931653698, 0.063578000517142, 0.0 ], [ 117.44665133874814, 0.063625819714439, 0.0 ], [ 117.446588173792222, 0.063668741138149, 0.0 ], [ 117.446521832990712, 0.06370649556164, 0.0 ], [ 117.445923259434423, 0.06391053376765, 0.0 ], [ 117.445849471656274, 0.063930641339995, 0.0 ], [ 117.445774319273852, 0.063944724014128, 0.0 ], [ 117.445698286843495, 0.063952690989699, 0.0 ], [ 117.445621864595793, 0.063954490898222, 0.0 ], [ 117.445545545274697, 0.063950112134342, 0.0 ], [ 117.445469820960724, 0.063939582930601, 0.0 ], [ 117.445395179897858, 0.063922971175482, 0.0 ], [ 117.44532210334576, 0.063900383975571, 0.0 ], [ 117.445251062476729, 0.063871966965086, 0.0 ], [ 117.445182515337621, 0.063837903366918, 0.0 ], [ 117.445077288387196, 0.063764315935248, 0.0 ], [ 117.444975219970033, 0.063686349826448, 0.0 ], [ 117.444876489738689, 0.063604142269929, 0.0 ], [ 117.444821789623134, 0.063565614441036, 0.0 ], [ 117.444763530479761, 0.063532797800858, 0.0 ], [ 117.444702298589448, 0.063506022594199, 0.0 ], [ 117.444638710148865, 0.063485558268937, 0.0 ], [ 117.444573252958435, 0.063463199820574, 0.0 ], [ 117.444507153410015, 0.063450753149079, 0.0 ], [ 117.444441767219558, 0.063444769462922, 0.0 ], [ 117.444378758716567, 0.063439982606368, 0.0 ], [ 117.444262727904928, 0.063424424554589, 0.0 ], [ 117.444167772251177, 0.063410708916428, 0.0 ] ] } },
{ "type": "Feature", "properties": { "Kl_Dat_Das": "Jalan non tol", "Nm_Ruas": "Jl. Karya Bakti", "Thn_Data": 2015, "Status": "Jalan Kota", "Fungsi": "Jalan Kolektor", "Mendukung": null, "Ura_Dukung": null, "Kd_Bd_PU": null, "Kd_Jns_Inf": null, "Kd_Inf": "001 00 K 092", "Propinsi": "Kalimantan Timur", "Kab_Kota": "Bontang", "Kecamatan": "Bontang Selatan", "Desa_Kel": "Bontang Lestari", "Tk_Ruas_Aw": "Sp. 4 Jl. Moh. Roem - Jl. Ir. Soekarno Hatta - Jl. Pramuka", "Tk_Ruas_Ak": "Buntu", "Kd_Patok": null, "Km_Awal": 0.0, "Km_Akhir": 0.0, "Nm_Lintas": "-", "Kon_Baik": 2.4460997514999998, "Kon_Sdg": 0.0, "Kon_Rgn": 0.0, "Kon_Rusak": 0.0, "Kon_Mntp": 0.0, "Kon_T_Mntp": 0.0, "Panjang": 2.4460997514999998, "Lbr_Keras": 6.0, "LHRT": 0.0, "VCR": 0.0, "Tipe_Jln": 4, "MST": 0.0, "Tipe_Keras": "Beton", "Tanah_Kri": 0.0, "Macadam": 0.0, "Aspal": 0.0, "Rigid": 100.0, "Thn_Pen_Ak": 2018, "Jns_Pen": "Rehabilitasi / Pemeliharaan & Peningkatan", "Koord_X_Aw": 117.4552687054, "Koord_Y_Aw": 0.075990745, "Koord_X_Ak": 117.472179381, "Koord_Y_Ak": 0.068062905 }, "geometry": { "type": "LineString", "coordinates": [ [ 117.455268705360282, 0.075990744997044, 0.0 ], [ 117.455338366654203, 0.075954469553339, 0.0 ], [ 117.455387100421532, 0.075923483897666, 0.0 ], [ 117.455432825775446, 0.075888155075952, 0.0 ], [ 117.455475161997754, 0.07584877724298, 0.0 ], [ 117.455513756588729, 0.075805678266435, 0.0 ], [ 117.455548288202294, 0.075759216996947, 0.0 ], [ 117.455606061277464, 0.075678174892842, 0.0 ], [ 117.455659372231793, 0.0755940904377, 0.0 ], [ 117.455708063363446, 0.075507212366286, 0.0 ], [ 117.455751990636699, 0.075417797677424, 0.0 ], [ 117.455796710691772, 0.075304893343106, 0.0 ], [ 117.455835921130756, 0.075189932190816, 0.0 ], [ 117.455869529073567, 0.075073186536308, 0.0 ], [ 117.455897454911053, 0.074954932922366, 0.0 ], [ 117.45590705171918, 0.074872169128118, 0.0 ], [ 117.455921816966921, 0.074790179926974, 0.0 ], [ 117.455941691803218, 0.074709292109381, 0.0 ], [ 117.45596659701134, 0.074629828076046, 0.0 ], [ 117.455991069909146, 0.074545563300264, 0.0 ], [ 117.456021733518611, 0.074463376912074, 0.0 ], [ 117.456058416121692, 0.074383729160079, 0.0 ], [ 117.456100912293451, 0.074307066076283, 0.0 ], [ 117.45614898405276, 0.07423381697833, 0.0 ], [ 117.456194235016866, 0.074176917532453, 0.0 ], [ 117.456243161933585, 0.074123189774496, 0.0 ], [ 117.456295546040906, 0.0740728739318, 0.0 ], [ 117.456351153119144, 0.074026194976311, 0.0 ], [ 117.456409734537985, 0.073983361618752, 0.0 ], [ 117.45647011694588, 0.073948976774686, 0.0 ], [ 117.456533681194642, 0.07392100168197, 0.0 ], [ 117.456599758158475, 0.073899730827546, 0.0 ], [ 117.456667652260947, 0.073885388124485, 0.0 ], [ 117.456911260484162, 0.073824989636701, 0.0 ], [ 117.457156470808343, 0.073771564492801, 0.0 ], [ 117.457261797489011, 0.073754400856835, 0.0 ], [ 117.45736598091699, 0.073731220001897, 0.0 ], [ 117.457468682206496, 0.073702097330484, 0.0 ], [ 117.457524700055231, 0.073679556638, 0.0 ], [ 117.457577937118458, 0.073650990825721, 0.0 ], [ 117.457627756323816, 0.073616741732545, 0.0 ], [ 117.457673561499476, 0.07357721920755, 0.0 ], [ 117.457714804508313, 0.073532896205271, 0.0 ], [ 117.457743489520084, 0.073484659618451, 0.0 ], [ 117.457766949203616, 0.073433640739411, 0.0 ], [ 117.457784920704313, 0.073380411210618, 0.0 ], [ 117.457797202660103, 0.073325567443757, 0.0 ], [ 117.457803657457561, 0.073269723937181, 0.0 ], [ 117.457804212773723, 0.073213506391007, 0.0 ], [ 117.457792212209583, 0.073122347328547, 0.0 ], [ 117.457773814031256, 0.073032275894821, 0.0 ], [ 117.457749110746789, 0.072943746639808, 0.0 ], [ 117.457718226703307, 0.072857206424002, 0.0 ], [ 117.457687094217832, 0.072770597972567, 0.0 ], [ 117.457661741753242, 0.072682099819576, 0.0 ], [ 117.45764228117298, 0.072592102448091, 0.0 ], [ 117.457628798343606, 0.072501002956248, 0.0 ], [ 117.457622592231473, 0.072436122895671, 0.0 ], [ 117.457622254982127, 0.07237094357635, 0.0 ], [ 117.457627789373745, 0.072306001946789, 0.0 ], [ 117.457639149813971, 0.07224183299731, 0.0 ], [ 117.45765624271516, 0.072178965352791, 0.0 ], [ 117.457678927265661, 0.072117916918089, 0.0 ], [ 117.457793050370952, 0.071939344399038, 0.0 ], [ 117.457913000387151, 0.071764685372113, 0.0 ], [ 117.45803864502227, 0.07159413246673, 0.0 ], [ 117.458091670285697, 0.071521931183258, 0.0 ], [ 117.458148870331186, 0.071453035350137, 0.0 ], [ 117.458210042326684, 0.07138768927262, 0.0 ], [ 117.458274969355656, 0.071326124668372, 0.0 ], [ 117.458343421186157, 0.071268559845836, 0.0 ], [ 117.458465952339608, 0.071175044713931, 0.0 ], [ 117.458591043211044, 0.071085029909024, 0.0 ], [ 117.458718595171234, 0.070998586403886, 0.0 ], [ 117.458848507650515, 0.070915782355572, 0.0 ], [ 117.458959153132511, 0.070835440587737, 0.0 ], [ 117.459066792432822, 0.070751061227199, 0.0 ], [ 117.459171280257166, 0.070662758171588, 0.0 ], [ 117.459272475565257, 0.070570650615008, 0.0 ], [ 117.459370241761036, 0.070474862886824, 0.0 ], [ 117.459576384867447, 0.070252827607632, 0.0 ], [ 117.45978753162035, 0.070035610082851, 0.0 ], [ 117.459939304871625, 0.069909890821672, 0.0 ], [ 117.460095452344788, 0.069789723425683, 0.0 ], [ 117.460255773766775, 0.069675262019523, 0.0 ], [ 117.460420063511151, 0.069566653409586, 0.0 ], [ 117.460595344709191, 0.069463973042734, 0.0 ], [ 117.46077358903942, 0.069366599808101, 0.0 ], [ 117.46095463800367, 0.069274620291222, 0.0 ], [ 117.461049404940837, 0.069234393880446, 0.0 ], [ 117.461067809729954, 0.069227907181586, 0.0 ], [ 117.461146474572701, 0.069200182052981, 0.0 ], [ 117.461245470683394, 0.069172117404404, 0.0 ], [ 117.461346009590514, 0.069150308705518, 0.0 ], [ 117.461425832244117, 0.069144590817029, 0.0 ], [ 117.461505837659658, 0.069142833376005, 0.0 ], [ 117.461585832076693, 0.06914504063844, 0.0 ], [ 117.462160306123792, 0.069181181568921, 0.0 ], [ 117.462305160417557, 0.069208853554521, 0.0 ], [ 117.462448618195538, 0.069243114538729, 0.0 ], [ 117.462590383901684, 0.069283893935495, 0.0 ], [ 117.462730165466141, 0.069331107729592, 0.0 ], [ 117.463083183614003, 0.069445062730799, 0.0 ], [ 117.463136239388902, 0.069455650646468, 0.0 ], [ 117.463190160377962, 0.069459927847955, 0.0 ], [ 117.463244208551643, 0.069457835792326, 0.0 ], [ 117.46329764413953, 0.069449403114136, 0.0 ], [ 117.463349735755969, 0.069434745233722, 0.0 ], [ 117.463399770410547, 0.069414062777047, 0.0 ], [ 117.463907595591479, 0.069068722421666, 0.0 ], [ 117.464223614825016, 0.068861729624248, 0.0 ], [ 117.464288559312322, 0.068820088218931, 0.0 ], [ 117.464356371943708, 0.068783371861578, 0.0 ], [ 117.464426684884174, 0.068751779712051, 0.0 ], [ 117.464499116736377, 0.068725483134848, 0.0 ], [ 117.464573274609407, 0.06870462476994, 0.0 ], [ 117.464648756250028, 0.068689317758766, 0.0 ], [ 117.46472515222446, 0.068679645130711, 0.0 ], [ 117.464796240325867, 0.068678712469688, 0.0 ], [ 117.464867228929464, 0.068682610833819, 0.0 ], [ 117.464937794476782, 0.068691322454666, 0.0 ], [ 117.465007615337683, 0.068704807625426, 0.0 ], [ 117.465076373276204, 0.068723004882106, 0.0 ], [ 117.465759607090831, 0.068920343886335, 0.0 ], [ 117.466079921555448, 0.068998860737613, 0.0 ], [ 117.466164477141817, 0.069012717592351, 0.0 ], [ 117.466249658750783, 0.069021899966113, 0.0 ], [ 117.466335211605383, 0.069026380394767, 0.0 ], [ 117.466420879818287, 0.069026145477581, 0.0 ], [ 117.466756892285929, 0.069035412066771, 0.0 ], [ 117.467092809756707, 0.069047682076245, 0.0 ], [ 117.467272095079579, 0.06906143172489, 0.0 ], [ 117.467450940549526, 0.06908010540328, 0.0 ], [ 117.467629212758666, 0.069103689181644, 0.0 ], [ 117.467757971146654, 0.069126421906385, 0.0 ], [ 117.467886001636032, 0.069152996708114, 0.0 ], [ 117.46797471815772, 0.069172111056, 0.0 ], [ 117.468064374943381, 0.069186088611773, 0.0 ], [ 117.468154678783009, 0.069194883664007, 0.0 ], [ 117.468264451599097, 0.069200512339075, 0.0 ], [ 117.468374360245406, 0.069199312878779, 0.0 ], [ 117.468483986061443, 0.069191289852371, 0.0 ], [ 117.468553644779959, 0.069183895047418, 0.0 ], [ 117.468623673128448, 0.069182361327694, 0.0 ], [ 117.468693585382056, 0.069186699331065, 0.0 ], [ 117.468762896621399, 0.069196878968501, 0.0 ], [ 117.468831126095736, 0.069212829632621, 0.0 ], [ 117.46946715481991, 0.069419877680415, 0.0 ], [ 117.469553495147764, 0.069437824275994, 0.0 ], [ 117.469640794267093, 0.069450207520088, 0.0 ], [ 117.469728698854055, 0.069456977294409, 0.0 ], [ 117.470550184397325, 0.069529976670644, 0.0 ], [ 117.470956766206569, 0.069565877965684, 0.0 ], [ 117.471005531785863, 0.069568890256728, 0.0 ], [ 117.471054297366592, 0.069565877994292, 0.0 ], [ 117.47110233135345, 0.069556886369243, 0.0 ], [ 117.471148913126868, 0.069542050276692, 0.0 ], [ 117.471193343853841, 0.069521592292069, 0.0 ], [ 117.471241613447845, 0.069490001174127, 0.0 ], [ 117.471286023679554, 0.06945311593793, 0.0 ], [ 117.471326004476182, 0.069411410061675, 0.0 ], [ 117.471361042623442, 0.069365418903861, 0.0 ], [ 117.471390688353551, 0.069315732830958, 0.0 ], [ 117.471589220306896, 0.068969842413848, 0.0 ], [ 117.471691458390595, 0.068798692451481, 0.0 ], [ 117.472005305963364, 0.068316360510984, 0.0 ], [ 117.472179381028496, 0.068062904963056, 0.0 ] ] } },
{ "type": "Feature", "properties": { "Kl_Dat_Das": "Jalan non tol", "Nm_Ruas": "Jl. Ir. Soekarno Hatta", "Thn_Data": 2015, "Status": "Jalan Kota", "Fungsi": "Jalan Arteri Primer", "Mendukung": null, "Ura_Dukung": null, "Kd_Bd_PU": null, "Kd_Jns_Inf": null, "Kd_Inf": "001 00 K 008", "Propinsi": "Kalimantan Timur", "Kab_Kota": "Bontang", "Kecamatan": "Bontang Selatan", "Desa_Kel": "Bontang Lestari", "Tk_Ruas_Aw": "Jl. Letjen. S. Parman", "Tk_Ruas_Ak": "Sp. 4 Jl. Moh. Roem - Jl. Karya Bhakti - Jl. Pramuka", "Kd_Patok": null, "Km_Awal": 0.0, "Km_Akhir": 0.0, "Nm_Lintas": "-", "Kon_Baik": 3.582, "Kon_Sdg": 1.2, "Kon_Rgn": 6.125, "Kon_Rusak": 0.0, "Kon_Mntp": 0.0, "Kon_T_Mntp": 0.0, "Panjang": 10.9072869733, "Lbr_Keras": 9.0, "LHRT": 0.0, "VCR": 0.0, "Tipe_Jln": 4, "MST": 0.0, "Tipe_Keras": "Aspal", "Tanah_Kri": 0.0, "Macadam": 0.0, "Aspal": 100.0, "Rigid": 0.0, "Thn_Pen_Ak": 2019, "Jns_Pen": "Peningkatan", "Koord_X_Aw": 117.449942132, "Koord_Y_Aw": 0.1413376133, "Koord_X_Ak": 117.4552687054, "Koord_Y_Ak": 0.075990745 }, "geometry": { "type": "LineString", "coordinates": [ [ 117.449942131957755, 0.141337613334111, 0.0 ], [ 117.449847142086682, 0.14107517855735, 0.0 ], [ 117.449475189156857, 0.140407359965057, 0.0 ], [ 117.44931753058799, 0.140134279193226, 0.0 ], [ 117.449272351532684, 0.140056024441298, 0.0 ], [ 117.449087058194252, 0.139735077371187, 0.0 ], [ 117.449038932954934, 0.139655674257167, 0.0 ], [ 117.44900731346398, 0.139610299596531, 0.0 ], [ 117.448985869471755, 0.139579526998522, 0.0 ], [ 117.448928084338732, 0.13950694641273, 0.0 ], [ 117.448922938365641, 0.139501267691156, 0.0 ], [ 117.448865813422884, 0.139438228758859, 0.0 ], [ 117.448798897189207, 0.139356299087833, 0.0 ], [ 117.44865471202327, 0.139179764289586, 0.0 ], [ 117.448614100763237, 0.13913347543996, 0.0 ], [ 117.448578208233002, 0.139083390127858, 0.0 ], [ 117.448547382425744, 0.139029993951526, 0.0 ], [ 117.448521922210787, 0.138973804609381, 0.0 ], [ 117.44851199848442, 0.138933968264869, 0.0 ], [ 117.448506957969826, 0.138893212949399, 0.0 ], [ 117.448506875412377, 0.138852143020275, 0.0 ], [ 117.44851175203631, 0.138811367500169, 0.0 ], [ 117.448542493329782, 0.138659424351955, 0.0 ], [ 117.448759954155292, 0.13788930484625, 0.0 ], [ 117.44878731702434, 0.137764077811867, 0.0 ], [ 117.448809845930796, 0.13763787858322, 0.0 ], [ 117.448827507126353, 0.137510896207694, 0.0 ], [ 117.44883498239534, 0.137436199127191, 0.0 ], [ 117.44884027415452, 0.137383320905856, 0.0 ], [ 117.448848127890258, 0.137255343786566, 0.0 ], [ 117.448850080815689, 0.137162226306712, 0.0 ], [ 117.448846251493578, 0.137069167891798, 0.0 ], [ 117.44883665488409, 0.136976532096069, 0.0 ], [ 117.448821328478672, 0.13688468082292, 0.0 ], [ 117.448800332153553, 0.136793972910578, 0.0 ], [ 117.448749173967371, 0.13659513011695, 0.0 ], [ 117.448648050357789, 0.136172172835601, 0.0 ], [ 117.448536789833597, 0.135696887705116, 0.0 ], [ 117.448415491140381, 0.135182606860103, 0.0 ], [ 117.448285840477666, 0.134637388316397, 0.0 ], [ 117.448195571893464, 0.13425778268514, 0.0 ], [ 117.448088428468793, 0.133851006768251, 0.0 ], [ 117.448028399587187, 0.133623103764892, 0.0 ], [ 117.448024967181283, 0.133611750667281, 0.0 ], [ 117.447992540471958, 0.133504495401673, 0.0 ], [ 117.447962279025518, 0.133384316083254, 0.0 ], [ 117.447937682627725, 0.133262833400009, 0.0 ], [ 117.447918806044669, 0.13314031784435, 0.0 ], [ 117.447896959648403, 0.132966089510052, 0.0 ], [ 117.447878929782291, 0.132791419080319, 0.0 ], [ 117.447874724287402, 0.132679528847051, 0.0 ], [ 117.447865673468456, 0.132567929900568, 0.0 ], [ 117.447851794564315, 0.132456834798914, 0.0 ], [ 117.447833114009484, 0.132346455140582, 0.0 ], [ 117.44780966738422, 0.132237001161234, 0.0 ], [ 117.44772650663144, 0.132010871414781, 0.0 ], [ 117.447640548774103, 0.131785804255976, 0.0 ], [ 117.447338232777071, 0.131058270295178, 0.0 ], [ 117.447209651837568, 0.130751447844255, 0.0 ], [ 117.447153558267104, 0.13061475995464, 0.0 ], [ 117.447102461407283, 0.130476100588448, 0.0 ], [ 117.447056429452445, 0.130335654801696, 0.0 ], [ 117.447015523837379, 0.130193610034674, 0.0 ], [ 117.446958200125536, 0.129958248304842, 0.0 ], [ 117.446905400267838, 0.129721816363953, 0.0 ], [ 117.446857143942964, 0.129484402331318, 0.0 ], [ 117.446785679106753, 0.129124703813, 0.0 ], [ 117.446747275829338, 0.12896118118262, 0.0 ], [ 117.446702198770737, 0.128799394318146, 0.0 ], [ 117.446650524810721, 0.128639619150521, 0.0 ], [ 117.446631860372364, 0.128589097622598, 0.0 ], [ 117.446592342080322, 0.128482128179615, 0.0 ], [ 117.44633311854011, 0.127787841290583, 0.0 ], [ 117.44615259974519, 0.127333526775748, 0.0 ], [ 117.446005570177078, 0.126920525401275, 0.0 ], [ 117.445910903882762, 0.126656070913648, 0.0 ], [ 117.445876689352048, 0.126558834460214, 0.0 ], [ 117.445835836187058, 0.126464230846952, 0.0 ], [ 117.44578854248104, 0.126372718798236, 0.0 ], [ 117.445735037556787, 0.126284742047706, 0.0 ], [ 117.44573407753235, 0.126283385492147, 0.0 ], [ 117.445675580854754, 0.126200727186662, 0.0 ], [ 117.445054556247598, 0.125527448812643, 0.0 ], [ 117.444484650817202, 0.124942210484078, 0.0 ], [ 117.444400063140407, 0.124854759663604, 0.0 ], [ 117.444319986582897, 0.124763105373574, 0.0 ], [ 117.444244626957101, 0.124667483183197, 0.0 ], [ 117.444174177951979, 0.124568138859933, 0.0 ], [ 117.444108820635179, 0.124465327737808, 0.0 ], [ 117.44405999337684, 0.124374229216421, 0.0 ], [ 117.444017502575065, 0.12427996683525, 0.0 ], [ 117.443981549291834, 0.124182986633635, 0.0 ], [ 117.443952303654171, 0.124083747511297, 0.0 ], [ 117.44391586598681, 0.123944656429315, 0.0 ], [ 117.443886017324473, 0.123803983066204, 0.0 ], [ 117.443862824752429, 0.12366204358784, 0.0 ], [ 117.443773397462294, 0.122920837830907, 0.0 ], [ 117.443725604329273, 0.122585996045588, 0.0 ], [ 117.443689431657475, 0.122393744769798, 0.0 ], [ 117.443646562065851, 0.122202893892902, 0.0 ], [ 117.443637314922171, 0.122167556199174, 0.0 ], [ 117.443597048646254, 0.122013679774149, 0.0 ], [ 117.443540952718593, 0.121826336745761, 0.0 ], [ 117.443390571546303, 0.121287866834898, 0.0 ], [ 117.443276249768147, 0.120942609692661, 0.0 ], [ 117.443251384086182, 0.120870978141704, 0.0 ], [ 117.443220369749341, 0.120801820011715, 0.0 ], [ 117.443183446108222, 0.120735669025027, 0.0 ], [ 117.44314089811796, 0.120673035696483, 0.0 ], [ 117.443093054139183, 0.120614403393832, 0.0 ], [ 117.443040283403818, 0.120560224607102, 0.0 ], [ 117.442737044075159, 0.120249264213677, 0.0 ], [ 117.44261462920656, 0.120095296774205, 0.0 ], [ 117.442497797195898, 0.119936994174314, 0.0 ], [ 117.44238669938774, 0.119774561479352, 0.0 ], [ 117.442064231823849, 0.119213145895817, 0.0 ], [ 117.441904438058273, 0.118939293341325, 0.0 ], [ 117.441758342116373, 0.118685255032253, 0.0 ], [ 117.441710553915854, 0.118605938586208, 0.0 ], [ 117.441657221947509, 0.118530288517838, 0.0 ], [ 117.441598622556029, 0.11845869681547, 0.0 ], [ 117.441535059379717, 0.118391534438439, 0.0 ], [ 117.441466861777258, 0.118329149395306, 0.0 ], [ 117.441406034836547, 0.118275966705982, 0.0 ], [ 117.441341369939025, 0.118227590527981, 0.0 ], [ 117.441273240934393, 0.118184300540523, 0.0 ], [ 117.441202041699512, 0.11814634701789, 0.0 ], [ 117.441128183861252, 0.118113949382446, 0.0 ], [ 117.441052094416918, 0.118087294936133, 0.0 ], [ 117.440974213265378, 0.11806653777758, 0.0 ], [ 117.440801526285725, 0.11803262501763, 0.0 ], [ 117.440627774222719, 0.118004766419193, 0.0 ], [ 117.44045316643016, 0.117982995549591, 0.0 ], [ 117.440334686703451, 0.117967648279891, 0.0 ], [ 117.44021722292085, 0.117945773971461, 0.0 ], [ 117.440101129585528, 0.117917438640162, 0.0 ], [ 117.439986757064901, 0.117882727801146, 0.0 ], [ 117.439874450532827, 0.117841746210672, 0.0 ], [ 117.439797576327791, 0.117793455973455, 0.0 ], [ 117.43972425473531, 0.117739857943894, 0.0 ], [ 117.439654846697124, 0.117681215969892, 0.0 ], [ 117.43958969388963, 0.11761781872919, 0.0 ], [ 117.439529117041914, 0.117549978308719, 0.0 ], [ 117.439473414356939, 0.117478028667652, 0.0 ], [ 117.439384280332845, 0.117352386772273, 0.0 ], [ 117.43929965795094, 0.117223621824094, 0.0 ], [ 117.43921965506901, 0.117091897943919, 0.0 ], [ 117.438852477709688, 0.116519245555299, 0.0 ], [ 117.438811019055038, 0.11644253362112, 0.0 ], [ 117.438775030872463, 0.11636307218535, 0.0 ], [ 117.438744691954085, 0.116281256018552, 0.0 ], [ 117.438720153026054, 0.116197491589643, 0.0 ], [ 117.438701535999641, 0.116112195046974, 0.0 ], [ 117.438688933365682, 0.11602579015035, 0.0 ], [ 117.438620398527604, 0.115512209113916, 0.0 ], [ 117.438549846283294, 0.114932544371614, 0.0 ], [ 117.438534401154911, 0.114827797848825, 0.0 ], [ 117.438524509387477, 0.114722372825404, 0.0 ], [ 117.438520199978029, 0.114616567421572, 0.0 ], [ 117.438521485119907, 0.114510681012351, 0.0 ], [ 117.438528361176765, 0.114405013201882, 0.0 ], [ 117.438540809705941, 0.114299863125029, 0.0 ], [ 117.438559398707085, 0.114153657044204, 0.0 ], [ 117.438572772340919, 0.114006874318225, 0.0 ], [ 117.438580913433583, 0.113859703440139, 0.0 ], [ 117.43858190568011, 0.113767162436836, 0.0 ], [ 117.438575840544104, 0.113674817691798, 0.0 ], [ 117.438562753799999, 0.113583213888517, 0.0 ], [ 117.43854272263826, 0.113492891340062, 0.0 ], [ 117.438515865210107, 0.113404382802079, 0.0 ], [ 117.438482339930559, 0.11331821033076, 0.0 ], [ 117.438300558124524, 0.113012560915031, 0.0 ], [ 117.437985939243944, 0.112530750068338, 0.0 ], [ 117.437832255210409, 0.112294810569625, 0.0 ], [ 117.437777938600661, 0.112229858861687, 0.0 ], [ 117.437718893756298, 0.112169233141538, 0.0 ], [ 117.437655459541432, 0.112113281346341, 0.0 ], [ 117.437588000011274, 0.112062324589034, 0.0 ], [ 117.437516902322642, 0.112016655315673, 0.0 ], [ 117.437104797044711, 0.111729879758066, 0.0 ], [ 117.436832992917815, 0.111561046494496, 0.0 ], [ 117.436637698163722, 0.111458847350636, 0.0 ], [ 117.436516189510925, 0.111395260999359, 0.0 ], [ 117.436398919898039, 0.111333892966192, 0.0 ], [ 117.435752097810294, 0.110997750225291, 0.0 ], [ 117.435656531749814, 0.110958308641731, 0.0 ], [ 117.435559167996999, 0.110923608194927, 0.0 ], [ 117.435460238468607, 0.110893731540315, 0.0 ], [ 117.435402482392149, 0.110882513302431, 0.0 ], [ 117.435343949213831, 0.110876660227324, 0.0 ], [ 117.435285129621249, 0.110876221381871, 0.0 ], [ 117.435226516702969, 0.110881200445068, 0.0 ], [ 117.435168601815022, 0.110891555677219, 0.0 ], [ 117.435111870461824, 0.11090720026979, 0.0 ], [ 117.435056798226185, 0.110928003073282, 0.0 ], [ 117.435002160250647, 0.110955759764002, 0.0 ], [ 117.434950049836985, 0.110988069129952, 0.0 ], [ 117.434900840393524, 0.111024699651553, 0.0 ], [ 117.434854884541068, 0.1110653888451, 0.0 ], [ 117.434812511586131, 0.111109845143635, 0.0 ], [ 117.434774025161204, 0.111157749986125, 0.0 ], [ 117.434690883389081, 0.111286369619968, 0.0 ], [ 117.434611585020534, 0.111417426000855, 0.0 ], [ 117.434536200464962, 0.111550802763742, 0.0 ], [ 117.434461946088234, 0.11167761554869, 0.0 ], [ 117.434382472881836, 0.111801180744635, 0.0 ], [ 117.434297920764337, 0.111921280805411, 0.0 ], [ 117.434229328942436, 0.111989725728066, 0.0 ], [ 117.434156086490162, 0.112053098991259, 0.0 ], [ 117.43407856253846, 0.112111081202906, 0.0 ], [ 117.433997147796433, 0.112163380141106, 0.0 ], [ 117.433912252582275, 0.112209732226676, 0.0 ], [ 117.433841933200895, 0.112248518530305, 0.0 ], [ 117.433768898636913, 0.112281833433034, 0.0 ], [ 117.433693568175883, 0.112309485676635, 0.0 ], [ 117.433616374283929, 0.112331316511481, 0.0 ], [ 117.433533976525624, 0.112344350386915, 0.0 ], [ 117.433450835716727, 0.112351074631732, 0.0 ], [ 117.433367427881478, 0.112351450745871, 0.0 ], [ 117.433284230573122, 0.112345476575657, 0.0 ], [ 117.433201720139579, 0.112333186326173, 0.0 ], [ 117.432877019650888, 0.112253831319955, 0.0 ], [ 117.432463562248429, 0.112116363364323, 0.0 ], [ 117.432017490884348, 0.11198916422048, 0.0 ], [ 117.431962852364123, 0.111973340866605, 0.0 ], [ 117.431910095053723, 0.111952006756342, 0.0 ], [ 117.431859765756172, 0.111925383006996, 0.0 ], [ 117.431812386109485, 0.111893745560095, 0.0 ], [ 117.431768447179905, 0.111857422321987, 0.0 ], [ 117.431728404372507, 0.111816789764656, 0.0 ], [ 117.431692672710952, 0.111772269024091, 0.0 ], [ 117.43139682144681, 0.111403172095532, 0.0 ], [ 117.431381279580052, 0.111383782434621, 0.0 ], [ 117.431293562601311, 0.111281302571274, 0.0 ], [ 117.431284322252338, 0.111270507059018, 0.0 ], [ 117.43118337252541, 0.11116082340324, 0.0 ], [ 117.43107856158106, 0.111054873998815, 0.0 ], [ 117.43097002561862, 0.110952796524801, 0.0 ], [ 117.43085790567811, 0.110854723628806, 0.0 ], [ 117.430790910587305, 0.110797505564409, 0.0 ], [ 117.43072046915529, 0.110744648683945, 0.0 ], [ 117.430646861041041, 0.11069636283442, 0.0 ], [ 117.430570378475565, 0.110652839715269, 0.0 ], [ 117.430491325101727, 0.110614252117512, 0.0 ], [ 117.430195225762958, 0.110478759903967, 0.0 ], [ 117.43013480416009, 0.110456026863938, 0.0 ], [ 117.430076563428003, 0.110428114906834, 0.0 ], [ 117.430020940576327, 0.110395233470029, 0.0 ], [ 117.429968352971386, 0.110357629279359, 0.0 ], [ 117.429919195204548, 0.110315584497976, 0.0 ], [ 117.429871358181629, 0.110269357733355, 0.0 ], [ 117.429827498731413, 0.110219292030848, 0.0 ], [ 117.429787919724532, 0.110165733118113, 0.0 ], [ 117.429752894473054, 0.110109050845112, 0.0 ], [ 117.42972266484324, 0.110049636630184, 0.0 ], [ 117.429697439585198, 0.10998790075689, 0.0 ], [ 117.429669542376416, 0.109905497523096, 0.0 ], [ 117.429647852901084, 0.109821222521827, 0.0 ], [ 117.429632492957197, 0.109735549001972, 0.0 ], [ 117.429623548798943, 0.109648958065916, 0.0 ], [ 117.429587515493054, 0.109124018746727, 0.0 ], [ 117.429582385701849, 0.109001192895801, 0.0 ], [ 117.429571172705806, 0.108878777909048, 0.0 ], [ 117.429553904457578, 0.108757078952098, 0.0 ], [ 117.429530624004798, 0.108636399405584, 0.0 ], [ 117.429501389382878, 0.108517040108916, 0.0 ], [ 117.429466273470098, 0.108399298610279, 0.0 ], [ 117.429425363806189, 0.108283468424893, 0.0 ], [ 117.429391128831881, 0.108199132350009, 0.0 ], [ 117.42935095974606, 0.108117492397179, 0.0 ], [ 117.429305064443156, 0.108038971092623, 0.0 ], [ 117.429253680453456, 0.107963974822182, 0.0 ], [ 117.429197073713993, 0.107892891727871, 0.0 ], [ 117.429135537191826, 0.107826089699222, 0.0 ], [ 117.428913291414915, 0.107611902549492, 0.0 ], [ 117.428820954221479, 0.10752291349583, 0.0 ], [ 117.428764611052742, 0.107473060564894, 0.0 ], [ 117.428712736295481, 0.107418513198648, 0.0 ], [ 117.428665714493832, 0.107359675752824, 0.0 ], [ 117.428623894217324, 0.107296984385419, 0.0 ], [ 117.428587585476819, 0.107230903823241, 0.0 ], [ 117.42855705742663, 0.107161923916905, 0.0 ], [ 117.428533740386712, 0.107064484063009, 0.0 ], [ 117.428515699276431, 0.106965915923308, 0.0 ], [ 117.428502987048375, 0.106866508806279, 0.0 ], [ 117.428468739748794, 0.10649113856034, 0.0 ], [ 117.428457814478989, 0.106409572859503, 0.0 ], [ 117.428441697589705, 0.106328884119512, 0.0 ], [ 117.428420455905481, 0.106249406895654, 0.0 ], [ 117.428394177499513, 0.106171470719656, 0.0 ], [ 117.42836297132844, 0.106095398733939, 0.0 ], [ 117.42832696678056, 0.106021506351461, 0.0 ], [ 117.428242009920226, 0.105889825984352, 0.0 ], [ 117.42815181718548, 0.105761723451987, 0.0 ], [ 117.428056537047524, 0.105637409631158, 0.0 ], [ 117.427956326352188, 0.105517089161999, 0.0 ], [ 117.427710151577529, 0.105223155361112, 0.0 ], [ 117.427468909387898, 0.104964874652378, 0.0 ], [ 117.427390116700948, 0.104887389767708, 0.0 ], [ 117.427307019837201, 0.104814604570642, 0.0 ], [ 117.427219894950582, 0.104746760946872, 0.0 ], [ 117.427129031581217, 0.104684084359673, 0.0 ], [ 117.427034731693269, 0.104626783101137, 0.0 ], [ 117.426937308671384, 0.104575047599435, 0.0 ], [ 117.426499779256332, 0.104373967318797, 0.0 ], [ 117.42621091677934, 0.104231418883073, 0.0 ], [ 117.425738690452633, 0.103971766572208, 0.0 ], [ 117.425657721050953, 0.103923218278651, 0.0 ], [ 117.425580174036284, 0.103869303747026, 0.0 ], [ 117.425506399751285, 0.103810266552668, 0.0 ], [ 117.425436731494131, 0.103746373414109, 0.0 ], [ 117.425371484012757, 0.103677912988251, 0.0 ], [ 117.425310952082867, 0.103605194566048, 0.0 ], [ 117.425256203374886, 0.103526537302634, 0.0 ], [ 117.425205987177407, 0.103444872423761, 0.0 ], [ 117.425160466073692, 0.103360464332834, 0.0 ], [ 117.425119787445837, 0.103273586315, 0.0 ], [ 117.425084082997671, 0.10318451965196, 0.0 ], [ 117.424903129248634, 0.102760743324287, 0.0 ], [ 117.424844630825234, 0.102610668105194, 0.0 ], [ 117.424810830777744, 0.102513978135347, 0.0 ], [ 117.424782724426649, 0.102415458124891, 0.0 ], [ 117.424760408623712, 0.102315447564298, 0.0 ], [ 117.424743960267122, 0.102214291080395, 0.0 ], [ 117.424721841959027, 0.102056982474539, 0.0 ], [ 117.424656369795315, 0.101591334833159, 0.0 ], [ 117.424591997016989, 0.101164411992199, 0.0 ], [ 117.424584639466275, 0.101033440419942, 0.0 ], [ 117.424583337505766, 0.100902266107415, 0.0 ], [ 117.424588093950405, 0.100771172672776, 0.0 ], [ 117.424598898515995, 0.100640443559147, 0.0 ], [ 117.424634830996908, 0.100537861544171, 0.0 ], [ 117.424677128190723, 0.100437769447113, 0.0 ], [ 117.424725621157606, 0.100340567046966, 0.0 ], [ 117.424780116211082, 0.100246642580934, 0.0 ], [ 117.424839669158303, 0.100144169633034, 0.0 ], [ 117.424895190562111, 0.100039427545261, 0.0 ], [ 117.424946595252649, 0.099932576992353, 0.0 ], [ 117.42499380437512, 0.099823781883352, 0.0 ], [ 117.425036745510681, 0.099713209110348, 0.0 ], [ 117.425134763358002, 0.099277837706325, 0.0 ], [ 117.425260547781718, 0.09870604051207, 0.0 ], [ 117.42527733190839, 0.098635027009182, 0.0 ], [ 117.425300472017682, 0.098565848048082, 0.0 ], [ 117.425329775680552, 0.098499078908703, 0.0 ], [ 117.425364999212761, 0.098435274831304, 0.0 ], [ 117.425405849701647, 0.098374966399221, 0.0 ], [ 117.425451987441647, 0.098318655126547, 0.0 ], [ 117.425503028759437, 0.098266809287687, 0.0 ], [ 117.42555854920441, 0.098219860023355, 0.0 ], [ 117.425618087078391, 0.098178197755088, 0.0 ], [ 117.425681147274943, 0.098142168938747, 0.0 ], [ 117.425758918218264, 0.098106933890323, 0.0 ], [ 117.425838820268183, 0.098076918109866, 0.0 ], [ 117.425920508264852, 0.098052251258828, 0.0 ], [ 117.426003629333493, 0.098033039892668, 0.0 ], [ 117.426087824408796, 0.098019367000226, 0.0 ], [ 117.426172729786032, 0.098011291645274, 0.0 ], [ 117.426457157869663, 0.097992198347293, 0.0 ], [ 117.427057676999041, 0.097971145638099, 0.0 ], [ 117.427476125489562, 0.097950076853484, 0.0 ], [ 117.427569123335303, 0.097943564414434, 0.0 ], [ 117.427661437273287, 0.09793049301581, 0.0 ], [ 117.427752611453769, 0.097910927204975, 0.0 ], [ 117.427842195655273, 0.097884963598772, 0.0 ], [ 117.427929747507676, 0.097852730406796, 0.0 ], [ 117.428474341243842, 0.097604560740752, 0.0 ], [ 117.428783582869769, 0.097447926273182, 0.0 ], [ 117.428859270458133, 0.09739987590275, 0.0 ], [ 117.428931022177238, 0.097346052243545, 0.0 ], [ 117.428998404493456, 0.097286780505714, 0.0 ], [ 117.429061010273827, 0.097222418817337, 0.0 ], [ 117.429118461245764, 0.097153356060653, 0.0 ], [ 117.42917041028285, 0.09708000952231, 0.0 ], [ 117.429326514746577, 0.096861518088671, 0.0 ], [ 117.429619457822923, 0.096404673290712, 0.0 ], [ 117.429997455309675, 0.095737740030613, 0.0 ], [ 117.430384353688382, 0.095008533456566, 0.0 ], [ 117.430552066853821, 0.094699374733543, 0.0 ], [ 117.430812557955122, 0.094279769049727, 0.0 ], [ 117.430990629627075, 0.093992926699175, 0.0 ], [ 117.43103985460651, 0.093910951446823, 0.0 ], [ 117.431084317840671, 0.093826263233072, 0.0 ], [ 117.4311238723065, 0.093739142090259, 0.0 ], [ 117.431158387212093, 0.093649876095597, 0.0 ], [ 117.431187748429736, 0.093558760418363, 0.0 ], [ 117.431201041677625, 0.093435842248387, 0.0 ], [ 117.431210038155669, 0.093312529859274, 0.0 ], [ 117.431214726761112, 0.093188975433859, 0.0 ], [ 117.431215101707764, 0.093065331453784, 0.0 ], [ 117.431215397281065, 0.092825099343924, 0.0 ], [ 117.431220151049544, 0.092584914724849, 0.0 ], [ 117.431229361353658, 0.092344861442675, 0.0 ], [ 117.431232317835608, 0.092255081437072, 0.0 ], [ 117.431241090003809, 0.092165687271026, 0.0 ], [ 117.431255640430962, 0.092077060352679, 0.0 ], [ 117.43127590703628, 0.091989578816628, 0.0 ], [ 117.431301803350465, 0.091903615910562, 0.0 ], [ 117.431333218884404, 0.091819538402889, 0.0 ], [ 117.431741274403151, 0.090904751184696, 0.0 ], [ 117.431896810028562, 0.090586829334851, 0.0 ], [ 117.431931057616538, 0.090531275855604, 0.0 ], [ 117.43196950608835, 0.090478581720315, 0.0 ], [ 117.432011921045614, 0.090429068174885, 0.0 ], [ 117.43205804390854, 0.090383037074985, 0.0 ], [ 117.432107593492304, 0.090340769045912, 0.0 ], [ 117.4321602677214, 0.090302521771486, 0.0 ], [ 117.432755672740768, 0.089890112394342, 0.0 ], [ 117.433662366160362, 0.089236040411669, 0.0 ], [ 117.433797438355882, 0.089136479446194, 0.0 ], [ 117.434411467705843, 0.088623724139848, 0.0 ], [ 117.434677302416858, 0.088418220634916, 0.0 ], [ 117.434771258965583, 0.088339117130232, 0.0 ], [ 117.434861756298233, 0.088256026470201, 0.0 ], [ 117.434948627608293, 0.08816910180945, 0.0 ], [ 117.435031712772954, 0.088078503369463, 0.0 ], [ 117.435110858647931, 0.087984398143365, 0.0 ], [ 117.435195124893852, 0.087889632448995, 0.0 ], [ 117.4352845640569, 0.087799800258987, 0.0 ], [ 117.435378891629639, 0.08771518733069, 0.0 ], [ 117.435477807554591, 0.087636062818584, 0.0 ], [ 117.435555167406974, 0.087579770047195, 0.0 ], [ 117.435635976691415, 0.087528624131652, 0.0 ], [ 117.435719898062203, 0.087482838584923, 0.0 ], [ 117.435806581182021, 0.087442604542715, 0.0 ], [ 117.435895664184315, 0.087408089965371, 0.0 ], [ 117.435986775184148, 0.087379438936975, 0.0 ], [ 117.436079533830423, 0.087356771063415, 0.0 ], [ 117.436173552893962, 0.087340180973658, 0.0 ], [ 117.43648379893051, 0.087277709889792, 0.0 ], [ 117.436990426050514, 0.087186710564147, 0.0 ], [ 117.437155353623638, 0.08715010105072, 0.0 ], [ 117.437319182243087, 0.087108792113267, 0.0 ], [ 117.437481779818739, 0.087062817058217, 0.0 ], [ 117.437643015253116, 0.087012212954231, 0.0 ], [ 117.437802758546908, 0.086957020602187, 0.0 ], [ 117.43791318901819, 0.086919688764497, 0.0 ], [ 117.43802181112774, 0.086877319572592, 0.0 ], [ 117.438128398292875, 0.086830001407567, 0.0 ], [ 117.438232728175862, 0.086777832974096, 0.0 ], [ 117.438334583147551, 0.0867209230942, 0.0 ], [ 117.438400918937973, 0.086675055982446, 0.0 ], [ 117.438463014519215, 0.086623522192564, 0.0 ], [ 117.438520393713731, 0.086566716909664, 0.0 ], [ 117.438572616511564, 0.086505075743035, 0.0 ], [ 117.438619282444336, 0.086439071385677, 0.0 ], [ 117.438660033656234, 0.086369209989434, 0.0 ], [ 117.438726561796187, 0.086206547113709, 0.0 ], [ 117.438786547925176, 0.086041325868192, 0.0 ], [ 117.438826284528488, 0.085939631448364, 0.0 ], [ 117.438872543272666, 0.085840771461949, 0.0 ], [ 117.438925126033268, 0.085745169322286, 0.0 ], [ 117.438983807600238, 0.085653234489407, 0.0 ], [ 117.439048336642557, 0.085565360716361, 0.0 ], [ 117.439118436784781, 0.085481924362962, 0.0 ], [ 117.439183414508022, 0.085409813502458, 0.0 ], [ 117.439253287626997, 0.085342501533491, 0.0 ], [ 117.439327707347459, 0.085280324465131, 0.0 ], [ 117.439406302179478, 0.085223592673884, 0.0 ], [ 117.439488679791694, 0.085172589354446, 0.0 ], [ 117.43957442896982, 0.085127569106018, 0.0 ], [ 117.439729549399189, 0.085054216383093, 0.0 ], [ 117.440311640683106, 0.084815991684665, 0.0 ], [ 117.441402197647065, 0.08441652172297, 0.0 ], [ 117.441975207341073, 0.084198691640088, 0.0 ], [ 117.44212772829421, 0.084146300972222, 0.0 ], [ 117.442282191556274, 0.084100035866428, 0.0 ], [ 117.442438354499103, 0.084059968994647, 0.0 ], [ 117.442595971824716, 0.084026163292806, 0.0 ], [ 117.442754795950677, 0.083998671861843, 0.0 ], [ 117.442914577398909, 0.083977537884344, 0.0 ], [ 117.443077520604291, 0.083964651784884, 0.0 ], [ 117.443240816570423, 0.083957622576498, 0.0 ], [ 117.443404257650116, 0.083956459197275, 0.0 ], [ 117.443567636011608, 0.083961163126053, 0.0 ], [ 117.443701066131041, 0.083955936659708, 0.0 ], [ 117.44383414160238, 0.083944841038157, 0.0 ], [ 117.443966607893927, 0.083927898127366, 0.0 ], [ 117.443989954285584, 0.083923861029841, 0.0 ], [ 117.444098211749974, 0.083905140965979, 0.0 ], [ 117.444156157065962, 0.083890172175538, 0.0 ], [ 117.444211940266371, 0.083868417087414, 0.0 ], [ 117.444264780201749, 0.083840180345102, 0.0 ], [ 117.444313936938187, 0.083805857356532, 0.0 ], [ 117.444358722118736, 0.083765928757346, 0.0 ], [ 117.444398508602717, 0.083720953680132, 0.0 ], [ 117.444432739247787, 0.083671561924921, 0.0 ], [ 117.44445197084616, 0.083631717847356, 0.0 ], [ 117.444466168251111, 0.083589787974838, 0.0 ], [ 117.444475114158891, 0.083546414080705, 0.0 ], [ 117.444478671644703, 0.083502260040182, 0.0 ], [ 117.444476786258093, 0.083458001669441, 0.0 ], [ 117.444460613930403, 0.083355384911144, 0.0 ], [ 117.4444379299769, 0.083254025352107, 0.0 ], [ 117.444408828020642, 0.083154341331871, 0.0 ], [ 117.444293462643003, 0.082836895510573, 0.0 ], [ 117.444268470345946, 0.082774358075915, 0.0 ], [ 117.444248926511023, 0.08270988431837, 0.0 ], [ 117.444234976669975, 0.082643954337079, 0.0 ], [ 117.444226724699277, 0.082577059074937, 0.0 ], [ 117.444224232046665, 0.08250969666264, 0.0 ], [ 117.444225767638926, 0.082455769372682, 0.0 ], [ 117.444232593413602, 0.08240225936136, 0.0 ], [ 117.444244642442285, 0.082349691307625, 0.0 ], [ 117.444261796581117, 0.082298580654138, 0.0 ], [ 117.444283887629595, 0.082249428553471, 0.0 ], [ 117.444310698979379, 0.08220271695413, 0.0 ], [ 117.44434196773858, 0.082158903874796, 0.0 ], [ 117.44440440411708, 0.082090788760081, 0.0 ], [ 117.444471869613665, 0.082027720996466, 0.0 ], [ 117.444543962845955, 0.081970075801973, 0.0 ], [ 117.44462025489922, 0.081918196133153, 0.0 ], [ 117.444700291878036, 0.081872390645114, 0.0 ], [ 117.444783597606815, 0.081832931854768, 0.0 ], [ 117.445138197579965, 0.081664028788539, 0.0 ], [ 117.445205125088663, 0.081630337958292, 0.0 ], [ 117.44526952276054, 0.081591973968006, 0.0 ], [ 117.445331069170479, 0.081549128302212, 0.0 ], [ 117.445389457124747, 0.0815020148147, 0.0 ], [ 117.445444395194272, 0.081450868660906, 0.0 ], [ 117.445495609169299, 0.081395945124432, 0.0 ], [ 117.44559616054859, 0.081281006437308, 0.0 ], [ 117.445700652552745, 0.081169687184783, 0.0 ], [ 117.445808956722161, 0.081062124219358, 0.0 ], [ 117.44592093991065, 0.08095844977556, 0.0 ], [ 117.445993352546509, 0.080888244330077, 0.0 ], [ 117.446069708038436, 0.080822408920207, 0.0 ], [ 117.446149746581412, 0.080761167555389, 0.0 ], [ 117.446233195838474, 0.08070472861349, 0.0 ], [ 117.446319771867522, 0.080653284131853, 0.0 ], [ 117.4464091800875, 0.080607009153744, 0.0 ], [ 117.446501116280544, 0.080566061132845, 0.0 ], [ 117.446674518151312, 0.0804939537547, 0.0 ], [ 117.447223187190176, 0.080300905480818, 0.0 ], [ 117.447452305400418, 0.080214404307519, 0.0 ], [ 117.447557764319427, 0.080170331520872, 0.0 ], [ 117.447660411496841, 0.08011997813774, 0.0 ], [ 117.447759878281488, 0.080063524999571, 0.0 ], [ 117.447855807444398, 0.080001174854667, 0.0 ], [ 117.447966850471687, 0.079921261735107, 0.0 ], [ 117.448081109923137, 0.079846084355298, 0.0 ], [ 117.448198386651967, 0.079775773744227, 0.0 ], [ 117.448246843768118, 0.079746199573259, 0.0 ], [ 117.448298257621303, 0.07972221319625, 0.0 ], [ 117.448351994969556, 0.079704110042855, 0.0 ], [ 117.448407393953303, 0.079692113081651, 0.0 ], [ 117.448463772247578, 0.079686370073689, 0.0 ], [ 117.448540575949934, 0.07968635533127, 0.0 ], [ 117.44861726983406, 0.079690488715981, 0.0 ], [ 117.448693633010222, 0.079698758322953, 0.0 ], [ 117.448769445541203, 0.079711140334375, 0.0 ], [ 117.448909759092686, 0.079761447215316, 0.0 ], [ 117.449048298283614, 0.079816513152761, 0.0 ], [ 117.449124272643829, 0.079849158667979, 0.0 ], [ 117.449202642577021, 0.079875445293593, 0.0 ], [ 117.449282883963122, 0.079895197230896, 0.0 ], [ 117.44936446016608, 0.079908282383753, 0.0 ], [ 117.449436172397952, 0.079910191415597, 0.0 ], [ 117.449507820901673, 0.079906599208035, 0.0 ], [ 117.44957898989702, 0.079897526606999, 0.0 ], [ 117.449649266386245, 0.079883026261449, 0.0 ], [ 117.449718242551086, 0.079863182317898, 0.0 ], [ 117.449785518119043, 0.079838109931943, 0.0 ], [ 117.449850702686277, 0.079807954600224, 0.0 ], [ 117.44991163452211, 0.079776365477304, 0.0 ], [ 117.449969560311985, 0.079739487360023, 0.0 ], [ 117.450024028259222, 0.079697607882195, 0.0 ], [ 117.45007461353697, 0.079651053686202, 0.0 ], [ 117.45012092160151, 0.079600187875271, 0.0 ], [ 117.450162591269589, 0.079545407181241, 0.0 ], [ 117.450212355188441, 0.079463397143276, 0.0 ], [ 117.450257453847925, 0.079378696557663, 0.0 ], [ 117.45029774418181, 0.079291574119826, 0.0 ], [ 117.450452184708382, 0.078944130644004, 0.0 ], [ 117.450578684123442, 0.078625741072143, 0.0 ], [ 117.450625611332654, 0.078493848683433, 0.0 ], [ 117.450742405238756, 0.07806591321042, 0.0 ], [ 117.450851532987159, 0.077649571796597, 0.0 ], [ 117.450865589760213, 0.077589466153256, 0.0 ], [ 117.450885244515788, 0.077530973248723, 0.0 ], [ 117.450910320126354, 0.077474620217549, 0.0 ], [ 117.450940590611978, 0.077420914909698, 0.0 ], [ 117.450975783176816, 0.077370341314095, 0.0 ], [ 117.451015580667601, 0.077323355196712, 0.0 ], [ 117.45105962443175, 0.077280379993444, 0.0 ], [ 117.451107517549502, 0.07724180299412, 0.0 ], [ 117.451200802615148, 0.07719244539696, 0.0 ], [ 117.451297007338766, 0.077149138983926, 0.0 ], [ 117.451395744912517, 0.077112057875726, 0.0 ], [ 117.451496618344649, 0.077081351163079, 0.0 ], [ 117.451676414142398, 0.077029879881387, 0.0 ], [ 117.451857840567413, 0.076984577484568, 0.0 ], [ 117.452040688850303, 0.07694549610213, 0.0 ], [ 117.452224748585749, 0.076912680704874, 0.0 ], [ 117.452402627100611, 0.076887572812951, 0.0 ], [ 117.45258125924525, 0.076868649432475, 0.0 ], [ 117.452760432928343, 0.076855933030935, 0.0 ], [ 117.453206199520679, 0.076825373668305, 0.0 ], [ 117.453304004750279, 0.076821051384848, 0.0 ], [ 117.453401436801485, 0.076811432370866, 0.0 ], [ 117.453498212858733, 0.076796544547569, 0.0 ], [ 117.45359405201053, 0.076776431130037, 0.0 ], [ 117.453688676064985, 0.076751150501567, 0.0 ], [ 117.453829108672295, 0.076696663041362, 0.0 ], [ 117.453967949029874, 0.076638185970766, 0.0 ], [ 117.454105085333637, 0.076575766379863, 0.0 ], [ 117.454565345449694, 0.076357990025121, 0.0 ], [ 117.45474904200691, 0.076264476716173, 0.0 ], [ 117.45498855905457, 0.076142547206364, 0.0 ], [ 117.45517238610266, 0.076040902317356, 0.0 ], [ 117.455268705360282, 0.075990744997044, 0.0 ] ] } },
{ "type": "Feature", "properties": { "Kl_Dat_Das": "Jalan non tol", "Nm_Ruas": "Jl. Pramuka 2", "Thn_Data": 2015, "Status": "Jalan Kota", "Fungsi": "Jalan Setapak", "Mendukung": null, "Ura_Dukung": null, "Kd_Bd_PU": null, "Kd_Jns_Inf": null, "Kd_Inf": "001 00 K 341", "Propinsi": "Kalimantan Timur", "Kab_Kota": "Bontang", "Kecamatan": "Bontang Selatan", "Desa_Kel": "Bontang Lestari", "Tk_Ruas_Aw": "Sp. 4 Jl. Ir. Soekarno Hatta - Jl. Moh. Roem - Jl. Karya Bakti", "Tk_Ruas_Ak": "Jl. Pramuka 1", "Kd_Patok": null, "Km_Awal": 0.0, "Km_Akhir": 0.0, "Nm_Lintas": "-", "Kon_Baik": 0.7771271767, "Kon_Sdg": 0.0, "Kon_Rgn": 0.0, "Kon_Rusak": 0.0, "Kon_Mntp": 0.0, "Kon_T_Mntp": 0.0, "Panjang": 0.7771271767, "Lbr_Keras": 0.0, "LHRT": 0.0, "VCR": 0.0, "Tipe_Jln": 2, "MST": 0.0, "Tipe_Keras": "Beton", "Tanah_Kri": 0.0, "Macadam": 0.0, "Aspal": 0.0, "Rigid": 100.0, "Thn_Pen_Ak": 2014, "Jns_Pen": "Peningkatan", "Koord_X_Aw": 550660.5007780625, "Koord_Y_Aw": 8399.5275477785999, "Koord_X_Ak": 550912.69792906765, "Koord_Y_Ak": 9100.1061069481002 }, "geometry": { "type": "LineString", "coordinates": [ [ 117.455268705360282, 0.075990744997044, 0.0 ], [ 117.455309342808803, 0.076143863625511, 0.0 ], [ 117.45536519920843, 0.076472588249168, 0.0 ], [ 117.455408141633512, 0.076763661053469, 0.0 ], [ 117.455418414148411, 0.076913733336033, 0.0 ], [ 117.45542416690067, 0.077064050001146, 0.0 ], [ 117.455425394611467, 0.077214473117032, 0.0 ], [ 117.455370983107073, 0.077636877131158, 0.0 ], [ 117.455339520845612, 0.077848534448473, 0.0 ], [ 117.455320023673465, 0.077975516388055, 0.0 ], [ 117.455306423410818, 0.078103274851001, 0.0 ], [ 117.455298749587357, 0.078231532441002, 0.0 ], [ 117.455297018865011, 0.078360010678016, 0.0 ], [ 117.455303282987941, 0.078468589003571, 0.0 ], [ 117.455315272374733, 0.078576678473052, 0.0 ], [ 117.455332953110926, 0.078683973332563, 0.0 ], [ 117.455356275182794, 0.078790170076032, 0.0 ], [ 117.455384953618932, 0.078894455753501, 0.0 ], [ 117.455389047851199, 0.078906857732847, 0.0 ], [ 117.455418853000992, 0.078997141531632, 0.0 ], [ 117.455457885934678, 0.079097962681553, 0.0 ], [ 117.455501951791206, 0.079196659281565, 0.0 ], [ 117.455550936966588, 0.07929297688714, 0.0 ], [ 117.455614834762287, 0.079397776074157, 0.0 ], [ 117.45568368243795, 0.079499348264987, 0.0 ], [ 117.455757319513708, 0.079597456701189, 0.0 ], [ 117.456169921490499, 0.080133560670148, 0.0 ], [ 117.456633664593781, 0.080778541623077, 0.0 ], [ 117.457038767876043, 0.081319912945538, 0.0 ], [ 117.45724251229997, 0.08159817742494, 0.0 ], [ 117.457295858203892, 0.081669631414314, 0.0 ], [ 117.457343312901671, 0.081745179674851, 0.0 ], [ 117.457384567913749, 0.081824331104429, 0.0 ], [ 117.457409379550612, 0.081874809069779, 0.0 ], [ 117.457429510505136, 0.081927356491618, 0.0 ], [ 117.457444792672632, 0.081981534569679, 0.0 ], [ 117.457455098438487, 0.082036890886727, 0.0 ], [ 117.457535136537444, 0.08232887131, 0.0 ] ] } },
{ "type": "Feature", "properties": { "Kl_Dat_Das": "Jalan non tol", "Nm_Ruas": "Jl. Pramuka 1", "Thn_Data": 2015, "Status": "Jalan Kota", "Fungsi": "Jalan Lingkungan", "Mendukung": null, "Ura_Dukung": null, "Kd_Bd_PU": null, "Kd_Jns_Inf": null, "Kd_Inf": "001 00 K 340", "Propinsi": "Kalimantan Timur", "Kab_Kota": "Bontang", "Kecamatan": "Bontang Selatan", "Desa_Kel": "Bontang Lestari", "Tk_Ruas_Aw": "Jl. Ir. Soekarno Hatta", "Tk_Ruas_Ak": "Sp. 3 Jl. Pramuka 2 - Jl. Pramuka 3", "Kd_Patok": null, "Km_Awal": 0.0, "Km_Akhir": 0.0, "Nm_Lintas": "-", "Kon_Baik": 1.5942401778, "Kon_Sdg": 0.0, "Kon_Rgn": 0.0, "Kon_Rusak": 0.0, "Kon_Mntp": 0.0, "Kon_T_Mntp": 0.0, "Panjang": 1.5942401778, "Lbr_Keras": 5.0, "LHRT": 0.0, "VCR": 0.0, "Tipe_Jln": 2, "MST": 0.0, "Tipe_Keras": "Beton", "Tanah_Kri": 0.0, "Macadam": 0.0, "Aspal": 0.0, "Rigid": 100.0, "Thn_Pen_Ak": 0, "Jns_Pen": null, "Koord_X_Aw": 550912.69792906765, "Koord_Y_Aw": 9100.1061069489006, "Koord_X_Ak": 549405.41087506688, "Koord_Y_Ak": 9276.3886872406001 }, "geometry": { "type": "LineString", "coordinates": [ [ 117.457535136537444, 0.082328871310007, 0.0 ], [ 117.457251121441175, 0.082460021345708, 0.0 ], [ 117.456995321101132, 0.08260320089629, 0.0 ], [ 117.456880970295629, 0.082673234865777, 0.0 ], [ 117.456818045126127, 0.082707368122078, 0.0 ], [ 117.456752484005264, 0.082736035453609, 0.0 ], [ 117.456684754358022, 0.082759032473341, 0.0 ], [ 117.456615339070225, 0.082776195221381, 0.0 ], [ 117.456535173511412, 0.082782881120659, 0.0 ], [ 117.456454733350355, 0.082782832747811, 0.0 ], [ 117.456374575780842, 0.082776050437709, 0.0 ], [ 117.456291183489753, 0.082767383173358, 0.0 ], [ 117.45620863937512, 0.082752626203523, 0.0 ], [ 117.456127381609662, 0.082731857863091, 0.0 ], [ 117.456047841537838, 0.082705188397399, 0.0 ], [ 117.455801983385783, 0.082623645956945, 0.0 ], [ 117.455505635084108, 0.082530894941304, 0.0 ], [ 117.455046483241091, 0.082355171178178, 0.0 ], [ 117.45473243526807, 0.082206167697851, 0.0 ], [ 117.454613178746328, 0.082150549025099, 0.0 ], [ 117.454491544508187, 0.08210041996933, 0.0 ], [ 117.454367781728223, 0.082055883223031, 0.0 ], [ 117.454251602226819, 0.0820217025699, 0.0 ], [ 117.454134345911541, 0.081991477554998, 0.0 ], [ 117.454016145625175, 0.081965242421236, 0.0 ], [ 117.453948535593838, 0.081959298051392, 0.0 ], [ 117.453880673028621, 0.081958484671305, 0.0 ], [ 117.453812941585667, 0.081962806879535, 0.0 ], [ 117.453745724179754, 0.081972240240929, 0.0 ], [ 117.453679400819695, 0.081986731424799, 0.0 ], [ 117.453245211750087, 0.082115187217889, 0.0 ], [ 117.453013260126042, 0.082189838252121, 0.0 ], [ 117.452929883413063, 0.082216246397101, 0.0 ], [ 117.452848327492035, 0.082247896976546, 0.0 ], [ 117.452768917227573, 0.08228466391577, 0.0 ], [ 117.452691968937387, 0.082326400759956, 0.0 ], [ 117.452434549204426, 0.082466979064789, 0.0 ], [ 117.452158546313115, 0.082613579642665, 0.0 ], [ 117.451755938269017, 0.08284642975676, 0.0 ], [ 117.451545392279542, 0.082969199893132, 0.0 ], [ 117.451431289917565, 0.083038809620313, 0.0 ], [ 117.451314116613389, 0.083103041050054, 0.0 ], [ 117.451194122317091, 0.083161757165679, 0.0 ], [ 117.451126326857988, 0.083192617567328, 0.0 ], [ 117.451056315969254, 0.083217973747722, 0.0 ], [ 117.45098452976211, 0.083237666309453, 0.0 ], [ 117.450911419508174, 0.083251571458467, 0.0 ], [ 117.450837444802431, 0.08325960178224, 0.0 ], [ 117.450643860788006, 0.083271068045425, 0.0 ], [ 117.450558919873046, 0.083269615704691, 0.0 ], [ 117.450474304993605, 0.083261990863777, 0.0 ], [ 117.450390458129988, 0.083248233350312, 0.0 ], [ 117.450307817250888, 0.083228415025558, 0.0 ], [ 117.449880492924763, 0.083089321209045, 0.0 ], [ 117.449581165710399, 0.082980267181978, 0.0 ], [ 117.449488385705692, 0.082950079390711, 0.0 ], [ 117.449393923605186, 0.082925746596869, 0.0 ], [ 117.449298143585295, 0.082907362610106, 0.0 ], [ 117.449201414903399, 0.082894998305795, 0.0 ], [ 117.449104110474337, 0.082888701351869, 0.0 ], [ 117.449006605432558, 0.082888496025001, 0.0 ], [ 117.448792552008953, 0.082901396881854, 0.0 ], [ 117.448578887891244, 0.08291970533524, 0.0 ], [ 117.448365747846623, 0.082943409837705, 0.0 ], [ 117.448153266311763, 0.082972495438274, 0.0 ], [ 117.447978080644376, 0.083005380021021, 0.0 ], [ 117.447804140101766, 0.083044392599473, 0.0 ], [ 117.447631656114424, 0.083089485752967, 0.0 ], [ 117.447460838342366, 0.083140604669783, 0.0 ], [ 117.447291894420346, 0.083197687213579, 0.0 ], [ 117.447125029705418, 0.083260663999096, 0.0 ], [ 117.446938984567012, 0.083328784298559, 0.0 ], [ 117.446754561629106, 0.083401237575507, 0.0 ], [ 117.44657186044472, 0.083477984719408, 0.0 ], [ 117.446211791404551, 0.083646770627528, 0.0 ], [ 117.446086543900179, 0.083709015817003, 0.0 ], [ 117.445959168776696, 0.083766719470495, 0.0 ], [ 117.44582982845192, 0.08381980800894, 0.0 ], [ 117.445698687849614, 0.08386821373809, 0.0 ], [ 117.445565914189018, 0.0839118749348, 0.0 ], [ 117.445454641053786, 0.083941718817048, 0.0 ], [ 117.445342028000795, 0.083965938894382, 0.0 ], [ 117.445228355283589, 0.083984474891462, 0.0 ], [ 117.44511390579278, 0.083997280678544, 0.0 ], [ 117.444813331854775, 0.083990214897892, 0.0 ], [ 117.444512994589758, 0.083976283807451, 0.0 ], [ 117.443989954285584, 0.08392386102983, 0.0 ] ] } },
{ "type": "Feature", "properties": { "Kl_Dat_Das": "Jalan non tol", "Nm_Ruas": "Jl. Teuku Umar", "Thn_Data": 2015, "Status": "Jalan Kota", "Fungsi": "Jalan Lingkungan", "Mendukung": null, "Ura_Dukung": null, "Kd_Bd_PU": null, "Kd_Jns_Inf": null, "Kd_Inf": "001 00 K 028", "Propinsi": "Kalimantan Timur", "Kab_Kota": "Bontang", "Kecamatan": "Bontang Selatan", "Desa_Kel": "Berbas Pantai", "Tk_Ruas_Aw": "Jl. P. Diponegoro", "Tk_Ruas_Ak": "Jl. Sultan Hasanuddin", "Kd_Patok": null, "Km_Awal": 0.0, "Km_Akhir": 0.0, "Nm_Lintas": "-", "Kon_Baik": 0.4226180271, "Kon_Sdg": 0.0, "Kon_Rgn": 0.0, "Kon_Rusak": 0.0, "Kon_Mntp": 0.0, "Kon_T_Mntp": 0.0, "Panjang": 0.4226180271, "Lbr_Keras": 4.0, "LHRT": 0.0, "VCR": 0.0, "Tipe_Jln": 2, "MST": 0.0, "Tipe_Keras": "Beton", "Tanah_Kri": 0.0, "Macadam": 0.0, "Aspal": 0.0, "Rigid": 100.0, "Thn_Pen_Ak": 0, "Jns_Pen": null, "Koord_X_Aw": 117.4869138647, "Koord_Y_Aw": 0.1092572316, "Koord_X_Ak": 117.48489103830001, "Koord_Y_Ak": 0.1068852992 }, "geometry": { "type": "LineString", "coordinates": [ [ 117.486913864686059, 0.109257231639943, 0.0 ], [ 117.486920439755735, 0.108818227873829, 0.0 ], [ 117.486921280787016, 0.108750744033729, 0.0 ], [ 117.48693234218581, 0.107863189081199, 0.0 ], [ 117.48693484583066, 0.107836221029826, 0.0 ], [ 117.48693323125147, 0.107809184264588, 0.0 ], [ 117.486927536288476, 0.107782712436716, 0.0 ], [ 117.486917894412585, 0.107757425957172, 0.0 ], [ 117.486904531597034, 0.107733917456235, 0.0 ], [ 117.486887761021421, 0.107712737894428, 0.0 ], [ 117.486867975731812, 0.107694383649761, 0.0 ], [ 117.486244585377705, 0.10718178816326, 0.0 ], [ 117.48617913943518, 0.107129773087716, 0.0 ], [ 117.486110138609902, 0.107082643865926, 0.0 ], [ 117.486037942068748, 0.107040645817747, 0.0 ], [ 117.485970614559719, 0.10700775388373, 0.0 ], [ 117.485962925613023, 0.107003997553879, 0.0 ], [ 117.485885479722484, 0.106972889838111, 0.0 ], [ 117.485806007522754, 0.106947484594232, 0.0 ], [ 117.485724922686913, 0.106927914063263, 0.0 ], [ 117.485642647282205, 0.106914280115019, 0.0 ], [ 117.485559609573187, 0.106906653717903, 0.0 ], [ 117.485033556189549, 0.106891366851369, 0.0 ], [ 117.484895178194407, 0.106887345649563, 0.0 ], [ 117.484891038298684, 0.10688529915271, 0.0 ] ] } },
{ "type": "Feature", "properties": { "Kl_Dat_Das": "Jalan non tol", "Nm_Ruas": "Jl. P. Antasari", "Thn_Data": 2015, "Status": "Jalan Kota", "Fungsi": "Jalan Kolektor", "Mendukung": null, "Ura_Dukung": null, "Kd_Bd_PU": null, "Kd_Jns_Inf": null, "Kd_Inf": "001 00 K 046", "Propinsi": "Kalimantan Timur", "Kab_Kota": "Bontang", "Kecamatan": "Bontang Selatan", "Desa_Kel": "Berbas Pantai", "Tk_Ruas_Aw": "Jl. Sultan Hasanuddin", "Tk_Ruas_Ak": "Jl. P. Diponegoro", "Kd_Patok": null, "Km_Awal": 0.0, "Km_Akhir": 0.0, "Nm_Lintas": "-", "Kon_Baik": 0.500110045, "Kon_Sdg": 0.0, "Kon_Rgn": 0.0, "Kon_Rusak": 0.0, "Kon_Mntp": 0.0, "Kon_T_Mntp": 0.0, "Panjang": 0.500110045, "Lbr_Keras": 5.0, "LHRT": 0.0, "VCR": 0.0, "Tipe_Jln": 2, "MST": 0.0, "Tipe_Keras": "Beton", "Tanah_Kri": 0.0, "Macadam": 0.0, "Aspal": 0.0, "Rigid": 100.0, "Thn_Pen_Ak": 2011, "Jns_Pen": "Peningkatan", "Koord_X_Aw": 117.4826729551, "Koord_Y_Aw": 0.111132346, "Koord_X_Ak": 117.4859859932, "Koord_Y_Ak": 0.1091537055 }, "geometry": { "type": "LineString", "coordinates": [ [ 117.482672955116954, 0.111132345975954, 0.0 ], [ 117.482685812259348, 0.111149384806391, 0.0 ], [ 117.483004883104101, 0.111572230987237, 0.0 ], [ 117.483018071336303, 0.111585844536127, 0.0 ], [ 117.483033214597313, 0.111597210755354, 0.0 ], [ 117.483049939160921, 0.111606049133573, 0.0 ], [ 117.483067832275111, 0.111612141545224, 0.0 ], [ 117.483086452349028, 0.111615337633331, 0.0 ], [ 117.483105339850695, 0.111615558520473, 0.0 ], [ 117.483124028648334, 0.111612798755276, 0.0 ], [ 117.483142057513973, 0.111607126447082, 0.0 ], [ 117.483158981506392, 0.111598681584969, 0.0 ], [ 117.483518666917448, 0.111374510763248, 0.0 ], [ 117.4838328731242, 0.111179916922313, 0.0 ], [ 117.48407951280133, 0.111016884909929, 0.0 ], [ 117.484117164342678, 0.11099199675521, 0.0 ], [ 117.48416180609091, 0.110951080545062, 0.0 ], [ 117.484202205727399, 0.110905916744644, 0.0 ], [ 117.484210686653995, 0.110894303661205, 0.0 ], [ 117.484237966461265, 0.110856948936989, 0.0 ], [ 117.484330253464094, 0.110743792219132, 0.0 ], [ 117.484405718746075, 0.110651261275775, 0.0 ], [ 117.484493875909266, 0.110572210123138, 0.0 ], [ 117.484584723498102, 0.110496309043819, 0.0 ], [ 117.484653609859649, 0.110442736062056, 0.0 ], [ 117.484678150513204, 0.110423650775096, 0.0 ], [ 117.484912679578258, 0.110240270434332, 0.0 ], [ 117.485064543669793, 0.110119882707664, 0.0 ], [ 117.485275549329131, 0.109929051911216, 0.0 ], [ 117.485375493897195, 0.10984133081561, 0.0 ], [ 117.485460909340389, 0.10976636189743, 0.0 ], [ 117.485645536490367, 0.109602070458003, 0.0 ], [ 117.485825028700887, 0.109434527139371, 0.0 ], [ 117.485874966913244, 0.109390236096259, 0.0 ], [ 117.485908709579732, 0.109353983857482, 0.0 ], [ 117.485937082646743, 0.109313335720524, 0.0 ], [ 117.485959528049221, 0.109269091186916, 0.0 ], [ 117.485975604312344, 0.109222120495053, 0.0 ], [ 117.485984995234844, 0.10917334750373, 0.0 ], [ 117.485985993198881, 0.109153705514645, 0.0 ] ] } },
{ "type": "Feature", "properties": { "Kl_Dat_Das": "Jalan non tol", "Nm_Ruas": "Jl. Carita", "Thn_Data": 2015, "Status": "Jalan Kota", "Fungsi": "Jalan Lingkungan", "Mendukung": null, "Ura_Dukung": null, "Kd_Bd_PU": null, "Kd_Jns_Inf": null, "Kd_Inf": "001 00 K 123", "Propinsi": "Kalimantan Timur", "Kab_Kota": "Bontang", "Kecamatan": "Bontang Selatan", "Desa_Kel": "Berbas Pantai", "Tk_Ruas_Aw": "Jl. P. Antasari", "Tk_Ruas_Ak": "Jl. Kayu Ulin", "Kd_Patok": null, "Km_Awal": 0.0, "Km_Akhir": 0.0, "Nm_Lintas": "-", "Kon_Baik": 0.2706979403, "Kon_Sdg": 0.0, "Kon_Rgn": 0.0, "Kon_Rusak": 0.0, "Kon_Mntp": 0.0, "Kon_T_Mntp": 0.0, "Panjang": 0.2706979403, "Lbr_Keras": 0.0, "LHRT": 0.0, "VCR": 0.0, "Tipe_Jln": 2, "MST": 0.0, "Tipe_Keras": "Beton", "Tanah_Kri": 0.0, "Macadam": 0.0, "Aspal": 0.0, "Rigid": 100.0, "Thn_Pen_Ak": 0, "Jns_Pen": null, "Koord_X_Aw": 117.48465360989999, "Koord_Y_Aw": 0.1104427361, "Koord_X_Ak": 117.4863292222, "Koord_Y_Ak": 0.1122058296 }, "geometry": { "type": "LineString", "coordinates": [ [ 117.484653609859649, 0.110442736062056, 0.0 ], [ 117.484684608027166, 0.110494555644411, 0.0 ], [ 117.484763236045453, 0.110615568437098, 0.0 ], [ 117.484846282259142, 0.110733552034754, 0.0 ], [ 117.484913936261975, 0.110822460158611, 0.0 ], [ 117.484933631649113, 0.110848343030338, 0.0 ], [ 117.485025163236386, 0.110959782438434, 0.0 ], [ 117.485370775398394, 0.111286435485195, 0.0 ], [ 117.485553543298579, 0.111459177338701, 0.0 ], [ 117.485788207395274, 0.111690812671989, 0.0 ], [ 117.485846483094178, 0.111748336214557, 0.0 ], [ 117.486329222193604, 0.112205829569897, 0.0 ] ] } },
{ "type": "Feature", "properties": { "Kl_Dat_Das": "Jalan non tol", "Nm_Ruas": "Jl. Zamrut", "Thn_Data": 2015, "Status": "Jalan Kota", "Fungsi": "Jalan Lingkungan", "Mendukung": null, "Ura_Dukung": null, "Kd_Bd_PU": null, "Kd_Jns_Inf": null, "Kd_Inf": "001 00 K 121", "Propinsi": "Kalimantan Timur", "Kab_Kota": "Bontang", "Kecamatan": "Bontang Selatan", "Desa_Kel": "Berbas Tengah", "Tk_Ruas_Aw": "Jl. Gajah Mada", "Tk_Ruas_Ak": "Gg. Zamrut 22", "Kd_Patok": null, "Km_Awal": 0.0, "Km_Akhir": 0.0, "Nm_Lintas": "-", "Kon_Baik": 0.8281350291, "Kon_Sdg": 0.0, "Kon_Rgn": 0.0, "Kon_Rusak": 0.0, "Kon_Mntp": 0.0, "Kon_T_Mntp": 0.0, "Panjang": 0.8281350291, "Lbr_Keras": 4.0, "LHRT": 0.0, "VCR": 0.0, "Tipe_Jln": 2, "MST": 0.0, "Tipe_Keras": "Beton", "Tanah_Kri": 0.0, "Macadam": 0.0, "Aspal": 0.0, "Rigid": 100.0, "Thn_Pen_Ak": 0, "Jns_Pen": null, "Koord_X_Aw": 117.4748633862, "Koord_Y_Aw": 0.1167495616, "Koord_X_Ak": 117.47888661269999, "Koord_Y_Ak": 0.1110648322 }, "geometry": { "type": "LineString", "coordinates": [ [ 117.474863386202756, 0.116749561595906, 0.0 ], [ 117.474874110732131, 0.116733336675306, 0.0 ], [ 117.474891544188779, 0.116706961956305, 0.0 ], [ 117.47495758367711, 0.116597874846242, 0.0 ], [ 117.475019258464386, 0.116486228222985, 0.0 ], [ 117.475076470827247, 0.116372198990407, 0.0 ], [ 117.475108197768819, 0.116280724913465, 0.0 ], [ 117.475129568710202, 0.116229978430724, 0.0 ], [ 117.475145764442615, 0.116191520768568, 0.0 ], [ 117.475189011917038, 0.116104963947189, 0.0 ], [ 117.475237757226964, 0.116021420641122, 0.0 ], [ 117.475290174823385, 0.115970677824879, 0.0 ], [ 117.475321292444306, 0.115947181548249, 0.0 ], [ 117.475420174267967, 0.115872517914235, 0.0 ], [ 117.475546795059529, 0.115766669556786, 0.0 ], [ 117.47559154386181, 0.115729261899594, 0.0 ], [ 117.4757706882707, 0.115579506550196, 0.0 ], [ 117.475946980247812, 0.115432135688228, 0.0 ], [ 117.476058231792265, 0.115346531883723, 0.0 ], [ 117.476371923297464, 0.115105158285856, 0.0 ], [ 117.476479948798868, 0.115022036802563, 0.0 ], [ 117.476665114350169, 0.114880112455022, 0.0 ], [ 117.476942752655376, 0.114667310268902, 0.0 ], [ 117.477011692844172, 0.114618886659264, 0.0 ], [ 117.47704896317471, 0.114592707967916, 0.0 ], [ 117.477080910154072, 0.114568017649495, 0.0 ], [ 117.477151690034646, 0.114513315207763, 0.0 ], [ 117.477250720221249, 0.114429296617221, 0.0 ], [ 117.477345848385951, 0.114340826417247, 0.0 ], [ 117.477369940381706, 0.114316281986967, 0.0 ], [ 117.477436877271472, 0.114248088059592, 0.0 ], [ 117.477523618120728, 0.114151273846378, 0.0 ], [ 117.477569620805724, 0.114079872617167, 0.0 ], [ 117.477662800234114, 0.11393524789456, 0.0 ], [ 117.477751095342171, 0.113798204178874, 0.0 ], [ 117.477876419668277, 0.113607542402285, 0.0 ], [ 117.477997792501668, 0.113422892224988, 0.0 ], [ 117.47809357282766, 0.11327717713376, 0.0 ], [ 117.478208502175931, 0.113105040398175, 0.0 ], [ 117.478479637460069, 0.112698944476555, 0.0 ], [ 117.478618463509846, 0.112483324924098, 0.0 ], [ 117.478758732117953, 0.112265464853803, 0.0 ], [ 117.478809171084748, 0.112187124898713, 0.0 ], [ 117.47885807590707, 0.112111167721944, 0.0 ], [ 117.479028047680075, 0.111849533277576, 0.0 ], [ 117.479078202554192, 0.111772330799321, 0.0 ], [ 117.479087821624375, 0.111757524341107, 0.0 ], [ 117.47911444582023, 0.111703507444662, 0.0 ], [ 117.479135836456962, 0.111647182396157, 0.0 ], [ 117.479137519695684, 0.111641053571114, 0.0 ], [ 117.479151798891081, 0.111589061724103, 0.0 ], [ 117.479162187872859, 0.111529674296048, 0.0 ], [ 117.479166908868081, 0.111469560506577, 0.0 ], [ 117.479166580029627, 0.11144953252141, 0.0 ], [ 117.479165918918198, 0.111409267359623, 0.0 ], [ 117.479159227031246, 0.111349343491228, 0.0 ], [ 117.479146894099955, 0.111290334177083, 0.0 ], [ 117.479119218882815, 0.11124569504474, 0.0 ], [ 117.479087035688821, 0.111204232248798, 0.0 ], [ 117.479050701177911, 0.111166405287611, 0.0 ], [ 117.479010618015622, 0.111132633366359, 0.0 ], [ 117.478967230410689, 0.11110329075172, 0.0 ], [ 117.478921019192342, 0.111078702623781, 0.0 ], [ 117.47888661270764, 0.111064832202527, 0.0 ] ] } },
{ "type": "Feature", "properties": { "Kl_Dat_Das": "Jalan non tol", "Nm_Ruas": "Jl. Parangtritis", "Thn_Data": 2015, "Status": "Jalan Kota", "Fungsi": "Jalan Lingkungan", "Mendukung": null, "Ura_Dukung": null, "Kd_Bd_PU": null, "Kd_Jns_Inf": null, "Kd_Inf": "001 00 K 153", "Propinsi": "Kalimantan Timur", "Kab_Kota": "Bontang", "Kecamatan": "Bontang Selatan", "Desa_Kel": "Berbas Pantai", "Tk_Ruas_Aw": "Jl. P. Antasari", "Tk_Ruas_Ak": "Buntu", "Kd_Patok": null, "Km_Awal": 0.0, "Km_Akhir": 0.0, "Nm_Lintas": "-", "Kon_Baik": 0.1441139841, "Kon_Sdg": 0.0, "Kon_Rgn": 0.0, "Kon_Rusak": 0.0, "Kon_Mntp": 0.0, "Kon_T_Mntp": 0.0, "Panjang": 0.1441139841, "Lbr_Keras": 0.0, "LHRT": 0.0, "VCR": 0.0, "Tipe_Jln": 2, "MST": 0.0, "Tipe_Keras": "Beton", "Tanah_Kri": 0.0, "Macadam": 0.0, "Aspal": 0.0, "Rigid": 100.0, "Thn_Pen_Ak": 0, "Jns_Pen": null, "Koord_X_Aw": 553786.98246269487, "Koord_Y_Aw": 12321.2453946695, "Koord_X_Ak": 553824.15835794341, "Koord_Y_Ak": 12443.1962400228 }, "geometry": { "type": "LineString", "coordinates": [ [ 117.483365168679995, 0.111470177211157, 0.0 ], [ 117.483515647056123, 0.11166782637177, 0.0 ], [ 117.483854102543518, 0.112149012011835, 0.0 ], [ 117.483856009657131, 0.112151441144658, 0.0 ], [ 117.483857474449096, 0.112154163702042, 0.0 ], [ 117.483858453467136, 0.112157098920703, 0.0 ], [ 117.483858917669167, 0.112160159728907, 0.0 ], [ 117.483858853284914, 0.112163255329412, 0.0 ], [ 117.483858262224302, 0.112166293892855, 0.0 ], [ 117.483857162020797, 0.112169185281842, 0.0 ], [ 117.483855585311375, 0.112171843724837, 0.0 ], [ 117.483853578868292, 0.112174190360583, 0.0 ], [ 117.483832470140214, 0.112190009781231, 0.0 ], [ 117.483814037046017, 0.112208917027807, 0.0 ], [ 117.48379872055952, 0.112230459783473, 0.0 ], [ 117.483786887096088, 0.112254122682173, 0.0 ], [ 117.48377881974703, 0.112279339637831, 0.0 ], [ 117.483699265805072, 0.112573459618263, 0.0 ] ] } },
{ "type": "Feature", "properties": { "Kl_Dat_Das": "Jalan non tol", "Nm_Ruas": "Jl. Raden Patah", "Thn_Data": 2015, "Status": "Jalan Kota", "Fungsi": "Jalan Lingkungan", "Mendukung": null, "Ura_Dukung": null, "Kd_Bd_PU": null, "Kd_Jns_Inf": null, "Kd_Inf": "001 00 K 047", "Propinsi": "Kalimantan Timur", "Kab_Kota": "Bontang", "Kecamatan": "Bontang Selatan", "Desa_Kel": "Berbas Pantai", "Tk_Ruas_Aw": "Jl.Sultan Hasanuddin", "Tk_Ruas_Ak": "Jl. Zamrut", "Kd_Patok": null, "Km_Awal": 0.0, "Km_Akhir": 0.0, "Nm_Lintas": "-", "Kon_Baik": 0.3383308489, "Kon_Sdg": 0.0, "Kon_Rgn": 0.0, "Kon_Rusak": 0.0, "Kon_Mntp": 0.0, "Kon_T_Mntp": 0.0, "Panjang": 0.3383308489, "Lbr_Keras": 4.0, "LHRT": 0.0, "VCR": 0.0, "Tipe_Jln": 2, "MST": 0.0, "Tipe_Keras": "Beton", "Tanah_Kri": 0.0, "Macadam": 0.0, "Aspal": 0.0, "Rigid": 100.0, "Thn_Pen_Ak": 0, "Jns_Pen": null, "Koord_X_Aw": 117.4816824185, "Koord_Y_Aw": 0.1126865257, "Koord_X_Ak": 117.4788091711, "Koord_Y_Ak": 0.1121871249 }, "geometry": { "type": "LineString", "coordinates": [ [ 117.478809171084748, 0.112187124898713, 0.0 ], [ 117.47882852658654, 0.112206054971405, 0.0 ], [ 117.478908698720943, 0.112275283546294, 0.0 ], [ 117.478992975695959, 0.11233938059097, 0.0 ], [ 117.47908103395504, 0.112398100023937, 0.0 ], [ 117.479172535424496, 0.112451216409694, 0.0 ], [ 117.479267128811514, 0.112498525823818, 0.0 ], [ 117.479364450952801, 0.112539846636129, 0.0 ], [ 117.479464128208789, 0.112575020207937, 0.0 ], [ 117.479800809776549, 0.11269249093763, 0.0 ], [ 117.480092049784176, 0.112794106756186, 0.0 ], [ 117.480178721089004, 0.112819975193945, 0.0 ], [ 117.480267096583702, 0.112839127989205, 0.0 ], [ 117.480356663647882, 0.112851454046729, 0.0 ], [ 117.480446902749335, 0.112856881869858, 0.0 ], [ 117.48053729045796, 0.112855379974808, 0.0 ], [ 117.480627302481551, 0.112846957073582, 0.0 ], [ 117.48082622115183, 0.112816711301388, 0.0 ], [ 117.481682418508456, 0.112686525676452, 0.0 ] ] } },
{ "type": "Feature", "properties": { "Kl_Dat_Das": "Jalan non tol", "Nm_Ruas": "Jl. Pelabuhan III", "Thn_Data": 2015, "Status": "Jalan Kota", "Fungsi": "Jalan Lokal", "Mendukung": null, "Ura_Dukung": null, "Kd_Bd_PU": null, "Kd_Jns_Inf": null, "Kd_Inf": "001 00 K 127", "Propinsi": "Kalimantan Timur", "Kab_Kota": "Bontang", "Kecamatan": "Bontang Selatan", "Desa_Kel": "Tanjung Laut Indah", "Tk_Ruas_Aw": "Sp. 3 Jl. Pelabuhan I - Jl. Pelabuhan II", "Tk_Ruas_Ak": "Buntu", "Kd_Patok": null, "Km_Awal": 0.0, "Km_Akhir": 0.0, "Nm_Lintas": "-", "Kon_Baik": 0.7003716199, "Kon_Sdg": 0.0, "Kon_Rgn": 0.0, "Kon_Rusak": 0.0, "Kon_Mntp": 0.0, "Kon_T_Mntp": 0.0, "Panjang": 0.7003716199, "Lbr_Keras": 0.0, "LHRT": 0.0, "VCR": 0.0, "Tipe_Jln": 2, "MST": 0.0, "Tipe_Keras": "Beton", "Tanah_Kri": 0.0, "Macadam": 0.0, "Aspal": 0.0, "Rigid": 100.0, "Thn_Pen_Ak": 0, "Jns_Pen": null, "Koord_X_Aw": 117.4929027009, "Koord_Y_Aw": 0.1160997028, "Koord_X_Ak": 117.4982725791, "Koord_Y_Ak": 0.112943075 }, "geometry": { "type": "LineString", "coordinates": [ [ 117.498272579117511, 0.112943074986244, 0.0 ], [ 117.498095692048921, 0.113079674407799, 0.0 ], [ 117.498010796875477, 0.113137308831561, 0.0 ], [ 117.49792252280082, 0.113189545736578, 0.0 ], [ 117.497831207960843, 0.113236185027875, 0.0 ], [ 117.497348262018718, 0.113496617289045, 0.0 ], [ 117.497265245301975, 0.113541766332094, 0.0 ], [ 117.496978815152886, 0.113697542757258, 0.0 ], [ 117.496850327326797, 0.113773193125254, 0.0 ], [ 117.496819540906486, 0.113793017890184, 0.0 ], [ 117.496724936088881, 0.113853938200705, 0.0 ], [ 117.496602840647412, 0.113939649704823, 0.0 ], [ 117.496484234974503, 0.114030191468804, 0.0 ], [ 117.496369307498256, 0.114125419649887, 0.0 ], [ 117.496258240803257, 0.114225182960158, 0.0 ], [ 117.49624480000189, 0.114238260894756, 0.0 ], [ 117.496151211340475, 0.114329322906579, 0.0 ], [ 117.496039715795106, 0.11443322764626, 0.0 ], [ 117.495924435943977, 0.114532858993813, 0.0 ], [ 117.495805533290579, 0.114628077368278, 0.0 ], [ 117.495683174413912, 0.114718749371264, 0.0 ], [ 117.495676577780301, 0.114723264530889, 0.0 ], [ 117.49555753073507, 0.114804747973617, 0.0 ], [ 117.49533207124685, 0.114935145117023, 0.0 ], [ 117.495163099511672, 0.11501788416785, 0.0 ], [ 117.494866799969401, 0.115162970819901, 0.0 ], [ 117.494807227007357, 0.115192141441244, 0.0 ], [ 117.494710356794798, 0.115234809714113, 0.0 ], [ 117.494681664954115, 0.115245208934756, 0.0 ], [ 117.494655761449451, 0.115254597536335, 0.0 ], [ 117.494644807750348, 0.115261828904006, 0.0 ], [ 117.494632911327173, 0.115267347968632, 0.0 ], [ 117.49462033437743, 0.115271033089804, 0.0 ], [ 117.494607354097553, 0.11527280304741, 0.0 ], [ 117.494594256573222, 0.115272618831452, 0.0 ], [ 117.494581330474304, 0.115270484502044, 0.0 ], [ 117.494567807241964, 0.115270541437786, 0.0 ], [ 117.4945544331283, 0.115272558457103, 0.0 ], [ 117.494541486972125, 0.115276493506751, 0.0 ], [ 117.494529238689722, 0.115282264544372, 0.0 ], [ 117.494377751206841, 0.115335376224183, 0.0 ], [ 117.494222790360254, 0.115389705669521, 0.0 ], [ 117.493994637764047, 0.115461219934034, 0.0 ], [ 117.493863912978128, 0.115502195522872, 0.0 ], [ 117.493646959276745, 0.11557019950271, 0.0 ], [ 117.493580734915639, 0.115584129386004, 0.0 ], [ 117.493516244603086, 0.115604715107061, 0.0 ], [ 117.493501795103469, 0.115611005014282, 0.0 ], [ 117.493454146556417, 0.11563174655897, 0.0 ], [ 117.493395074576327, 0.115664947846594, 0.0 ], [ 117.493339631578337, 0.11570398010287, 0.0 ], [ 117.493288383438767, 0.11574844494703, 0.0 ], [ 117.492994499296827, 0.116001846050884, 0.0 ], [ 117.49294682518132, 0.116049086903916, 0.0 ], [ 117.49290270085433, 0.116099702801485, 0.0 ] ] } },
{ "type": "Feature", "properties": { "Kl_Dat_Das": "Jalan non tol", "Nm_Ruas": "Jl. Tipalayo", "Thn_Data": 2015, "Status": "Jalan Kota", "Fungsi": "Jalan Lingkungan", "Mendukung": null, "Ura_Dukung": null, "Kd_Bd_PU": null, "Kd_Jns_Inf": null, "Kd_Inf": "001 00 K 048", "Propinsi": "Kalimantan Timur", "Kab_Kota": "Bontang", "Kecamatan": "Bontang Selatan", "Desa_Kel": "Berbas Pantai", "Tk_Ruas_Aw": "Sp. 4 Jl. Sultan Hasanuddin - Gg. Intan 7", "Tk_Ruas_Ak": "Gg. Tipalayo_X2-BT", "Kd_Patok": null, "Km_Awal": 0.0, "Km_Akhir": 0.0, "Nm_Lintas": "-", "Kon_Baik": 0.2974580978, "Kon_Sdg": 0.0, "Kon_Rgn": 0.0, "Kon_Rusak": 0.0, "Kon_Mntp": 0.0, "Kon_T_Mntp": 0.0, "Panjang": 0.2974580978, "Lbr_Keras": 4.0, "LHRT": 0.0, "VCR": 0.0, "Tipe_Jln": 2, "MST": 0.0, "Tipe_Keras": "Beton", "Tanah_Kri": 0.0, "Macadam": 0.0, "Aspal": 0.0, "Rigid": 100.0, "Thn_Pen_Ak": 2012, "Jns_Pen": "Peningkatan", "Koord_X_Aw": 117.48159443359999, "Koord_Y_Aw": 0.1141732686, "Koord_X_Ak": 117.4842063696, "Koord_Y_Ak": 0.1136052376 }, "geometry": { "type": "LineString", "coordinates": [ [ 117.484206369597459, 0.113605237635792, 0.0 ], [ 117.483797835216933, 0.113705384349802, 0.0 ], [ 117.483262510791675, 0.113802401282266, 0.0 ], [ 117.483103521642519, 0.113834714389297, 0.0 ], [ 117.482880025914739, 0.113880137874894, 0.0 ], [ 117.482028514148567, 0.11406666729899, 0.0 ], [ 117.481886943284252, 0.114107574788728, 0.0 ], [ 117.481743884170371, 0.11414284653423, 0.0 ], [ 117.481599558073796, 0.114172427981042, 0.0 ], [ 117.481594433570891, 0.114173268566562, 0.0 ] ] } },
{ "type": "Feature", "properties": { "Kl_Dat_Das": "Jalan non tol", "Nm_Ruas": "Jl. Veteran", "Thn_Data": 2015, "Status": "Jalan Kota", "Fungsi": "Jalan Lingkungan", "Mendukung": null, "Ura_Dukung": null, "Kd_Bd_PU": null, "Kd_Jns_Inf": null, "Kd_Inf": "001 00 K 026", "Propinsi": "Kalimantan Timur", "Kab_Kota": "Bontang", "Kecamatan": "Bontang Selatan", "Desa_Kel": "Berbas Tengah", "Tk_Ruas_Aw": "Jl. Berlian", "Tk_Ruas_Ak": "Jl. Raden Patah", "Kd_Patok": null, "Km_Awal": 0.0, "Km_Akhir": 0.0, "Nm_Lintas": "-", "Kon_Baik": 0.4126851948, "Kon_Sdg": 0.0, "Kon_Rgn": 0.0, "Kon_Rusak": 0.0, "Kon_Mntp": 0.0, "Kon_T_Mntp": 0.0, "Panjang": 0.4126851948, "Lbr_Keras": 4.0, "LHRT": 0.0, "VCR": 0.0, "Tipe_Jln": 2, "MST": 0.0, "Tipe_Keras": "Beton", "Tanah_Kri": 0.0, "Macadam": 0.0, "Aspal": 0.0, "Rigid": 100.0, "Thn_Pen_Ak": 0, "Jns_Pen": null, "Koord_X_Aw": 117.4790420497, "Koord_Y_Aw": 0.1162464573, "Koord_X_Ak": 117.4798008098, "Koord_Y_Ak": 0.1126924909 }, "geometry": { "type": "LineString", "coordinates": [ [ 117.479800809776549, 0.11269249093763, 0.0 ], [ 117.479787834181963, 0.112819220962281, 0.0 ], [ 117.479765554623384, 0.112982698411321, 0.0 ], [ 117.479737826556956, 0.113145329053379, 0.0 ], [ 117.479690270616189, 0.11344698230881, 0.0 ], [ 117.47967692392784, 0.113531742577844, 0.0 ], [ 117.479669336450101, 0.113617220631112, 0.0 ], [ 117.479667543347063, 0.113703020322728, 0.0 ], [ 117.479671552928792, 0.113788744016412, 0.0 ], [ 117.479683817445547, 0.114075263316979, 0.0 ], [ 117.479688201680887, 0.114177686203484, 0.0 ], [ 117.479699627275565, 0.114282045209915, 0.0 ], [ 117.479709381165264, 0.114342281551035, 0.0 ], [ 117.479716406661026, 0.114385668358854, 0.0 ], [ 117.479726031318449, 0.114454696723993, 0.0 ], [ 117.479730520441763, 0.114524255166757, 0.0 ], [ 117.479729959323961, 0.114582510841441, 0.0 ], [ 117.479729849074815, 0.114593956994725, 0.0 ], [ 117.479727470855082, 0.114731758772683, 0.0 ], [ 117.479721343394573, 0.114802553432658, 0.0 ], [ 117.479711656790286, 0.114872944045562, 0.0 ], [ 117.479698435982243, 0.114942749377314, 0.0 ], [ 117.479697355955338, 0.114947045647058, 0.0 ], [ 117.479673305273181, 0.115042717543371, 0.0 ], [ 117.479670805637923, 0.115050566357114, 0.0 ], [ 117.479642032407725, 0.115140913830334, 0.0 ], [ 117.479604739068066, 0.115236956157608, 0.0 ], [ 117.479561570361966, 0.115330470825723, 0.0 ], [ 117.479520886173177, 0.115405905011783, 0.0 ], [ 117.47951269425819, 0.115421093970042, 0.0 ], [ 117.479469182500054, 0.11549253690478, 0.0 ], [ 117.479335441874341, 0.115712128655275, 0.0 ], [ 117.479273961588945, 0.115813277171805, 0.0 ], [ 117.479189704197395, 0.115951899013815, 0.0 ], [ 117.479163256924664, 0.116004659087851, 0.0 ], [ 117.479042049670596, 0.116246457326651, 0.0 ] ] } },
{ "type": "Feature", "properties": { "Kl_Dat_Das": "Jalan non tol", "Nm_Ruas": "Jl. Cumi-Cumi", "Thn_Data": 2015, "Status": "Jalan Kota", "Fungsi": "Jalan Lokal", "Mendukung": null, "Ura_Dukung": null, "Kd_Bd_PU": null, "Kd_Jns_Inf": null, "Kd_Inf": "001 00 K 136", "Propinsi": "Kalimantan Timur", "Kab_Kota": "Bontang", "Kecamatan": "Bontang Selatan", "Desa_Kel": "Tanjung Laut", "Tk_Ruas_Aw": "Jl. St. Syahrir", "Tk_Ruas_Ak": "Buntu", "Kd_Patok": null, "Km_Awal": 0.0, "Km_Akhir": 0.0, "Nm_Lintas": "-", "Kon_Baik": 0.4148830719, "Kon_Sdg": 0.0, "Kon_Rgn": 0.0, "Kon_Rusak": 0.0, "Kon_Mntp": 0.0, "Kon_T_Mntp": 0.0, "Panjang": 0.4148830719, "Lbr_Keras": 0.0, "LHRT": 0.0, "VCR": 0.0, "Tipe_Jln": 2, "MST": 0.0, "Tipe_Keras": "Beton", "Tanah_Kri": 0.0, "Macadam": 0.0, "Aspal": 0.0, "Rigid": 100.0, "Thn_Pen_Ak": 2013, "Jns_Pen": "Peningkatan", "Koord_X_Aw": 554281.57654872257, "Koord_Y_Aw": 13093.0408224612, "Koord_X_Ak": 554165.28765338473, "Koord_Y_Ak": 12705.352735394599 }, "geometry": { "type": "LineString", "coordinates": [ [ 117.487809926999873, 0.118452523714056, 0.0 ], [ 117.487815338964751, 0.118095786441307, 0.0 ], [ 117.48784523037007, 0.117559680405148, 0.0 ], [ 117.487845570225517, 0.117553251797766, 0.0 ], [ 117.487849263250652, 0.117483395601995, 0.0 ], [ 117.487847466994253, 0.11740702423925, 0.0 ], [ 117.487847375259449, 0.117406108587068, 0.0 ], [ 117.487839852203237, 0.117331017093462, 0.0 ], [ 117.487826463823396, 0.117255822791429, 0.0 ], [ 117.487807380878678, 0.117181885162208, 0.0 ], [ 117.487782716004816, 0.117109640617372, 0.0 ], [ 117.487709637887747, 0.116905841622019, 0.0 ], [ 117.487641709173701, 0.116716403173113, 0.0 ], [ 117.487492039316166, 0.116381265214486, 0.0 ], [ 117.48743788566513, 0.116260005354054, 0.0 ], [ 117.487285775390248, 0.115896183095929, 0.0 ], [ 117.487184475891624, 0.11565389165403, 0.0 ], [ 117.487097909461482, 0.115495092056071, 0.0 ], [ 117.486998075461258, 0.115330246271548, 0.0 ], [ 117.486764843600454, 0.114945134051187, 0.0 ] ] } },
{ "type": "Feature", "properties": { "Kl_Dat_Das": "Jalan non tol", "Nm_Ruas": "Jl. Pelabuhan II", "Thn_Data": 2015, "Status": "Jalan Kota", "Fungsi": "Jalan Lokal", "Mendukung": null, "Ura_Dukung": null, "Kd_Bd_PU": null, "Kd_Jns_Inf": null, "Kd_Inf": "001 00 K 428", "Propinsi": "Kalimantan Timur", "Kab_Kota": "Bontang", "Kecamatan": "Bontang Selatan", "Desa_Kel": "Tanjung Laut Indah", "Tk_Ruas_Aw": "Sp. 3 Jl. Pelabuhan I - Jl. Pelabuhan III", "Tk_Ruas_Ak": "Buntu", "Kd_Patok": null, "Km_Awal": 0.0, "Km_Akhir": 0.0, "Nm_Lintas": "-", "Kon_Baik": 0.2693388812, "Kon_Sdg": 0.0, "Kon_Rgn": 0.0, "Kon_Rusak": 0.0, "Kon_Mntp": 0.0, "Kon_T_Mntp": 0.0, "Panjang": 0.2693388812, "Lbr_Keras": 0.0, "LHRT": 0.0, "VCR": 0.0, "Tipe_Jln": 2, "MST": 0.0, "Tipe_Keras": "Beton", "Tanah_Kri": 0.0, "Macadam": 0.0, "Aspal": 0.0, "Rigid": 100.0, "Thn_Pen_Ak": 0, "Jns_Pen": null, "Koord_X_Aw": 554713.18362128932, "Koord_Y_Aw": 12637.283125858699, "Koord_X_Ak": 554848.14166810736, "Koord_Y_Ak": 12833.2962411381 }, "geometry": { "type": "LineString", "coordinates": [ [ 117.491688464978552, 0.114329224882882, 0.0 ], [ 117.491579876063312, 0.114872169897039, 0.0 ], [ 117.491567803752943, 0.11495093452073, 0.0 ], [ 117.491568117116387, 0.114975833603296, 0.0 ], [ 117.491572310675238, 0.115000374184656, 0.0 ], [ 117.491580280358875, 0.11502394724606, 0.0 ], [ 117.491591828385182, 0.115045967779663, 0.0 ], [ 117.491606668169126, 0.115065889306202, 0.0 ], [ 117.491624431434715, 0.115083217437183, 0.0 ], [ 117.491644677354515, 0.115097522143857, 0.0 ], [ 117.492137785531554, 0.115423202696144, 0.0 ], [ 117.492487732155723, 0.11566333591221, 0.0 ], [ 117.492534625795273, 0.115693234588582, 0.0 ], [ 117.492578878921051, 0.115726966755231, 0.0 ], [ 117.49260119988972, 0.115747140355525, 0.0 ], [ 117.492620183128807, 0.115764297329389, 0.0 ], [ 117.492658250565626, 0.11580496615056, 0.0 ], [ 117.492692815935882, 0.115848689793822, 0.0 ], [ 117.492901286674396, 0.116102529955587, 0.0 ] ] } },
{ "type": "Feature", "properties": { "Kl_Dat_Das": "Jalan non tol", "Nm_Ruas": "Jl. Kenangan", "Thn_Data": 2015, "Status": "Jalan Kota", "Fungsi": "Jalan Lokal", "Mendukung": null, "Ura_Dukung": null, "Kd_Bd_PU": null, "Kd_Jns_Inf": null, "Kd_Inf": "001 00 K 137", "Propinsi": "Kalimantan Timur", "Kab_Kota": "Bontang", "Kecamatan": "Bontang Selatan", "Desa_Kel": "Tanjung Laut", "Tk_Ruas_Aw": "Jl. St. Syahrir", "Tk_Ruas_Ak": "Buntu", "Kd_Patok": null, "Km_Awal": 0.0, "Km_Akhir": 0.0, "Nm_Lintas": "-", "Kon_Baik": 0.4529741462, "Kon_Sdg": 0.0, "Kon_Rgn": 0.0, "Kon_Rusak": 0.0, "Kon_Mntp": 0.0, "Kon_T_Mntp": 0.0, "Panjang": 0.4529741462, "Lbr_Keras": 4.5, "LHRT": 0.0, "VCR": 0.0, "Tipe_Jln": 2, "MST": 0.0, "Tipe_Keras": "Beton", "Tanah_Kri": 0.0, "Macadam": 0.0, "Aspal": 0.0, "Rigid": 100.0, "Thn_Pen_Ak": 2016, "Jns_Pen": "Peningkatan", "Koord_X_Aw": 554056.33939106017, "Koord_Y_Aw": 12729.9769698977, "Koord_X_Ak": 554145.21500139963, "Koord_Y_Ak": 13155.0801079515 }, "geometry": { "type": "LineString", "coordinates": [ [ 117.485785790382494, 0.115167925937536, 0.0 ], [ 117.485826888422949, 0.115207883646882, 0.0 ], [ 117.485906857586428, 0.115293769642012, 0.0 ], [ 117.485982486820745, 0.115383551711187, 0.0 ], [ 117.486053589103847, 0.115477007833877, 0.0 ], [ 117.486119988608394, 0.115573906904088, 0.0 ], [ 117.486314017668462, 0.115855410703463, 0.0 ], [ 117.486420965388504, 0.116020495853959, 0.0 ], [ 117.48643599971912, 0.116046090441915, 0.0 ], [ 117.486446814005689, 0.116073760643333, 0.0 ], [ 117.486453134790779, 0.116102806770865, 0.0 ], [ 117.486454802242775, 0.116132494344367, 0.0 ], [ 117.486455000747782, 0.116161995870902, 0.0 ], [ 117.486457662528608, 0.116557584013175, 0.0 ], [ 117.486455150074903, 0.116675154117178, 0.0 ], [ 117.486451561329844, 0.116843089367145, 0.0 ], [ 117.486450085336955, 0.116912158480646, 0.0 ], [ 117.486444820043133, 0.1171585482606, 0.0 ], [ 117.486441371457431, 0.117229745978847, 0.0 ], [ 117.48643908470045, 0.117276957190775, 0.0 ], [ 117.486435838592044, 0.117332137518637, 0.0 ], [ 117.486429374761443, 0.117442015661865, 0.0 ], [ 117.486425901806541, 0.117607326375531, 0.0 ], [ 117.486428670852149, 0.117772650557857, 0.0 ], [ 117.486437677898792, 0.117937749415396, 0.0 ], [ 117.486455174642373, 0.118361676375179, 0.0 ], [ 117.486456236050458, 0.118387393110757, 0.0 ], [ 117.486483260309683, 0.118811122598062, 0.0 ], [ 117.486493586720783, 0.118856278293931, 0.0 ], [ 117.486496603328945, 0.118864677613964, 0.0 ], [ 117.486509237011859, 0.118899854322343, 0.0 ], [ 117.486529983604157, 0.118941217022217, 0.0 ], [ 117.486555524810967, 0.118979764917811, 0.0 ], [ 117.486584532011378, 0.119013813877588, 0.0 ] ] } },
{ "type": "Feature", "properties": { "Kl_Dat_Das": "Jalan non tol", "Nm_Ruas": "Jl. St. Syahrir", "Thn_Data": 2015, "Status": "Jalan Kota", "Fungsi": "Jalan Arteri Primer", "Mendukung": null, "Ura_Dukung": null, "Kd_Bd_PU": null, "Kd_Jns_Inf": null, "Kd_Inf": "001 00 K 014", "Propinsi": "Kalimantan Timur", "Kab_Kota": "Bontang", "Kecamatan": "Bontang Selatan", "Desa_Kel": "Tanjung Laut Indah", "Tk_Ruas_Aw": "Sp. 4 Jl. WR. Soepratman û Jl. Jenderal Sudirman û Jl. Habibon", "Tk_Ruas_Ak": "Sp. 3 Jl. Pelabuhan I dan Jl. Sam Ratulangi", "Kd_Patok": null, "Km_Awal": 0.0, "Km_Akhir": 0.0, "Nm_Lintas": "-", "Kon_Baik": 0.644, "Kon_Sdg": 0.0, "Kon_Rgn": 0.15, "Kon_Rusak": 0.0, "Kon_Mntp": 0.0, "Kon_T_Mntp": 0.0, "Panjang": 0.7948514192, "Lbr_Keras": 14.0, "LHRT": 741.0, "VCR": 0.0, "Tipe_Jln": 2, "MST": 0.0, "Tipe_Keras": "Aspal", "Tanah_Kri": 0.0, "Macadam": 0.0, "Aspal": 100.0, "Rigid": 0.0, "Thn_Pen_Ak": 2013, "Jns_Pen": "Peningkatan", "Koord_X_Aw": 117.486060861, "Koord_Y_Aw": 0.119783097, "Koord_X_Ak": 117.49231239949999, "Koord_Y_Ak": 0.1177001335 }, "geometry": { "type": "LineString", "coordinates": [ [ 117.486060860962709, 0.119783097003426, 0.0 ], [ 117.486076979925798, 0.11976713958346, 0.0 ], [ 117.486093216926264, 0.119751065309068, 0.0 ], [ 117.486163192493294, 0.119674620160421, 0.0 ], [ 117.486271408562587, 0.119519958103599, 0.0 ], [ 117.486374559445068, 0.119362368841218, 0.0 ], [ 117.486472760051313, 0.119201707182837, 0.0 ], [ 117.486584532011378, 0.119013813877588, 0.0 ], [ 117.486602563240751, 0.118983502633256, 0.0 ], [ 117.486752113464377, 0.118771563057938, 0.0 ], [ 117.486793587625201, 0.118722537490088, 0.0 ], [ 117.486838657608217, 0.118676763486857, 0.0 ], [ 117.486887030553319, 0.118634544438283, 0.0 ], [ 117.486938430538942, 0.118596121163759, 0.0 ], [ 117.486992143244223, 0.118561980510083, 0.0 ], [ 117.487062118804587, 0.118534065369827, 0.0 ], [ 117.4871344998583, 0.118511548167951, 0.0 ], [ 117.487208396538989, 0.118494745658092, 0.0 ], [ 117.487283364391232, 0.118483758899552, 0.0 ], [ 117.487359286370747, 0.118478631425515, 0.0 ], [ 117.487432717683049, 0.118473905523127, 0.0 ], [ 117.487611999510918, 0.118462367278259, 0.0 ], [ 117.487809926999873, 0.118452523714056, 0.0 ], [ 117.487997354137988, 0.118443202364651, 0.0 ], [ 117.488123256805309, 0.118446073497008, 0.0 ], [ 117.488248983987148, 0.118455043288746, 0.0 ], [ 117.488374137363223, 0.118470088539816, 0.0 ], [ 117.488447272943887, 0.118482496048473, 0.0 ], [ 117.488498757013119, 0.118491230361029, 0.0 ], [ 117.488625898116993, 0.118509355978478, 0.0 ], [ 117.488693485536373, 0.118516411273976, 0.0 ], [ 117.488753602008387, 0.118522686694247, 0.0 ], [ 117.488856285748028, 0.118531153452661, 0.0 ], [ 117.488941727624933, 0.118538198537822, 0.0 ], [ 117.489010154653727, 0.11854384066835, 0.0 ], [ 117.489267120823698, 0.118559156505257, 0.0 ], [ 117.489278167586264, 0.118559563152294, 0.0 ], [ 117.489511016339748, 0.118568134644977, 0.0 ], [ 117.489523954355349, 0.118568610911599, 0.0 ], [ 117.489639275860256, 0.118580892361769, 0.0 ], [ 117.489755575763624, 0.118587602860885, 0.0 ], [ 117.489802527547454, 0.118588033463895, 0.0 ], [ 117.489872061690221, 0.118588671173508, 0.0 ], [ 117.489988463722327, 0.118584094824429, 0.0 ], [ 117.490104277147069, 0.118573905093571, 0.0 ], [ 117.490281886300295, 0.11855906126715, 0.0 ], [ 117.490390535462907, 0.118544126711746, 0.0 ], [ 117.490629924265846, 0.118511221116082, 0.0 ], [ 117.491059912201592, 0.118446779675976, 0.0 ], [ 117.491196808692635, 0.118426263269477, 0.0 ], [ 117.491454494049833, 0.118379634389302, 0.0 ], [ 117.491519261092193, 0.118358807732765, 0.0 ], [ 117.491581633280433, 0.118331983701506, 0.0 ], [ 117.491641211314345, 0.118299351152988, 0.0 ], [ 117.491697143814235, 0.118261418048717, 0.0 ], [ 117.491719380462598, 0.118246043135788, 0.0 ], [ 117.491789169968129, 0.118197789120768, 0.0 ], [ 117.491877380638726, 0.118128519983492, 0.0 ], [ 117.491961172763695, 0.118054075283282, 0.0 ], [ 117.492153573158788, 0.117870820499608, 0.0 ], [ 117.492247841420934, 0.117781033212348, 0.0 ], [ 117.492286947761258, 0.117736582303235, 0.0 ], [ 117.492312399480625, 0.117700133533176, 0.0 ] ] } },
{ "type": "Feature", "properties": { "Kl_Dat_Das": "Jalan non tol", "Nm_Ruas": "Jl. WR Supratman", "Thn_Data": 2015, "Status": "Jalan Kota", "Fungsi": "Jalan Arteri Primer", "Mendukung": null, "Ura_Dukung": null, "Kd_Bd_PU": null, "Kd_Jns_Inf": null, "Kd_Inf": "001 00 K 012", "Propinsi": "Kalimantan Timur", "Kab_Kota": "Bontang", "Kecamatan": "Bontang Selatan", "Desa_Kel": "Berbas Tengah", "Tk_Ruas_Aw": "Sp. 4 Jl. Jenderal Sudirman û Jl. Habibon û Jl. St. Syahrir", "Tk_Ruas_Ak": "Sp. 3 Jl. Sultan Hasanuddin û Jl. Hayam Wuruk", "Kd_Patok": null, "Km_Awal": 0.0, "Km_Akhir": 0.0, "Nm_Lintas": "-", "Kon_Baik": 0.574, "Kon_Sdg": 0.0, "Kon_Rgn": 0.2, "Kon_Rusak": 0.0, "Kon_Mntp": 0.0, "Kon_T_Mntp": 0.0, "Panjang": 0.7749978081, "Lbr_Keras": 10.0, "LHRT": 481.0, "VCR": 0.0, "Tipe_Jln": 4, "MST": 0.0, "Tipe_Keras": "Aspal", "Tanah_Kri": 0.0, "Macadam": 0.0, "Aspal": 100.0, "Rigid": 0.0, "Thn_Pen_Ak": 2013, "Jns_Pen": "Penigkatan", "Koord_X_Aw": 117.486060861, "Koord_Y_Aw": 0.119783097, "Koord_X_Ak": 117.48061909819999, "Koord_Y_Ak": 0.1162605688 }, "geometry": { "type": "LineString", "coordinates": [ [ 117.480619098196826, 0.116260568765351, 0.0 ], [ 117.481134082351559, 0.11636428817611, 0.0 ], [ 117.481469504234582, 0.116418886120717, 0.0 ], [ 117.481804068966639, 0.116468744479574, 0.0 ], [ 117.481980272298628, 0.116495003099258, 0.0 ], [ 117.482106807846051, 0.116513895752666, 0.0 ], [ 117.482576650225397, 0.116584046539248, 0.0 ], [ 117.483057583626717, 0.116647253642019, 0.0 ], [ 117.483218992144899, 0.116663069019311, 0.0 ], [ 117.483265033621464, 0.11666629510135, 0.0 ], [ 117.483309987237817, 0.116674512164158, 0.0 ], [ 117.483353771550355, 0.116687653113879, 0.0 ], [ 117.483395856131153, 0.116705558753729, 0.0 ], [ 117.483435812154468, 0.116728057781027, 0.0 ], [ 117.48368289017418, 0.116895549425767, 0.0 ], [ 117.483860643001279, 0.117016046228366, 0.0 ], [ 117.484244905559393, 0.117290853928806, 0.0 ], [ 117.484417973497187, 0.117405729133837, 0.0 ], [ 117.484573699564663, 0.117519482635089, 0.0 ], [ 117.484622525072609, 0.117558816339796, 0.0 ], [ 117.484667051713174, 0.117602760165271, 0.0 ], [ 117.484706970091523, 0.117650983249134, 0.0 ], [ 117.484741876664117, 0.117702998093471, 0.0 ], [ 117.48477146950502, 0.117758374214268, 0.0 ], [ 117.484934094259771, 0.118120265707057, 0.0 ], [ 117.485083567741171, 0.118406837485831, 0.0 ], [ 117.485256720644827, 0.118710447571791, 0.0 ], [ 117.485455471451218, 0.119063701774646, 0.0 ], [ 117.485499547943988, 0.119144137879796, 0.0 ], [ 117.485547839149476, 0.119222335994852, 0.0 ], [ 117.485600110801286, 0.119297895562116, 0.0 ], [ 117.485656220975997, 0.119370611429012, 0.0 ], [ 117.485716063057041, 0.119440339447201, 0.0 ], [ 117.485907442167886, 0.119633001115396, 0.0 ], [ 117.486060860962709, 0.119783097003426, 0.0 ] ] } },
{ "type": "Feature", "properties": { "Kl_Dat_Das": "Jalan non tol", "Nm_Ruas": "Jl. Selat Laut", "Thn_Data": 2015, "Status": "Jalan Kota", "Fungsi": "Jalan Lokal", "Mendukung": null, "Ura_Dukung": null, "Kd_Bd_PU": null, "Kd_Jns_Inf": null, "Kd_Inf": "001 00 K 160", "Propinsi": "Kalimantan Timur", "Kab_Kota": "Bontang", "Kecamatan": "Bontang Selatan", "Desa_Kel": "Tanjung Laut", "Tk_Ruas_Aw": "Jl. Kenangan", "Tk_Ruas_Ak": "Jl. cumi-Cumi", "Kd_Patok": null, "Km_Awal": 0.0, "Km_Akhir": 0.0, "Nm_Lintas": "-", "Kon_Baik": 0.1200524583, "Kon_Sdg": 0.0, "Kon_Rgn": 0.0, "Kon_Rusak": 0.0, "Kon_Mntp": 0.0, "Kon_T_Mntp": 0.0, "Panjang": 0.1200524583, "Lbr_Keras": 0.0, "LHRT": 0.0, "VCR": 0.0, "Tipe_Jln": 2, "MST": 0.0, "Tipe_Keras": "Beton", "Tanah_Kri": 0.0, "Macadam": 0.0, "Aspal": 0.0, "Rigid": 100.0, "Thn_Pen_Ak": 0, "Jns_Pen": null, "Koord_X_Aw": 554130.82205370616, "Koord_Y_Aw": 12896.578292259201, "Koord_X_Ak": 554246.2063857459, "Koord_Y_Ak": 12864.095550292401 }, "geometry": { "type": "LineString", "coordinates": [ [ 117.486455150074903, 0.116675154117154, 0.0 ], [ 117.486924110226823, 0.116568828504865, 0.0 ], [ 117.487083715240402, 0.116524553481346, 0.0 ], [ 117.487241637748284, 0.116474536072274, 0.0 ], [ 117.487397673974328, 0.116418840818345, 0.0 ], [ 117.487492039316166, 0.116381265214463, 0.0 ] ] } },
{ "type": "Feature", "properties": { "Kl_Dat_Das": "Jalan non tol", "Nm_Ruas": "Jl. Hayam Wuruk", "Thn_Data": 2015, "Status": "Jalan Kota", "Fungsi": "Jalan Kolektor", "Mendukung": null, "Ura_Dukung": null, "Kd_Bd_PU": null, "Kd_Jns_Inf": null, "Kd_Inf": "001 00 K 023", "Propinsi": "Kalimantan Timur", "Kab_Kota": "Bontang", "Kecamatan": "Bontang Selatan", "Desa_Kel": "Berbas Tengah", "Tk_Ruas_Aw": "Sp. 3 Jl. WR. Soepratman û Jl. Sultan Hasanuddin", "Tk_Ruas_Ak": "Sp. 3 Jl. Gajah Mada û Jl. AP. Mangkunegoro", "Kd_Patok": null, "Km_Awal": 0.0, "Km_Akhir": 0.0, "Nm_Lintas": "-", "Kon_Baik": 0.248, "Kon_Sdg": 0.0, "Kon_Rgn": 0.075, "Kon_Rusak": 0.0, "Kon_Mntp": 0.0, "Kon_T_Mntp": 0.0, "Panjang": 0.3237957134, "Lbr_Keras": 10.7, "LHRT": 0.0, "VCR": 0.0, "Tipe_Jln": 2, "MST": 0.0, "Tipe_Keras": "Aspal", "Tanah_Kri": 0.0, "Macadam": 0.0, "Aspal": 100.0, "Rigid": 0.0, "Thn_Pen_Ak": 0, "Jns_Pen": null, "Koord_X_Aw": 117.48061909819999, "Koord_Y_Aw": 0.1162605688, "Koord_X_Ak": 117.47838697180001, "Koord_Y_Ak": 0.1180382201 }, "geometry": { "type": "LineString", "coordinates": [ [ 117.480619098196826, 0.116260568765351, 0.0 ], [ 117.480339582938512, 0.116473209485883, 0.0 ], [ 117.48024186309415, 0.116538597428396, 0.0 ], [ 117.480178835386027, 0.116582306428528, 0.0 ], [ 117.480113097187257, 0.116621761963545, 0.0 ], [ 117.4800449312865, 0.116656794305756, 0.0 ], [ 117.479974630915805, 0.11668725275499, 0.0 ], [ 117.479902498489196, 0.116713006286711, 0.0 ], [ 117.479721654806042, 0.116784731307152, 0.0 ], [ 117.479646477063625, 0.116814547804234, 0.0 ], [ 117.479397467541489, 0.116927397898213, 0.0 ], [ 117.479328016515794, 0.116962576577496, 0.0 ], [ 117.479261225433547, 0.117002636976514, 0.0 ], [ 117.479197432296871, 0.11704737636627, 0.0 ], [ 117.479136959936483, 0.117096568339439, 0.0 ], [ 117.479097343760927, 0.117133780219713, 0.0 ], [ 117.479080114378036, 0.117149963955934, 0.0 ], [ 117.479027183293454, 0.11720729300277, 0.0 ], [ 117.478978434545198, 0.117268265361474, 0.0 ], [ 117.478934114830594, 0.117332572476211, 0.0 ], [ 117.478679010894098, 0.1176640242646, 0.0 ], [ 117.478580618643363, 0.117791863487599, 0.0 ], [ 117.478386971753423, 0.118038220061631, 0.0 ] ] } },
{ "type": "Feature", "properties": { "Kl_Dat_Das": "Jalan non tol", "Nm_Ruas": "Jl. Zamrut 1", "Thn_Data": 2015, "Status": "Jalan Kota", "Fungsi": "Jalan Lingkungan", "Mendukung": null, "Ura_Dukung": null, "Kd_Bd_PU": null, "Kd_Jns_Inf": null, "Kd_Inf": "001 00 K 122", "Propinsi": "Kalimantan Timur", "Kab_Kota": "Bontang", "Kecamatan": "Bontang Selatan", "Desa_Kel": "Berbas Tengah", "Tk_Ruas_Aw": "Jl. Gajah Mada", "Tk_Ruas_Ak": "Jl. Zamrut", "Kd_Patok": null, "Km_Awal": 0.0, "Km_Akhir": 0.0, "Nm_Lintas": "-", "Kon_Baik": 0.2037064857, "Kon_Sdg": 0.0, "Kon_Rgn": 0.0, "Kon_Rusak": 0.0, "Kon_Mntp": 0.0, "Kon_T_Mntp": 0.0, "Panjang": 0.2037064857, "Lbr_Keras": 4.0, "LHRT": 0.0, "VCR": 0.0, "Tipe_Jln": 2, "MST": 0.0, "Tipe_Keras": "Beton", "Tanah_Kri": 0.0, "Macadam": 0.0, "Aspal": 0.0, "Rigid": 100.0, "Thn_Pen_Ak": 0, "Jns_Pen": null, "Koord_X_Aw": 117.4766505934, "Koord_Y_Aw": 0.1172277944, "Koord_X_Ak": 117.4751295687, "Koord_Y_Ak": 0.1162299784 }, "geometry": { "type": "LineString", "coordinates": [ [ 117.475129568710173, 0.116229978430708, 0.0 ], [ 117.475775300098846, 0.1165368472847, 0.0 ], [ 117.47587974596054, 0.116594180691886, 0.0 ], [ 117.475981229417414, 0.116656673996562, 0.0 ], [ 117.476079499165323, 0.116724172445884, 0.0 ], [ 117.476174311858401, 0.11679650889277, 0.0 ], [ 117.476265432711415, 0.11687350420977, 0.0 ], [ 117.476650593430577, 0.117227794379156, 0.0 ] ] } },
{ "type": "Feature", "properties": { "Kl_Dat_Das": "Jalan non tol", "Nm_Ruas": "Jl. AP Mangkunegoro", "Thn_Data": 2015, "Status": "Jalan Kota", "Fungsi": "Jalan Lingkungan", "Mendukung": null, "Ura_Dukung": null, "Kd_Bd_PU": null, "Kd_Jns_Inf": null, "Kd_Inf": "001 00 K 024", "Propinsi": "Kalimantan Timur", "Kab_Kota": "Bontang", "Kecamatan": "Bontang Selatan", "Desa_Kel": "Berbas Tengah", "Tk_Ruas_Aw": "Sp 3. Jl. Gajah Mada û Jl. Hayam Wuruk", "Tk_Ruas_Ak": "Sp 3 Jl. Selat Bone û Jl. Selat Badung", "Kd_Patok": null, "Km_Awal": 0.0, "Km_Akhir": 0.0, "Nm_Lintas": "-", "Kon_Baik": 0.383, "Kon_Sdg": 0.0, "Kon_Rgn": 0.215, "Kon_Rusak": 0.0, "Kon_Mntp": 0.0, "Kon_T_Mntp": 0.0, "Panjang": 0.598825813, "Lbr_Keras": 5.0, "LHRT": 0.0, "VCR": 0.0, "Tipe_Jln": 2, "MST": 0.0, "Tipe_Keras": "Aspal", "Tanah_Kri": 0.0, "Macadam": 0.0, "Aspal": 100.0, "Rigid": 0.0, "Thn_Pen_Ak": 0, "Jns_Pen": null, "Koord_X_Aw": 117.47838697180001, "Koord_Y_Aw": 0.1180382201, "Koord_X_Ak": 117.47900497720001, "Koord_Y_Ak": 0.121990636 }, "geometry": { "type": "LineString", "coordinates": [ [ 117.479004977181233, 0.121990636048175, 0.0 ], [ 117.478102440694428, 0.121447315900835, 0.0 ], [ 117.478055362190787, 0.121411411400932, 0.0 ], [ 117.478030823992114, 0.121374932014004, 0.0 ], [ 117.477988024917238, 0.121317484233877, 0.0 ], [ 117.477691999479006, 0.12100511303779, 0.0 ], [ 117.47746730554195, 0.120771732301629, 0.0 ], [ 117.477072321058614, 0.120435856765032, 0.0 ], [ 117.477000038773426, 0.120372664633612, 0.0 ], [ 117.476995475429263, 0.120335988035728, 0.0 ], [ 117.476995192256695, 0.120321509003159, 0.0 ], [ 117.476998373536262, 0.12030057497432, 0.0 ], [ 117.477005056854765, 0.120280494628272, 0.0 ], [ 117.477015046121551, 0.120261857128662, 0.0 ], [ 117.477028048248428, 0.120245209305534, 0.0 ], [ 117.477348538419989, 0.119938084144837, 0.0 ], [ 117.477413432000589, 0.119875896744092, 0.0 ], [ 117.477674764888647, 0.119607074393756, 0.0 ], [ 117.477770936440209, 0.119483061426542, 0.0 ], [ 117.477858291058922, 0.119370417874184, 0.0 ], [ 117.477881654733963, 0.119340290476779, 0.0 ], [ 117.477923899969824, 0.119268596250594, 0.0 ], [ 117.477960625634466, 0.119193884533507, 0.0 ], [ 117.477991620416219, 0.119116585208735, 0.0 ], [ 117.478016705978646, 0.11903714304723, 0.0 ], [ 117.478160767013378, 0.11851441974414, 0.0 ], [ 117.478169314420867, 0.118486447511181, 0.0 ], [ 117.478185405247004, 0.118433788698472, 0.0 ], [ 117.478215328171274, 0.118354990676439, 0.0 ], [ 117.478250402643383, 0.118278376291346, 0.0 ], [ 117.478290472598729, 0.118204286440482, 0.0 ], [ 117.478335359745031, 0.11813305078809, 0.0 ], [ 117.478384864355974, 0.118064986298451, 0.0 ], [ 117.478401287383932, 0.118046352463048, 0.0 ], [ 117.478386971753423, 0.118038220061631, 0.0 ] ] } },
{ "type": "Feature", "properties": { "Kl_Dat_Das": "Jalan non tol", "Nm_Ruas": "Jl. Alexander 2", "Thn_Data": 2015, "Status": "Jalan Kota", "Fungsi": "Jalan Lingkungan", "Mendukung": null, "Ura_Dukung": null, "Kd_Bd_PU": null, "Kd_Jns_Inf": null, "Kd_Inf": "001 00 K 152", "Propinsi": "Kalimantan Timur", "Kab_Kota": "Bontang", "Kecamatan": "Bontang Selatan", "Desa_Kel": "Berbas Tengah", "Tk_Ruas_Aw": "Jl. Alexander", "Tk_Ruas_Ak": "Sp. 3 Gg. Alexander_BT-1 - Gg. Alexander_BT-2", "Kd_Patok": null, "Km_Awal": 0.0, "Km_Akhir": 0.0, "Nm_Lintas": "-", "Kon_Baik": 0.100843209, "Kon_Sdg": 0.0, "Kon_Rgn": 0.0, "Kon_Rusak": 0.0, "Kon_Mntp": 0.0, "Kon_T_Mntp": 0.0, "Panjang": 0.100843209, "Lbr_Keras": 0.0, "LHRT": 0.0, "VCR": 0.0, "Tipe_Jln": 2, "MST": 0.0, "Tipe_Keras": "Beton", "Tanah_Kri": 0.0, "Macadam": 0.0, "Aspal": 0.0, "Rigid": 100.0, "Thn_Pen_Ak": 0, "Jns_Pen": null, "Koord_X_Aw": 553003.70118601283, "Koord_Y_Aw": 13062.1364665823, "Koord_X_Ak": 553100.86953829986, "Koord_Y_Ak": 13089.0845145967 }, "geometry": { "type": "LineString", "coordinates": [ [ 117.476326363813286, 0.118173133150366, 0.0 ], [ 117.476748845604263, 0.118285401416402, 0.0 ], [ 117.477199566838493, 0.11841691698331, 0.0 ] ] } },
{ "type": "Feature", "properties": { "Kl_Dat_Das": "Jalan non tol", "Nm_Ruas": "Jl. Pirus Raya", "Thn_Data": 2015, "Status": "Jalan Kota", "Fungsi": "Jalan Lingkungan", "Mendukung": null, "Ura_Dukung": null, "Kd_Bd_PU": null, "Kd_Jns_Inf": null, "Kd_Inf": "001 00 K 025", "Propinsi": "Kalimantan Timur", "Kab_Kota": "Bontang", "Kecamatan": "Bontang Selatan", "Desa_Kel": "Berbas Tengah", "Tk_Ruas_Aw": "Jl. Hayam Wuruk", "Tk_Ruas_Ak": "Jl. Selat Bone", "Kd_Patok": null, "Km_Awal": 0.0, "Km_Akhir": 0.0, "Nm_Lintas": "-", "Kon_Baik": 0.5062519365, "Kon_Sdg": 0.0, "Kon_Rgn": 0.0, "Kon_Rusak": 0.0, "Kon_Mntp": 0.0, "Kon_T_Mntp": 0.0, "Panjang": 0.5062519365, "Lbr_Keras": 0.0, "LHRT": 0.0, "VCR": 0.0, "Tipe_Jln": 2, "MST": 0.0, "Tipe_Keras": "Beton", "Tanah_Kri": 0.0, "Macadam": 0.0, "Aspal": 0.0, "Rigid": 100.0, "Thn_Pen_Ak": 0, "Jns_Pen": null, "Koord_X_Aw": 117.4786790109, "Koord_Y_Aw": 0.1176640243, "Koord_X_Ak": 117.48105672760001, "Koord_Y_Ak": 0.1206317601 }, "geometry": { "type": "LineString", "coordinates": [ [ 117.478679010894098, 0.1176640242646, 0.0 ], [ 117.478938069824466, 0.11779713748049, 0.0 ], [ 117.479024585094862, 0.117843482012096, 0.0 ], [ 117.479113704716823, 0.117884521214124, 0.0 ], [ 117.479205108053478, 0.117920107434835, 0.0 ], [ 117.47929846625162, 0.117950112641634, 0.0 ], [ 117.479774368505289, 0.118099825001363, 0.0 ], [ 117.479924549219703, 0.118150219611126, 0.0 ], [ 117.479932879492893, 0.118154073796176, 0.0 ], [ 117.47994044205511, 0.118159291152344, 0.0 ], [ 117.479947018907851, 0.118165721284075, 0.0 ], [ 117.479952420466745, 0.118173178836305, 0.0 ], [ 117.479956491026343, 0.118181448837529, 0.0 ], [ 117.479959113248668, 0.118190292896579, 0.0 ], [ 117.479960211545475, 0.118199456074574, 0.0 ], [ 117.47995975425728, 0.118208674233602, 0.0 ], [ 117.479957754565888, 0.118217681650892, 0.0 ], [ 117.479921706501102, 0.11835075746815, 0.0 ], [ 117.479920858664968, 0.11836051444132, 0.0 ], [ 117.479921498086227, 0.118370287500399, 0.0 ], [ 117.47992360981965, 0.118379848220112, 0.0 ], [ 117.479927144507883, 0.118388973138199, 0.0 ], [ 117.479932019534772, 0.118397448978435, 0.0 ], [ 117.479938120956575, 0.118405077635411, 0.0 ], [ 117.479945306165064, 0.118411680804944, 0.0 ], [ 117.480134394237126, 0.118566232582096, 0.0 ], [ 117.480150409454609, 0.118581408413815, 0.0 ], [ 117.480040741859241, 0.118720992290267, 0.0 ], [ 117.479907001514846, 0.118927450266181, 0.0 ], [ 117.479797040612226, 0.119292489702693, 0.0 ], [ 117.480126946200983, 0.119519884316122, 0.0 ], [ 117.480291483287061, 0.119655723238307, 0.0 ], [ 117.480680242876474, 0.120266106897942, 0.0 ], [ 117.481056727553536, 0.120631760050273, 0.0 ] ] } },
{ "type": "Feature", "properties": { "Kl_Dat_Das": "Jalan non tol", "Nm_Ruas": "Jl. Mutiara", "Thn_Data": 2015, "Status": "Jalan Kota", "Fungsi": "Jalan Lingkungan", "Mendukung": null, "Ura_Dukung": null, "Kd_Bd_PU": null, "Kd_Jns_Inf": null, "Kd_Inf": "001 00 K 144", "Propinsi": "Kalimantan Timur", "Kab_Kota": "Bontang", "Kecamatan": "Bontang Selatan", "Desa_Kel": "Berbas Tengah", "Tk_Ruas_Aw": "Jl. AP. Mangkunegoro", "Tk_Ruas_Ak": "Buntu", "Kd_Patok": null, "Km_Awal": 0.0, "Km_Akhir": 0.0, "Nm_Lintas": "-", "Kon_Baik": 0.2205230753, "Kon_Sdg": 0.0, "Kon_Rgn": 0.0, "Kon_Rusak": 0.0, "Kon_Mntp": 0.0, "Kon_T_Mntp": 0.0, "Panjang": 0.2205230753, "Lbr_Keras": 0.0, "LHRT": 0.0, "VCR": 0.0, "Tipe_Jln": 2, "MST": 0.0, "Tipe_Keras": "Beton", "Tanah_Kri": 0.0, "Macadam": 0.0, "Aspal": 0.0, "Rigid": 100.0, "Thn_Pen_Ak": 0, "Jns_Pen": null, "Koord_X_Aw": 553117.44397551287, "Koord_Y_Aw": 13257.2253584266, "Koord_X_Ak": 552946.14811337925, "Koord_Y_Ak": 13147.595543716099 }, "geometry": { "type": "LineString", "coordinates": [ [ 117.477348538419989, 0.119938084144837, 0.0 ], [ 117.476990534405374, 0.119771069731678, 0.0 ], [ 117.476776233261319, 0.11966859547981, 0.0 ], [ 117.47670548352059, 0.119634764456268, 0.0 ], [ 117.476646968711066, 0.119613604228846, 0.0 ], [ 117.476586492906236, 0.119599069425583, 0.0 ], [ 117.47652479381469, 0.119591337348049, 0.0 ], [ 117.476462624067167, 0.119590502315539, 0.0 ], [ 117.476255384336895, 0.119596261413783, 0.0 ], [ 117.476229525536738, 0.119594309136596, 0.0 ], [ 117.476204244938458, 0.119588497075132, 0.0 ], [ 117.47618010773364, 0.119578955168216, 0.0 ], [ 117.476157653551411, 0.119565896741667, 0.0 ], [ 117.476137384393908, 0.119549613739128, 0.0 ], [ 117.476119753413371, 0.119530470195413, 0.0 ], [ 117.476099866125992, 0.119502905336506, 0.0 ], [ 117.476062488267473, 0.119451097596723, 0.0 ], [ 117.476010308037829, 0.119368248008566, 0.0 ], [ 117.475963420365531, 0.119282251114733, 0.0 ], [ 117.475922011831003, 0.119193449122997, 0.0 ], [ 117.475809178957988, 0.118946290279396, 0.0 ] ] } },
{ "type": "Feature", "properties": { "Kl_Dat_Das": "Jalan non tol", "Nm_Ruas": "Jl. Alexander 1", "Thn_Data": 2015, "Status": "Jalan Kota", "Fungsi": "Jalan Lingkungan", "Mendukung": null, "Ura_Dukung": null, "Kd_Bd_PU": null, "Kd_Jns_Inf": null, "Kd_Inf": "001 00 K 145", "Propinsi": "Kalimantan Timur", "Kab_Kota": "Bontang", "Kecamatan": "Bontang Selatan", "Desa_Kel": "Berbas Tengah", "Tk_Ruas_Aw": "Jl. Mutiara", "Tk_Ruas_Ak": "Gg. Mutiara 1", "Kd_Patok": null, "Km_Awal": 0.0, "Km_Akhir": 0.0, "Nm_Lintas": "-", "Kon_Baik": 0.0766141034, "Kon_Sdg": 0.0, "Kon_Rgn": 0.0, "Kon_Rusak": 0.0, "Kon_Mntp": 0.0, "Kon_T_Mntp": 0.0, "Panjang": 0.0766141034, "Lbr_Keras": 0.0, "LHRT": 0.0, "VCR": 0.0, "Tipe_Jln": 2, "MST": 0.0, "Tipe_Keras": "Beton", "Tanah_Kri": 0.0, "Macadam": 0.0, "Aspal": 0.0, "Rigid": 100.0, "Thn_Pen_Ak": 0, "Jns_Pen": null, "Koord_X_Aw": 553053.75917464122, "Koord_Y_Aw": 13227.4366142655, "Koord_X_Ak": 553084.65133959125, "Koord_Y_Ak": 13157.326736368101 }, "geometry": { "type": "LineString", "coordinates": [ [ 117.476776233261319, 0.119668595479808, 0.0 ], [ 117.477053833340307, 0.119034306724681, 0.0 ] ] } },
{ "type": "Feature", "properties": { "Kl_Dat_Das": "Jalan non tol", "Nm_Ruas": "Jl. Belanak", "Thn_Data": 2015, "Status": "Jalan Kota", "Fungsi": "Jalan Lingkungan", "Mendukung": null, "Ura_Dukung": null, "Kd_Bd_PU": null, "Kd_Jns_Inf": null, "Kd_Inf": "001 00 K 161", "Propinsi": "Kalimantan Timur", "Kab_Kota": "Bontang", "Kecamatan": "Bontang Selatan", "Desa_Kel": "Tanjung Laut Indah", "Tk_Ruas_Aw": "Jl. Sam Ratulangi", "Tk_Ruas_Ak": "Sp. 4 Jl. Kakap Merah 2", "Kd_Patok": null, "Km_Awal": 0.0, "Km_Akhir": 0.0, "Nm_Lintas": "-", "Kon_Baik": 0.2830757316, "Kon_Sdg": 0.0, "Kon_Rgn": 0.0, "Kon_Rusak": 0.0, "Kon_Mntp": 0.0, "Kon_T_Mntp": 0.0, "Panjang": 0.2830757316, "Lbr_Keras": 4.0, "LHRT": 0.0, "VCR": 0.0, "Tipe_Jln": 2, "MST": 0.0, "Tipe_Keras": "Beton", "Tanah_Kri": 0.0, "Macadam": 0.0, "Aspal": 0.0, "Rigid": 100.0, "Thn_Pen_Ak": 0, "Jns_Pen": null, "Koord_X_Aw": 554880.55406934116, "Koord_Y_Aw": 13367.2963592373, "Koord_X_Ak": 555082.00000534765, "Koord_Y_Ak": 13168.542214810799 }, "geometry": { "type": "LineString", "coordinates": [ [ 117.493192643924644, 0.120933611025633, 0.0 ], [ 117.493317281031352, 0.120801158458344, 0.0 ], [ 117.494138121893656, 0.119950803802414, 0.0 ], [ 117.494141633609345, 0.119947492775822, 0.0 ], [ 117.495002891603349, 0.119135454398833, 0.0 ] ] } },
{ "type": "Feature", "properties": { "Kl_Dat_Das": "Jalan non tol", "Nm_Ruas": "Jl. Bandeng", "Thn_Data": 2015, "Status": "Jalan Kota", "Fungsi": "Jalan Lingkungan", "Mendukung": null, "Ura_Dukung": null, "Kd_Bd_PU": null, "Kd_Jns_Inf": null, "Kd_Inf": "001 00 K 128", "Propinsi": "Kalimantan Timur", "Kab_Kota": "Bontang", "Kecamatan": "Bontang Selatan", "Desa_Kel": "Tanjung Laut Indah", "Tk_Ruas_Aw": "Jl. H. Habibon", "Tk_Ruas_Ak": "Jl. Sam Ratulangi", "Kd_Patok": null, "Km_Awal": 0.0, "Km_Akhir": 0.0, "Nm_Lintas": "-", "Kon_Baik": 0.5373910446, "Kon_Sdg": 0.0, "Kon_Rgn": 0.0, "Kon_Rusak": 0.0, "Kon_Mntp": 0.0, "Kon_T_Mntp": 0.0, "Panjang": 0.5373910446, "Lbr_Keras": 4.0, "LHRT": 0.0, "VCR": 0.0, "Tipe_Jln": 2, "MST": 0.0, "Tipe_Keras": "Beton", "Tanah_Kri": 0.0, "Macadam": 0.0, "Aspal": 0.0, "Rigid": 100.0, "Thn_Pen_Ak": 2011, "Jns_Pen": "Peningkatan", "Koord_X_Aw": 117.49180468430001, "Koord_Y_Aw": 0.122909489, "Koord_X_Ak": 117.4951586088, "Koord_Y_Ak": 0.119412074 }, "geometry": { "type": "LineString", "coordinates": [ [ 117.491804684301073, 0.122909488950191, 0.0 ], [ 117.492179363472886, 0.122514092467256, 0.0 ], [ 117.492669144494187, 0.122016206250836, 0.0 ], [ 117.493332381590392, 0.121314970206842, 0.0 ], [ 117.493450041948591, 0.121192267041348, 0.0 ], [ 117.493995663004526, 0.120623261241282, 0.0 ], [ 117.494388236305099, 0.120201521293583, 0.0 ], [ 117.494687195492091, 0.11988035064211, 0.0 ], [ 117.49510044991176, 0.11947124320416, 0.0 ], [ 117.495158608839546, 0.119412073987637, 0.0 ] ] } },
{ "type": "Feature", "properties": { "Kl_Dat_Das": "Jalan non tol", "Nm_Ruas": "Jl. Jenderal Sudirman", "Thn_Data": 2015, "Status": "Jalan Kota", "Fungsi": "Jalan Arteri Primer", "Mendukung": null, "Ura_Dukung": null, "Kd_Bd_PU": null, "Kd_Jns_Inf": null, "Kd_Inf": "001 00 K 013", "Propinsi": "Kalimantan Timur", "Kab_Kota": "Bontang", "Kecamatan": "Bontang Selatan", "Desa_Kel": "Tanjung Laut", "Tk_Ruas_Aw": "Jl. Jenderal A. Yani", "Tk_Ruas_Ak": "Sp. 4 Jl. WR. Soepratman û Jl. St. Syahrir û Jl. Habibon", "Kd_Patok": null, "Km_Awal": 0.0, "Km_Akhir": 0.0, "Nm_Lintas": "-", "Kon_Baik": 0.813, "Kon_Sdg": 0.0, "Kon_Rgn": 0.05, "Kon_Rusak": 0.0, "Kon_Mntp": 0.0, "Kon_T_Mntp": 0.0, "Panjang": 0.8636064973000001, "Lbr_Keras": 14.0, "LHRT": 956.0, "VCR": 0.0, "Tipe_Jln": 4, "MST": 0.0, "Tipe_Keras": "Aspal", "Tanah_Kri": 0.0, "Macadam": 0.0, "Aspal": 100.0, "Rigid": 0.0, "Thn_Pen_Ak": 2018, "Jns_Pen": "Peningkatan", "Koord_X_Aw": 117.4827174079, "Koord_Y_Aw": 0.125505499, "Koord_X_Ak": 117.486060861, "Koord_Y_Ak": 0.119783097 }, "geometry": { "type": "LineString", "coordinates": [ [ 117.482717407925577, 0.125505499014172, 0.0 ], [ 117.482669764339008, 0.125302916272034, 0.0 ], [ 117.48262490136041, 0.125079195935393, 0.0 ], [ 117.48257697441413, 0.124840196319549, 0.0 ], [ 117.482537049404655, 0.124611424388883, 0.0 ], [ 117.482502734582681, 0.12441479902151, 0.0 ], [ 117.482452799317358, 0.1240485835291, 0.0 ], [ 117.482421320512032, 0.123872317623993, 0.0 ], [ 117.482391147694329, 0.123703364584136, 0.0 ], [ 117.4823282000565, 0.123399734308346, 0.0 ], [ 117.482305398242715, 0.123271582745024, 0.0 ], [ 117.482286380334017, 0.123142951380822, 0.0 ], [ 117.482280918119727, 0.123080391645844, 0.0 ], [ 117.482281105021826, 0.123017729563002, 0.0 ], [ 117.482286927450559, 0.122955341960239, 0.0 ], [ 117.482298337564103, 0.122893741463933, 0.0 ], [ 117.482315153730525, 0.122833747746219, 0.0 ], [ 117.482370932083811, 0.122713669742867, 0.0 ], [ 117.482393176708428, 0.122616753540536, 0.0 ], [ 117.482391272826035, 0.122519091117695, 0.0 ], [ 117.482385233869934, 0.122407867762659, 0.0 ], [ 117.482809640691357, 0.122325298815274, 0.0 ], [ 117.482894893045341, 0.122298667434653, 0.0 ], [ 117.483002556525648, 0.12225935938979, 0.0 ], [ 117.483065678652721, 0.122236555799981, 0.0 ], [ 117.483204601832213, 0.122186368214189, 0.0 ], [ 117.483383645742705, 0.122118323058884, 0.0 ], [ 117.483569821214246, 0.122026394724303, 0.0 ], [ 117.483705195331822, 0.121955898779165, 0.0 ], [ 117.483948733298718, 0.121829076612548, 0.0 ], [ 117.484090265492696, 0.121744288254726, 0.0 ], [ 117.484236135967421, 0.121656900943612, 0.0 ], [ 117.48429134663391, 0.121618079729107, 0.0 ], [ 117.48433819613966, 0.121585137639742, 0.0 ], [ 117.484436011548041, 0.12150773453817, 0.0 ], [ 117.484529330771366, 0.121424895930586, 0.0 ], [ 117.484617989784624, 0.1213367531957, 0.0 ], [ 117.484852037483193, 0.121053275803886, 0.0 ], [ 117.484924922493192, 0.120963187064789, 0.0 ], [ 117.485092258907457, 0.120756352681764, 0.0 ], [ 117.485295806412765, 0.120523863287227, 0.0 ], [ 117.485391683394269, 0.120424590234189, 0.0 ], [ 117.485588582718847, 0.120220716517699, 0.0 ], [ 117.485943248607001, 0.119892405584568, 0.0 ], [ 117.486019853641309, 0.119823693352713, 0.0 ], [ 117.486060860962752, 0.119783097003511, 0.0 ] ] } },
{ "type": "Feature", "properties": { "Kl_Dat_Das": "Jalan non tol", "Nm_Ruas": "Jl. Haruan", "Thn_Data": 2015, "Status": "Jalan Kota", "Fungsi": "Jalan Lokal Sekunder", "Mendukung": null, "Ura_Dukung": null, "Kd_Bd_PU": null, "Kd_Jns_Inf": null, "Kd_Inf": "001 00 K 126", "Propinsi": "Kalimantan Timur", "Kab_Kota": "Bontang", "Kecamatan": "Bontang Selatan", "Desa_Kel": "Tanjung Laut Indah", "Tk_Ruas_Aw": "Jl. H. Habibon", "Tk_Ruas_Ak": "Sp. 4 Jl. Haruan - Jl. Lele - Jl. Kakap Merah 1", "Kd_Patok": null, "Km_Awal": 0.0, "Km_Akhir": 0.0, "Nm_Lintas": "-", "Kon_Baik": 0.4269690931, "Kon_Sdg": 0.0, "Kon_Rgn": 0.0, "Kon_Rusak": 0.0, "Kon_Mntp": 0.0, "Kon_T_Mntp": 0.0, "Panjang": 0.4269690931, "Lbr_Keras": 4.0, "LHRT": 0.0, "VCR": 0.0, "Tipe_Jln": 2, "MST": 0.0, "Tipe_Keras": "Beton", "Tanah_Kri": 0.0, "Macadam": 0.0, "Aspal": 0.0, "Rigid": 100.0, "Thn_Pen_Ak": 0, "Jns_Pen": null, "Koord_X_Aw": 117.4912053398, "Koord_Y_Aw": 0.1224680857, "Koord_X_Ak": 117.4938725982, "Koord_Y_Ak": 0.119691655 }, "geometry": { "type": "LineString", "coordinates": [ [ 117.491205339826195, 0.122468085661585, 0.0 ], [ 117.491334359026709, 0.122333115216779, 0.0 ], [ 117.491498191104455, 0.122174149487815, 0.0 ], [ 117.49165959884742, 0.121997310013025, 0.0 ], [ 117.491752769845831, 0.121901388054386, 0.0 ], [ 117.491870154108341, 0.121780537915019, 0.0 ], [ 117.492181616798732, 0.121449012763997, 0.0 ], [ 117.492431317698674, 0.12119163489473, 0.0 ], [ 117.492664295939591, 0.12094630805149, 0.0 ], [ 117.492924465662981, 0.120676491758052, 0.0 ], [ 117.492996386738952, 0.120601903995727, 0.0 ], [ 117.493375261923219, 0.120208980912395, 0.0 ], [ 117.49387259817604, 0.119691654990537, 0.0 ] ] } },
{ "type": "Feature", "properties": { "Kl_Dat_Das": "Jalan non tol", "Nm_Ruas": "Jl. Kuburan Kristen-Khatolik", "Thn_Data": 2015, "Status": "Jalan Kota", "Fungsi": "Jalan Setapak", "Mendukung": null, "Ura_Dukung": null, "Kd_Bd_PU": null, "Kd_Jns_Inf": null, "Kd_Inf": "001 00 K 426", "Propinsi": "Kalimantan Timur", "Kab_Kota": "Bontang", "Kecamatan": "Bontang Barat", "Desa_Kel": "Kanaan", "Tk_Ruas_Aw": "Jl. Ir. Soekarno Hatta", "Tk_Ruas_Ak": "Buntu", "Kd_Patok": null, "Km_Awal": 0.0, "Km_Akhir": 0.0, "Nm_Lintas": "-", "Kon_Baik": 1.0674818887, "Kon_Sdg": 0.0, "Kon_Rgn": 0.0, "Kon_Rusak": 0.0, "Kon_Mntp": 0.0, "Kon_T_Mntp": 0.0, "Panjang": 1.0674818887, "Lbr_Keras": 0.0, "LHRT": 0.0, "VCR": 0.0, "Tipe_Jln": 2, "MST": 0.0, "Tipe_Keras": "Beton", "Tanah_Kri": 0.0, "Macadam": 0.0, "Aspal": 0.0, "Rigid": 100.0, "Thn_Pen_Ak": 2019, "Jns_Pen": "Peningkatan", "Koord_X_Aw": 549366.11093222396, "Koord_Y_Aw": 13503.593340756401, "Koord_X_Ak": 548573.90455699014, "Koord_Y_Ak": 13583.1819748168 }, "geometry": { "type": "LineString", "coordinates": [ [ 117.443637314922171, 0.122167556199174, 0.0 ], [ 117.443231265004428, 0.121962492815039, 0.0 ], [ 117.44273044168969, 0.121718304850965, 0.0 ], [ 117.442425665317529, 0.121560595005722, 0.0 ], [ 117.442362896278524, 0.121538094518398, 0.0 ], [ 117.442298427602523, 0.121521150778739, 0.0 ], [ 117.442232743651005, 0.121509891087503, 0.0 ], [ 117.442166337916092, 0.121504400040408, 0.0 ], [ 117.4420997093127, 0.121504718892502, 0.0 ], [ 117.442024011816301, 0.121512656581482, 0.0 ], [ 117.441947909260804, 0.121513485875155, 0.0 ], [ 117.441872058831294, 0.12150719961201, 0.0 ], [ 117.441797115535721, 0.121493852076795, 0.0 ], [ 117.441723726548403, 0.12147355853238, 0.0 ], [ 117.441106812034178, 0.121224854440531, 0.0 ], [ 117.440974773572734, 0.121170542286256, 0.0 ], [ 117.440862558862534, 0.121137354751978, 0.0 ], [ 117.440749201518145, 0.121108368862439, 0.0 ], [ 117.4406348567056, 0.12108362429429, 0.0 ], [ 117.44048290127607, 0.121050433299756, 0.0 ], [ 117.440400582143127, 0.121029946168505, 0.0 ], [ 117.4403170491167, 0.121015260327267, 0.0 ], [ 117.440232705070372, 0.121006446604857, 0.0 ], [ 117.439862502406001, 0.121009326722053, 0.0 ], [ 117.43963933753021, 0.121007890182188, 0.0 ], [ 117.439502153250615, 0.120997632441974, 0.0 ], [ 117.439365563722461, 0.120981193138743, 0.0 ], [ 117.439229843633754, 0.120958605332366, 0.0 ], [ 117.439095265923996, 0.120929914447615, 0.0 ], [ 117.439022425189194, 0.120912379257516, 0.0 ], [ 117.438950649131172, 0.120890849399358, 0.0 ], [ 117.438880153725464, 0.120865389656833, 0.0 ], [ 117.438828487533655, 0.120836499277433, 0.0 ], [ 117.43877534994904, 0.120810453900058, 0.0 ], [ 117.438736424196065, 0.120789727670395, 0.0 ], [ 117.438694803736112, 0.120775250318764, 0.0 ], [ 117.438651471395971, 0.12076736371386, 0.0 ], [ 117.438607450426801, 0.120766254090277, 0.0 ], [ 117.438563780341212, 0.120771947650886, 0.0 ], [ 117.438331208553436, 0.120826203276042, 0.0 ], [ 117.437939801222555, 0.120976663851204, 0.0 ], [ 117.437879116076942, 0.120997976815925, 0.0 ], [ 117.437855808662789, 0.121006901103013, 0.0 ], [ 117.437831429295571, 0.121012176878545, 0.0 ], [ 117.437806537970744, 0.121013682957601, 0.0 ], [ 117.437781706443403, 0.121011384745501, 0.0 ], [ 117.437757505095149, 0.12100533503219, 0.0 ], [ 117.437683031453616, 0.120975680685356, 0.0 ], [ 117.437606928392057, 0.12095056673341, 0.0 ], [ 117.43752946875297, 0.120930083214382, 0.0 ], [ 117.437329079671699, 0.120901471048292, 0.0 ], [ 117.437273400211865, 0.120900399029577, 0.0 ], [ 117.437217896283087, 0.120904973880476, 0.0 ], [ 117.437163131501251, 0.120915149145633, 0.0 ], [ 117.437109661976621, 0.12093082150023, 0.0 ], [ 117.437058030666776, 0.120951831799036, 0.0 ], [ 117.437008761863069, 0.120977966692664, 0.0 ], [ 117.436883892792196, 0.121040824394391, 0.0 ], [ 117.436814613299106, 0.121072571224475, 0.0 ], [ 117.436748564449289, 0.121110662821665, 0.0 ], [ 117.436686317992596, 0.121154769447587, 0.0 ], [ 117.436628412763554, 0.121204509294722, 0.0 ], [ 117.436598814912998, 0.121232667492548, 0.0 ], [ 117.436574246483758, 0.121265362940245, 0.0 ], [ 117.436555383148431, 0.121301696458855, 0.0 ], [ 117.436542743680107, 0.121340668816546, 0.0 ], [ 117.436515191854127, 0.121486796728143, 0.0 ], [ 117.436492545513772, 0.121633776122197, 0.0 ], [ 117.436479670321489, 0.121736044650352, 0.0 ], [ 117.43647188489193, 0.121779504430167, 0.0 ], [ 117.43645775656158, 0.121821312042587, 0.0 ], [ 117.436437600514296, 0.121860534816465, 0.0 ], [ 117.436373426190642, 0.121924781235875, 0.0 ], [ 117.436306400804369, 0.121986006122988, 0.0 ], [ 117.436236664581457, 0.122044081387095, 0.0 ], [ 117.436164363419309, 0.1220988855269, 0.0 ], [ 117.436127592303663, 0.122120396507848, 0.0 ], [ 117.436093590412014, 0.122146113395681, 0.0 ], [ 117.436062830029456, 0.122175678983816, 0.0 ], [ 117.436035738416606, 0.122208682607456, 0.0 ], [ 117.436023683871724, 0.122275684428849, 0.0 ], [ 117.436017874497253, 0.122343524797399, 0.0 ], [ 117.436018360703102, 0.122411615039868, 0.0 ], [ 117.436025138270324, 0.122479364314804, 0.0 ], [ 117.43615466986742, 0.12271408300043, 0.0 ], [ 117.436172164793447, 0.122747280919893, 0.0 ], [ 117.436194998393375, 0.122777011210841, 0.0 ], [ 117.4362225092339, 0.122802412659834, 0.0 ], [ 117.436253900393424, 0.122822749449199, 0.0 ], [ 117.436288262547208, 0.122837432472346, 0.0 ], [ 117.436324600308041, 0.122846036398146, 0.0 ], [ 117.436518163227746, 0.122887715846456, 0.0 ] ] } },
{ "type": "Feature", "properties": { "Kl_Dat_Das": "Jalan non tol", "Nm_Ruas": "Jl. Pesut 2", "Thn_Data": 2015, "Status": "Jalan Kota", "Fungsi": "Jalan Lingkungan", "Mendukung": null, "Ura_Dukung": null, "Kd_Bd_PU": null, "Kd_Jns_Inf": null, "Kd_Inf": "001 00 K 135", "Propinsi": "Kalimantan Timur", "Kab_Kota": "Bontang", "Kecamatan": "Bontang Selatan", "Desa_Kel": "Tanjung Laut Indah", "Tk_Ruas_Aw": "Jl. H. Habibon", "Tk_Ruas_Ak": "Jl. St. Syahrir", "Kd_Patok": null, "Km_Awal": 0.0, "Km_Akhir": 0.0, "Nm_Lintas": "-", "Kon_Baik": 0.351483869, "Kon_Sdg": 0.0, "Kon_Rgn": 0.0, "Kon_Rusak": 0.0, "Kon_Mntp": 0.0, "Kon_T_Mntp": 0.0, "Panjang": 0.351483869, "Lbr_Keras": 0.0, "LHRT": 0.0, "VCR": 0.0, "Tipe_Jln": 2, "MST": 0.0, "Tipe_Keras": "Beton", "Tanah_Kri": 0.0, "Macadam": 0.0, "Aspal": 0.0, "Rigid": 100.0, "Thn_Pen_Ak": 0, "Jns_Pen": null, "Koord_X_Aw": 554417.42850549426, "Koord_Y_Aw": 13452.6314739436, "Koord_X_Ak": 554398.01393675059, "Koord_Y_Ak": 13101.7341416702 }, "geometry": { "type": "LineString", "coordinates": [ [ 117.489030809977024, 0.121705712036162, 0.0 ], [ 117.489026228947026, 0.121592770878615, 0.0 ], [ 117.489010399795745, 0.121297333718669, 0.0 ], [ 117.489005318030976, 0.121202487004148, 0.0 ], [ 117.488965375150244, 0.120708564103842, 0.0 ], [ 117.488927308414262, 0.12015110770928, 0.0 ], [ 117.488887333051224, 0.119461410461772, 0.0 ], [ 117.488856285748028, 0.118531153452661, 0.0 ] ] } },
{ "type": "Feature", "properties": { "Kl_Dat_Das": "Jalan non tol", "Nm_Ruas": "Jl. Selat Karimata 1", "Thn_Data": 2015, "Status": "Jalan Kota", "Fungsi": "Jalan Lingkungan", "Mendukung": null, "Ura_Dukung": null, "Kd_Bd_PU": null, "Kd_Jns_Inf": null, "Kd_Inf": "001 00 K 167", "Propinsi": "Kalimantan Timur", "Kab_Kota": "Bontang", "Kecamatan": "Bontang Selatan", "Desa_Kel": "Tanjung Laut", "Tk_Ruas_Aw": "Jl. Jenderal Sudirman", "Tk_Ruas_Ak": "Sp. 4 Jl. Selat Karimata - Jl. Selat Rote 1", "Kd_Patok": null, "Km_Awal": 0.0, "Km_Akhir": 0.0, "Nm_Lintas": "-", "Kon_Baik": 0.5280699918, "Kon_Sdg": 0.0, "Kon_Rgn": 0.0, "Kon_Rusak": 0.0, "Kon_Mntp": 0.0, "Kon_T_Mntp": 0.0, "Panjang": 0.5280699918, "Lbr_Keras": 0.0, "LHRT": 0.0, "VCR": 0.0, "Tipe_Jln": 2, "MST": 0.0, "Tipe_Keras": "Beton", "Tanah_Kri": 0.0, "Macadam": 0.0, "Aspal": 0.0, "Rigid": 100.0, "Thn_Pen_Ak": 0, "Jns_Pen": null, "Koord_X_Aw": 554012.47353254911, "Koord_Y_Aw": 13311.016585215901, "Koord_X_Ak": 554248.42504990846, "Koord_Y_Ak": 13485.7216693182 }, "geometry": { "type": "MultiLineString", "coordinates": [ [ [ 117.485391683394113, 0.120424590234105, 0.0 ], [ 117.485744070407918, 0.120864967272056, 0.0 ], [ 117.485964107585943, 0.121149340058865, 0.0 ], [ 117.486045197285762, 0.121249641280777, 0.0 ], [ 117.486130052247262, 0.121346734340055, 0.0 ], [ 117.486131201575049, 0.121347951808315, 0.0 ], [ 117.486218547349168, 0.121440476070231, 0.0 ], [ 117.486310552102594, 0.121530728246321, 0.0 ], [ 117.486405930843731, 0.121617357788998, 0.0 ], [ 117.48671500812884, 0.12186148932627, 0.0 ], [ 117.486763898576186, 0.121899383627882, 0.0 ], [ 117.486816715360561, 0.121931496588283, 0.0 ], [ 117.486872787098093, 0.12195742000178, 0.0 ], [ 117.486931401029238, 0.121976824341338, 0.0 ], [ 117.486991812079424, 0.121989462947771, 0.0 ], [ 117.487053252329758, 0.121995175164794, 0.0 ], [ 117.4874015070166, 0.122002323935014, 0.0 ], [ 117.487456861249186, 0.12200090777111, 0.0 ], [ 117.487512076087469, 0.122005106168407, 0.0 ], [ 117.487566591071854, 0.122014876510738, 0.0 ], [ 117.487619852846422, 0.12203011962395, 0.0 ], [ 117.487671320776244, 0.12205068078222, 0.0 ], [ 117.487720472434717, 0.122076351278863, 0.0 ], [ 117.487766808906741, 0.122106870544729, 0.0 ], [ 117.487998357969133, 0.122259098987713, 0.0 ], [ 117.488033262268871, 0.122280357029238, 0.0 ], [ 117.488065008049787, 0.122306149779482, 0.0 ], [ 117.488093017971195, 0.122336008161757, 0.0 ], [ 117.488116782634236, 0.12236938916021, 0.0 ], [ 117.488135869845834, 0.122405685695445, 0.0 ], [ 117.488216325675154, 0.122577202512473, 0.0 ], [ 117.488243555220905, 0.122627398159636, 0.0 ] ], [ [ 117.488116782634236, 0.12236938916021, 0.0 ], [ 117.487877830747038, 0.121855292640241, 0.0 ], [ 117.487512076087469, 0.122005106168407, 0.0 ] ] ] } },
{ "type": "Feature", "properties": { "Kl_Dat_Das": "Jalan non tol", "Nm_Ruas": "Jl. Selat Makassar 2", "Thn_Data": 2015, "Status": "Jalan Kota", "Fungsi": "Jalan Lingkungan", "Mendukung": null, "Ura_Dukung": null, "Kd_Bd_PU": null, "Kd_Jns_Inf": null, "Kd_Inf": "001 00 K 166", "Propinsi": "Kalimantan Timur", "Kab_Kota": "Bontang", "Kecamatan": "Bontang Selatan", "Desa_Kel": "Tanjung Laut", "Tk_Ruas_Aw": "Jl. Jenderal Sudirman", "Tk_Ruas_Ak": "Jl. Selat Masar", "Kd_Patok": null, "Km_Awal": 0.0, "Km_Akhir": 0.0, "Nm_Lintas": "-", "Kon_Baik": 0.3114068974, "Kon_Sdg": 0.0, "Kon_Rgn": 0.0, "Kon_Rusak": 0.0, "Kon_Mntp": 0.0, "Kon_T_Mntp": 0.0, "Panjang": 0.3114068974, "Lbr_Keras": 0.0, "LHRT": 0.0, "VCR": 0.0, "Tipe_Jln": 2, "MST": 0.0, "Tipe_Keras": "Beton", "Tanah_Kri": 0.0, "Macadam": 0.0, "Aspal": 0.0, "Rigid": 100.0, "Thn_Pen_Ak": 0, "Jns_Pen": null, "Koord_X_Aw": 553890.02710020018, "Koord_Y_Aw": 13442.935606430499, "Koord_X_Ak": 553633.45958912058, "Koord_Y_Ak": 13268.5365236779 }, "geometry": { "type": "LineString", "coordinates": [ [ 117.48429134663391, 0.121618079728949, 0.0 ], [ 117.484082579651542, 0.121468862219874, 0.0 ], [ 117.484006579526252, 0.121404238694928, 0.0 ], [ 117.483926436450488, 0.121344904381452, 0.0 ], [ 117.483842512949238, 0.121291127676862, 0.0 ], [ 117.483755188648203, 0.121243151838862, 0.0 ], [ 117.483386065408439, 0.121015399929427, 0.0 ], [ 117.482803319869774, 0.1206622138775, 0.0 ], [ 117.482420363140875, 0.120411176387678, 0.0 ], [ 117.482345638610013, 0.120368530416884, 0.0 ], [ 117.48227384707171, 0.1203210517963, 0.0 ], [ 117.482205296444093, 0.120268944164342, 0.0 ], [ 117.482140280744829, 0.12021243101349, 0.0 ], [ 117.482079078830139, 0.120151754731841, 0.0 ], [ 117.482021953198654, 0.120087175563352, 0.0 ], [ 117.481985688747159, 0.12004033434109, 0.0 ] ] } },
{ "type": "Feature", "properties": { "Kl_Dat_Das": "Jalan non tol", "Nm_Ruas": "Jl. Tengiri", "Thn_Data": 2015, "Status": "Jalan Kota", "Fungsi": "Jalan Lingkungan", "Mendukung": null, "Ura_Dukung": null, "Kd_Bd_PU": null, "Kd_Jns_Inf": null, "Kd_Inf": "001 00 K 129", "Propinsi": "Kalimantan Timur", "Kab_Kota": "Bontang", "Kecamatan": "Bontang Selatan", "Desa_Kel": "Tanjung Laut Indah", "Tk_Ruas_Aw": "Jl. Selat Banda", "Tk_Ruas_Ak": "Jl. Kakap Putih 1", "Kd_Patok": null, "Km_Awal": 0.0, "Km_Akhir": 0.0, "Nm_Lintas": "-", "Kon_Baik": 0.4150132038, "Kon_Sdg": 0.0, "Kon_Rgn": 0.0, "Kon_Rusak": 0.0, "Kon_Mntp": 0.0, "Kon_T_Mntp": 0.0, "Panjang": 0.4150132038, "Lbr_Keras": 4.0, "LHRT": 0.0, "VCR": 0.0, "Tipe_Jln": 2, "MST": 0.0, "Tipe_Keras": "Beton", "Tanah_Kri": 0.0, "Macadam": 0.0, "Aspal": 0.0, "Rigid": 100.0, "Thn_Pen_Ak": 0, "Jns_Pen": null, "Koord_X_Aw": 117.4923436489, "Koord_Y_Aw": 0.1234301414, "Koord_X_Ak": 117.4949328288, "Koord_Y_Ak": 0.1207287296 }, "geometry": { "type": "LineString", "coordinates": [ [ 117.492343648895357, 0.123430141429269, 0.0 ], [ 117.493012328845182, 0.122756931614006, 0.0 ], [ 117.493629144916468, 0.122114399702421, 0.0 ], [ 117.493999733210529, 0.12172906824866, 0.0 ], [ 117.494499227721988, 0.121209702330851, 0.0 ], [ 117.494775334279879, 0.120915373841924, 0.0 ], [ 117.494932828791946, 0.120728729606251, 0.0 ] ] } },
{ "type": "Feature", "properties": { "Kl_Dat_Das": "Jalan non tol", "Nm_Ruas": "Jl. Selat Makassar 1 (Jl. Selat Malaka 2)", "Thn_Data": 2015, "Status": "Jalan Kota", "Fungsi": "Jalan Lingkungan", "Mendukung": null, "Ura_Dukung": null, "Kd_Bd_PU": null, "Kd_Jns_Inf": null, "Kd_Inf": "001 00 K 165", "Propinsi": "Kalimantan Timur", "Kab_Kota": "Bontang", "Kecamatan": "Bontang Selatan", "Desa_Kel": "Tanjung Laut", "Tk_Ruas_Aw": "Jl. Jenderal Sudirman", "Tk_Ruas_Ak": "Jl. Selat Makasar", "Kd_Patok": null, "Km_Awal": 0.0, "Km_Akhir": 0.0, "Nm_Lintas": "-", "Kon_Baik": 0.2961743412, "Kon_Sdg": 0.0, "Kon_Rgn": 0.0, "Kon_Rusak": 0.0, "Kon_Mntp": 0.0, "Kon_T_Mntp": 0.0, "Panjang": 0.2961743412, "Lbr_Keras": 0.0, "LHRT": 0.0, "VCR": 0.0, "Tipe_Jln": 2, "MST": 0.0, "Tipe_Keras": "Beton", "Tanah_Kri": 0.0, "Macadam": 0.0, "Aspal": 0.0, "Rigid": 100.0, "Thn_Pen_Ak": 0, "Jns_Pen": null, "Koord_X_Aw": 553824.80026876368, "Koord_Y_Aw": 13480.274933340101, "Koord_X_Ak": 553592.96255827276, "Koord_Y_Ak": 13296.6420030268 }, "geometry": { "type": "LineString", "coordinates": [ [ 117.483705195331765, 0.121955898779065, 0.0 ], [ 117.483377111584687, 0.121632449948281, 0.0 ], [ 117.483292667595506, 0.121558460415429, 0.0 ], [ 117.483204811230621, 0.121488613807009, 0.0 ], [ 117.483113742842633, 0.121423069405309, 0.0 ], [ 117.483019670108902, 0.121361976681746, 0.0 ], [ 117.48271885106054, 0.121131102833622, 0.0 ], [ 117.482121389184002, 0.120685240888036, 0.0 ], [ 117.481621768768306, 0.120294610828971, 0.0 ] ] } },
{ "type": "Feature", "properties": { "Kl_Dat_Das": "Jalan non tol", "Nm_Ruas": "Jl. Selat Bone 9", "Thn_Data": 2015, "Status": "Jalan Kota", "Fungsi": "Jalan Lingkungan", "Mendukung": null, "Ura_Dukung": null, "Kd_Bd_PU": null, "Kd_Jns_Inf": null, "Kd_Inf": "001 00 K 142", "Propinsi": "Kalimantan Timur", "Kab_Kota": "Bontang", "Kecamatan": "Bontang Selatan", "Desa_Kel": "Tanjung Laut", "Tk_Ruas_Aw": "Jl. AP. Mangkunegoro", "Tk_Ruas_Ak": "Buntu", "Kd_Patok": null, "Km_Awal": 0.0, "Km_Akhir": 0.0, "Nm_Lintas": "-", "Kon_Baik": 0.0957242764, "Kon_Sdg": 0.0, "Kon_Rgn": 0.0, "Kon_Rusak": 0.0, "Kon_Mntp": 0.0, "Kon_T_Mntp": 0.0, "Panjang": 0.0957242764, "Lbr_Keras": 0.0, "LHRT": 0.0, "VCR": 0.0, "Tipe_Jln": 2, "MST": 0.0, "Tipe_Keras": "Beton", "Tanah_Kri": 0.0, "Macadam": 0.0, "Aspal": 0.0, "Rigid": 100.0, "Thn_Pen_Ak": 0, "Jns_Pen": null, "Koord_X_Aw": 553163.98776212521, "Koord_Y_Aw": 13512.983683008701, "Koord_X_Ak": 553218.24870098382, "Koord_Y_Ak": 13434.162773894101 }, "geometry": { "type": "LineString", "coordinates": [ [ 117.47776684246962, 0.122251921498822, 0.0 ], [ 117.477931033266174, 0.122026925560102, 0.0 ], [ 117.478068616663109, 0.121828705017924, 0.0 ], [ 117.478254443267559, 0.121538820312189, 0.0 ] ] } },
{ "type": "Feature", "properties": { "Kl_Dat_Das": "Jalan non tol", "Nm_Ruas": "Jl. Selat Bone 8", "Thn_Data": 2015, "Status": "Jalan Kota", "Fungsi": "Jalan Lingkungan", "Mendukung": null, "Ura_Dukung": null, "Kd_Bd_PU": null, "Kd_Jns_Inf": null, "Kd_Inf": "001 00 K 143", "Propinsi": "Kalimantan Timur", "Kab_Kota": "Bontang", "Kecamatan": "Bontang Selatan", "Desa_Kel": "Tanjung Laut", "Tk_Ruas_Aw": "Jl. AP. Mangkunegoro", "Tk_Ruas_Ak": "Buntu", "Kd_Patok": null, "Km_Awal": 0.0, "Km_Akhir": 0.0, "Nm_Lintas": "-", "Kon_Baik": 0.100769124, "Kon_Sdg": 0.0, "Kon_Rgn": 0.0, "Kon_Rusak": 0.0, "Kon_Mntp": 0.0, "Kon_T_Mntp": 0.0, "Panjang": 0.100769124, "Lbr_Keras": 0.0, "LHRT": 0.0, "VCR": 0.0, "Tipe_Jln": 2, "MST": 0.0, "Tipe_Keras": "Beton", "Tanah_Kri": 0.0, "Macadam": 0.0, "Aspal": 0.0, "Rigid": 100.0, "Thn_Pen_Ak": 0, "Jns_Pen": null, "Koord_X_Aw": 553199.99376666453, "Koord_Y_Aw": 13540.342841858001, "Koord_X_Ak": 553257.29774461128, "Koord_Y_Ak": 13457.5136308987 }, "geometry": { "type": "LineString", "coordinates": [ [ 117.478090413122914, 0.122499433907012, 0.0 ], [ 117.478173306985809, 0.122370908752051, 0.0 ], [ 117.478298252239568, 0.122206609422314, 0.0 ], [ 117.478397904178692, 0.122048952309088, 0.0 ], [ 117.478605359353551, 0.121750069153122, 0.0 ] ] } },
{ "type": "Feature", "properties": { "Kl_Dat_Das": "Jalan non tol", "Nm_Ruas": "Jl. Selat Malaka", "Thn_Data": 2015, "Status": "Jalan Kota", "Fungsi": "Jalan Kolektor", "Mendukung": null, "Ura_Dukung": null, "Kd_Bd_PU": null, "Kd_Jns_Inf": null, "Kd_Inf": "001 00 K 154", "Propinsi": "Kalimantan Timur", "Kab_Kota": "Bontang", "Kecamatan": "Bontang Selatan", "Desa_Kel": "Berbas Tengah", "Tk_Ruas_Aw": "Sp. 3 Jl. Jenderal Sudirman û Jl. Selat Selayar", "Tk_Ruas_Ak": "Jl. Hayam Wuruk", "Kd_Patok": null, "Km_Awal": 0.0, "Km_Akhir": 0.0, "Nm_Lintas": "-", "Kon_Baik": 0.7247076543, "Kon_Sdg": 0.0, "Kon_Rgn": 0.0, "Kon_Rusak": 0.0, "Kon_Mntp": 0.0, "Kon_T_Mntp": 0.0, "Panjang": 0.7247076543, "Lbr_Keras": 6.0, "LHRT": 202.0, "VCR": 0.0, "Tipe_Jln": 2, "MST": 0.0, "Tipe_Keras": "Beton", "Tanah_Kri": 0.0, "Macadam": 0.0, "Aspal": 0.0, "Rigid": 100.0, "Thn_Pen_Ak": 0, "Jns_Pen": null, "Koord_X_Aw": 553677.91578434408, "Koord_Y_Aw": 13530.2302348129, "Koord_X_Ak": 553312.05398818385, "Koord_Y_Ak": 12947.2579936814 }, "geometry": { "type": "LineString", "coordinates": [ [ 117.482385233869934, 0.122407867762659, 0.0 ], [ 117.482380361671275, 0.122384284254975, 0.0 ], [ 117.482359198042559, 0.122311570860737, 0.0 ], [ 117.482332331830179, 0.122240792046342, 0.0 ], [ 117.482299934781665, 0.122172400279295, 0.0 ], [ 117.482257330082689, 0.122105259674312, 0.0 ], [ 117.482208944179817, 0.122042214342715, 0.0 ], [ 117.48215516313077, 0.121983767305902, 0.0 ], [ 117.482104837485252, 0.121933373506919, 0.0 ], [ 117.482059599300186, 0.121878307317259, 0.0 ], [ 117.482019874371133, 0.121819087036252, 0.0 ], [ 117.4819860366011, 0.121756270063126, 0.0 ], [ 117.481958404481418, 0.121690447650052, 0.0 ], [ 117.48184194373512, 0.121284625449933, 0.0 ], [ 117.481814226775114, 0.121184411069979, 0.0 ], [ 117.481780944012996, 0.12108592848517, 0.0 ], [ 117.481742201237395, 0.12098949072077, 0.0 ], [ 117.481698121591549, 0.120895404302646, 0.0 ], [ 117.481648845181851, 0.120803968282971, 0.0 ], [ 117.481594528632471, 0.120715473289702, 0.0 ], [ 117.481531957951944, 0.12062504767853, 0.0 ], [ 117.481474304186435, 0.120531367815302, 0.0 ], [ 117.481421733929679, 0.120434704392744, 0.0 ], [ 117.481418343337907, 0.12042758669334, 0.0 ], [ 117.481374399086206, 0.120335336724934, 0.0 ], [ 117.481332436432609, 0.120233551939887, 0.0 ], [ 117.481295967222252, 0.12012964415011, 0.0 ], [ 117.4809997625145, 0.119390144786849, 0.0 ], [ 117.480926299205592, 0.119242234746795, 0.0 ], [ 117.480881682463973, 0.119150617939254, 0.0 ], [ 117.480842970984042, 0.119056318589707, 0.0 ], [ 117.480839033806632, 0.119044669564464, 0.0 ], [ 117.480810322938837, 0.118959722000057, 0.0 ], [ 117.480783871726487, 0.118861222858763, 0.0 ], [ 117.480737733231848, 0.118712975773931, 0.0 ], [ 117.480567568223719, 0.118166220363764, 0.0 ], [ 117.480463359136266, 0.117884473797675, 0.0 ], [ 117.480448487084658, 0.117841741275859, 0.0 ], [ 117.480428295779475, 0.117801280975546, 0.0 ], [ 117.480403118486436, 0.117763760710468, 0.0 ], [ 117.480373370766927, 0.117729799767793, 0.0 ], [ 117.480372276019949, 0.117728834021787, 0.0 ], [ 117.480339543619152, 0.117699958686885, 0.0 ], [ 117.480302195373881, 0.117674730006971, 0.0 ], [ 117.479689399566809, 0.117367771174657, 0.0 ], [ 117.479097343760927, 0.117133780219713, 0.0 ] ] } },
{ "type": "Feature", "properties": { "Kl_Dat_Das": "Jalan non tol", "Nm_Ruas": "Jl. Lettu A. Kirang", "Thn_Data": 2015, "Status": "Jalan Kota", "Fungsi": "Jalan Lingkungan", "Mendukung": null, "Ura_Dukung": null, "Kd_Bd_PU": null, "Kd_Jns_Inf": null, "Kd_Inf": "001 00 K 356", "Propinsi": "Kalimantan Timur", "Kab_Kota": "Bontang", "Kecamatan": "Bontang Selatan", "Desa_Kel": "Tanjung Laut", "Tk_Ruas_Aw": "Jl. Selat Karimata", "Tk_Ruas_Ak": "Jl. Selat Karimata 1", "Kd_Patok": null, "Km_Awal": 0.0, "Km_Akhir": 0.0, "Nm_Lintas": "-", "Kon_Baik": 0.4762027035, "Kon_Sdg": 0.0, "Kon_Rgn": 0.0, "Kon_Rusak": 0.0, "Kon_Mntp": 0.0, "Kon_T_Mntp": 0.0, "Panjang": 0.2457522238, "Lbr_Keras": 0.0, "LHRT": 0.0, "VCR": 0.0, "Tipe_Jln": 2, "MST": 0.0, "Tipe_Keras": "Beton", "Tanah_Kri": 0.0, "Macadam": 0.0, "Aspal": 0.0, "Rigid": 100.0, "Thn_Pen_Ak": 0, "Jns_Pen": null, "Koord_X_Aw": 554112.54451965261, "Koord_Y_Aw": 13531.508868766899, "Koord_X_Ak": 554145.06888257526, "Koord_Y_Ak": 13652.5620077848 }, "geometry": { "type": "MultiLineString", "coordinates": [ [ [ 117.486291001155394, 0.122419364530936, 0.0 ], [ 117.486237213596667, 0.122209205120521, 0.0 ], [ 117.486202383658565, 0.122083625798846, 0.0 ], [ 117.486173749238006, 0.121956469687661, 0.0 ], [ 117.486151380052021, 0.121828046377692, 0.0 ], [ 117.486135330563599, 0.121698668545109, 0.0 ], [ 117.486131201575049, 0.121347951808315, 0.0 ] ], [ [ 117.486291001155394, 0.122419364530936, 0.0 ], [ 117.48635279327425, 0.122659943880372, 0.0 ], [ 117.48658329927953, 0.123514525104883, 0.0 ] ] ] } },
{ "type": "Feature", "properties": { "Kl_Dat_Das": "Jalan non tol", "Nm_Ruas": "Jl. Selat Rote (Jl. Selat Rote & Rote 2)", "Thn_Data": 2015, "Status": "Jalan Kota", "Fungsi": "Jalan Lingkungan", "Mendukung": null, "Ura_Dukung": null, "Kd_Bd_PU": null, "Kd_Jns_Inf": null, "Kd_Inf": "001 00 K 226", "Propinsi": "Kalimantan Timur", "Kab_Kota": "Bontang", "Kecamatan": "Bontang Selatan", "Desa_Kel": "Tanjung Laut", "Tk_Ruas_Aw": "Jl. Ir. H. Juanda", "Tk_Ruas_Ak": "Sp 3. Jl. Selat Alor û Jl.  Selat Alor 2", "Kd_Patok": null, "Km_Awal": 0.0, "Km_Akhir": 0.0, "Nm_Lintas": "-", "Kon_Baik": 0.3491602121, "Kon_Sdg": 0.0, "Kon_Rgn": 0.0, "Kon_Rusak": 0.0, "Kon_Mntp": 0.0, "Kon_T_Mntp": 0.0, "Panjang": 0.3491602121, "Lbr_Keras": 4.0, "LHRT": 0.0, "VCR": 0.0, "Tipe_Jln": 2, "MST": 0.0, "Tipe_Keras": "Beton", "Tanah_Kri": 0.0, "Macadam": 0.0, "Aspal": 0.0, "Rigid": 100.0, "Thn_Pen_Ak": 2012, "Jns_Pen": "Peningkatan", "Koord_X_Aw": 554514.38466004375, "Koord_Y_Aw": 13806.400297507, "Koord_X_Ak": 554471.64686068869, "Koord_Y_Ak": 13474.259945100899 }, "geometry": { "type": "LineString", "coordinates": [ [ 117.48990215890592, 0.124906235705396, 0.0 ], [ 117.489926464353516, 0.124652138301656, 0.0 ], [ 117.489948226146794, 0.124458740680211, 0.0 ], [ 117.489974536683818, 0.124302489992431, 0.0 ], [ 117.489993515605534, 0.124189779664789, 0.0 ], [ 117.490004283526659, 0.12412583210039, 0.0 ], [ 117.490043730791172, 0.123832835860867, 0.0 ], [ 117.490068491961893, 0.123648921255153, 0.0 ], [ 117.490070127518607, 0.123636773092699, 0.0 ], [ 117.490068960304598, 0.123582180342453, 0.0 ], [ 117.490060842332809, 0.123528190003128, 0.0 ], [ 117.49002963596935, 0.123426225421497, 0.0 ], [ 117.4899943568563, 0.123325615598446, 0.0 ], [ 117.489955062781746, 0.123226525335326, 0.0 ], [ 117.48986536153474, 0.12307872517033, 0.0 ], [ 117.489721021574837, 0.122840897132335, 0.0 ], [ 117.489636569940998, 0.122700642957852, 0.0 ], [ 117.489551066996228, 0.122558642796378, 0.0 ], [ 117.48953964886222, 0.122545412140482, 0.0 ], [ 117.489530339313887, 0.122530601764481, 0.0 ], [ 117.489523350545355, 0.12251454924376, 0.0 ], [ 117.489518841853183, 0.122497620465879, 0.0 ], [ 117.489517826659025, 0.122488438104199, 0.0 ], [ 117.489516916004391, 0.122480201292035, 0.0 ], [ 117.489517616895242, 0.12246268876055, 0.0 ], [ 117.489516894776685, 0.122263046706166, 0.0 ], [ 117.489518043384138, 0.121901375503001, 0.0 ] ] } },
{ "type": "Feature", "properties": { "Kl_Dat_Das": "Jalan non tol", "Nm_Ruas": "Jl. Selat Karimata", "Thn_Data": 2015, "Status": "Jalan Kota", "Fungsi": "Jalan Lingkungan", "Mendukung": null, "Ura_Dukung": null, "Kd_Bd_PU": null, "Kd_Jns_Inf": null, "Kd_Inf": "001 00 K 168", "Propinsi": "Kalimantan Timur", "Kab_Kota": "Bontang", "Kecamatan": "Bontang Selatan", "Desa_Kel": "Tanjung Laut", "Tk_Ruas_Aw": "Jl. Jenderal Sudirman", "Tk_Ruas_Ak": "Jl. Habibon", "Kd_Patok": null, "Km_Awal": 0.0, "Km_Akhir": 0.0, "Nm_Lintas": "-", "Kon_Baik": 0.8327042163, "Kon_Sdg": 0.0, "Kon_Rgn": 0.0, "Kon_Rusak": 0.0, "Kon_Mntp": 0.0, "Kon_T_Mntp": 0.0, "Panjang": 0.8327042163, "Lbr_Keras": 4.0, "LHRT": 0.0, "VCR": 0.0, "Tipe_Jln": 2, "MST": 0.0, "Tipe_Keras": "Beton", "Tanah_Kri": 0.0, "Macadam": 0.0, "Aspal": 0.0, "Rigid": 100.0, "Thn_Pen_Ak": 2019, "Jns_Pen": "Peningkatan", "Koord_X_Aw": 553681.92852899991, "Koord_Y_Aw": 13692.1018016748, "Koord_X_Ak": 554440.87698019482, "Koord_Y_Ak": 13464.5754906703 }, "geometry": { "type": "LineString", "coordinates": [ [ 117.482421320511932, 0.123872317623993, 0.0 ], [ 117.482463840790658, 0.123870404423946, 0.0 ], [ 117.482640085915435, 0.123869135598408, 0.0 ], [ 117.48281625429648, 0.123874522568922, 0.0 ], [ 117.482992098021654, 0.12388655775428, 0.0 ], [ 117.483167369635737, 0.123905224217398, 0.0 ], [ 117.483341822488612, 0.12393049568953, 0.0 ], [ 117.483515211005127, 0.1239623369927, 0.0 ], [ 117.483569691279087, 0.123969868570666, 0.0 ], [ 117.483624679467795, 0.123970478712829, 0.0 ], [ 117.483679311395761, 0.123964157830457, 0.0 ], [ 117.483732728486373, 0.123951005260739, 0.0 ], [ 117.483910566106459, 0.12391148419746, 0.0 ], [ 117.484089567812575, 0.123877706913089, 0.0 ], [ 117.484269550616432, 0.12384970793811, 0.0 ], [ 117.484379886506247, 0.123836163409328, 0.0 ], [ 117.484450330526514, 0.123827515896019, 0.0 ], [ 117.484958089476905, 0.123773698050381, 0.0 ], [ 117.485042505196589, 0.123758936440046, 0.0 ], [ 117.485125806116372, 0.123738752208285, 0.0 ], [ 117.485207648918546, 0.12371322854288, 0.0 ], [ 117.485287696295032, 0.123682470637658, 0.0 ], [ 117.485398607294641, 0.123647606734577, 0.0 ], [ 117.48551099600617, 0.123617924121575, 0.0 ], [ 117.485624623747654, 0.123593485835892, 0.0 ], [ 117.485739249205935, 0.123574343777176, 0.0 ], [ 117.485755902192182, 0.123572351248346, 0.0 ], [ 117.485854628949085, 0.123560538597522, 0.0 ], [ 117.485970517943088, 0.123552099614931, 0.0 ], [ 117.486369072778459, 0.123531131957807, 0.0 ], [ 117.486493240019612, 0.123524363056741, 0.0 ], [ 117.486604672544317, 0.123512190318266, 0.0 ], [ 117.486616863529321, 0.12351085859152, 0.0 ], [ 117.486739583069024, 0.12349065791447, 0.0 ], [ 117.486861041034416, 0.123463819890634, 0.0 ], [ 117.486980883497466, 0.123430422726316, 0.0 ], [ 117.48721320079396, 0.123367449781979, 0.0 ], [ 117.487291030858671, 0.123343693820528, 0.0 ], [ 117.487366987870928, 0.123314431367559, 0.0 ], [ 117.487440687984872, 0.123279810299984, 0.0 ], [ 117.487511758759766, 0.123240005574221, 0.0 ], [ 117.487579841042262, 0.123195218342197, 0.0 ], [ 117.48764459078113, 0.123145674934627, 0.0 ], [ 117.487705680766183, 0.123091625717389, 0.0 ], [ 117.487762802281637, 0.123033343826254, 0.0 ], [ 117.488127275242121, 0.122696479111585, 0.0 ], [ 117.488173186627748, 0.122665060944044, 0.0 ], [ 117.488221530266685, 0.122637588236025, 0.0 ], [ 117.488243555220905, 0.122627398159636, 0.0 ], [ 117.488271972422837, 0.12261425064277, 0.0 ], [ 117.488324164873248, 0.122595209273217, 0.0 ], [ 117.488377747311915, 0.122580595577653, 0.0 ], [ 117.488605548536853, 0.122500174376434, 0.0 ], [ 117.488672698355984, 0.122475315962891, 0.0 ], [ 117.488737134705104, 0.122444013837995, 0.0 ], [ 117.488798249191447, 0.122406563549231, 0.0 ], [ 117.48885546478661, 0.122363318693509, 0.0 ], [ 117.488908241274643, 0.122314687578681, 0.0 ], [ 117.488956080352509, 0.122261129368345, 0.0 ], [ 117.488998530335152, 0.122203149746542, 0.0 ], [ 117.489035190420054, 0.122141296143158, 0.0 ], [ 117.489065714471494, 0.122076152565304, 0.0 ], [ 117.489241530188636, 0.121813765484331, 0.0 ] ] } },
{ "type": "Feature", "properties": { "Kl_Dat_Das": "Jalan non tol", "Nm_Ruas": "Jl. Lumba-Lumba", "Thn_Data": 2015, "Status": "Jalan Kota", "Fungsi": "Jalan Lingkungan", "Mendukung": null, "Ura_Dukung": null, "Kd_Bd_PU": null, "Kd_Jns_Inf": null, "Kd_Inf": "001 00 K 162", "Propinsi": "Kalimantan Timur", "Kab_Kota": "Bontang", "Kecamatan": "Bontang Selatan", "Desa_Kel": "Tanjung Laut Indah", "Tk_Ruas_Aw": "Jl. Tongkol", "Tk_Ruas_Ak": "Jl. Lumba-Lumba 1", "Kd_Patok": null, "Km_Awal": 0.0, "Km_Akhir": 0.0, "Nm_Lintas": "-", "Kon_Baik": 0.2352500235, "Kon_Sdg": 0.0, "Kon_Rgn": 0.0, "Kon_Rusak": 0.0, "Kon_Mntp": 0.0, "Kon_T_Mntp": 0.0, "Panjang": 0.2352500235, "Lbr_Keras": 0.0, "LHRT": 0.0, "VCR": 0.0, "Tipe_Jln": 2, "MST": 0.0, "Tipe_Keras": "Beton", "Tanah_Kri": 0.0, "Macadam": 0.0, "Aspal": 0.0, "Rigid": 100.0, "Thn_Pen_Ak": 0, "Jns_Pen": null, "Koord_X_Aw": 554946.54916094802, "Koord_Y_Aw": 13537.406280593899, "Koord_X_Ak": 555050.74576394504, "Koord_Y_Ak": 13744.102539916499 }, "geometry": { "type": "LineString", "coordinates": [ [ 117.493785732302129, 0.122472580383412, 0.0 ], [ 117.493896205574273, 0.122585183999853, 0.0 ], [ 117.493922512168268, 0.122613231972015, 0.0 ], [ 117.493945893815123, 0.12264379320732, 0.0 ], [ 117.493966115022644, 0.122676559902955, 0.0 ], [ 117.494141484435431, 0.123018255836726, 0.0 ], [ 117.494261175145638, 0.123251465397053, 0.0 ], [ 117.494398254586443, 0.123527458502528, 0.0 ], [ 117.494419853591552, 0.123553056763539, 0.0 ], [ 117.494444295750455, 0.123575917190073, 0.0 ], [ 117.494471241143202, 0.123595721859674, 0.0 ], [ 117.494485872461638, 0.123604445428981, 0.0 ], [ 117.494498985962409, 0.123615344124854, 0.0 ], [ 117.494510265471632, 0.123628155173421, 0.0 ], [ 117.494519439033979, 0.123642569693188, 0.0 ], [ 117.494526285469689, 0.123658240141883, 0.0 ], [ 117.494530639707378, 0.123674788696181, 0.0 ], [ 117.494627357995952, 0.123988356363365, 0.0 ], [ 117.494722122463045, 0.1243425386316, 0.0 ] ] } },
{ "type": "Feature", "properties": { "Kl_Dat_Das": "Jalan non tol", "Nm_Ruas": "Jl. Selat Rote 1 (Jl. Selat Rote 1A)", "Thn_Data": 2015, "Status": "Jalan Kota", "Fungsi": "Jalan Lingkungan", "Mendukung": null, "Ura_Dukung": null, "Kd_Bd_PU": null, "Kd_Jns_Inf": null, "Kd_Inf": "001 00 K 170", "Propinsi": "Kalimantan Timur", "Kab_Kota": "Bontang", "Kecamatan": "Bontang Selatan", "Desa_Kel": "Tanjung Laut", "Tk_Ruas_Aw": "Sp. 4 Jl. Selat Karimata - Jl. Selat Karimata 1", "Tk_Ruas_Ak": "Sp. 4 Jl. Selat Rote - Jl. Selat Alor", "Kd_Patok": null, "Km_Awal": 0.0, "Km_Akhir": 0.0, "Nm_Lintas": "-", "Kon_Baik": 0.2913629846, "Kon_Sdg": 0.0, "Kon_Rgn": 0.0, "Kon_Rusak": 0.0, "Kon_Mntp": 0.0, "Kon_T_Mntp": 0.0, "Panjang": 0.2913629846, "Lbr_Keras": 0.0, "LHRT": 0.0, "VCR": 0.0, "Tipe_Jln": 2, "MST": 0.0, "Tipe_Keras": "Beton", "Tanah_Kri": 0.0, "Macadam": 0.0, "Aspal": 0.0, "Rigid": 100.0, "Thn_Pen_Ak": 0, "Jns_Pen": null, "Koord_X_Aw": 554329.82189955749, "Koord_Y_Aw": 13554.507625084399, "Koord_X_Ak": 554524.55219583865, "Koord_Y_Ak": 13727.2076486275 }, "geometry": { "type": "LineString", "coordinates": [ [ 117.488243555220905, 0.122627398159636, 0.0 ], [ 117.488399314832677, 0.122914529425547, 0.0 ], [ 117.488520096021574, 0.123160410023918, 0.0 ], [ 117.488542638746964, 0.123206301428757, 0.0 ], [ 117.488613614283793, 0.123350790034158, 0.0 ], [ 117.488624740714769, 0.123374625457595, 0.0 ], [ 117.488715774379017, 0.123569640896955, 0.0 ], [ 117.488816957641092, 0.123786399132052, 0.0 ], [ 117.488852329574613, 0.123862174089195, 0.0 ], [ 117.488910872437629, 0.123987586592535, 0.0 ], [ 117.48891723986948, 0.123998349085155, 0.0 ], [ 117.488925325308799, 0.124007870923847, 0.0 ], [ 117.488934895313932, 0.124015877195449, 0.0 ], [ 117.488945673581028, 0.124022136743998, 0.0 ], [ 117.488957348921389, 0.124026468844679, 0.0 ], [ 117.488969584246306, 0.12402874842174, 0.0 ], [ 117.489398138233938, 0.12409705176897, 0.0 ], [ 117.489993515605491, 0.124189779664683, 0.0 ] ] } },
{ "type": "Feature", "properties": { "Kl_Dat_Das": "Jalan non tol", "Nm_Ruas": "Jl. Ir. H. Juanda", "Thn_Data": 2015, "Status": "Jalan Kota", "Fungsi": "Jalan Kolektor", "Mendukung": null, "Ura_Dukung": null, "Kd_Bd_PU": null, "Kd_Jns_Inf": null, "Kd_Inf": "001 00 K 049", "Propinsi": "Kalimantan Timur", "Kab_Kota": "Bontang", "Kecamatan": "Bontang Selatan", "Desa_Kel": "Tanjung Laut", "Tk_Ruas_Aw": "Sp. 3 Jl. AIP II Ks. Tubun û Jl. Sam Ratulangi", "Tk_Ruas_Ak": "Sp. 3 Jl. Jenderal Sudirman û Jl. Jenderal A. Yani", "Kd_Patok": null, "Km_Awal": 0.0, "Km_Akhir": 0.0, "Nm_Lintas": "-", "Kon_Baik": 1.6653999061, "Kon_Sdg": 0.0, "Kon_Rgn": 0.0, "Kon_Rusak": 0.0, "Kon_Mntp": 0.0, "Kon_T_Mntp": 0.0, "Panjang": 1.6653999061, "Lbr_Keras": 6.0, "LHRT": 0.0, "VCR": 0.0, "Tipe_Jln": 2, "MST": 0.0, "Tipe_Keras": "Aspal", "Tanah_Kri": 0.0, "Macadam": 0.0, "Aspal": 100.0, "Rigid": 0.0, "Thn_Pen_Ak": 2018, "Jns_Pen": "Rehabilitasi / Pemeliharaan & Peningkatan", "Koord_X_Aw": 117.4953491468, "Koord_Y_Aw": 0.1197678558, "Koord_X_Ak": 117.4827174079, "Koord_Y_Ak": 0.125505499 }, "geometry": { "type": "LineString", "coordinates": [ [ 117.495349146790744, 0.119767855765901, 0.0 ], [ 117.494632504146836, 0.120479315089311, 0.0 ], [ 117.493689884736554, 0.121464024117887, 0.0 ], [ 117.493677178026289, 0.121477135584856, 0.0 ], [ 117.493510329429398, 0.121649298942774, 0.0 ], [ 117.49341759874028, 0.121747445430169, 0.0 ], [ 117.493320194049929, 0.121847901763264, 0.0 ], [ 117.4931501303967, 0.12202989326506, 0.0 ], [ 117.492991273867403, 0.122192221901187, 0.0 ], [ 117.492801268184834, 0.122391285985946, 0.0 ], [ 117.492576431564046, 0.122627825898811, 0.0 ], [ 117.49238175613975, 0.122827405359899, 0.0 ], [ 117.492214331512059, 0.123010907347508, 0.0 ], [ 117.492056903833799, 0.12317702955504, 0.0 ], [ 117.491991680933609, 0.123245854634098, 0.0 ], [ 117.49174601440221, 0.123502168360791, 0.0 ], [ 117.491529650314618, 0.123724785655529, 0.0 ], [ 117.491365668598817, 0.123895859874838, 0.0 ], [ 117.491094128040785, 0.124178213072888, 0.0 ], [ 117.490932367746709, 0.12434945152513, 0.0 ], [ 117.490777085947997, 0.12450902297142, 0.0 ], [ 117.490731269737353, 0.124556104852201, 0.0 ], [ 117.490653633286513, 0.124636121959696, 0.0 ], [ 117.490556317172278, 0.124736422192697, 0.0 ], [ 117.490444519710337, 0.12485795749357, 0.0 ], [ 117.4904053853449, 0.12489800287362, 0.0 ], [ 117.490368895990855, 0.124920824667834, 0.0 ], [ 117.490329547978504, 0.124938177196641, 0.0 ], [ 117.490329393987821, 0.124938220076082, 0.0 ], [ 117.490288144869496, 0.124949706088048, 0.0 ], [ 117.49024553219455, 0.124955175900007, 0.0 ], [ 117.49020258018605, 0.12495447492826, 0.0 ], [ 117.490160166006348, 0.124947617487949, 0.0 ], [ 117.489949927170699, 0.124914420712104, 0.0 ], [ 117.489873925512299, 0.124904031417103, 0.0 ], [ 117.489709351282642, 0.124881534403854, 0.0 ], [ 117.489408878378285, 0.124836614832165, 0.0 ], [ 117.489191673466379, 0.124803668984371, 0.0 ], [ 117.488920265424312, 0.124759705097006, 0.0 ], [ 117.48882929447521, 0.124744969215131, 0.0 ], [ 117.488571260659199, 0.124700783043423, 0.0 ], [ 117.488312891559715, 0.124666106654299, 0.0 ], [ 117.488226931694115, 0.12465228610095, 0.0 ], [ 117.488187018516172, 0.124649603034594, 0.0 ], [ 117.488147219683981, 0.124653657269865, 0.0 ], [ 117.487935513941736, 0.124705905518758, 0.0 ], [ 117.487681175595057, 0.124777533529943, 0.0 ], [ 117.487451125740321, 0.12484276909217, 0.0 ], [ 117.487220897144695, 0.124907456420145, 0.0 ], [ 117.487051815757127, 0.124953611140825, 0.0 ], [ 117.486864771906923, 0.125003389494104, 0.0 ], [ 117.486795250594213, 0.125020845926363, 0.0 ], [ 117.486721619896073, 0.125039334203473, 0.0 ], [ 117.486619608261037, 0.125064948782991, 0.0 ], [ 117.486289510576327, 0.125158794441101, 0.0 ], [ 117.486050414627357, 0.125224065491075, 0.0 ], [ 117.485814393966024, 0.125289308443826, 0.0 ], [ 117.485580071164193, 0.125352779006246, 0.0 ], [ 117.485362582788639, 0.125411410279211, 0.0 ], [ 117.48516037660184, 0.125466933005711, 0.0 ], [ 117.484963133559276, 0.1255254782458, 0.0 ], [ 117.484908135449459, 0.12554180266215, 0.0 ], [ 117.484720165427319, 0.125591224829788, 0.0 ], [ 117.484673220258827, 0.12560174573801, 0.0 ], [ 117.484538659197952, 0.125631902293235, 0.0 ], [ 117.484455640818013, 0.125640274263701, 0.0 ], [ 117.484372309071148, 0.125644428380889, 0.0 ], [ 117.484288875257462, 0.125644354111297, 0.0 ], [ 117.484205550935869, 0.125640051643075, 0.0 ], [ 117.48403069789741, 0.125618335757792, 0.0 ], [ 117.483826608592196, 0.125592988869969, 0.0 ], [ 117.483506627188405, 0.12553245920278, 0.0 ], [ 117.48331882714821, 0.125498087311281, 0.0 ], [ 117.483247268325471, 0.1254886703697, 0.0 ], [ 117.483175278828654, 0.125483569336135, 0.0 ], [ 117.483103115258444, 0.125482802392866, 0.0 ], [ 117.483031034836173, 0.125486372273877, 0.0 ], [ 117.482717407925577, 0.125505499014166, 0.0 ] ] } },
{ "type": "Feature", "properties": { "Kl_Dat_Das": "Jalan non tol", "Nm_Ruas": "Jl. Selat Rote 4 (Jl. Mangga)", "Thn_Data": 2015, "Status": "Jalan Kota", "Fungsi": "Jalan Lingkungan", "Mendukung": null, "Ura_Dukung": null, "Kd_Bd_PU": null, "Kd_Jns_Inf": null, "Kd_Inf": "001 00 K 364", "Propinsi": "Kalimantan Timur", "Kab_Kota": "Bontang", "Kecamatan": "Bontang Selatan", "Desa_Kel": "Tanjung Laut", "Tk_Ruas_Aw": "Jl. Selat Rote", "Tk_Ruas_Ak": "Jl. Selat Rote 1", "Kd_Patok": null, "Km_Awal": 0.0, "Km_Akhir": 0.0, "Nm_Lintas": "-", "Kon_Baik": 0.1350309697, "Kon_Sdg": 0.0, "Kon_Rgn": 0.0, "Kon_Rusak": 0.0, "Kon_Mntp": 0.0, "Kon_T_Mntp": 0.0, "Panjang": 0.1350309697, "Lbr_Keras": 0.0, "LHRT": 0.0, "VCR": 0.0, "Tipe_Jln": 2, "MST": 0.0, "Tipe_Keras": "Beton", "Tanah_Kri": 0.0, "Macadam": 0.0, "Aspal": 0.0, "Rigid": 100.0, "Thn_Pen_Ak": 0, "Jns_Pen": null, "Koord_X_Aw": 554372.23824428197, "Koord_Y_Aw": 13637.1024942188, "Koord_X_Ak": 554484.83474240871, "Koord_Y_Ak": 13562.606505235501 }, "geometry": { "type": "LineString", "coordinates": [ [ 117.488624740714769, 0.123374625457574, 0.0 ], [ 117.488915030923081, 0.1231929516296, 0.0 ], [ 117.489636569941055, 0.122700642957855, 0.0 ] ] } },
{ "type": "Feature", "properties": { "Kl_Dat_Das": "Jalan non tol", "Nm_Ruas": "Jl. Selat Rote 3 (Jl. Pepaya)", "Thn_Data": 2015, "Status": "Jalan Kota", "Fungsi": "Jalan Lingkungan", "Mendukung": null, "Ura_Dukung": null, "Kd_Bd_PU": null, "Kd_Jns_Inf": null, "Kd_Inf": "001 00 K 169", "Propinsi": "Kalimantan Timur", "Kab_Kota": "Bontang", "Kecamatan": "Bontang Selatan", "Desa_Kel": "Tanjung Laut", "Tk_Ruas_Aw": "Jl. Selat Rote", "Tk_Ruas_Ak": "Jl. Selat Rote 1", "Kd_Patok": null, "Km_Awal": 0.0, "Km_Akhir": 0.0, "Nm_Lintas": "-", "Kon_Baik": 0.1404731739, "Kon_Sdg": 0.0, "Kon_Rgn": 0.0, "Kon_Rusak": 0.0, "Kon_Mntp": 0.0, "Kon_T_Mntp": 0.0, "Panjang": 0.1404731739, "Lbr_Keras": 0.0, "LHRT": 0.0, "VCR": 0.0, "Tipe_Jln": 2, "MST": 0.0, "Tipe_Keras": "Beton", "Tanah_Kri": 0.0, "Macadam": 0.0, "Aspal": 0.0, "Rigid": 100.0, "Thn_Pen_Ak": 0, "Jns_Pen": null, "Koord_X_Aw": 554393.62707218982, "Koord_Y_Aw": 13682.6179200116, "Koord_X_Ak": 554510.29363049951, "Koord_Y_Ak": 13604.3979552943 }, "geometry": { "type": "LineString", "coordinates": [ [ 117.488816957641092, 0.123786399132038, 0.0 ], [ 117.48914039992745, 0.123576882335398, 0.0 ], [ 117.489626701181464, 0.123240912659364, 0.0 ], [ 117.489865361534555, 0.123078725170265, 0.0 ] ] } },
{ "type": "Feature", "properties": { "Kl_Dat_Das": "Jalan non tol", "Nm_Ruas": "Jl. Selat Gaspor 1", "Thn_Data": 2015, "Status": "Jalan Kota", "Fungsi": "Jalan Lingkungan", "Mendukung": null, "Ura_Dukung": null, "Kd_Bd_PU": null, "Kd_Jns_Inf": null, "Kd_Inf": "001 00 K 365", "Propinsi": "Kalimantan Timur", "Kab_Kota": "Bontang", "Kecamatan": "Bontang Selatan", "Desa_Kel": "Tanjung Laut", "Tk_Ruas_Aw": "Jl. Ir. H. Juanda", "Tk_Ruas_Ak": "Jl. Selat Rote 1", "Kd_Patok": null, "Km_Awal": 0.0, "Km_Akhir": 0.0, "Nm_Lintas": "-", "Kon_Baik": 0.2514477979, "Kon_Sdg": 0.0, "Kon_Rgn": 0.0, "Kon_Rusak": 0.0, "Kon_Mntp": 0.0, "Kon_T_Mntp": 0.0, "Panjang": 0.2514477979, "Lbr_Keras": 0.0, "LHRT": 0.0, "VCR": 0.0, "Tipe_Jln": 2, "MST": 0.0, "Tipe_Keras": "Beton", "Tanah_Kri": 0.0, "Macadam": 0.0, "Aspal": 0.0, "Rigid": 100.0, "Thn_Pen_Ak": 0, "Jns_Pen": null, "Koord_X_Aw": 554249.25380850397, "Koord_Y_Aw": 13798.363249538501, "Koord_X_Ak": 554382.36796326097, "Koord_Y_Ak": 13658.6585362069 }, "geometry": { "type": "LineString", "coordinates": [ [ 117.487519575173252, 0.124833569267793, 0.0 ], [ 117.487510339749292, 0.124793892542552, 0.0 ], [ 117.487315176266407, 0.124141616161482, 0.0 ], [ 117.487310379306635, 0.124119482815393, 0.0 ], [ 117.487838471652822, 0.123971380293554, 0.0 ], [ 117.487885902135631, 0.123958078502355, 0.0 ], [ 117.488272887460411, 0.123833783421166, 0.0 ], [ 117.488340506401826, 0.123807264726714, 0.0 ], [ 117.488405405602904, 0.123774576370221, 0.0 ], [ 117.488467031061518, 0.123735997391036, 0.0 ], [ 117.488715774379017, 0.123569640896955, 0.0 ] ] } },
{ "type": "Feature", "properties": { "Kl_Dat_Das": "Jalan non tol", "Nm_Ruas": "Jl. Selat Alor 1 (Jl. Selat Alor 2)", "Thn_Data": 2015, "Status": "Jalan Kota", "Fungsi": "Jalan Lingkungan", "Mendukung": null, "Ura_Dukung": null, "Kd_Bd_PU": null, "Kd_Jns_Inf": null, "Kd_Inf": "001 00 K 171", "Propinsi": "Kalimantan Timur", "Kab_Kota": "Bontang", "Kecamatan": "Bontang Selatan", "Desa_Kel": "Tanjung Laut", "Tk_Ruas_Aw": "Sp. 4 Jl. H. Habibon - Jl. Belanak", "Tk_Ruas_Ak": "Sp. 4 Jl. Selat Alor - Jl. Selat Rote - Jl. Selat Rote 1", "Kd_Patok": null, "Km_Awal": 0.0, "Km_Akhir": 0.0, "Nm_Lintas": "-", "Kon_Baik": 0.2215301764, "Kon_Sdg": 0.0, "Kon_Rgn": 0.0, "Kon_Rusak": 0.0, "Kon_Mntp": 0.0, "Kon_T_Mntp": 0.0, "Panjang": 0.2215301764, "Lbr_Keras": 0.0, "LHRT": 0.0, "VCR": 0.0, "Tipe_Jln": 2, "MST": 0.0, "Tipe_Keras": "Beton", "Tanah_Kri": 0.0, "Macadam": 0.0, "Aspal": 0.0, "Rigid": 100.0, "Thn_Pen_Ak": 2011, "Jns_Pen": "Peningkatan", "Koord_X_Aw": 554543.47219271539, "Koord_Y_Aw": 13718.2266924124, "Koord_X_Ak": 554696.60176360689, "Koord_Y_Ak": 13558.1501512953 }, "geometry": { "type": "LineString", "coordinates": [ [ 117.490163537479773, 0.124108525960216, 0.0 ], [ 117.490348240603154, 0.123918972466008, 0.0 ], [ 117.490776154014554, 0.123461234428759, 0.0 ], [ 117.491052618472608, 0.123173918498956, 0.0 ], [ 117.491539600064925, 0.122660291290312, 0.0 ] ] } },
{ "type": "Feature", "properties": { "Kl_Dat_Das": "Jalan non tol", "Nm_Ruas": "Jl. Selat Alor 2 (Jl. Selat Alor 1)", "Thn_Data": 2015, "Status": "Jalan Kota", "Fungsi": "Jalan Lingkungan", "Mendukung": null, "Ura_Dukung": null, "Kd_Bd_PU": null, "Kd_Jns_Inf": null, "Kd_Inf": "001 00 K 172", "Propinsi": "Kalimantan Timur", "Kab_Kota": "Bontang", "Kecamatan": "Bontang Selatan", "Desa_Kel": "Tanjung Laut", "Tk_Ruas_Aw": "Sp. 4 Jl. H. Habibon - Jl. Bandeng", "Tk_Ruas_Ak": "Jl. Selat Alor", "Kd_Patok": null, "Km_Awal": 0.0, "Km_Akhir": 0.0, "Nm_Lintas": "-", "Kon_Baik": 0.2226078629, "Kon_Sdg": 0.0, "Kon_Rgn": 0.0, "Kon_Rusak": 0.0, "Kon_Mntp": 0.0, "Kon_T_Mntp": 0.0, "Panjang": 0.2226078629, "Lbr_Keras": 0.0, "LHRT": 0.0, "VCR": 0.0, "Tipe_Jln": 2, "MST": 0.0, "Tipe_Keras": "Beton", "Tanah_Kri": 0.0, "Macadam": 0.0, "Aspal": 0.0, "Rigid": 100.0, "Thn_Pen_Ak": 2013, "Jns_Pen": "Peningkatan", "Koord_X_Aw": 554571.49329148768, "Koord_Y_Aw": 13745.847489776401, "Koord_X_Ak": 554726.09952175315, "Koord_Y_Ak": 13585.6955448791 }, "geometry": { "type": "LineString", "coordinates": [ [ 117.490415351931972, 0.124358406052084, 0.0 ], [ 117.491000021903389, 0.123758874692364, 0.0 ], [ 117.491587160486773, 0.123139040424377, 0.0 ], [ 117.491804684301073, 0.12290948895015, 0.0 ] ] } },
{ "type": "Feature", "properties": { "Kl_Dat_Das": "Jalan non tol", "Nm_Ruas": "Jl. Selat Madura", "Thn_Data": 2015, "Status": "Jalan Kota", "Fungsi": "Jalan Lokal", "Mendukung": null, "Ura_Dukung": null, "Kd_Bd_PU": null, "Kd_Jns_Inf": null, "Kd_Inf": "001 00 K 157", "Propinsi": "Kalimantan Timur", "Kab_Kota": "Bontang", "Kecamatan": "Bontang Selatan", "Desa_Kel": "Tanjung Laut", "Tk_Ruas_Aw": "Jl. Jenderal Sudirman", "Tk_Ruas_Ak": "Jl. Selat Selayar", "Kd_Patok": null, "Km_Awal": 0.0, "Km_Akhir": 0.0, "Nm_Lintas": "-", "Kon_Baik": 0.3818190961, "Kon_Sdg": 0.0, "Kon_Rgn": 0.0, "Kon_Rusak": 0.0, "Kon_Mntp": 0.0, "Kon_T_Mntp": 0.0, "Panjang": 0.3818190961, "Lbr_Keras": 0.0, "LHRT": 0.0, "VCR": 0.0, "Tipe_Jln": 2, "MST": 0.0, "Tipe_Keras": "Beton", "Tanah_Kri": 0.0, "Macadam": 0.0, "Aspal": 0.0, "Rigid": 100.0, "Thn_Pen_Ak": 0, "Jns_Pen": null, "Koord_X_Aw": 553694.80519504007, "Koord_Y_Aw": 13773.798461550799, "Koord_X_Ak": 553359.09403950535, "Koord_Y_Ak": 13703.15390574 }, "geometry": { "type": "LineString", "coordinates": [ [ 117.482537049404655, 0.124611424388883, 0.0 ], [ 117.482075545951631, 0.124747455092727, 0.0 ], [ 117.481583070891276, 0.124891034310853, 0.0 ], [ 117.481098643503174, 0.125044647601313, 0.0 ], [ 117.481085343944002, 0.125045534391461, 0.0 ], [ 117.48107206261335, 0.125044404135344, 0.0 ], [ 117.481059099635942, 0.125041282373837, 0.0 ], [ 117.4810467479425, 0.125036239650945, 0.0 ], [ 117.481035286650197, 0.12502938991953, 0.0 ], [ 117.481024974755456, 0.125020887966214, 0.0 ], [ 117.480889971585611, 0.124895709819337, 0.0 ], [ 117.480712235912293, 0.124750183006263, 0.0 ], [ 117.480512448965982, 0.124594281111305, 0.0 ], [ 117.480384838280941, 0.124520030696352, 0.0 ], [ 117.480256659081633, 0.124468304554891, 0.0 ], [ 117.480126105200625, 0.124422995845525, 0.0 ], [ 117.480065072697016, 0.124401760527085, 0.0 ], [ 117.480047761915486, 0.124393890633923, 0.0 ], [ 117.480006220531891, 0.124375004932401, 0.0 ], [ 117.479950040152744, 0.124342952485037, 0.0 ], [ 117.479897000696099, 0.124305870840071, 0.0 ], [ 117.479847545070257, 0.124264069649196, 0.0 ], [ 117.479800419900641, 0.124214866165044, 0.0 ], [ 117.479750373906128, 0.124168678224712, 0.0 ], [ 117.479697597125039, 0.124125681216582, 0.0 ], [ 117.479642289965199, 0.12408603841211, 0.0 ], [ 117.479520186431301, 0.123972358954367, 0.0 ] ] } },
{ "type": "Feature", "properties": { "Kl_Dat_Das": "Jalan non tol", "Nm_Ruas": "Jl. Selat Banda 2 (Jl. Melati)", "Thn_Data": 2015, "Status": "Jalan Kota", "Fungsi": "Jalan Lingkungan", "Mendukung": null, "Ura_Dukung": null, "Kd_Bd_PU": null, "Kd_Jns_Inf": null, "Kd_Inf": "001 00 K 245", "Propinsi": "Kalimantan Timur", "Kab_Kota": "Bontang", "Kecamatan": "Bontang Selatan", "Desa_Kel": "Tanjung Laut", "Tk_Ruas_Aw": "Jl. Selat Banda", "Tk_Ruas_Ak": "Sp. 3 Jl. Selat Banda - Jl. Selat Bengkalis 3", "Kd_Patok": null, "Km_Awal": 0.0, "Km_Akhir": 0.0, "Nm_Lintas": "-", "Kon_Baik": 0.2869497354, "Kon_Sdg": 0.0, "Kon_Rgn": 0.0, "Kon_Rusak": 0.0, "Kon_Mntp": 0.0, "Kon_T_Mntp": 0.0, "Panjang": 0.2869497354, "Lbr_Keras": 4.0, "LHRT": 0.0, "VCR": 0.0, "Tipe_Jln": 2, "MST": 0.0, "Tipe_Keras": "Beton", "Tanah_Kri": 0.0, "Macadam": 0.0, "Aspal": 0.0, "Rigid": 100.0, "Thn_Pen_Ak": 0, "Jns_Pen": null, "Koord_X_Aw": 554815.96896743122, "Koord_Y_Aw": 13672.1793663874, "Koord_X_Ak": 554614.88808587845, "Koord_Y_Ak": 13762.740256192201 }, "geometry": { "type": "LineString", "coordinates": [ [ 117.492612304544565, 0.123691891078849, 0.0 ], [ 117.492127615649423, 0.124197869894414, 0.0 ], [ 117.491438055543483, 0.124925616195968, 0.0 ], [ 117.491341794227054, 0.125027203944517, 0.0 ], [ 117.490805319337326, 0.124511227260055, 0.0 ] ] } },
{ "type": "Feature", "properties": { "Kl_Dat_Das": "Jalan non tol", "Nm_Ruas": "Jl. Selat Bengkalis 1 (Jl. Mawar 1)", "Thn_Data": 2015, "Status": "Jalan Kota", "Fungsi": "Jalan Lingkungan", "Mendukung": null, "Ura_Dukung": null, "Kd_Bd_PU": null, "Kd_Jns_Inf": null, "Kd_Inf": "001 00 K 338", "Propinsi": "Kalimantan Timur", "Kab_Kota": "Bontang", "Kecamatan": "Bontang Selatan", "Desa_Kel": "Tanjung Laut", "Tk_Ruas_Aw": "Sp. 4 Jl. Selat Bangka - Jl. Selat Bangka 1", "Tk_Ruas_Ak": "Sp. 3", "Kd_Patok": null, "Km_Awal": 0.0, "Km_Akhir": 0.0, "Nm_Lintas": "-", "Kon_Baik": 0.1577760649, "Kon_Sdg": 0.0, "Kon_Rgn": 0.0, "Kon_Rusak": 0.0, "Kon_Mntp": 0.0, "Kon_T_Mntp": 0.0, "Panjang": 0.1577760649, "Lbr_Keras": 4.0, "LHRT": 0.0, "VCR": 0.0, "Tipe_Jln": 2, "MST": 0.0, "Tipe_Keras": "Beton", "Tanah_Kri": 0.0, "Macadam": 0.0, "Aspal": 0.0, "Rigid": 100.0, "Thn_Pen_Ak": 0, "Jns_Pen": null, "Koord_X_Aw": 554403.26039878197, "Koord_Y_Aw": 13833.065959674799, "Koord_X_Ak": 554559.20550653781, "Koord_Y_Ak": 13856.969836850199 }, "geometry": { "type": "LineString", "coordinates": [ [ 117.488903552005482, 0.12514749818323, 0.0 ], [ 117.489145261584383, 0.12518536401819, 0.0 ], [ 117.489798939194372, 0.12529303745978, 0.0 ], [ 117.490304947146768, 0.125363729742887, 0.0 ] ] } },
{ "type": "Feature", "properties": { "Kl_Dat_Das": "Jalan non tol", "Nm_Ruas": "Jl. Selat Bengkalis", "Thn_Data": 2015, "Status": "Jalan Kota", "Fungsi": "Jalan Lingkungan", "Mendukung": null, "Ura_Dukung": null, "Kd_Bd_PU": null, "Kd_Jns_Inf": null, "Kd_Inf": "001 00 K 339", "Propinsi": "Kalimantan Timur", "Kab_Kota": "Bontang", "Kecamatan": "Bontang Selatan", "Desa_Kel": "Tanjung Laut", "Tk_Ruas_Aw": "Jl. Ir. H. Juanda", "Tk_Ruas_Ak": "Jl. Selat Bengkalis 2", "Kd_Patok": null, "Km_Awal": 0.0, "Km_Akhir": 0.0, "Nm_Lintas": "-", "Kon_Baik": 0.0869911014, "Kon_Sdg": 0.0, "Kon_Rgn": 0.0, "Kon_Rusak": 0.0, "Kon_Mntp": 0.0, "Kon_T_Mntp": 0.0, "Panjang": 0.0893019398, "Lbr_Keras": 0.0, "LHRT": 0.0, "VCR": 0.0, "Tipe_Jln": 2, "MST": 0.0, "Tipe_Keras": "Beton", "Tanah_Kri": 0.0, "Macadam": 0.0, "Aspal": 0.0, "Rigid": 100.0, "Thn_Pen_Ak": 0, "Jns_Pen": null, "Koord_X_Aw": 554554.25255469978, "Koord_Y_Aw": 13896.4963348415, "Koord_X_Ak": 554566.32257238682, "Koord_Y_Ak": 13808.0138443448 }, "geometry": { "type": "LineString", "coordinates": [ [ 117.490260444413536, 0.125721326011698, 0.0 ], [ 117.490368895990855, 0.124920824667834, 0.0 ] ] } },
{ "type": "Feature", "properties": { "Kl_Dat_Das": "Jalan non tol", "Nm_Ruas": "Jl. Lumba-Lumba 2", "Thn_Data": 2015, "Status": "Jalan Kota", "Fungsi": "Jalan Lingkungan", "Mendukung": null, "Ura_Dukung": null, "Kd_Bd_PU": null, "Kd_Jns_Inf": null, "Kd_Inf": "001 00 K 163", "Propinsi": "Kalimantan Timur", "Kab_Kota": "Bontang", "Kecamatan": "Bontang Selatan", "Desa_Kel": "Tanjung Laut Indah", "Tk_Ruas_Aw": "Jl. Lumba-Lumba", "Tk_Ruas_Ak": "Buntu", "Kd_Patok": null, "Km_Awal": 0.0, "Km_Akhir": 0.0, "Nm_Lintas": "-", "Kon_Baik": 0.3160667374, "Kon_Sdg": 0.0, "Kon_Rgn": 0.0, "Kon_Rusak": 0.0, "Kon_Mntp": 0.0, "Kon_T_Mntp": 0.0, "Panjang": 0.3160667374, "Lbr_Keras": 0.0, "LHRT": 0.0, "VCR": 0.0, "Tipe_Jln": 2, "MST": 0.0, "Tipe_Keras": "Beton", "Tanah_Kri": 0.0, "Macadam": 0.0, "Aspal": 0.0, "Rigid": 100.0, "Thn_Pen_Ak": 2012, "Jns_Pen": "Peningkatan", "Koord_X_Aw": 554986.13574325852, "Koord_Y_Aw": 13597.7228041813, "Koord_X_Ak": 555044.49468686059, "Koord_Y_Ak": 13878.153832342499 }, "geometry": { "type": "LineString", "coordinates": [ [ 117.494141484435431, 0.123018255836726, 0.0 ], [ 117.493856199978495, 0.123171049819457, 0.0 ], [ 117.494004994950373, 0.123456917915992, 0.0 ], [ 117.494095391869308, 0.123652191999145, 0.0 ], [ 117.494125670638397, 0.123690874950719, 0.0 ], [ 117.494151947694533, 0.123732417105991, 0.0 ], [ 117.494173958646996, 0.123776400482027, 0.0 ], [ 117.494191482029123, 0.123822382533086, 0.0 ], [ 117.49419238097596, 0.123859719933855, 0.0 ], [ 117.494198424257576, 0.123896569432105, 0.0 ], [ 117.494209494638895, 0.12393221617536, 0.0 ], [ 117.494377121713114, 0.124540078613285, 0.0 ], [ 117.494546392902123, 0.125141262902806, 0.0 ], [ 117.494665970269367, 0.125555298222855, 0.0 ] ] } },
{ "type": "Feature", "properties": { "Kl_Dat_Das": "Jalan non tol", "Nm_Ruas": "Jl. Selat Lombok", "Thn_Data": 2015, "Status": "Jalan Kota", "Fungsi": "Jalan Lokal", "Mendukung": null, "Ura_Dukung": null, "Kd_Bd_PU": null, "Kd_Jns_Inf": null, "Kd_Inf": "001 00 K 155", "Propinsi": "Kalimantan Timur", "Kab_Kota": "Bontang", "Kecamatan": "Bontang Selatan", "Desa_Kel": "Tanjung Laut", "Tk_Ruas_Aw": "Sp. 4 Jl. Jenderal Sudirman - Jl. Ir. H. Juanda - Jl. Jenderal A. Yani", "Tk_Ruas_Ak": "Jl. Selat Bali", "Kd_Patok": null, "Km_Awal": 0.0, "Km_Akhir": 0.0, "Nm_Lintas": "-", "Kon_Baik": 0.278488487, "Kon_Sdg": 0.0, "Kon_Rgn": 0.0, "Kon_Rusak": 0.0, "Kon_Mntp": 0.0, "Kon_T_Mntp": 0.0, "Panjang": 0.278488487, "Lbr_Keras": 0.0, "LHRT": 0.0, "VCR": 0.0, "Tipe_Jln": 2, "MST": 0.0, "Tipe_Keras": "Beton", "Tanah_Kri": 0.0, "Macadam": 0.0, "Aspal": 0.0, "Rigid": 100.0, "Thn_Pen_Ak": 0, "Jns_Pen": null, "Koord_X_Aw": 553469.70966066048, "Koord_Y_Aw": 13861.044849775701, "Koord_X_Ak": 553713.67594887689, "Koord_Y_Ak": 13867.5397577323 }, "geometry": { "type": "LineString", "coordinates": [ [ 117.480514254178729, 0.12540077907147, 0.0 ], [ 117.480513306186239, 0.125474370330458, 0.0 ], [ 117.480513161298404, 0.12549160447247, 0.0 ], [ 117.480515477392686, 0.125508680775147, 0.0 ], [ 117.480520206412294, 0.125525244921856, 0.0 ], [ 117.480527250234744, 0.125540953222772, 0.0 ], [ 117.480536462707633, 0.125555479745975, 0.0 ], [ 117.480722528729657, 0.125790158609857, 0.0 ], [ 117.480742302803165, 0.125815752726738, 0.0 ], [ 117.480746192730308, 0.125821171402798, 0.0 ], [ 117.480877495473777, 0.125813812653702, 0.0 ], [ 117.481100951344757, 0.125794076591554, 0.0 ], [ 117.481323668389933, 0.125767176602981, 0.0 ], [ 117.481545420057913, 0.125733140051873, 0.0 ], [ 117.481674523674201, 0.125718174641611, 0.0 ], [ 117.481804183364403, 0.125709335751711, 0.0 ], [ 117.481934112436846, 0.12570664292547, 0.0 ], [ 117.482018679660271, 0.125692508595222, 0.0 ], [ 117.48210243055145, 0.125674095550021, 0.0 ], [ 117.482185151655727, 0.125651450719109, 0.0 ], [ 117.48226663214318, 0.125624631817117, 0.0 ], [ 117.482706645935011, 0.125459497832498, 0.0 ] ] } },
{ "type": "Feature", "properties": { "Kl_Dat_Das": "Jalan non tol", "Nm_Ruas": "Jl. Pongtiku", "Thn_Data": 2015, "Status": "Jalan Kota", "Fungsi": "Jalan Lokal", "Mendukung": null, "Ura_Dukung": null, "Kd_Bd_PU": null, "Kd_Jns_Inf": null, "Kd_Inf": "001 00 K 029", "Propinsi": "Kalimantan Timur", "Kab_Kota": "Bontang", "Kecamatan": "Bontang Barat", "Desa_Kel": "Kanaan", "Tk_Ruas_Aw": "Sp. 3 Jl. Asmawarman û Jl. Damai", "Tk_Ruas_Ak": "Jl. Ir. Soekarno Hatta", "Kd_Patok": null, "Km_Awal": 0.0, "Km_Akhir": 0.0, "Nm_Lintas": "-", "Kon_Baik": 0.633, "Kon_Sdg": 0.641, "Kon_Rgn": 0.0, "Kon_Rusak": 0.0, "Kon_Mntp": 0.0, "Kon_T_Mntp": 0.0, "Panjang": 1.2742984548, "Lbr_Keras": 4.0, "LHRT": 0.0, "VCR": 0.0, "Tipe_Jln": 2, "MST": 0.0, "Tipe_Keras": "Beton", "Tanah_Kri": 0.0, "Macadam": 0.0, "Aspal": 0.0, "Rigid": 100.0, "Thn_Pen_Ak": 0, "Jns_Pen": null, "Koord_X_Aw": 117.4545845395, "Koord_Y_Aw": 0.1302514993, "Koord_X_Ak": 117.44573407750001, "Koord_Y_Ak": 0.1262833855 }, "geometry": { "type": "LineString", "coordinates": [ [ 117.44573407753235, 0.126283385492147, 0.0 ], [ 117.445750102603995, 0.126269391541092, 0.0 ], [ 117.445797488880146, 0.126236409614472, 0.0 ], [ 117.445848174493207, 0.126208844043199, 0.0 ], [ 117.445901551122134, 0.126187025664896, 0.0 ], [ 117.445956978148843, 0.126171216340253, 0.0 ], [ 117.446046691444764, 0.126149619538782, 0.0 ], [ 117.446137455092739, 0.12613305770086, 0.0 ], [ 117.44622899050907, 0.126121581659923, 0.0 ], [ 117.446657267919733, 0.126084446309338, 0.0 ], [ 117.447167751564777, 0.126048498789425, 0.0 ], [ 117.447229224274906, 0.126045784522397, 0.0 ], [ 117.44773767997178, 0.126023334156503, 0.0 ], [ 117.448212358457752, 0.126010151394726, 0.0 ], [ 117.448409352022637, 0.126004280666714, 0.0 ], [ 117.448606075316505, 0.125992351200911, 0.0 ], [ 117.448802344525333, 0.125974374144485, 0.0 ], [ 117.449327700352271, 0.125910945345317, 0.0 ], [ 117.449500826515376, 0.125890647965951, 0.0 ], [ 117.449575746672281, 0.125882115756123, 0.0 ], [ 117.449651129263131, 0.125880581573037, 0.0 ], [ 117.449726330728922, 0.125886058514097, 0.0 ], [ 117.449758698810058, 0.12589147274228, 0.0 ], [ 117.449800709056973, 0.1258984998212, 0.0 ], [ 117.449873629261958, 0.125917799279759, 0.0 ], [ 117.449944468806919, 0.125943792125527, 0.0 ], [ 117.450415982115501, 0.126161398223254, 0.0 ], [ 117.450495321289708, 0.12619442051196, 0.0 ], [ 117.450535032424426, 0.126214943889139, 0.0 ], [ 117.450571697550089, 0.126233893037832, 0.0 ], [ 117.450644594552031, 0.126279548945169, 0.0 ], [ 117.450713519472615, 0.126331079575305, 0.0 ], [ 117.450778006342304, 0.12638813655318, 0.0 ], [ 117.450817344557322, 0.126437619186618, 0.0 ], [ 117.450852907354474, 0.126489917720523, 0.0 ], [ 117.450884496636448, 0.12654474083433, 0.0 ], [ 117.450911936440065, 0.126601783144315, 0.0 ], [ 117.450935073915815, 0.126660726905304, 0.0 ], [ 117.450949107082081, 0.126700840390479, 0.0 ], [ 117.451025973272223, 0.12692056062431, 0.0 ], [ 117.451127808349014, 0.127211653806688, 0.0 ], [ 117.451470356907251, 0.128313067257181, 0.0 ], [ 117.451488892156434, 0.12835851338015, 0.0 ], [ 117.451512521151741, 0.128401497941794, 0.0 ], [ 117.45154092712032, 0.128441444686546, 0.0 ], [ 117.451573729248707, 0.128477818084159, 0.0 ], [ 117.451610487788088, 0.128510130509029, 0.0 ], [ 117.451640735186274, 0.128539182050418, 0.0 ], [ 117.451666602276035, 0.128572244322293, 0.0 ], [ 117.451684481201369, 0.128603290259463, 0.0 ], [ 117.451687570151037, 0.128608654079454, 0.0 ], [ 117.451703218185528, 0.128647680924414, 0.0 ], [ 117.451713232472386, 0.128688541959749, 0.0 ], [ 117.451829281230545, 0.129433489785811, 0.0 ], [ 117.451842456172329, 0.129511434710024, 0.0 ], [ 117.451867037218193, 0.129567653770553, 0.0 ], [ 117.451897753732851, 0.129620726546477, 0.0 ], [ 117.451934214516115, 0.129669977112357, 0.0 ], [ 117.451975955209804, 0.129714778221719, 0.0 ], [ 117.452007194876145, 0.129730770550593, 0.0 ], [ 117.452010541671399, 0.129732483854752, 0.0 ], [ 117.452047555727404, 0.129744202325428, 0.0 ], [ 117.45208598295595, 0.129749612472676, 0.0 ], [ 117.45219402017652, 0.129748103651475, 0.0 ], [ 117.45230202034557, 0.12975132683588, 0.0 ], [ 117.452409779063743, 0.129759275925629, 0.0 ], [ 117.452575038934185, 0.129773610259038, 0.0 ], [ 117.452739667128199, 0.129794022792875, 0.0 ], [ 117.452903443148415, 0.129820486186939, 0.0 ], [ 117.453066147638793, 0.129852964996522, 0.0 ], [ 117.453114583647832, 0.129862166013429, 0.0 ], [ 117.453328492277379, 0.12990280059214, 0.0 ], [ 117.453589481984068, 0.129959389020187, 0.0 ], [ 117.453848945286921, 0.130022693100956, 0.0 ], [ 117.454106711716861, 0.130092671242491, 0.0 ], [ 117.45443224937334, 0.130203824801704, 0.0 ], [ 117.454584539534181, 0.130251499343432, 0.0 ] ] } },
{ "type": "Feature", "properties": { "Kl_Dat_Das": "Jalan non tol", "Nm_Ruas": "Jl. Jenderal A. Yani", "Thn_Data": 2015, "Status": "Jalan Kota", "Fungsi": "Jalan Arteri Primer", "Mendukung": null, "Ura_Dukung": null, "Kd_Bd_PU": null, "Kd_Jns_Inf": null, "Kd_Inf": "001 00 K 007", "Propinsi": "Kalimantan Timur", "Kab_Kota": "Bontang", "Kecamatan": "Bontang Utara", "Desa_Kel": "Bontang Baru", "Tk_Ruas_Aw": "Sp. 4  Jl. Letjen. R. Suprapto - Jl. P. Suryanata û Jl. Mayjen. DI. Panjaitan", "Tk_Ruas_Ak": "Sp. 3 Jl. Ir. H. Juanda û Jl. Jenderal Sudirman", "Kd_Patok": null, "Km_Awal": 0.0, "Km_Akhir": 0.0, "Nm_Lintas": "-", "Kon_Baik": 1.5347430382, "Kon_Sdg": 0.0, "Kon_Rgn": 0.0, "Kon_Rusak": 0.0, "Kon_Mntp": 0.0, "Kon_T_Mntp": 0.0, "Panjang": 1.5347430382, "Lbr_Keras": 14.0, "LHRT": 0.0, "VCR": 0.0, "Tipe_Jln": 4, "MST": 0.0, "Tipe_Keras": "Aspal", "Tanah_Kri": 0.0, "Macadam": 0.0, "Aspal": 100.0, "Rigid": 0.0, "Thn_Pen_Ak": 2018, "Jns_Pen": "Rehabilitasi / Pemeliharaan", "Koord_X_Aw": 117.49182213740001, "Koord_Y_Aw": 0.1342949365, "Koord_X_Ak": 117.4827174079, "Koord_Y_Ak": 0.125505499 }, "geometry": { "type": "LineString", "coordinates": [ [ 117.491822137351718, 0.134294936504089, 0.0 ], [ 117.491815159078826, 0.134275267686709, 0.0 ], [ 117.491644899304035, 0.133801534866059, 0.0 ], [ 117.491509382202281, 0.133418597578175, 0.0 ], [ 117.491342965127245, 0.132968665318988, 0.0 ], [ 117.49129420717739, 0.132836978050629, 0.0 ], [ 117.491280670153373, 0.13279961297772, 0.0 ], [ 117.491261723209732, 0.132765822460527, 0.0 ], [ 117.491237545594103, 0.132735603605939, 0.0 ], [ 117.491208787441735, 0.132709768998003, 0.0 ], [ 117.491191057027166, 0.132698468451633, 0.0 ], [ 117.4911762220584, 0.132689013328482, 0.0 ], [ 117.491140748402117, 0.132673904630362, 0.0 ], [ 117.491073193491246, 0.132657866120743, 0.0 ], [ 117.491004087998888, 0.132647229578841, 0.0 ], [ 117.490933650256594, 0.132642127095077, 0.0 ], [ 117.49073575067365, 0.132618395788312, 0.0 ], [ 117.49058837905261, 0.132599254980689, 0.0 ], [ 117.490213953087249, 0.132557379384661, 0.0 ], [ 117.489999734399106, 0.132531808431264, 0.0 ], [ 117.48984316956286, 0.132513119527214, 0.0 ], [ 117.489712097257595, 0.132501647781019, 0.0 ], [ 117.489607810987295, 0.132490399914107, 0.0 ], [ 117.489284919131975, 0.132455574188552, 0.0 ], [ 117.489181569855418, 0.132444427379185, 0.0 ], [ 117.488825891932137, 0.132400124384638, 0.0 ], [ 117.488568843914649, 0.13236251780489, 0.0 ], [ 117.488361100318158, 0.13233212454606, 0.0 ], [ 117.488169090326238, 0.132299592222019, 0.0 ], [ 117.488110570124761, 0.132290059188807, 0.0 ], [ 117.488051143228233, 0.132280378453301, 0.0 ], [ 117.487934257486714, 0.132256473961767, 0.0 ], [ 117.487850965582098, 0.132235917212774, 0.0 ], [ 117.487818414621955, 0.132227883515695, 0.0 ], [ 117.487703799910662, 0.132194652841794, 0.0 ], [ 117.487590728453711, 0.132156879114623, 0.0 ], [ 117.487200475676417, 0.131994797540519, 0.0 ], [ 117.487067923853346, 0.131939745504728, 0.0 ], [ 117.486974681363776, 0.131890567049395, 0.0 ], [ 117.486879727412855, 0.131845008201193, 0.0 ], [ 117.486804083510705, 0.131797983237758, 0.0 ], [ 117.486732187405508, 0.131745099773174, 0.0 ], [ 117.486664591473001, 0.131686750736672, 0.0 ], [ 117.486649236281608, 0.131671255197608, 0.0 ], [ 117.486601545316802, 0.131623128333001, 0.0 ], [ 117.486313375185759, 0.131315794504193, 0.0 ], [ 117.486010572685274, 0.130960638273783, 0.0 ], [ 117.485903021375876, 0.130813651548855, 0.0 ], [ 117.485539577898095, 0.130316945615209, 0.0 ], [ 117.485491497165881, 0.130250941947661, 0.0 ], [ 117.485257020466861, 0.129929059925399, 0.0 ], [ 117.485211944691216, 0.129863247407095, 0.0 ], [ 117.485041896890394, 0.129614970487302, 0.0 ], [ 117.484998192244291, 0.129561390371535, 0.0 ], [ 117.484981333575476, 0.12953792127392, 0.0 ], [ 117.484958219199058, 0.129505743551751, 0.0 ], [ 117.484921714018839, 0.129447731740286, 0.0 ], [ 117.484888712899235, 0.129387388170951, 0.0 ], [ 117.484853092822803, 0.129319940242613, 0.0 ], [ 117.484729129520048, 0.129085211141344, 0.0 ], [ 117.484678637961807, 0.128991410924841, 0.0 ], [ 117.484657746417014, 0.128952599853258, 0.0 ], [ 117.484591874145053, 0.128817373880896, 0.0 ], [ 117.48453151753759, 0.128679563457886, 0.0 ], [ 117.484476718175102, 0.12853924737696, 0.0 ], [ 117.484391211065486, 0.128316878384985, 0.0 ], [ 117.484307105389419, 0.128111666724142, 0.0 ], [ 117.484274545750466, 0.128045727583532, 0.0 ], [ 117.484256988773566, 0.128010171538298, 0.0 ], [ 117.484201709011103, 0.127911522767135, 0.0 ], [ 117.484141381871297, 0.127815918478798, 0.0 ], [ 117.48413041519359, 0.127800396114354, 0.0 ], [ 117.484075992413466, 0.127723365470673, 0.0 ], [ 117.483979360980157, 0.127616719128796, 0.0 ], [ 117.483883687448994, 0.127511129961786, 0.0 ], [ 117.483818011196831, 0.127442502994152, 0.0 ], [ 117.483657017168682, 0.127274275786768, 0.0 ], [ 117.483608405998041, 0.127223480599262, 0.0 ], [ 117.483545796454337, 0.127158058114119, 0.0 ], [ 117.483448871842896, 0.127055484805745, 0.0 ], [ 117.483357246069914, 0.126948347068835, 0.0 ], [ 117.483270997935264, 0.126836750348593, 0.0 ], [ 117.483204974858978, 0.126742891471535, 0.0 ], [ 117.483143356315566, 0.126646052391461, 0.0 ], [ 117.48308627157661, 0.126546436825672, 0.0 ], [ 117.483050996114628, 0.126477688042045, 0.0 ], [ 117.48303384383324, 0.126444259748193, 0.0 ], [ 117.482986120053312, 0.126339596536269, 0.0 ], [ 117.482934483259015, 0.126222933352307, 0.0 ], [ 117.48288792107104, 0.126104279845849, 0.0 ], [ 117.482846461210102, 0.12598372345278, 0.0 ], [ 117.482810149380185, 0.125861382891376, 0.0 ], [ 117.482750210565541, 0.125644452327654, 0.0 ], [ 117.482717407925577, 0.125505499014172, 0.0 ] ] } },
{ "type": "Feature", "properties": { "Kl_Dat_Das": "Jalan non tol", "Nm_Ruas": "Jl. Ternate KCY", "Thn_Data": 2015, "Status": "Jalan Kota", "Fungsi": "Jalan Lingkungan", "Mendukung": null, "Ura_Dukung": null, "Kd_Bd_PU": null, "Kd_Jns_Inf": null, "Kd_Inf": "001 00 K 183", "Propinsi": "Kalimantan Timur", "Kab_Kota": "Bontang", "Kecamatan": "Bontang Utara", "Desa_Kel": "Api-api", "Tk_Ruas_Aw": "Jl. Kalimantan KCY", "Tk_Ruas_Ak": "Jl. Sulawesi KCY", "Kd_Patok": null, "Km_Awal": 0.0, "Km_Akhir": 0.0, "Nm_Lintas": "-", "Kon_Baik": 0.2681740071, "Kon_Sdg": 0.0, "Kon_Rgn": 0.0, "Kon_Rusak": 0.0, "Kon_Mntp": 0.0, "Kon_T_Mntp": 0.0, "Panjang": 0.2681740071, "Lbr_Keras": 4.0, "LHRT": 0.0, "VCR": 0.0, "Tipe_Jln": 2, "MST": 0.0, "Tipe_Keras": "Beton", "Tanah_Kri": 0.0, "Macadam": 0.0, "Aspal": 0.0, "Rigid": 100.0, "Thn_Pen_Ak": 0, "Jns_Pen": null, "Koord_X_Aw": 554490.26383668277, "Koord_Y_Aw": 13975.430196112, "Koord_X_Ak": 554483.7455811156, "Koord_Y_Ak": 14183.137731386299 }, "geometry": { "type": "LineString", "coordinates": [ [ 117.489685427093278, 0.12643544998652, 0.0 ], [ 117.489460874468804, 0.126564892627578, 0.0 ], [ 117.48944736931746, 0.126573005895997, 0.0 ], [ 117.48917225257874, 0.126738283271403, 0.0 ], [ 117.488977358684053, 0.126856789523727, 0.0 ], [ 117.489000068881921, 0.126898299058216, 0.0 ], [ 117.489028248608605, 0.126959033606119, 0.0 ], [ 117.489103624852447, 0.127126227347401, 0.0 ], [ 117.489196432776083, 0.1273320866711, 0.0 ], [ 117.489235502269423, 0.127424558688099, 0.0 ], [ 117.489383273221989, 0.127774311791222, 0.0 ], [ 117.489487865098894, 0.128013873095685, 0.0 ], [ 117.489538991573852, 0.128130975152949, 0.0 ], [ 117.489626886649276, 0.128314577155755, 0.0 ] ] } },
{ "type": "Feature", "properties": { "Kl_Dat_Das": "Jalan non tol", "Nm_Ruas": "Jl. Jawa KCY", "Thn_Data": 2015, "Status": "Jalan Kota", "Fungsi": "Jalan Lingkungan", "Mendukung": null, "Ura_Dukung": null, "Kd_Bd_PU": null, "Kd_Jns_Inf": null, "Kd_Inf": "001 00 K 181", "Propinsi": "Kalimantan Timur", "Kab_Kota": "Bontang", "Kecamatan": "Bontang Utara", "Desa_Kel": "Api-api", "Tk_Ruas_Aw": "Sp. 4 Jl. Madura KCY - Jl. Bintan KCY", "Tk_Ruas_Ak": "Jl. Selat Bangka 3", "Kd_Patok": null, "Km_Awal": 0.0, "Km_Akhir": 0.0, "Nm_Lintas": "-", "Kon_Baik": 0.1734933993, "Kon_Sdg": 0.0, "Kon_Rgn": 0.0, "Kon_Rusak": 0.0, "Kon_Mntp": 0.0, "Kon_T_Mntp": 0.0, "Panjang": 0.1734933993, "Lbr_Keras": 0.0, "LHRT": 0.0, "VCR": 0.0, "Tipe_Jln": 2, "MST": 0.0, "Tipe_Keras": "Beton", "Tanah_Kri": 0.0, "Macadam": 0.0, "Aspal": 0.0, "Rigid": 100.0, "Thn_Pen_Ak": 0, "Jns_Pen": null, "Koord_X_Aw": 554313.67275942955, "Koord_Y_Aw": 14062.998526522901, "Koord_X_Ak": 554375.59201158211, "Koord_Y_Ak": 13922.6230386514 }, "geometry": { "type": "LineString", "coordinates": [ [ 117.488098516827847, 0.127227709243987, 0.0 ], [ 117.48833904804502, 0.127084914215534, 0.0 ], [ 117.488341900778252, 0.127060019831497, 0.0 ], [ 117.48834698259806, 0.127002671882443, 0.0 ], [ 117.48835027751781, 0.126993237525593, 0.0 ], [ 117.488370016340909, 0.126952633560233, 0.0 ], [ 117.48839432972099, 0.126914627794076, 0.0 ], [ 117.488546605575465, 0.126727784112533, 0.0 ], [ 117.488588796234112, 0.126667579213149, 0.0 ], [ 117.488651647288478, 0.126567738768917, 0.0 ], [ 117.488696701762379, 0.126483177634586, 0.0 ], [ 117.488776134572063, 0.126348680320713, 0.0 ], [ 117.488782031550329, 0.126339082060327, 0.0 ], [ 117.488786232595743, 0.126328618614389, 0.0 ], [ 117.488788616872128, 0.126317590946665, 0.0 ], [ 117.48878911579979, 0.126306316249788, 0.0 ], [ 117.488787715027811, 0.126295118821731, 0.0 ], [ 117.488784454847149, 0.126284320738042, 0.0 ], [ 117.488779429031482, 0.126274232587719, 0.0 ], [ 117.488654926755459, 0.125957724129374, 0.0 ] ] } },
{ "type": "Feature", "properties": { "Kl_Dat_Das": "Jalan non tol", "Nm_Ruas": "Jl. Mentawai KCY", "Thn_Data": 2015, "Status": "Jalan Kota", "Fungsi": "Jalan Lingkungan", "Mendukung": null, "Ura_Dukung": null, "Kd_Bd_PU": null, "Kd_Jns_Inf": null, "Kd_Inf": "001 00 K 182", "Propinsi": "Kalimantan Timur", "Kab_Kota": "Bontang", "Kecamatan": "Bontang Utara", "Desa_Kel": "Api-api", "Tk_Ruas_Aw": "Jl. Jawa KCY", "Tk_Ruas_Ak": "Jl. Karimun KCY", "Kd_Patok": null, "Km_Awal": 0.0, "Km_Akhir": 0.0, "Nm_Lintas": "-", "Kon_Baik": 0.0712878789, "Kon_Sdg": 0.0, "Kon_Rgn": 0.0, "Kon_Rusak": 0.0, "Kon_Mntp": 0.0, "Kon_T_Mntp": 0.0, "Panjang": 0.0712878789, "Lbr_Keras": 4.0, "LHRT": 0.0, "VCR": 0.0, "Tipe_Jln": 2, "MST": 0.0, "Tipe_Keras": "Beton", "Tanah_Kri": 0.0, "Macadam": 0.0, "Aspal": 0.0, "Rigid": 100.0, "Thn_Pen_Ak": 0, "Jns_Pen": null, "Koord_X_Aw": 554343.9270041358, "Koord_Y_Aw": 13935.2371317833, "Koord_X_Ak": 554368.23161343078, "Koord_Y_Ak": 14001.0860916783 }, "geometry": { "type": "LineString", "coordinates": [ [ 117.48837037318269, 0.126071848977448, 0.0 ], [ 117.488364653964808, 0.126101343026397, 0.0 ], [ 117.488363411452667, 0.126139337992305, 0.0 ], [ 117.488368193178317, 0.126177047515282, 0.0 ], [ 117.488378877170007, 0.12621350970458, 0.0 ], [ 117.488395190901514, 0.126247794486428, 0.0 ], [ 117.488588796234112, 0.126667579213146, 0.0 ] ] } },
{ "type": "Feature", "properties": { "Kl_Dat_Das": "Jalan non tol", "Nm_Ruas": "Jl. Halmahera KCY", "Thn_Data": 2015, "Status": "Jalan Kota", "Fungsi": "Jalan Lingkungan", "Mendukung": null, "Ura_Dukung": null, "Kd_Bd_PU": null, "Kd_Jns_Inf": null, "Kd_Inf": "001 00 K 186", "Propinsi": "Kalimantan Timur", "Kab_Kota": "Bontang", "Kecamatan": "Bontang Utara", "Desa_Kel": "Api-api", "Tk_Ruas_Aw": "Jl. Sulawesi KCY", "Tk_Ruas_Ak": "Jl. Ternate KCY", "Kd_Patok": null, "Km_Awal": 0.0, "Km_Akhir": 0.0, "Nm_Lintas": "-", "Kon_Baik": 0.1843398527, "Kon_Sdg": 0.0, "Kon_Rgn": 0.0, "Kon_Rusak": 0.0, "Kon_Mntp": 0.0, "Kon_T_Mntp": 0.0, "Panjang": 0.1843398527, "Lbr_Keras": 4.0, "LHRT": 0.0, "VCR": 0.0, "Tipe_Jln": 2, "MST": 0.0, "Tipe_Keras": "Beton", "Tanah_Kri": 0.0, "Macadam": 0.0, "Aspal": 0.0, "Rigid": 100.0, "Thn_Pen_Ak": 0, "Jns_Pen": null, "Koord_X_Aw": 554541.02434373368, "Koord_Y_Aw": 14157.9900387041, "Koord_X_Ak": 554463.77277023345, "Koord_Y_Ak": 13990.634316867199 }, "geometry": { "type": "LineString", "coordinates": [ [ 117.490141614442877, 0.128087056561103, 0.0 ], [ 117.490013405095468, 0.12782066267671, 0.0 ], [ 117.489996585039577, 0.127783493739838, 0.0 ], [ 117.489818300205826, 0.127389520113181, 0.0 ], [ 117.489732551430066, 0.127198110263974, 0.0 ], [ 117.489708878603793, 0.127145267382732, 0.0 ], [ 117.489601800987501, 0.126902497695659, 0.0 ], [ 117.48957226169459, 0.126835525291018, 0.0 ], [ 117.48944736931746, 0.126573005895997, 0.0 ] ] } },
{ "type": "Feature", "properties": { "Kl_Dat_Das": "Jalan non tol", "Nm_Ruas": "Jl. HM. Ardans", "Thn_Data": 2015, "Status": "Jalan Kota", "Fungsi": "Jalan Kolektor", "Mendukung": null, "Ura_Dukung": null, "Kd_Bd_PU": null, "Kd_Jns_Inf": null, "Kd_Inf": "001 00 K 031", "Propinsi": "Kalimantan Timur", "Kab_Kota": "Bontang", "Kecamatan": "Bontang Selatan", "Desa_Kel": "Satimpo", "Tk_Ruas_Aw": "Sp. 4 Jl. Imam Bonjol û Jl Selat Lombok", "Tk_Ruas_Ak": "Hop II û Perum. Badak", "Kd_Patok": null, "Km_Awal": 0.0, "Km_Akhir": 0.0, "Nm_Lintas": "-", "Kon_Baik": 0.9481098169, "Kon_Sdg": 0.0, "Kon_Rgn": 0.0, "Kon_Rusak": 0.0, "Kon_Mntp": 0.0, "Kon_T_Mntp": 0.0, "Panjang": 1.2126563358, "Lbr_Keras": 4.8, "LHRT": 0.0, "VCR": 0.0, "Tipe_Jln": 2, "MST": 0.0, "Tipe_Keras": "Beton", "Tanah_Kri": 0.0, "Macadam": 0.0, "Aspal": 0.0, "Rigid": 100.0, "Thn_Pen_Ak": 0, "Jns_Pen": null, "Koord_X_Aw": 117.4806415021, "Koord_Y_Aw": 0.1285986602, "Koord_X_Ak": 117.4701997494, "Koord_Y_Ak": 0.1270616901 }, "geometry": { "type": "LineString", "coordinates": [ [ 117.470199749391142, 0.127061690078982, 0.0 ], [ 117.470391971005398, 0.127234318692368, 0.0 ], [ 117.470611907430012, 0.127324078096796, 0.0 ], [ 117.470784289187861, 0.127348011845831, 0.0 ], [ 117.471045832279771, 0.127294148973736, 0.0 ], [ 117.47152730969529, 0.127216345142456, 0.0 ], [ 117.471860200232584, 0.127210307835706, 0.0 ], [ 117.472155152301312, 0.12719919791507, 0.0 ], [ 117.472452361540164, 0.127206373512715, 0.0 ], [ 117.472877083394522, 0.127346187805275, 0.0 ], [ 117.47297406194005, 0.127369827389166, 0.0 ], [ 117.473539153716743, 0.12741601855915, 0.0 ], [ 117.473828999954776, 0.12742560090691, 0.0 ], [ 117.473932804834803, 0.127421595078091, 0.0 ], [ 117.473972382050647, 0.127417558698427, 0.0 ], [ 117.474036156964573, 0.127411054456951, 0.0 ], [ 117.474103634207097, 0.127399840019592, 0.0 ], [ 117.474138650849142, 0.127394020399144, 0.0 ], [ 117.474238084159907, 0.127370976929764, 0.0 ], [ 117.47423988436077, 0.127370559736858, 0.0 ], [ 117.474399875631377, 0.1273214039633, 0.0 ], [ 117.474558374842573, 0.12726757163241, 0.0 ], [ 117.474618645211223, 0.127245110102958, 0.0 ], [ 117.474715247153355, 0.127209108541698, 0.0 ], [ 117.475042348475682, 0.127081674860843, 0.0 ], [ 117.475104568837722, 0.127054649575644, 0.0 ], [ 117.475168815171784, 0.127032954321459, 0.0 ], [ 117.475234637881343, 0.127016740921665, 0.0 ], [ 117.475301576338325, 0.127006122837696, 0.0 ], [ 117.475369162106801, 0.127001174374835, 0.0 ], [ 117.475436922220879, 0.127001930162312, 0.0 ], [ 117.475555505355558, 0.127012453025245, 0.0 ], [ 117.475673272465045, 0.127029951749973, 0.0 ], [ 117.475679931931992, 0.127032238360974, 0.0 ], [ 117.476411727276854, 0.127283509391639, 0.0 ], [ 117.476465715082284, 0.127303788665643, 0.0 ], [ 117.476698561328334, 0.127391251984294, 0.0 ], [ 117.476774953252786, 0.127415585816193, 0.0 ], [ 117.4768526126594, 0.127435441247952, 0.0 ], [ 117.476931280741809, 0.127450752109995, 0.0 ], [ 117.477010695332183, 0.127461467377735, 0.0 ], [ 117.47709059177491, 0.127467551341851, 0.0 ], [ 117.477133712020247, 0.127469667570801, 0.0 ], [ 117.477176462794858, 0.127475720186567, 0.0 ], [ 117.47721849028494, 0.127485659096323, 0.0 ], [ 117.477394695105687, 0.127528075423478, 0.0 ], [ 117.477737630237442, 0.127661481500923, 0.0 ], [ 117.478041568084606, 0.127779717132961, 0.0 ], [ 117.478112141338997, 0.127809510195737, 0.0 ], [ 117.478159634264145, 0.127829559712864, 0.0 ], [ 117.478205097223594, 0.127846537106782, 0.0 ], [ 117.47826719534406, 0.127869726627475, 0.0 ], [ 117.478376558285674, 0.127904615440936, 0.0 ], [ 117.478487467710195, 0.127934144682997, 0.0 ], [ 117.478531391792927, 0.12794357989628, 0.0 ], [ 117.478599664627666, 0.127958245398704, 0.0 ], [ 117.478656625130697, 0.127969698064019, 0.0 ], [ 117.479156639609684, 0.128070232602743, 0.0 ], [ 117.479323631375379, 0.128103808506618, 0.0 ], [ 117.479509579494021, 0.128142009111242, 0.0 ], [ 117.479613469179256, 0.128160996794923, 0.0 ], [ 117.479685999213288, 0.128176887821638, 0.0 ], [ 117.479716642001648, 0.12818360152816, 0.0 ], [ 117.479818973747797, 0.128209796096143, 0.0 ], [ 117.479931050482577, 0.12825213388243, 0.0 ], [ 117.480041222228408, 0.128299267653816, 0.0 ], [ 117.480641502071208, 0.128598660175392, 0.0 ] ] } },
{ "type": "Feature", "properties": { "Kl_Dat_Das": "Jalan non tol", "Nm_Ruas": "Jl. Madura KCY", "Thn_Data": 2015, "Status": "Jalan Kota", "Fungsi": "Jalan Lingkungan", "Mendukung": null, "Ura_Dukung": null, "Kd_Bd_PU": null, "Kd_Jns_Inf": null, "Kd_Inf": "001 00 K 178", "Propinsi": "Kalimantan Timur", "Kab_Kota": "Bontang", "Kecamatan": "Bontang Utara", "Desa_Kel": "Api-api", "Tk_Ruas_Aw": "Jl. Sulawesi KCY", "Tk_Ruas_Ak": "Buntu", "Kd_Patok": null, "Km_Awal": 0.0, "Km_Akhir": 0.0, "Nm_Lintas": "-", "Kon_Baik": 0.2316215486, "Kon_Sdg": 0.0, "Kon_Rgn": 0.0, "Kon_Rusak": 0.0, "Kon_Mntp": 0.0, "Kon_T_Mntp": 0.0, "Panjang": 0.2316215486, "Lbr_Keras": 0.0, "LHRT": 0.0, "VCR": 0.0, "Tipe_Jln": 2, "MST": 0.0, "Tipe_Keras": "Beton", "Tanah_Kri": 0.0, "Macadam": 0.0, "Aspal": 0.0, "Rigid": 100.0, "Thn_Pen_Ak": 2018, "Jns_Pen": "Peningkatan", "Koord_X_Aw": 554385.77263499703, "Koord_Y_Aw": 14226.269066577799, "Koord_X_Ak": 554289.80287318863, "Koord_Y_Ak": 14015.696232272299 }, "geometry": { "type": "LineString", "coordinates": [ [ 117.488746466046621, 0.12870480251107, 0.0 ], [ 117.488613171544898, 0.128408774587179, 0.0 ], [ 117.488575981064486, 0.128326179869658, 0.0 ], [ 117.488369005616235, 0.127864915610428, 0.0 ], [ 117.488351204792679, 0.127822751374733, 0.0 ], [ 117.488223592271567, 0.12752047969259, 0.0 ], [ 117.488126461598981, 0.127290409356129, 0.0 ], [ 117.488095428910356, 0.127220780836026, 0.0 ], [ 117.487980064136821, 0.126954879284063, 0.0 ], [ 117.487961279900716, 0.12691945309276, 0.0 ], [ 117.487884003469674, 0.126799770274492, 0.0 ] ] } },
{ "type": "Feature", "properties": { "Kl_Dat_Das": "Jalan non tol", "Nm_Ruas": "Jl. Merauke KCY", "Thn_Data": 2015, "Status": "Jalan Kota", "Fungsi": "Jalan Lingkungan", "Mendukung": null, "Ura_Dukung": null, "Kd_Bd_PU": null, "Kd_Jns_Inf": null, "Kd_Inf": "001 00 K 306", "Propinsi": "Kalimantan Timur", "Kab_Kota": "Bontang", "Kecamatan": "Bontang Utara", "Desa_Kel": "Api-api", "Tk_Ruas_Aw": "Jl. Madura KCY", "Tk_Ruas_Ak": "Buntu", "Kd_Patok": null, "Km_Awal": 0.0, "Km_Akhir": 0.0, "Nm_Lintas": "-", "Kon_Baik": 0.0362324649, "Kon_Sdg": 0.0, "Kon_Rgn": 0.0, "Kon_Rusak": 0.0, "Kon_Mntp": 0.0, "Kon_T_Mntp": 0.0, "Panjang": 0.0362324649, "Lbr_Keras": 0.0, "LHRT": 0.0, "VCR": 0.0, "Tipe_Jln": 2, "MST": 0.0, "Tipe_Keras": "Beton", "Tanah_Kri": 0.0, "Macadam": 0.0, "Aspal": 0.0, "Rigid": 100.0, "Thn_Pen_Ak": 0, "Jns_Pen": null, "Koord_X_Aw": 554327.59038623911, "Koord_Y_Aw": 14095.3599053988, "Koord_X_Ak": 554294.62728288618, "Koord_Y_Ak": 14110.400694226601 }, "geometry": { "type": "LineString", "coordinates": [ [ 117.488223592271538, 0.127520479692602, 0.0 ], [ 117.487927373838474, 0.127656559107169, 0.0 ] ] } },
{ "type": "Feature", "properties": { "Kl_Dat_Das": "Jalan non tol", "Nm_Ruas": "Jl. Sulawesi KCY", "Thn_Data": 2015, "Status": "Jalan Kota", "Fungsi": "Jalan Lingkungan", "Mendukung": null, "Ura_Dukung": null, "Kd_Bd_PU": null, "Kd_Jns_Inf": null, "Kd_Inf": "001 00 K 177", "Propinsi": "Kalimantan Timur", "Kab_Kota": "Bontang", "Kecamatan": "Bontang Utara", "Desa_Kel": "Api-api", "Tk_Ruas_Aw": "Jl. Kalimantan KCY", "Tk_Ruas_Ak": "Buntu", "Kd_Patok": null, "Km_Awal": 0.0, "Km_Akhir": 0.0, "Nm_Lintas": "-", "Kon_Baik": 0.3307975422, "Kon_Sdg": 0.0, "Kon_Rgn": 0.0, "Kon_Rusak": 0.0, "Kon_Mntp": 0.0, "Kon_T_Mntp": 0.0, "Panjang": 0.3307975422, "Lbr_Keras": 0.0, "LHRT": 0.0, "VCR": 0.0, "Tipe_Jln": 2, "MST": 0.0, "Tipe_Keras": "Beton", "Tanah_Kri": 0.0, "Macadam": 0.0, "Aspal": 0.0, "Rigid": 100.0, "Thn_Pen_Ak": 0, "Jns_Pen": null, "Koord_X_Aw": 554574.77662497573, "Koord_Y_Aw": 14143.6835162062, "Koord_X_Ak": 554271.57378240535, "Koord_Y_Ak": 14275.933972157 }, "geometry": { "type": "LineString", "coordinates": [ [ 117.490444924786743, 0.127957619902939, 0.0 ], [ 117.490141614442877, 0.128087056561103, 0.0 ], [ 117.489954598302759, 0.1281668650642, 0.0 ], [ 117.489626886649276, 0.128314577155755, 0.0 ], [ 117.489244368493857, 0.128486992623308, 0.0 ], [ 117.488746466046621, 0.12870480251107, 0.0 ], [ 117.488663976061858, 0.128740888163409, 0.0 ], [ 117.488314006039417, 0.128893984284551, 0.0 ], [ 117.487720233277344, 0.129154139856425, 0.0 ] ] } },
{ "type": "Feature", "properties": { "Kl_Dat_Das": "Jalan non tol", "Nm_Ruas": "Jl. Mente", "Thn_Data": 2015, "Status": "Jalan Kota", "Fungsi": "Jalan Lokal Sekunder", "Mendukung": null, "Ura_Dukung": null, "Kd_Bd_PU": null, "Kd_Jns_Inf": null, "Kd_Inf": "001 00 K 116", "Propinsi": "Kalimantan Timur", "Kab_Kota": "Bontang", "Kecamatan": "Bontang Selatan", "Desa_Kel": "Tanjung Laut", "Tk_Ruas_Aw": "Jl. HM. Ardans", "Tk_Ruas_Ak": "Buntu", "Kd_Patok": null, "Km_Awal": 0.0, "Km_Akhir": 0.0, "Nm_Lintas": "-", "Kon_Baik": 0.2606108714, "Kon_Sdg": 0.0, "Kon_Rgn": 0.0, "Kon_Rusak": 0.0, "Kon_Mntp": 0.0, "Kon_T_Mntp": 0.0, "Panjang": 0.2606108714, "Lbr_Keras": 0.0, "LHRT": 0.0, "VCR": 0.0, "Tipe_Jln": 2, "MST": 0.0, "Tipe_Keras": "Beton", "Tanah_Kri": 0.0, "Macadam": 0.0, "Aspal": 0.0, "Rigid": 100.0, "Thn_Pen_Ak": 0, "Jns_Pen": null, "Koord_X_Aw": 117.4782050972, "Koord_Y_Aw": 0.1278465371, "Koord_X_Ak": 117.4791262546, "Koord_Y_Ak": 0.1257263977 }, "geometry": { "type": "LineString", "coordinates": [ [ 117.479126254579185, 0.125726397715154, 0.0 ], [ 117.479095096343414, 0.125748262005145, 0.0 ], [ 117.479043661718379, 0.125792105226558, 0.0 ], [ 117.478996534693962, 0.125840608136228, 0.0 ], [ 117.478954130070548, 0.125893343823795, 0.0 ], [ 117.478916821083104, 0.125949848123066, 0.0 ], [ 117.478884936116074, 0.12600962369736, 0.0 ], [ 117.478858755813107, 0.126072144417206, 0.0 ], [ 117.478797961282396, 0.126213636375492, 0.0 ], [ 117.478712266375751, 0.126413080974823, 0.0 ], [ 117.478694230470524, 0.126461400865019, 0.0 ], [ 117.478671201795038, 0.126523096858572, 0.0 ], [ 117.478599984763832, 0.126713894010528, 0.0 ], [ 117.47857983469487, 0.126764952316856, 0.0 ], [ 117.478564442116124, 0.126817662187916, 0.0 ], [ 117.47855393791771, 0.126871575407777, 0.0 ], [ 117.478548411421599, 0.126926233527951, 0.0 ], [ 117.478546527549639, 0.127085793055818, 0.0 ], [ 117.478545500062708, 0.12712890216336, 0.0 ], [ 117.478537485929436, 0.127171262174312, 0.0 ], [ 117.478522700793164, 0.127211733269926, 0.0 ], [ 117.478501542490818, 0.127249226458058, 0.0 ], [ 117.478317836998372, 0.127609596005353, 0.0 ], [ 117.478205097223594, 0.127846537106782, 0.0 ] ] } },
{ "type": "Feature", "properties": { "Kl_Dat_Das": "Jalan non tol", "Nm_Ruas": "Jl. Flores KCY", "Thn_Data": 2015, "Status": "Jalan Kota", "Fungsi": "Jalan Lingkungan", "Mendukung": null, "Ura_Dukung": null, "Kd_Bd_PU": null, "Kd_Jns_Inf": null, "Kd_Inf": "001 00 K 184", "Propinsi": "Kalimantan Timur", "Kab_Kota": "Bontang", "Kecamatan": "Bontang Utara", "Desa_Kel": "Api-api", "Tk_Ruas_Aw": "Jl. Madura KCY", "Tk_Ruas_Ak": "Sp. 3 Jl. Tidore KCY - Jl. Ternate KCY", "Kd_Patok": null, "Km_Awal": 0.0, "Km_Akhir": 0.0, "Nm_Lintas": "-", "Kon_Baik": 0.1066753763, "Kon_Sdg": 0.0, "Kon_Rgn": 0.0, "Kon_Rusak": 0.0, "Kon_Mntp": 0.0, "Kon_T_Mntp": 0.0, "Panjang": 0.1066753763, "Lbr_Keras": 4.0, "LHRT": 0.0, "VCR": 0.0, "Tipe_Jln": 2, "MST": 0.0, "Tipe_Keras": "Beton", "Tanah_Kri": 0.0, "Macadam": 0.0, "Aspal": 0.0, "Rigid": 100.0, "Thn_Pen_Ak": 0, "Jns_Pen": null, "Koord_X_Aw": 554370.9404144017, "Koord_Y_Aw": 14193.547602828599, "Koord_X_Ak": 554468.27606846672, "Koord_Y_Ak": 14149.8993789498 }, "geometry": { "type": "LineString", "coordinates": [ [ 117.488613171544898, 0.128408774587179, 0.0 ], [ 117.488985223398501, 0.128238406079939, 0.0 ], [ 117.489487865098894, 0.128013873095685, 0.0 ] ] } },
{ "type": "Feature", "properties": { "Kl_Dat_Das": "Jalan non tol", "Nm_Ruas": "Jl. Belibis", "Thn_Data": 2015, "Status": "Jalan Kota", "Fungsi": "Jalan Lingkungan", "Mendukung": null, "Ura_Dukung": null, "Kd_Bd_PU": null, "Kd_Jns_Inf": null, "Kd_Inf": "001 00 K 113", "Propinsi": "Kalimantan Timur", "Kab_Kota": "Bontang", "Kecamatan": "Bontang Barat", "Desa_Kel": "Kanaan", "Tk_Ruas_Aw": "Jl. Damai", "Tk_Ruas_Ak": "Buntu", "Kd_Patok": null, "Km_Awal": 0.0, "Km_Akhir": 0.0, "Nm_Lintas": "-", "Kon_Baik": 0.3786929887, "Kon_Sdg": 0.0, "Kon_Rgn": 0.0, "Kon_Rusak": 0.0, "Kon_Mntp": 0.0, "Kon_T_Mntp": 0.0, "Panjang": 0.3786929887, "Lbr_Keras": 5.0, "LHRT": 0.0, "VCR": 0.0, "Tipe_Jln": 2, "MST": 0.0, "Tipe_Keras": "Beton", "Tanah_Kri": 0.0, "Macadam": 0.0, "Aspal": 0.0, "Rigid": 100.0, "Thn_Pen_Ak": 2019, "Jns_Pen": "Peningkatan", "Koord_X_Aw": 117.4583784548, "Koord_Y_Aw": 0.1304247958, "Koord_X_Ak": 117.4607048702, "Koord_Y_Ak": 0.1282224557 }, "geometry": { "type": "LineString", "coordinates": [ [ 117.458378454782391, 0.130424795814091, 0.0 ], [ 117.458466071944315, 0.130160157484822, 0.0 ], [ 117.458557571828223, 0.12988650143163, 0.0 ], [ 117.458586668788385, 0.129799478821466, 0.0 ], [ 117.458629159092482, 0.129725592731758, 0.0 ], [ 117.458674468449132, 0.129653424205786, 0.0 ], [ 117.458722528452597, 0.129583082199606, 0.0 ], [ 117.458890486320072, 0.129373233288185, 0.0 ], [ 117.459052695846907, 0.129170566441605, 0.0 ], [ 117.45918571058867, 0.129000780310308, 0.0 ], [ 117.459267906093942, 0.128906961182305, 0.0 ], [ 117.459354742633522, 0.128817479598379, 0.0 ], [ 117.459418847557458, 0.128758508321667, 0.0 ], [ 117.459486479212728, 0.128703674657117, 0.0 ], [ 117.459557374546847, 0.128653191879444, 0.0 ], [ 117.459631257813314, 0.128607256340476, 0.0 ], [ 117.459707841644061, 0.128566046705751, 0.0 ], [ 117.459770761987542, 0.128530078556713, 0.0 ], [ 117.459847749880495, 0.12848606875257, 0.0 ], [ 117.460016202599817, 0.128412173220811, 0.0 ], [ 117.460186194657936, 0.128341941295363, 0.0 ], [ 117.460373031203275, 0.128260734818095, 0.0 ], [ 117.460414422562266, 0.128243106752417, 0.0 ], [ 117.460457491415795, 0.128230178036531, 0.0 ], [ 117.460501713152212, 0.128222106151977, 0.0 ], [ 117.460704870165117, 0.128222455711856, 0.0 ] ] } },
{ "type": "Feature", "properties": { "Kl_Dat_Das": "Jalan non tol", "Nm_Ruas": "Jl. Durian", "Thn_Data": 2015, "Status": "Jalan Kota", "Fungsi": "Jalan Lingkungan", "Mendukung": null, "Ura_Dukung": null, "Kd_Bd_PU": null, "Kd_Jns_Inf": null, "Kd_Inf": "001 00 K 433", "Propinsi": "Kalimantan Timur", "Kab_Kota": "Bontang", "Kecamatan": "Bontang Selatan", "Desa_Kel": "Satimpo", "Tk_Ruas_Aw": "Jl. HM. Ardans", "Tk_Ruas_Ak": "Sp. 3 Jl. Sawi - Jl. Tomat", "Kd_Patok": null, "Km_Awal": 0.0, "Km_Akhir": 0.0, "Nm_Lintas": "-", "Kon_Baik": 0.587577105, "Kon_Sdg": 0.0, "Kon_Rgn": 0.0, "Kon_Rusak": 0.0, "Kon_Mntp": 0.0, "Kon_T_Mntp": 0.0, "Panjang": 0.587577105, "Lbr_Keras": 5.0, "LHRT": 0.0, "VCR": 0.0, "Tipe_Jln": 2, "MST": 0.0, "Tipe_Keras": "Beton", "Tanah_Kri": 0.0, "Macadam": 0.0, "Aspal": 0.0, "Rigid": 100.0, "Thn_Pen_Ak": 2012, "Jns_Pen": "Peningkatan", "Koord_X_Aw": 117.4735391537, "Koord_Y_Aw": 0.1274160186, "Koord_X_Ak": 117.4753357957, "Koord_Y_Ak": 0.1310498878 }, "geometry": { "type": "LineString", "coordinates": [ [ 117.475335795675164, 0.131049887771951, 0.0 ], [ 117.475328303484403, 0.131046252016063, 0.0 ], [ 117.475315403786226, 0.131042103155607, 0.0 ], [ 117.475302055363272, 0.131039806279887, 0.0 ], [ 117.475288519196511, 0.131039406295997, 0.0 ], [ 117.474808502025311, 0.131002142871637, 0.0 ], [ 117.474704180158597, 0.130994044430622, 0.0 ], [ 117.474524997810704, 0.130980498093095, 0.0 ], [ 117.474211058037312, 0.130956763975973, 0.0 ], [ 117.474210305922398, 0.130956707115502, 0.0 ], [ 117.474173039213497, 0.130953151682775, 0.0 ], [ 117.474135666280844, 0.130955297707658, 0.0 ], [ 117.474132294178375, 0.130956015739855, 0.0 ], [ 117.474099042830872, 0.13096309605362, 0.0 ], [ 117.474064007409652, 0.130976368166614, 0.0 ], [ 117.474031362203277, 0.130994810162974, 0.0 ], [ 117.473871776980232, 0.131065813824819, 0.0 ], [ 117.473783981984425, 0.131104876126983, 0.0 ], [ 117.473813061720762, 0.130046979653287, 0.0 ], [ 117.47381043654616, 0.129931543637838, 0.0 ], [ 117.473803080891017, 0.129608095170397, 0.0 ], [ 117.473806039313899, 0.129516027428849, 0.0 ], [ 117.47380191292325, 0.129424005244857, 0.0 ], [ 117.473790726459924, 0.129332580352468, 0.0 ], [ 117.473772546994383, 0.129242300904764, 0.0 ], [ 117.473758347478679, 0.129192109384633, 0.0 ], [ 117.47374748352378, 0.129153708186323, 0.0 ], [ 117.473652898777004, 0.128867223810062, 0.0 ], [ 117.473635588758171, 0.128797547501961, 0.0 ], [ 117.473622552201277, 0.128726934286931, 0.0 ], [ 117.473620202174416, 0.128707710149627, 0.0 ], [ 117.473613838102324, 0.128655649551831, 0.0 ], [ 117.473609479211646, 0.128583961206971, 0.0 ], [ 117.473597565086138, 0.128311204045758, 0.0 ], [ 117.473539153716743, 0.127416018559131, 0.0 ] ] } },
{ "type": "Feature", "properties": { "Kl_Dat_Das": "Jalan non tol", "Nm_Ruas": "Jl. Taman Siswa", "Thn_Data": 2015, "Status": "Jalan Kota", "Fungsi": "Jalan Lingkungan", "Mendukung": null, "Ura_Dukung": null, "Kd_Bd_PU": null, "Kd_Jns_Inf": null, "Kd_Inf": "001 00 K 030", "Propinsi": "Kalimantan Timur", "Kab_Kota": "Bontang", "Kecamatan": "Bontang Barat", "Desa_Kel": "Kanaan", "Tk_Ruas_Aw": "Jl. Pongtiku", "Tk_Ruas_Ak": "Sp. 3 Jl. Pendidikan û Jl. Pendidikan 2 - Jl. Pendidikan 4", "Kd_Patok": null, "Km_Awal": 0.0, "Km_Akhir": 0.0, "Nm_Lintas": "-", "Kon_Baik": 0.2270313156, "Kon_Sdg": 0.0, "Kon_Rgn": 0.0, "Kon_Rusak": 0.0, "Kon_Mntp": 0.0, "Kon_T_Mntp": 0.0, "Panjang": 0.2270313156, "Lbr_Keras": 0.0, "LHRT": 0.0, "VCR": 0.0, "Tipe_Jln": 2, "MST": 0.0, "Tipe_Keras": "Beton", "Tanah_Kri": 0.0, "Macadam": 0.0, "Aspal": 0.0, "Rigid": 100.0, "Thn_Pen_Ak": 0, "Jns_Pen": null, "Koord_X_Aw": 117.4531145836, "Koord_Y_Aw": 0.129862166, "Koord_X_Ak": 117.4535272297, "Koord_Y_Ak": 0.1278536066 }, "geometry": { "type": "LineString", "coordinates": [ [ 117.453114583647832, 0.129862166013429, 0.0 ], [ 117.453228006241432, 0.129411800333024, 0.0 ], [ 117.453329450341073, 0.129000382038198, 0.0 ], [ 117.453348400017788, 0.128891470817425, 0.0 ], [ 117.453397956571251, 0.128606649918464, 0.0 ], [ 117.453424044907649, 0.128478693150336, 0.0 ], [ 117.453445643293037, 0.128349891209205, 0.0 ], [ 117.453462724956779, 0.128220403723829, 0.0 ], [ 117.453475268725768, 0.12809039117301, 0.0 ], [ 117.453502869063215, 0.127924593591238, 0.0 ], [ 117.453527229717466, 0.127853606573922, 0.0 ] ] } },
{ "type": "Feature", "properties": { "Kl_Dat_Das": "Jalan non tol", "Nm_Ruas": "Jl. Imam Bonjol", "Thn_Data": 2015, "Status": "Jalan Kota", "Fungsi": "Jalan Kolektor", "Mendukung": null, "Ura_Dukung": null, "Kd_Bd_PU": null, "Kd_Jns_Inf": null, "Kd_Inf": "001 00 K 009", "Propinsi": "Kalimantan Timur", "Kab_Kota": "Bontang", "Kecamatan": "Bontang Utara", "Desa_Kel": "Gunung Elai", "Tk_Ruas_Aw": "Sp. 3 Jl. Bhayangkara û Jl. Letjen. MT. Haryono", "Tk_Ruas_Ak": "Sp. 3 Jl. Jenderal  A. Yani û Jl. Jenderal Sudirman", "Kd_Patok": null, "Km_Awal": 0.0, "Km_Akhir": 0.0, "Nm_Lintas": "-", "Kon_Baik": 1.059, "Kon_Sdg": 0.0, "Kon_Rgn": 0.2, "Kon_Rusak": 0.0, "Kon_Mntp": 0.0, "Kon_T_Mntp": 0.0, "Panjang": 1.2599709443, "Lbr_Keras": 9.0, "LHRT": 0.0, "VCR": 0.0, "Tipe_Jln": 2, "MST": 0.0, "Tipe_Keras": "Aspal", "Tanah_Kri": 0.0, "Macadam": 0.0, "Aspal": 100.0, "Rigid": 0.0, "Thn_Pen_Ak": 2019, "Jns_Pen": "Rehabilitasi / Pemeliharaan", "Koord_X_Aw": 117.4789930921, "Koord_Y_Aw": 0.1340882383, "Koord_X_Ak": 117.4849813336, "Koord_Y_Ak": 0.1295379213 }, "geometry": { "type": "LineString", "coordinates": [ [ 117.478993092063149, 0.134088238295119, 0.0 ], [ 117.479273665836089, 0.133822742682406, 0.0 ], [ 117.479553989502762, 0.13354051953421, 0.0 ], [ 117.479603593246068, 0.133480368929682, 0.0 ], [ 117.4796482751605, 0.133416428124857, 0.0 ], [ 117.479687750733859, 0.133349104263229, 0.0 ], [ 117.479721768605344, 0.133278826030001, 0.0 ], [ 117.47975011216603, 0.133206040922261, 0.0 ], [ 117.479762805266319, 0.133147742994003, 0.0 ], [ 117.479769413095198, 0.133088432896803, 0.0 ], [ 117.479769864127462, 0.133028752622591, 0.0 ], [ 117.479764153481, 0.132969348170239, 0.0 ], [ 117.479752342969775, 0.132910862553045, 0.0 ], [ 117.479694813147916, 0.132761813411291, 0.0 ], [ 117.479536563970711, 0.132351818964514, 0.0 ], [ 117.479495835732308, 0.132234570555259, 0.0 ], [ 117.479404402550855, 0.131971352782437, 0.0 ], [ 117.479383676392786, 0.131918694476243, 0.0 ], [ 117.479344965782602, 0.131820343627089, 0.0 ], [ 117.479328053660339, 0.13177179314493, 0.0 ], [ 117.479317376600306, 0.131721479179359, 0.0 ], [ 117.479313106076233, 0.131670209773387, 0.0 ], [ 117.479315310672746, 0.13161880831468, 0.0 ], [ 117.479323954983968, 0.131568100311399, 0.0 ], [ 117.479338900182086, 0.131518900134956, 0.0 ], [ 117.479419811492178, 0.131309428934956, 0.0 ], [ 117.479466400305213, 0.131223505961457, 0.0 ], [ 117.479582131504401, 0.131010064842784, 0.0 ], [ 117.47980486435587, 0.130585858531972, 0.0 ], [ 117.479812752834789, 0.130558009058626, 0.0 ], [ 117.479815867976981, 0.130529219699011, 0.0 ], [ 117.479814120724996, 0.130500313499565, 0.0 ], [ 117.479807561030299, 0.130472116846986, 0.0 ], [ 117.479796376425114, 0.130445435843199, 0.0 ], [ 117.47978088666126, 0.130421033259791, 0.0 ], [ 117.479761534568851, 0.130399606731554, 0.0 ], [ 117.479738873396428, 0.130381768812242, 0.0 ], [ 117.479659159278256, 0.130309545552221, 0.0 ], [ 117.479633996478995, 0.130277229659279, 0.0 ], [ 117.479614397900491, 0.130241219296426, 0.0 ], [ 117.479600886951118, 0.130202476172439, 0.0 ], [ 117.479593824460295, 0.130162034978383, 0.0 ], [ 117.479593399042045, 0.130120975754737, 0.0 ], [ 117.479599622057762, 0.130080395047433, 0.0 ], [ 117.479686442800386, 0.129634505150763, 0.0 ], [ 117.479716210774058, 0.129526019557367, 0.0 ], [ 117.479737875165569, 0.12944706644192, 0.0 ], [ 117.479771250067401, 0.129352234798058, 0.0 ], [ 117.479795341456239, 0.129308651736296, 0.0 ], [ 117.479823775955253, 0.129267807232961, 0.0 ], [ 117.479856249330581, 0.129230138302088, 0.0 ], [ 117.479892414134483, 0.129196047981037, 0.0 ], [ 117.480019167726752, 0.129089480419112, 0.0 ], [ 117.480231957371487, 0.12891057840372, 0.0 ], [ 117.480507520533536, 0.128698001833206, 0.0 ], [ 117.48064150207118, 0.128598660175392, 0.0 ], [ 117.480784634238191, 0.128680723864061, 0.0 ], [ 117.481099526574837, 0.12884455328563, 0.0 ], [ 117.481412573358313, 0.128944378679503, 0.0 ], [ 117.481670969478259, 0.129026776881585, 0.0 ], [ 117.481896548202812, 0.129097317633979, 0.0 ], [ 117.481980623666885, 0.129123608882063, 0.0 ], [ 117.482229778729206, 0.129201522186279, 0.0 ], [ 117.482308506217407, 0.129226869281447, 0.0 ], [ 117.483051197580792, 0.129465986096711, 0.0 ], [ 117.483293470850697, 0.129540763338399, 0.0 ], [ 117.483300758063393, 0.129543012524415, 0.0 ], [ 117.483344614435467, 0.129553386950831, 0.0 ], [ 117.483387320695584, 0.129567827565161, 0.0 ], [ 117.483419601485863, 0.129582234820552, 0.0 ], [ 117.483428505745309, 0.129586208884938, 0.0 ], [ 117.483467811704926, 0.129608371184595, 0.0 ], [ 117.48362513069749, 0.129716906078691, 0.0 ], [ 117.483641141546357, 0.129727952016059, 0.0 ], [ 117.483947502467828, 0.130018293950349, 0.0 ], [ 117.483983147139298, 0.130046285552425, 0.0 ], [ 117.484022512457003, 0.130068661234334, 0.0 ], [ 117.484064732356515, 0.130084928715704, 0.0 ], [ 117.484108877970726, 0.130094730100713, 0.0 ], [ 117.484148409730722, 0.130097464580841, 0.0 ], [ 117.484153978065507, 0.130097849752211, 0.0 ], [ 117.484199040407461, 0.13009421903585, 0.0 ], [ 117.484243073593845, 0.130083917830103, 0.0 ], [ 117.484285108864171, 0.13006717276869, 0.0 ], [ 117.484324221413388, 0.130044352254701, 0.0 ], [ 117.484465682477634, 0.129949405595938, 0.0 ], [ 117.484981333575476, 0.12953792127392, 0.0 ] ] } },
{ "type": "Feature", "properties": { "Kl_Dat_Das": "Jalan non tol", "Nm_Ruas": "Jl. Mahoni", "Thn_Data": 2015, "Status": "Jalan Kota", "Fungsi": "Jalan Lingkungan", "Mendukung": null, "Ura_Dukung": null, "Kd_Bd_PU": null, "Kd_Jns_Inf": null, "Kd_Inf": "001 00 K 416", "Propinsi": "Kalimantan Timur", "Kab_Kota": "Bontang", "Kecamatan": "Bontang Barat", "Desa_Kel": "Belimbing", "Tk_Ruas_Aw": "Jl. Beringin", "Tk_Ruas_Ak": "Jl. Meranti", "Kd_Patok": null, "Km_Awal": 0.0, "Km_Akhir": 0.0, "Nm_Lintas": "-", "Kon_Baik": 0.2049555758, "Kon_Sdg": 0.0, "Kon_Rgn": 0.0, "Kon_Rusak": 0.0, "Kon_Mntp": 0.0, "Kon_T_Mntp": 0.0, "Panjang": 0.2049555758, "Lbr_Keras": 0.0, "LHRT": 0.0, "VCR": 0.0, "Tipe_Jln": 2, "MST": 0.0, "Tipe_Keras": "Beton", "Tanah_Kri": 0.0, "Macadam": 0.0, "Aspal": 0.0, "Rigid": 100.0, "Thn_Pen_Ak": 0, "Jns_Pen": null, "Koord_X_Aw": 552290.9834400512, "Koord_Y_Aw": 14189.7361810202, "Koord_X_Ak": 552443.39726785489, "Koord_Y_Ak": 14287.0562952203 }, "geometry": { "type": "LineString", "coordinates": [ [ 117.469921734491336, 0.128374645401844, 0.0 ], [ 117.470088118620069, 0.12829830331853, 0.0 ], [ 117.470209487465354, 0.128252853345581, 0.0 ], [ 117.470225241992239, 0.128253591927709, 0.0 ], [ 117.470240663016853, 0.128256921068868, 0.0 ], [ 117.470255333140443, 0.128262750659592, 0.0 ], [ 117.470268855288779, 0.12827092291116, 0.0 ], [ 117.470280863459735, 0.128281216626322, 0.0 ], [ 117.470291032629774, 0.128293353186507, 0.0 ], [ 117.470299087551396, 0.128307004093077, 0.0 ], [ 117.470355248293671, 0.128536766546863, 0.0 ], [ 117.470362303763693, 0.128556527555598, 0.0 ], [ 117.470371968222992, 0.128575136306508, 0.0 ], [ 117.470384061367511, 0.128592245627064, 0.0 ], [ 117.470398357582496, 0.128607536318791, 0.0 ], [ 117.470690360059777, 0.128817812997274, 0.0 ], [ 117.470987234881861, 0.129029028757581, 0.0 ], [ 117.471291412158251, 0.129255075595276, 0.0 ] ] } },
{ "type": "Feature", "properties": { "Kl_Dat_Das": "Jalan non tol", "Nm_Ruas": "Jl. Meranti", "Thn_Data": 2015, "Status": "Jalan Kota", "Fungsi": "Jalan Lingkungan", "Mendukung": null, "Ura_Dukung": null, "Kd_Bd_PU": null, "Kd_Jns_Inf": null, "Kd_Inf": "001 00 K 415", "Propinsi": "Kalimantan Timur", "Kab_Kota": "Bontang", "Kecamatan": "Bontang Barat", "Desa_Kel": "Belimbing", "Tk_Ruas_Aw": "Jl. Beringin", "Tk_Ruas_Ak": "Jl. Ulin", "Kd_Patok": null, "Km_Awal": 0.0, "Km_Akhir": 0.0, "Nm_Lintas": "-", "Kon_Baik": 0.1778695394, "Kon_Sdg": 0.0, "Kon_Rgn": 0.0, "Kon_Rusak": 0.0, "Kon_Mntp": 0.0, "Kon_T_Mntp": 0.0, "Panjang": 0.1812722226, "Lbr_Keras": 0.0, "LHRT": 0.0, "VCR": 0.0, "Tipe_Jln": 2, "MST": 0.0, "Tipe_Keras": "Beton", "Tanah_Kri": 0.0, "Macadam": 0.0, "Aspal": 0.0, "Rigid": 100.0, "Thn_Pen_Ak": 0, "Jns_Pen": null, "Koord_X_Aw": 552410.7533232877, "Koord_Y_Aw": 14320.3427955192, "Koord_X_Ak": 552560.01309438422, "Koord_Y_Ak": 14293.037570918001 }, "geometry": { "type": "LineString", "coordinates": [ [ 117.470998064067189, 0.129556224224646, 0.0 ], [ 117.471225951530286, 0.129314255745558, 0.0 ], [ 117.471291412158251, 0.129255075595272, 0.0 ], [ 117.471300000782875, 0.129247310987607, 0.0 ], [ 117.471375583877332, 0.129182126747283, 0.0 ], [ 117.471422228594506, 0.12915512197937, 0.0 ], [ 117.471471244462279, 0.129132775496616, 0.0 ], [ 117.471522173828092, 0.129115295944094, 0.0 ], [ 117.471574541173453, 0.129102846525225, 0.0 ], [ 117.471849154456876, 0.129039134358558, 0.0 ], [ 117.471908543057324, 0.129036805627776, 0.0 ], [ 117.471967937739947, 0.129038971430395, 0.0 ], [ 117.471998134859547, 0.129042370258799, 0.0 ], [ 117.472027003368709, 0.129045619545736, 0.0 ], [ 117.472085406664362, 0.129056712461477, 0.0 ], [ 117.472131578407684, 0.129079786953615, 0.0 ], [ 117.472174883988671, 0.129107935768443, 0.0 ], [ 117.472214775476075, 0.129140802748171, 0.0 ], [ 117.472250748135963, 0.12917797203759, 0.0 ], [ 117.472282346818133, 0.129218973345778, 0.0 ], [ 117.472309171714784, 0.129263287896504, 0.0 ], [ 117.472339377027055, 0.129309168619253, 0.0 ] ] } },
{ "type": "Feature", "properties": { "Kl_Dat_Das": "Jalan non tol", "Nm_Ruas": "Jl. Mangga", "Thn_Data": 2015, "Status": "Jalan Kota", "Fungsi": "Jalan Lingkungan", "Mendukung": null, "Ura_Dukung": null, "Kd_Bd_PU": null, "Kd_Jns_Inf": null, "Kd_Inf": "001 00 K 224", "Propinsi": "Kalimantan Timur", "Kab_Kota": "Bontang", "Kecamatan": "Bontang Selatan", "Desa_Kel": "Satimpo", "Tk_Ruas_Aw": "Jl. Imam Bonjol", "Tk_Ruas_Ak": "Buntu", "Kd_Patok": null, "Km_Awal": 0.0, "Km_Akhir": 0.0, "Nm_Lintas": "-", "Kon_Baik": 0.2774066857, "Kon_Sdg": 0.0, "Kon_Rgn": 0.0, "Kon_Rusak": 0.0, "Kon_Mntp": 0.0, "Kon_T_Mntp": 0.0, "Panjang": 0.2774066857, "Lbr_Keras": 0.0, "LHRT": 0.0, "VCR": 0.0, "Tipe_Jln": 2, "MST": 0.0, "Tipe_Keras": "Beton", "Tanah_Kri": 0.0, "Macadam": 0.0, "Aspal": 0.0, "Rigid": 100.0, "Thn_Pen_Ak": 0, "Jns_Pen": null, "Koord_X_Aw": 553135.89330055169, "Koord_Y_Aw": 14298.751109142, "Koord_X_Ak": 553380.89598945132, "Koord_Y_Ak": 14317.022354574499 }, "geometry": { "type": "LineString", "coordinates": [ [ 117.477514502119348, 0.129360761514988, 0.0 ], [ 117.477552966649782, 0.129362716229593, 0.0 ], [ 117.477603044602219, 0.129358185385627, 0.0 ], [ 117.478080458331888, 0.129262049973249, 0.0 ], [ 117.478092619763402, 0.129258289948268, 0.0 ], [ 117.478105234823715, 0.129256632687088, 0.0 ], [ 117.478117947435877, 0.129257124968319, 0.0 ], [ 117.478130398770517, 0.129259752896587, 0.0 ], [ 117.478142237372154, 0.129264442295152, 0.0 ], [ 117.47815312908098, 0.129271060799852, 0.0 ], [ 117.478162766464138, 0.12927942159439, 0.0 ], [ 117.478224060832659, 0.129325029542372, 0.0 ], [ 117.478293092623971, 0.129376394755241, 0.0 ], [ 117.478303668444028, 0.129392658025267, 0.0 ], [ 117.478311910945095, 0.129410236327487, 0.0 ], [ 117.478317662035366, 0.129428792507724, 0.0 ], [ 117.478320811407684, 0.129447970656202, 0.0 ], [ 117.47833675370498, 0.129523834890222, 0.0 ], [ 117.478340146912288, 0.129534472405453, 0.0 ], [ 117.478345199609876, 0.129544419834645, 0.0 ], [ 117.478351779542436, 0.129553416801343, 0.0 ], [ 117.478359714478302, 0.129561227807926, 0.0 ], [ 117.478368796718883, 0.129567648399302, 0.0 ], [ 117.478378788533874, 0.129572510514834, 0.0 ], [ 117.47838942838554, 0.129575686887563, 0.0 ], [ 117.478400437772748, 0.129577094375009, 0.0 ], [ 117.478411528522201, 0.129576696135928, 0.0 ], [ 117.478739267084507, 0.129558040733684, 0.0 ], [ 117.478778356559815, 0.129551778973166, 0.0 ], [ 117.478815972965663, 0.129539380170627, 0.0 ], [ 117.47885117195402, 0.129521155594489, 0.0 ], [ 117.478883069866455, 0.129497562766517, 0.0 ], [ 117.47891086591585, 0.129469193977286, 0.0 ], [ 117.478943668735369, 0.12943874900003, 0.0 ], [ 117.479001125244636, 0.129385422422047, 0.0 ], [ 117.479032125269342, 0.129362573411925, 0.0 ], [ 117.479066481413383, 0.129345259578884, 0.0 ], [ 117.479103227938026, 0.129333967608318, 0.0 ], [ 117.47914133191216, 0.129329014913196, 0.0 ], [ 117.479177879067038, 0.129330467455816, 0.0 ], [ 117.479179722247181, 0.129330540711862, 0.0 ], [ 117.479217319804775, 0.129338502114592, 0.0 ], [ 117.479253067731733, 0.129352675329187, 0.0 ], [ 117.4797162107742, 0.129526019557431, 0.0 ] ] } },
{ "type": "Feature", "properties": { "Kl_Dat_Das": "Jalan non tol", "Nm_Ruas": "Jl. Bali KCY", "Thn_Data": 2015, "Status": "Jalan Kota", "Fungsi": "Jalan Lingkungan", "Mendukung": null, "Ura_Dukung": null, "Kd_Bd_PU": null, "Kd_Jns_Inf": null, "Kd_Inf": "001 00 K 332", "Propinsi": "Kalimantan Timur", "Kab_Kota": "Bontang", "Kecamatan": "Bontang Utara", "Desa_Kel": "Api-api", "Tk_Ruas_Aw": "Jl. Sulawesi KCY", "Tk_Ruas_Ak": "Jl. Sulawesi KCY", "Kd_Patok": null, "Km_Awal": 0.0, "Km_Akhir": 0.0, "Nm_Lintas": "-", "Kon_Baik": 0.3371970784, "Kon_Sdg": 0.0, "Kon_Rgn": 0.0, "Kon_Rusak": 0.0, "Kon_Mntp": 0.0, "Kon_T_Mntp": 0.0, "Panjang": 0.3371970784, "Lbr_Keras": 4.0, "LHRT": 0.0, "VCR": 0.0, "Tipe_Jln": 2, "MST": 0.0, "Tipe_Keras": "Beton", "Tanah_Kri": 0.0, "Macadam": 0.0, "Aspal": 0.0, "Rigid": 100.0, "Thn_Pen_Ak": 0, "Jns_Pen": null, "Koord_X_Aw": 554475.14783063252, "Koord_Y_Aw": 14186.986933484701, "Koord_X_Ak": 554441.17906538304, "Koord_Y_Ak": 14202.194707049101 }, "geometry": { "type": "LineString", "coordinates": [ [ 117.48954962414561, 0.12834940230166, 0.0 ], [ 117.489684874045196, 0.128680768718226, 0.0 ], [ 117.489856074566973, 0.129125990820336, 0.0 ], [ 117.489952573359233, 0.129394480612425, 0.0 ], [ 117.490043431703313, 0.12967171060466, 0.0 ], [ 117.489989747869672, 0.129683292876457, 0.0 ], [ 117.489835772651418, 0.129716512985687, 0.0 ], [ 117.489812914203796, 0.129719620054332, 0.0 ], [ 117.489789851332247, 0.129719246485851, 0.0 ], [ 117.489767104003363, 0.129715400702591, 0.0 ], [ 117.489765866650117, 0.129714992486388, 0.0 ], [ 117.48974518506958, 0.129708169409992, 0.0 ], [ 117.489724588706721, 0.129697715641977, 0.0 ], [ 117.489705779272427, 0.129684275085127, 0.0 ], [ 117.489593840928492, 0.129414297409271, 0.0 ], [ 117.489345250448906, 0.128755380431226, 0.0 ], [ 117.489244368493857, 0.128486992623308, 0.0 ] ] } },
{ "type": "Feature", "properties": { "Kl_Dat_Das": "Jalan non tol", "Nm_Ruas": "Jl. AIP II KS. Tubun", "Thn_Data": 2015, "Status": "Jalan Kota", "Fungsi": "Jalan Kolektor", "Mendukung": null, "Ura_Dukung": null, "Kd_Bd_PU": null, "Kd_Jns_Inf": null, "Kd_Inf": "001 00 K 011", "Propinsi": "Kalimantan Timur", "Kab_Kota": "Bontang", "Kecamatan": "Bontang Utara", "Desa_Kel": "Bontang Kuala", "Tk_Ruas_Aw": "Sp 4. Jl. Mayjen. DI. Panjaitan û Jl. Kapten Piere Tendean û Jl. Awang Long", "Tk_Ruas_Ak": "Sp. 3 Jl. Ir. H. Juanda û Jl. Sam Ratulangi", "Kd_Patok": null, "Km_Awal": 0.0, "Km_Akhir": 0.0, "Nm_Lintas": "-", "Kon_Baik": 0.0, "Kon_Sdg": 0.236, "Kon_Rgn": 1.5, "Kon_Rusak": 0.0, "Kon_Mntp": 0.0, "Kon_T_Mntp": 0.0, "Panjang": 1.8082826793, "Lbr_Keras": 5.0, "LHRT": 0.0, "VCR": 0.0, "Tipe_Jln": 2, "MST": 0.0, "Tipe_Keras": "Aspal", "Tanah_Kri": 0.0, "Macadam": 0.0, "Aspal": 85.2, "Rigid": 14.8, "Thn_Pen_Ak": 2018, "Jns_Pen": "Rehabilitasi / Pemeliharaan", "Koord_X_Aw": 117.50005656970001, "Koord_Y_Aw": 0.1334556476, "Koord_X_Ak": 117.4950028916, "Koord_Y_Ak": 0.1191354544 }, "geometry": { "type": "LineString", "coordinates": [ [ 117.495002891603349, 0.119135454398833, 0.0 ], [ 117.495088396009635, 0.119287933406803, 0.0 ], [ 117.495158608839546, 0.119412073987637, 0.0 ], [ 117.495201240969308, 0.119487450199205, 0.0 ], [ 117.495266063569119, 0.119592228570754, 0.0 ], [ 117.49527658797669, 0.119606287774942, 0.0 ], [ 117.495283262395404, 0.119618496258024, 0.0 ], [ 117.495288144677218, 0.119631536130054, 0.0 ], [ 117.495291135606735, 0.119645142400821, 0.0 ], [ 117.495292474502094, 0.119663053040069, 0.0 ], [ 117.495296825229389, 0.11968628280751, 0.0 ], [ 117.495305754621569, 0.119711774819593, 0.0 ], [ 117.495313166120411, 0.119721353595647, 0.0 ], [ 117.495529183547973, 0.120000539019962, 0.0 ], [ 117.495566837456991, 0.120054564703567, 0.0 ], [ 117.495708751911877, 0.120258183005903, 0.0 ], [ 117.495821728816964, 0.120427894845165, 0.0 ], [ 117.49586121072835, 0.120487203847075, 0.0 ], [ 117.495934539446139, 0.120600034136092, 0.0 ], [ 117.495968836898385, 0.120654424478112, 0.0 ], [ 117.496095721749001, 0.120855643798834, 0.0 ], [ 117.496289790500938, 0.121163406136518, 0.0 ], [ 117.496489649394107, 0.12146919945424, 0.0 ], [ 117.496647474381348, 0.121710678930928, 0.0 ], [ 117.496876438572954, 0.122061004612861, 0.0 ], [ 117.497007760025667, 0.122261932416612, 0.0 ], [ 117.497122477414123, 0.1224390623304, 0.0 ], [ 117.497420313483403, 0.122898937427862, 0.0 ], [ 117.497620240062417, 0.123207634894651, 0.0 ], [ 117.497711568883219, 0.123348651527284, 0.0 ], [ 117.497749415962005, 0.123406564298269, 0.0 ], [ 117.498127764988155, 0.123985505613618, 0.0 ], [ 117.498498639959436, 0.124571869209699, 0.0 ], [ 117.498547134921878, 0.124645098722831, 0.0 ], [ 117.498940771432473, 0.125239506976886, 0.0 ], [ 117.499101541508693, 0.125485734944773, 0.0 ], [ 117.499240726047063, 0.12569890348655, 0.0 ], [ 117.499330421274152, 0.125836276499054, 0.0 ], [ 117.499497220277703, 0.126091738026233, 0.0 ], [ 117.499702649578353, 0.126406621445725, 0.0 ], [ 117.499970381668248, 0.126817002937959, 0.0 ], [ 117.500042346963994, 0.126927015167097, 0.0 ], [ 117.500299407434682, 0.127319979471213, 0.0 ], [ 117.500483961695764, 0.127602104630921, 0.0 ], [ 117.500499297667531, 0.127625550857812, 0.0 ], [ 117.501057122463564, 0.128478374823917, 0.0 ], [ 117.501162297831243, 0.128644412884547, 0.0 ], [ 117.501189079110233, 0.128702504623133, 0.0 ], [ 117.501211067109068, 0.128763400384022, 0.0 ], [ 117.501227785843142, 0.128825970400961, 0.0 ], [ 117.501239112086793, 0.128889753500755, 0.0 ], [ 117.501244962359749, 0.1289542795692, 0.0 ], [ 117.501245300187136, 0.129020372990023, 0.0 ], [ 117.50124549338345, 0.129167107735727, 0.0 ], [ 117.50123905245654, 0.129313034940612, 0.0 ], [ 117.501225991748143, 0.1294585131429, 0.0 ], [ 117.501206338568267, 0.129603238145777, 0.0 ], [ 117.501180134011733, 0.129746907327295, 0.0 ], [ 117.501147432872443, 0.129889220273308, 0.0 ], [ 117.501137811432358, 0.129923806679563, 0.0 ], [ 117.501108245666373, 0.130030087404762, 0.0 ], [ 117.501012142528594, 0.130337235515537, 0.0 ], [ 117.500903975027001, 0.130682941695304, 0.0 ], [ 117.500853616636661, 0.130861030672564, 0.0 ], [ 117.500713799645197, 0.131355483910482, 0.0 ], [ 117.500596221941734, 0.131738803880149, 0.0 ], [ 117.500513984900707, 0.13200690832362, 0.0 ], [ 117.500354220027589, 0.132527314016561, 0.0 ], [ 117.500210670559682, 0.132997541930022, 0.0 ], [ 117.500141705385374, 0.133217268113514, 0.0 ], [ 117.500114257032138, 0.133305273085622, 0.0 ], [ 117.500082900605975, 0.13339194462082, 0.0 ], [ 117.500056569682926, 0.133455647597129, 0.0 ] ] } },
{ "type": "Feature", "properties": { "Kl_Dat_Das": "Jalan non tol", "Nm_Ruas": "Jl. damai", "Thn_Data": 2015, "Status": "Jalan Kota", "Fungsi": "Jalan Lokal", "Mendukung": null, "Ura_Dukung": null, "Kd_Bd_PU": null, "Kd_Jns_Inf": null, "Kd_Inf": "001 00 K 045", "Propinsi": "Kalimantan Timur", "Kab_Kota": "Bontang", "Kecamatan": "Bontang Barat", "Desa_Kel": "Kanaan", "Tk_Ruas_Aw": "Sp. 3 Jl. Asmawarman - Jl. Pongtiku", "Tk_Ruas_Ak": "Jl. Sungai Mahakam", "Kd_Patok": null, "Km_Awal": 0.0, "Km_Akhir": 0.0, "Nm_Lintas": "-", "Kon_Baik": 0.0, "Kon_Sdg": 0.0, "Kon_Rgn": 0.895, "Kon_Rusak": 0.0, "Kon_Mntp": 0.0, "Kon_T_Mntp": 0.0, "Panjang": 0.8908962213, "Lbr_Keras": 6.0, "LHRT": 0.0, "VCR": 0.0, "Tipe_Jln": 2, "MST": 0.0, "Tipe_Keras": "Beton", "Tanah_Kri": 0.0, "Macadam": 0.0, "Aspal": 0.0, "Rigid": 100.0, "Thn_Pen_Ak": 2019, "Jns_Pen": "Rehabilitasi / Pemeliharaan & Peningkatan", "Koord_X_Aw": 117.4545845395, "Koord_Y_Aw": 0.1302514993, "Koord_X_Ak": 117.4618031935, "Koord_Y_Ak": 0.1325916361 }, "geometry": { "type": "LineString", "coordinates": [ [ 117.454584539534181, 0.130251499343432, 0.0 ], [ 117.454743127384674, 0.130301145379015, 0.0 ], [ 117.454890677205071, 0.130335421902503, 0.0 ], [ 117.454954105804561, 0.130346558850908, 0.0 ], [ 117.455018364791414, 0.130350629226662, 0.0 ], [ 117.455082679754085, 0.130347583976081, 0.0 ], [ 117.45514627560658, 0.130337459798969, 0.0 ], [ 117.455222934969143, 0.130313967858651, 0.0 ], [ 117.45570737085778, 0.130165514511108, 0.0 ], [ 117.455783866404985, 0.130142006197875, 0.0 ], [ 117.455862011027108, 0.130124854525336, 0.0 ], [ 117.455941284471308, 0.130114173681627, 0.0 ], [ 117.456003885900316, 0.130110929824391, 0.0 ], [ 117.456021158969676, 0.130110034774988, 0.0 ], [ 117.456101102752783, 0.130112465360082, 0.0 ], [ 117.456381369608664, 0.130160030945368, 0.0 ], [ 117.456662299756545, 0.130203449938339, 0.0 ], [ 117.456934923679952, 0.130235126493352, 0.0 ], [ 117.457206922824923, 0.13027184525427, 0.0 ], [ 117.457478205187272, 0.130313593800358, 0.0 ], [ 117.457604421369211, 0.130329184472419, 0.0 ], [ 117.458378454782391, 0.130424795814091, 0.0 ], [ 117.45838831350963, 0.130426013598689, 0.0 ], [ 117.458505920572478, 0.1304421242108, 0.0 ], [ 117.458622661368068, 0.130463695110873, 0.0 ], [ 117.458738285903792, 0.130490680106002, 0.0 ], [ 117.458817256577561, 0.130512069409138, 0.0 ], [ 117.45889515387293, 0.130537132472845, 0.0 ], [ 117.458971809263261, 0.130565815074421, 0.0 ], [ 117.45902365308983, 0.130599446519127, 0.0 ], [ 117.459077909040559, 0.130628970887011, 0.0 ], [ 117.459134256731659, 0.130654213835532, 0.0 ], [ 117.459189332317251, 0.130678648944948, 0.0 ], [ 117.459246120958923, 0.130698720172296, 0.0 ], [ 117.459304282090542, 0.130714307148877, 0.0 ], [ 117.459378700762556, 0.130724943006762, 0.0 ], [ 117.459452212773357, 0.130740724565257, 0.0 ], [ 117.459510741063255, 0.130761453611909, 0.0 ], [ 117.459532082580097, 0.130769012166832, 0.0 ], [ 117.459609749968848, 0.1308029509591, 0.0 ], [ 117.459684821000266, 0.130842368799776, 0.0 ], [ 117.460024862809945, 0.131073688374071, 0.0 ], [ 117.460261702309083, 0.131234802700399, 0.0 ], [ 117.460602489225579, 0.131455859618841, 0.0 ], [ 117.46067395527615, 0.131506142249105, 0.0 ], [ 117.460741819742481, 0.131561250663532, 0.0 ], [ 117.460805761702105, 0.131620924261494, 0.0 ], [ 117.460865478781756, 0.13168488085374, 0.0 ], [ 117.460920688586953, 0.131752817997749, 0.0 ], [ 117.461071600778894, 0.131958275731253, 0.0 ], [ 117.461106674210185, 0.132018383589803, 0.0 ], [ 117.461147257557911, 0.132074867716218, 0.0 ], [ 117.461192984206775, 0.132127217853472, 0.0 ], [ 117.461243441078764, 0.132174961089482, 0.0 ], [ 117.461298172364749, 0.132217666129387, 0.0 ], [ 117.461803193534081, 0.132591636050686, 0.0 ] ] } },
{ "type": "Feature", "properties": { "Kl_Dat_Das": "Jalan non tol", "Nm_Ruas": "Jl. Pattimura", "Thn_Data": 2015, "Status": "Jalan Kota", "Fungsi": "Jalan Kolektor", "Mendukung": null, "Ura_Dukung": null, "Kd_Bd_PU": null, "Kd_Jns_Inf": null, "Kd_Inf": "001 00 K 020", "Propinsi": "Kalimantan Timur", "Kab_Kota": "Bontang", "Kecamatan": "Bontang Utara", "Desa_Kel": "Api-api", "Tk_Ruas_Aw": "Jl. Jenderal A. Yani", "Tk_Ruas_Ak": "Jl. AIP II Ks. Tubun", "Kd_Patok": null, "Km_Awal": 0.0, "Km_Akhir": 0.0, "Nm_Lintas": "-", "Kon_Baik": 1.1906179135, "Kon_Sdg": 0.0, "Kon_Rgn": 0.0, "Kon_Rusak": 0.0, "Kon_Mntp": 0.0, "Kon_T_Mntp": 0.0, "Panjang": 1.1906179135, "Lbr_Keras": 5.0, "LHRT": 0.0, "VCR": 0.0, "Tipe_Jln": 2, "MST": 0.0, "Tipe_Keras": "Aspal", "Tanah_Kri": 0.0, "Macadam": 0.0, "Aspal": 100.0, "Rigid": 0.0, "Thn_Pen_Ak": 2019, "Jns_Pen": "Peningkatan", "Koord_X_Aw": 117.49119105699999, "Koord_Y_Aw": 0.1326984685, "Koord_X_Ak": 117.5005962219, "Koord_Y_Ak": 0.1317388039 }, "geometry": { "type": "LineString", "coordinates": [ [ 117.491191057027166, 0.132698468451633, 0.0 ], [ 117.491224106162008, 0.132683073396614, 0.0 ], [ 117.491312283110915, 0.132634547981657, 0.0 ], [ 117.491397041293951, 0.132580197884655, 0.0 ], [ 117.491424739139305, 0.13255969427873, 0.0 ], [ 117.491478001656517, 0.132520266169907, 0.0 ], [ 117.49155480212859, 0.132455020863683, 0.0 ], [ 117.491627099243985, 0.132384753755553, 0.0 ], [ 117.491694569676454, 0.132309779093628, 0.0 ], [ 117.491756911685528, 0.132230432178942, 0.0 ], [ 117.491828755490786, 0.132139588212962, 0.0 ], [ 117.492124158100125, 0.131766062016256, 0.0 ], [ 117.492157292728251, 0.131724164447629, 0.0 ], [ 117.492229206373679, 0.131641653836739, 0.0 ], [ 117.492281613085794, 0.13157418729723, 0.0 ], [ 117.492296374226726, 0.131555184328961, 0.0 ], [ 117.492358581676385, 0.131465032207099, 0.0 ], [ 117.492415629960973, 0.131371485520568, 0.0 ], [ 117.492467336802932, 0.13127484316488, 0.0 ], [ 117.492509719167174, 0.131183630416213, 0.0 ], [ 117.492513536991652, 0.131175413926501, 0.0 ], [ 117.4925540829109, 0.131073515496485, 0.0 ], [ 117.492581167555358, 0.130998494033418, 0.0 ], [ 117.492613195104681, 0.130925472914371, 0.0 ], [ 117.492650020976001, 0.130854781780273, 0.0 ], [ 117.492691478925224, 0.130786739753817, 0.0 ], [ 117.492731942016022, 0.130729367073642, 0.0 ], [ 117.492737381797625, 0.130721653998812, 0.0 ], [ 117.492787522372666, 0.130659818333251, 0.0 ], [ 117.492832563481471, 0.130623947836124, 0.0 ], [ 117.492880845695453, 0.130592640765352, 0.0 ], [ 117.492931914452143, 0.130566191867421, 0.0 ], [ 117.492985288954628, 0.130544850150533, 0.0 ], [ 117.493040466698105, 0.130528816540387, 0.0 ], [ 117.493096928200856, 0.130518241988363, 0.0 ], [ 117.493277236541672, 0.130481069274486, 0.0 ], [ 117.49334626751866, 0.130466837715588, 0.0 ], [ 117.493441936303682, 0.130451450269087, 0.0 ], [ 117.493570796644988, 0.130430724264903, 0.0 ], [ 117.493727641821437, 0.130413792519811, 0.0 ], [ 117.494078412958345, 0.130375926083837, 0.0 ], [ 117.494182457834199, 0.130360480834213, 0.0 ], [ 117.494287245057393, 0.130351456777371, 0.0 ], [ 117.494392383995475, 0.130348887553456, 0.0 ], [ 117.494497482704887, 0.130352782739811, 0.0 ], [ 117.494567792067642, 0.130359731996549, 0.0 ], [ 117.494602149392051, 0.130363127815422, 0.0 ], [ 117.494705993873978, 0.130379884215044, 0.0 ], [ 117.495200791993526, 0.130457557837221, 0.0 ], [ 117.495437389360703, 0.130490245981618, 0.0 ], [ 117.495686651734545, 0.130524683911647, 0.0 ], [ 117.495959199702469, 0.130584790655165, 0.0 ], [ 117.496225783291393, 0.130643582030384, 0.0 ], [ 117.496508438143934, 0.130700988261194, 0.0 ], [ 117.49676096993754, 0.13072723023961, 0.0 ], [ 117.497013972814571, 0.130748378950024, 0.0 ], [ 117.497055052041333, 0.130750980641011, 0.0 ], [ 117.497267345430274, 0.130764425921704, 0.0 ], [ 117.497314831731373, 0.130766473870399, 0.0 ], [ 117.497405869685792, 0.130770400077395, 0.0 ], [ 117.497520986291676, 0.130775364727289, 0.0 ], [ 117.497797593640669, 0.130786910007994, 0.0 ], [ 117.498067560671061, 0.130798178125824, 0.0 ], [ 117.498208588496837, 0.130804064466046, 0.0 ], [ 117.498301907508122, 0.130808478122959, 0.0 ], [ 117.49839473306298, 0.130819088313198, 0.0 ], [ 117.498468131997996, 0.130832470660983, 0.0 ], [ 117.498486659636214, 0.130835848684034, 0.0 ], [ 117.498577285630006, 0.130858686014473, 0.0 ], [ 117.498666215128409, 0.130887500535261, 0.0 ], [ 117.49869175390279, 0.130897694880559, 0.0 ], [ 117.498753059626921, 0.130922166364752, 0.0 ], [ 117.498987355190437, 0.131013158037318, 0.0 ], [ 117.499426685080039, 0.131209720622958, 0.0 ], [ 117.499461045164736, 0.131225197003325, 0.0 ], [ 117.499790810154124, 0.131373728887098, 0.0 ], [ 117.499958164965918, 0.131449108397802, 0.0 ], [ 117.499976659708238, 0.131457505522209, 0.0 ], [ 117.500596221941734, 0.131738803880149, 0.0 ] ] } },
{ "type": "Feature", "properties": { "Kl_Dat_Das": "Jalan non tol", "Nm_Ruas": "Jl. Kalimantan KCY_AP_01", "Thn_Data": 2015, "Status": "Jalan Kota", "Fungsi": "Jalan Lingkungan", "Mendukung": null, "Ura_Dukung": null, "Kd_Bd_PU": null, "Kd_Jns_Inf": null, "Kd_Inf": "001 00 K 301", "Propinsi": "Kalimantan Timur", "Kab_Kota": "Bontang", "Kecamatan": "Bontang Utara", "Desa_Kel": "Api-api", "Tk_Ruas_Aw": "Jl. Kalimantan KCY", "Tk_Ruas_Ak": "Buntu", "Kd_Patok": null, "Km_Awal": 0.0, "Km_Akhir": 0.0, "Nm_Lintas": "-", "Kon_Baik": 0.0631110277, "Kon_Sdg": 0.0, "Kon_Rgn": 0.0, "Kon_Rusak": 0.0, "Kon_Mntp": 0.0, "Kon_T_Mntp": 0.0, "Panjang": 0.0631110277, "Lbr_Keras": 0.0, "LHRT": 0.0, "VCR": 0.0, "Tipe_Jln": 2, "MST": 0.0, "Tipe_Keras": "Beton", "Tanah_Kri": 0.0, "Macadam": 0.0, "Aspal": 0.0, "Rigid": 100.0, "Thn_Pen_Ak": 0, "Jns_Pen": null, "Koord_X_Aw": 554713.96954844054, "Koord_Y_Aw": 14447.043999010701, "Koord_X_Ak": 554763.83178287745, "Koord_Y_Ak": 14409.703741118299 }, "geometry": { "type": "LineString", "coordinates": [ [ 117.491695826102927, 0.130702091364565, 0.0 ], [ 117.491695983418097, 0.130699915546348, 0.0 ], [ 117.491698734301082, 0.130688782028516, 0.0 ], [ 117.491703328383352, 0.130678282792319, 0.0 ], [ 117.491709631441566, 0.130668724589359, 0.0 ], [ 117.491717459322089, 0.130660386677488, 0.0 ], [ 117.491726583321181, 0.130653512661683, 0.0 ], [ 117.491736736866926, 0.13064830337712, 0.0 ], [ 117.491859892440715, 0.130577756831448, 0.0 ], [ 117.491893804690619, 0.130557348128194, 0.0 ], [ 117.491909180193872, 0.130548095009205, 0.0 ], [ 117.491955876902963, 0.130514451498502, 0.0 ], [ 117.491999665968436, 0.130477054399434, 0.0 ], [ 117.492143903380466, 0.130364266066746, 0.0 ] ] } },
{ "type": "Feature", "properties": { "Kl_Dat_Das": "Jalan non tol", "Nm_Ruas": "Jl. Catur", "Thn_Data": 2015, "Status": "Jalan Kota", "Fungsi": "Jalan Lingkungan", "Mendukung": null, "Ura_Dukung": null, "Kd_Bd_PU": null, "Kd_Jns_Inf": null, "Kd_Inf": "001 00 K 188", "Propinsi": "Kalimantan Timur", "Kab_Kota": "Bontang", "Kecamatan": "Bontang Utara", "Desa_Kel": "Api-api", "Tk_Ruas_Aw": "Jl. Imam Bonjol", "Tk_Ruas_Ak": "Buntu", "Kd_Patok": null, "Km_Awal": 0.0, "Km_Akhir": 0.0, "Nm_Lintas": "-", "Kon_Baik": 0.3697047653, "Kon_Sdg": 0.0, "Kon_Rgn": 0.0, "Kon_Rusak": 0.0, "Kon_Mntp": 0.0, "Kon_T_Mntp": 0.0, "Panjang": 0.3697537173, "Lbr_Keras": 0.0, "LHRT": 0.0, "VCR": 0.0, "Tipe_Jln": 2, "MST": 0.0, "Tipe_Keras": "Beton", "Tanah_Kri": 0.0, "Macadam": 0.0, "Aspal": 0.0, "Rigid": 100.0, "Thn_Pen_Ak": 0, "Jns_Pen": null, "Koord_X_Aw": 553778.14693227876, "Koord_Y_Aw": 14729.181960657201, "Koord_X_Ak": 553878.17046777997, "Koord_Y_Ak": 14379.9626377113 }, "geometry": { "type": "LineString", "coordinates": [ [ 117.483286158501301, 0.133254754783745, 0.0 ], [ 117.483295007570888, 0.133179604011401, 0.0 ], [ 117.483355490157038, 0.132671595360121, 0.0 ], [ 117.483423247848819, 0.132244456671412, 0.0 ], [ 117.483430623499117, 0.132189173321348, 0.0 ], [ 117.483457157056634, 0.131880071146343, 0.0 ], [ 117.483473930191394, 0.131763611275647, 0.0 ], [ 117.483484504295248, 0.131699412016116, 0.0 ], [ 117.483535398838129, 0.131390412643113, 0.0 ], [ 117.483561304565185, 0.13123312953555, 0.0 ], [ 117.483580984627039, 0.131175152027633, 0.0 ], [ 117.483606793031569, 0.131119664607721, 0.0 ], [ 117.483638425463823, 0.131067321565562, 0.0 ], [ 117.483670568297995, 0.131020025135075, 0.0 ], [ 117.483722415843999, 0.130945526071151, 0.0 ], [ 117.483900733701745, 0.130562532665698, 0.0 ], [ 117.484076675134517, 0.130244168875956, 0.0 ], [ 117.484184953976438, 0.130095353993206, 0.0 ] ] } },
{ "type": "Feature", "properties": { "Kl_Dat_Das": "Jalan non tol", "Nm_Ruas": "Jl. Catur 3", "Thn_Data": 2015, "Status": "Jalan Kota", "Fungsi": "Jalan Lingkungan", "Mendukung": null, "Ura_Dukung": null, "Kd_Bd_PU": null, "Kd_Jns_Inf": null, "Kd_Inf": "001 00 K 192", "Propinsi": "Kalimantan Timur", "Kab_Kota": "Bontang", "Kecamatan": "Bontang Utara", "Desa_Kel": "Api-api", "Tk_Ruas_Aw": "Jl. Catur", "Tk_Ruas_Ak": "Buntu", "Kd_Patok": null, "Km_Awal": 0.0, "Km_Akhir": 0.0, "Nm_Lintas": "-", "Kon_Baik": 0.0493684149, "Kon_Sdg": 0.0, "Kon_Rgn": 0.0, "Kon_Rusak": 0.0, "Kon_Mntp": 0.0, "Kon_T_Mntp": 0.0, "Panjang": 0.1058989403, "Lbr_Keras": 0.0, "LHRT": 0.0, "VCR": 0.0, "Tipe_Jln": 2, "MST": 0.0, "Tipe_Keras": "Beton", "Tanah_Kri": 0.0, "Macadam": 0.0, "Aspal": 0.0, "Rigid": 100.0, "Thn_Pen_Ak": 0, "Jns_Pen": null, "Koord_X_Aw": 553794.22510438133, "Koord_Y_Aw": 14611.399280848, "Koord_X_Ak": 553898.93100129254, "Koord_Y_Ak": 14627.2238301132 }, "geometry": { "type": "LineString", "coordinates": [ [ 117.483430623499117, 0.132189173321348, 0.0 ], [ 117.483950003205891, 0.132272367701066, 0.0 ], [ 117.484371560438106, 0.132332319366174, 0.0 ] ] } },
{ "type": "Feature", "properties": { "Kl_Dat_Das": "Jalan non tol", "Nm_Ruas": "Jl. Catur 4", "Thn_Data": 2015, "Status": "Jalan Kota", "Fungsi": "Jalan Lingkungan", "Mendukung": null, "Ura_Dukung": null, "Kd_Bd_PU": null, "Kd_Jns_Inf": null, "Kd_Inf": "001 00 K 189", "Propinsi": "Kalimantan Timur", "Kab_Kota": "Bontang", "Kecamatan": "Bontang Utara", "Desa_Kel": "Api-api", "Tk_Ruas_Aw": "Jl. Catur", "Tk_Ruas_Ak": "Buntu", "Kd_Patok": null, "Km_Awal": 0.0, "Km_Akhir": 0.0, "Nm_Lintas": "-", "Kon_Baik": 0.0423717106, "Kon_Sdg": 0.0, "Kon_Rgn": 0.0, "Kon_Rusak": 0.0, "Kon_Mntp": 0.0, "Kon_T_Mntp": 0.0, "Panjang": 0.0433051486, "Lbr_Keras": 0.0, "LHRT": 0.0, "VCR": 0.0, "Tipe_Jln": 2, "MST": 0.0, "Tipe_Keras": "Beton", "Tanah_Kri": 0.0, "Macadam": 0.0, "Aspal": 0.0, "Rigid": 100.0, "Thn_Pen_Ak": 0, "Jns_Pen": null, "Koord_X_Aw": 553778.14693227876, "Koord_Y_Aw": 14729.181960657201, "Koord_X_Ak": 553814.85195206385, "Koord_Y_Ak": 14726.7569629587 }, "geometry": { "type": "LineString", "coordinates": [ [ 117.483286158501301, 0.133254754783745, 0.0 ], [ 117.483461525843722, 0.133278252127883, 0.0 ], [ 117.483606266816679, 0.133298625305204, 0.0 ], [ 117.483616005884429, 0.13323280934013, 0.0 ] ] } },
{ "type": "Feature", "properties": { "Kl_Dat_Das": "Jalan non tol", "Nm_Ruas": "Jl. Asmawarman", "Thn_Data": 2015, "Status": "Jalan Kota", "Fungsi": "Jalan Lokal", "Mendukung": null, "Ura_Dukung": null, "Kd_Bd_PU": null, "Kd_Jns_Inf": null, "Kd_Inf": "001 00 K 050", "Propinsi": "Kalimantan Timur", "Kab_Kota": "Bontang", "Kecamatan": "Bontang Barat", "Desa_Kel": "Gunung Telihan", "Tk_Ruas_Aw": "Jl. Letjen. S. Parman", "Tk_Ruas_Ak": "Sp. 3 Jl. Damai û Jl. Pongtiku", "Kd_Patok": null, "Km_Awal": 0.0, "Km_Akhir": 0.0, "Nm_Lintas": "-", "Kon_Baik": 0.0, "Kon_Sdg": 0.0, "Kon_Rgn": 1.027, "Kon_Rusak": 0.0, "Kon_Mntp": 0.0, "Kon_T_Mntp": 0.0, "Panjang": 1.0204865371, "Lbr_Keras": 5.0, "LHRT": 0.0, "VCR": 0.0, "Tipe_Jln": 2, "MST": 0.0, "Tipe_Keras": "Beton", "Tanah_Kri": 0.0, "Macadam": 0.0, "Aspal": 0.0, "Rigid": 100.0, "Thn_Pen_Ak": 0, "Jns_Pen": null, "Koord_X_Aw": 117.45506468710001, "Koord_Y_Aw": 0.1394213486, "Koord_X_Ak": 117.4545845395, "Koord_Y_Ak": 0.1302514993 }, "geometry": { "type": "LineString", "coordinates": [ [ 117.455064687084899, 0.139421348553296, 0.0 ], [ 117.455073879413789, 0.139194180134476, 0.0 ], [ 117.45507685030951, 0.13913134552927, 0.0 ], [ 117.455067933207729, 0.139089456003987, 0.0 ], [ 117.455064959962087, 0.139029613635373, 0.0 ], [ 117.455059014903441, 0.138984731930978, 0.0 ], [ 117.455061985743754, 0.138918905204378, 0.0 ], [ 117.455038920299756, 0.13881693415672, 0.0 ], [ 117.455035725207409, 0.13877254910971, 0.0 ], [ 117.455030358731591, 0.138716399045867, 0.0 ], [ 117.455014665002693, 0.138661823056455, 0.0 ], [ 117.455014664180254, 0.138618736509193, 0.0 ], [ 117.455006103738185, 0.138577086345712, 0.0 ], [ 117.454975790820896, 0.138495021676226, 0.0 ], [ 117.454950674018107, 0.138250636106927, 0.0 ], [ 117.454955757882232, 0.138212809058967, 0.0 ], [ 117.454955383342664, 0.138174639195946, 0.0 ], [ 117.454949558191643, 0.138136920639137, 0.0 ], [ 117.454938403621128, 0.138100438120641, 0.0 ], [ 117.454920823077316, 0.138063956816256, 0.0 ], [ 117.454916824178653, 0.1380503919143, 0.0 ], [ 117.454909363659482, 0.138025084643196, 0.0 ], [ 117.454904329887313, 0.13798485458086, 0.0 ], [ 117.454905855527031, 0.137944335692915, 0.0 ], [ 117.454857424110017, 0.137237545686487, 0.0 ], [ 117.454840258065857, 0.136987030599007, 0.0 ], [ 117.45482870839615, 0.136806100059176, 0.0 ], [ 117.45478626421567, 0.136141193099557, 0.0 ], [ 117.454771910187333, 0.13591633063837, 0.0 ], [ 117.454756907071854, 0.13552532291187, 0.0 ], [ 117.454742175106148, 0.13514138128122, 0.0 ], [ 117.454713402145245, 0.134741398084586, 0.0 ], [ 117.454677697896287, 0.134341981500883, 0.0 ], [ 117.454635073240723, 0.13394325325613, 0.0 ], [ 117.454563771092864, 0.132878772678477, 0.0 ], [ 117.45453344364212, 0.132448281675717, 0.0 ], [ 117.454496282777768, 0.131920791464032, 0.0 ], [ 117.45447757407365, 0.131655225351436, 0.0 ], [ 117.454443665272635, 0.131009834858337, 0.0 ], [ 117.454438244685889, 0.1309086321191, 0.0 ], [ 117.454439959788473, 0.130807297065548, 0.0 ], [ 117.454448801960552, 0.130706338987936, 0.0 ], [ 117.454464726762936, 0.130606265282021, 0.0 ], [ 117.454487654160559, 0.13050757889874, 0.0 ], [ 117.454517468924621, 0.130410775816652, 0.0 ], [ 117.454554021211749, 0.130316342549185, 0.0 ], [ 117.454584539534181, 0.130251499343432, 0.0 ] ] } },
{ "type": "Feature", "properties": { "Kl_Dat_Das": "Jalan non tol", "Nm_Ruas": "Jl. Catur 5", "Thn_Data": 2015, "Status": "Jalan Kota", "Fungsi": "Jalan Lingkungan", "Mendukung": null, "Ura_Dukung": null, "Kd_Bd_PU": null, "Kd_Jns_Inf": null, "Kd_Inf": "001 00 K 193", "Propinsi": "Kalimantan Timur", "Kab_Kota": "Bontang", "Kecamatan": "Bontang Utara", "Desa_Kel": "Api-api", "Tk_Ruas_Aw": "Jl. Catur", "Tk_Ruas_Ak": "Buntu", "Kd_Patok": null, "Km_Awal": 0.0, "Km_Akhir": 0.0, "Nm_Lintas": "-", "Kon_Baik": 0.1073455289, "Kon_Sdg": 0.0, "Kon_Rgn": 0.0, "Kon_Rusak": 0.0, "Kon_Mntp": 0.0, "Kon_T_Mntp": 0.0, "Panjang": 0.1106839026, "Lbr_Keras": 0.0, "LHRT": 0.0, "VCR": 0.0, "Tipe_Jln": 2, "MST": 0.0, "Tipe_Keras": "Beton", "Tanah_Kri": 0.0, "Macadam": 0.0, "Aspal": 0.0, "Rigid": 100.0, "Thn_Pen_Ak": 0, "Jns_Pen": null, "Koord_X_Aw": 553814.85195206385, "Koord_Y_Aw": 14726.7569629587, "Koord_X_Ak": 553831.75368715264, "Koord_Y_Ak": 14617.371142858599 }, "geometry": { "type": "LineString", "coordinates": [ [ 117.483616005884429, 0.13323280934013, 0.0 ], [ 117.483767873241092, 0.132243194076883, 0.0 ] ] } },
{ "type": "Feature", "properties": { "Kl_Dat_Das": "Jalan non tol", "Nm_Ruas": "Jl. Ir. Simon Tampubolon", "Thn_Data": 2015, "Status": "Jalan Kota", "Fungsi": "Jalan Lingkungan", "Mendukung": null, "Ura_Dukung": null, "Kd_Bd_PU": null, "Kd_Jns_Inf": null, "Kd_Inf": "001 00 K 034", "Propinsi": "Kalimantan Timur", "Kab_Kota": "Bontang", "Kecamatan": "Bontang Selatan", "Desa_Kel": "Satimpo", "Tk_Ruas_Aw": "Jl. Brigjen. Katamso", "Tk_Ruas_Ak": "Buntu", "Kd_Patok": null, "Km_Awal": 0.0, "Km_Akhir": 0.0, "Nm_Lintas": "-", "Kon_Baik": 2.7366922951000001, "Kon_Sdg": 0.0, "Kon_Rgn": 0.0, "Kon_Rusak": 0.0, "Kon_Mntp": 0.0, "Kon_T_Mntp": 0.0, "Panjang": 2.5005398664, "Lbr_Keras": 7.0, "LHRT": 0.0, "VCR": 0.0, "Tipe_Jln": 2, "MST": 0.0, "Tipe_Keras": "Beton", "Tanah_Kri": 0.0, "Macadam": 0.0, "Aspal": 0.0, "Rigid": 100.0, "Thn_Pen_Ak": 0, "Jns_Pen": null, "Koord_X_Aw": 117.4646551001, "Koord_Y_Aw": 0.1378930129, "Koord_X_Ak": 117.469369642, "Koord_Y_Ak": 0.1281916314 }, "geometry": { "type": "LineString", "coordinates": [ [ 117.464655100117525, 0.137893012892779, 0.0 ], [ 117.464390641881806, 0.137587941631689, 0.0 ], [ 117.464276118743797, 0.137455831088332, 0.0 ], [ 117.464114754709016, 0.137269686244305, 0.0 ], [ 117.463177526770025, 0.136234318627896, 0.0 ], [ 117.463117805299333, 0.136169836009786, 0.0 ], [ 117.462745481338359, 0.135767829398645, 0.0 ], [ 117.462443076610256, 0.135441316118663, 0.0 ], [ 117.461977625027899, 0.134914175758113, 0.0 ], [ 117.461895300638815, 0.134820940467576, 0.0 ], [ 117.461860056812952, 0.134777967521737, 0.0 ], [ 117.461830424685573, 0.134730896723193, 0.0 ], [ 117.461806869018062, 0.134680466347777, 0.0 ], [ 117.461789759266239, 0.134627467364252, 0.0 ], [ 117.461779363785823, 0.134572731028354, 0.0 ], [ 117.461775845623407, 0.134517115845032, 0.0 ], [ 117.461767817885956, 0.134356498429521, 0.0 ], [ 117.461766516814933, 0.134195683149386, 0.0 ], [ 117.461771944719189, 0.134034955399612, 0.0 ], [ 117.461768771679402, 0.133929310317399, 0.0 ], [ 117.461772761233917, 0.133823693292431, 0.0 ], [ 117.461783894812854, 0.133718595931194, 0.0 ], [ 117.461802120593546, 0.133614507421442, 0.0 ], [ 117.461827353741839, 0.133511912255032, 0.0 ], [ 117.461859476807049, 0.133411287972817, 0.0 ], [ 117.461898340268533, 0.133313102942043, 0.0 ], [ 117.461936746301802, 0.133232534364518, 0.0 ], [ 117.461943763231645, 0.133217814176082, 0.0 ], [ 117.461995534269832, 0.133125865207267, 0.0 ], [ 117.462053412408679, 0.133037684022519, 0.0 ], [ 117.46210757584727, 0.132960673859341, 0.0 ], [ 117.462166320163675, 0.132887145930946, 0.0 ], [ 117.462229425037165, 0.13281737600384, 0.0 ], [ 117.462296653792748, 0.13275162574999, 0.0 ], [ 117.46236775428882, 0.132690141765665, 0.0 ], [ 117.462442459862842, 0.13263315464635, 0.0 ], [ 117.462520490331414, 0.132580878122134, 0.0 ], [ 117.462539564647756, 0.132569731840247, 0.0 ], [ 117.462601553041182, 0.132533508255899, 0.0 ], [ 117.462685343966413, 0.132491222708184, 0.0 ], [ 117.462810093401984, 0.13243496889563, 0.0 ], [ 117.462937497363058, 0.132385108147584, 0.0 ], [ 117.463067232833438, 0.132341766879047, 0.0 ], [ 117.463198970885742, 0.132305054975792, 0.0 ], [ 117.463332377515286, 0.132275065515664, 0.0 ], [ 117.46343116162528, 0.132250354847951, 0.0 ], [ 117.463496090780993, 0.13223012512915, 0.0 ], [ 117.46352839932284, 0.13222005888527, 0.0 ], [ 117.463623779294039, 0.132184274622603, 0.0 ], [ 117.463716996172764, 0.13214311662626, 0.0 ], [ 117.463807751518189, 0.132096716666951, 0.0 ], [ 117.463895754770235, 0.132045223297842, 0.0 ], [ 117.463964413376814, 0.131998229309894, 0.0 ], [ 117.464029828644215, 0.131946759313909, 0.0 ], [ 117.464091713148264, 0.131891039460982, 0.0 ], [ 117.464149794978539, 0.131831314575257, 0.0 ], [ 117.464203818932887, 0.131767847078492, 0.0 ], [ 117.464253547638819, 0.131700915836734, 0.0 ], [ 117.464298762596499, 0.131630814935172, 0.0 ], [ 117.464339265138847, 0.131557852386017, 0.0 ], [ 117.464378055224032, 0.131484019852829, 0.0 ], [ 117.464411248324666, 0.131407471970345, 0.0 ], [ 117.464438658293972, 0.131328638019238, 0.0 ], [ 117.464460131416885, 0.131247960100491, 0.0 ], [ 117.464475547272201, 0.131165890655961, 0.0 ], [ 117.4644848194079, 0.13108288993116, 0.0 ], [ 117.464487895825954, 0.130999423394347, 0.0 ], [ 117.464484759273816, 0.130915959125924, 0.0 ], [ 117.464482911875109, 0.130827175586867, 0.0 ], [ 117.464474613975142, 0.130738766368828, 0.0 ], [ 117.46445991009567, 0.130651205824566, 0.0 ], [ 117.464438879129276, 0.130564963753348, 0.0 ], [ 117.46441163391593, 0.130480502880322, 0.0 ], [ 117.464378320637721, 0.130398276373754, 0.0 ], [ 117.464339118034431, 0.130318725413612, 0.0 ], [ 117.464272126477113, 0.130192830742936, 0.0 ], [ 117.464049713758712, 0.129774858981515, 0.0 ], [ 117.463562476792816, 0.128859212822802, 0.0 ], [ 117.463246820730078, 0.128235329109386, 0.0 ], [ 117.463518600999251, 0.128099345448236, 0.0 ], [ 117.464027095177428, 0.127844923379104, 0.0 ], [ 117.464105557316714, 0.127780292212878, 0.0 ], [ 117.464151920769126, 0.127712071090355, 0.0 ], [ 117.464173318691337, 0.127647440963299, 0.0 ], [ 117.464194716034982, 0.12755049596772, 0.0 ], [ 117.464280299271138, 0.126818024060032, 0.0 ], [ 117.464291090009993, 0.126765470314215, 0.0 ], [ 117.464311775058476, 0.126724537774192, 0.0 ], [ 117.46433317362704, 0.126695813060696, 0.0 ], [ 117.464355998877608, 0.126671396970695, 0.0 ], [ 117.464383817259531, 0.126647698898922, 0.0 ], [ 117.464411635679681, 0.126626155151843, 0.0 ], [ 117.4644480136932, 0.126602456926075, 0.0 ], [ 117.46449651794093, 0.126583785238996, 0.0 ], [ 117.464547162287843, 0.126575885135935, 0.0 ], [ 117.464719781115051, 0.126552902561941, 0.0 ], [ 117.464773278479029, 0.126534230785361, 0.0 ], [ 117.464804663551149, 0.126520586164693, 0.0 ], [ 117.465607179626787, 0.126028368450016, 0.0 ], [ 117.465672327444679, 0.126001438225761, 0.0 ], [ 117.465745083994037, 0.12598420232348, 0.0 ], [ 117.465813560778642, 0.125969838930508, 0.0 ], [ 117.465887744084398, 0.125961220299149, 0.0 ], [ 117.465956221071565, 0.125958346634599, 0.0 ], [ 117.466076620433583, 0.12594984685583, 0.0 ], [ 117.467259909983255, 0.125956368287224, 0.0 ], [ 117.467892371921423, 0.125987474869556, 0.0 ], [ 117.469311512150597, 0.126083005369636, 0.0 ], [ 117.46935906579769, 0.126092579275538, 0.0 ], [ 117.469440858289673, 0.126121302097276, 0.0 ], [ 117.469515042671247, 0.126174919454873, 0.0 ], [ 117.469707161042351, 0.12630513281445, 0.0 ], [ 117.470028626992288, 0.126554070931252, 0.0 ], [ 117.470070474909249, 0.126601944007452, 0.0 ], [ 117.470108518721204, 0.126659391920317, 0.0 ], [ 117.470142758497559, 0.126730244576954, 0.0 ], [ 117.470178900551701, 0.126808757012305, 0.0 ], [ 117.470192217009696, 0.126891099771473, 0.0 ], [ 117.47020289961705, 0.12698184012619, 0.0 ], [ 117.470199749391142, 0.127061690078982, 0.0 ], [ 117.470056297829771, 0.127289675588956, 0.0 ], [ 117.469683487651338, 0.127789485340277, 0.0 ], [ 117.469369642010022, 0.128191631408281, 0.0 ] ] } },
{ "type": "Feature", "properties": { "Kl_Dat_Das": "Jalan non tol", "Nm_Ruas": "Jl. Catur 6", "Thn_Data": 2015, "Status": "Jalan Kota", "Fungsi": "Jalan Lingkungan", "Mendukung": null, "Ura_Dukung": null, "Kd_Bd_PU": null, "Kd_Jns_Inf": null, "Kd_Inf": "001 00 K 194", "Propinsi": "Kalimantan Timur", "Kab_Kota": "Bontang", "Kecamatan": "Bontang Utara", "Desa_Kel": "Api-api", "Tk_Ruas_Aw": "Jl. Catur", "Tk_Ruas_Ak": "Sp. 4 Jl. Catur 6 - Jl. Catur 8", "Kd_Patok": null, "Km_Awal": 0.0, "Km_Akhir": 0.0, "Nm_Lintas": "-", "Kon_Baik": 0.1060555758, "Kon_Sdg": 0.0, "Kon_Rgn": 0.0, "Kon_Rusak": 0.0, "Kon_Mntp": 0.0, "Kon_T_Mntp": 0.0, "Panjang": 0.1122234741, "Lbr_Keras": 0.0, "LHRT": 0.0, "VCR": 0.0, "Tipe_Jln": 2, "MST": 0.0, "Tipe_Keras": "Beton", "Tanah_Kri": 0.0, "Macadam": 0.0, "Aspal": 0.0, "Rigid": 100.0, "Thn_Pen_Ak": 0, "Jns_Pen": null, "Koord_X_Aw": 553850.2732014535, "Koord_Y_Aw": 14733.841212837, "Koord_X_Ak": 553868.54009676166, "Koord_Y_Ak": 14623.114392822599 }, "geometry": { "type": "LineString", "coordinates": [ [ 117.483934318392429, 0.133296894174038, 0.0 ], [ 117.484098453427137, 0.132295146702928, 0.0 ] ] } },
{ "type": "Feature", "properties": { "Kl_Dat_Das": "Jalan non tol", "Nm_Ruas": "Jl. Sawi", "Thn_Data": 2015, "Status": "Jalan Kota", "Fungsi": "Jalan Lingkungan", "Mendukung": null, "Ura_Dukung": null, "Kd_Bd_PU": null, "Kd_Jns_Inf": null, "Kd_Inf": "001 00 K 114", "Propinsi": "Kalimantan Timur", "Kab_Kota": "Bontang", "Kecamatan": "Bontang Utara", "Desa_Kel": "Gunung Elai", "Tk_Ruas_Aw": "Jl. Bhayangkara", "Tk_Ruas_Ak": "Sp. 3 Jl. Tomat û Jl. Durian", "Kd_Patok": null, "Km_Awal": 0.0, "Km_Akhir": 0.0, "Nm_Lintas": "-", "Kon_Baik": 0.3774327796, "Kon_Sdg": 0.0, "Kon_Rgn": 0.0, "Kon_Rusak": 0.0, "Kon_Mntp": 0.0, "Kon_T_Mntp": 0.0, "Panjang": 0.3774327796, "Lbr_Keras": 0.0, "LHRT": 0.0, "VCR": 0.0, "Tipe_Jln": 2, "MST": 0.0, "Tipe_Keras": "Beton", "Tanah_Kri": 0.0, "Macadam": 0.0, "Aspal": 0.0, "Rigid": 100.0, "Thn_Pen_Ak": 0, "Jns_Pen": null, "Koord_X_Aw": 117.4759105831, "Koord_Y_Aw": 0.1341991416, "Koord_X_Ak": 117.4753357957, "Koord_Y_Ak": 0.1310498878 }, "geometry": { "type": "LineString", "coordinates": [ [ 117.475910583098326, 0.134199141581689, 0.0 ], [ 117.475740414567099, 0.134046141126362, 0.0 ], [ 117.475620747097409, 0.133914557435219, 0.0 ], [ 117.475506026143989, 0.133778581891136, 0.0 ], [ 117.475396410613939, 0.133638402841996, 0.0 ], [ 117.475292052343107, 0.133494214458438, 0.0 ], [ 117.475233902699401, 0.133399796947458, 0.0 ], [ 117.475226464387674, 0.1333834074739, 0.0 ], [ 117.475221742983194, 0.133366026498834, 0.0 ], [ 117.475219861569585, 0.133348107131155, 0.0 ], [ 117.475220869194018, 0.133330116514856, 0.0 ], [ 117.475223420370867, 0.133310488135407, 0.0 ], [ 117.475251489117113, 0.133094531373956, 0.0 ], [ 117.475267516558901, 0.13297121864025, 0.0 ], [ 117.475294314373855, 0.132798118722917, 0.0 ], [ 117.475315983590704, 0.132624292633181, 0.0 ], [ 117.475330939247897, 0.132466422407333, 0.0 ], [ 117.475332505015786, 0.132449894340425, 0.0 ], [ 117.475343864014903, 0.132275078320447, 0.0 ], [ 117.475350050527041, 0.132099999419381, 0.0 ], [ 117.475351059072295, 0.131924812716022, 0.0 ], [ 117.475335795675164, 0.131049887771951, 0.0 ] ] } },
{ "type": "Feature", "properties": { "Kl_Dat_Das": "Jalan non tol", "Nm_Ruas": "Jl. Senam", "Thn_Data": 2015, "Status": "Jalan Kota", "Fungsi": "Jalan Lingkungan", "Mendukung": null, "Ura_Dukung": null, "Kd_Bd_PU": null, "Kd_Jns_Inf": null, "Kd_Inf": "001 00 K 117", "Propinsi": "Kalimantan Timur", "Kab_Kota": "Bontang", "Kecamatan": "Bontang Utara", "Desa_Kel": "Api-api", "Tk_Ruas_Aw": "Jl. Mayjen. DI. Panjaitan", "Tk_Ruas_Ak": "Jl. Pattimura", "Kd_Patok": null, "Km_Awal": 0.0, "Km_Akhir": 0.0, "Nm_Lintas": "-", "Kon_Baik": 0.250579666, "Kon_Sdg": 0.0, "Kon_Rgn": 0.0, "Kon_Rusak": 0.0, "Kon_Mntp": 0.0, "Kon_T_Mntp": 0.0, "Panjang": 0.2519528117, "Lbr_Keras": 0.0, "LHRT": 0.0, "VCR": 0.0, "Tipe_Jln": 2, "MST": 0.0, "Tipe_Keras": "Beton", "Tanah_Kri": 0.0, "Macadam": 0.0, "Aspal": 0.0, "Rigid": 100.0, "Thn_Pen_Ak": 0, "Jns_Pen": null, "Koord_X_Aw": 117.4926977085, "Koord_Y_Aw": 0.1340744434, "Koord_X_Ak": 117.49132581720001, "Koord_Y_Ak": 0.1326258694 }, "geometry": { "type": "LineString", "coordinates": [ [ 117.491325817226212, 0.132625869403916, 0.0 ], [ 117.491336827653569, 0.132626483816989, 0.0 ], [ 117.491459439372676, 0.13263332589803, 0.0 ], [ 117.491991802937065, 0.132663033283398, 0.0 ], [ 117.492314738045607, 0.133029069101923, 0.0 ], [ 117.492347834459608, 0.133078629391686, 0.0 ], [ 117.492375005633576, 0.133131715640331, 0.0 ], [ 117.492395885754476, 0.133187613132957, 0.0 ], [ 117.492565708986135, 0.133755068442729, 0.0 ], [ 117.492599440547451, 0.13386134822802, 0.0 ], [ 117.49264765876822, 0.133962534760572, 0.0 ], [ 117.492697708467972, 0.13407444340927, 0.0 ] ] } },
{ "type": "Feature", "properties": { "Kl_Dat_Das": "Jalan non tol", "Nm_Ruas": "Jl. Sungai Membrano", "Thn_Data": 2015, "Status": "Jalan Kota", "Fungsi": "Jalan Lingkungan", "Mendukung": null, "Ura_Dukung": null, "Kd_Bd_PU": null, "Kd_Jns_Inf": null, "Kd_Inf": "001 00 K 410", "Propinsi": "Kalimantan Timur", "Kab_Kota": "Bontang", "Kecamatan": "Bontang Selatan", "Desa_Kel": "Satimpo", "Tk_Ruas_Aw": "Jl. Ir. Simon Tampubolon", "Tk_Ruas_Ak": "Jl. Sungai Kapuas", "Kd_Patok": null, "Km_Awal": 0.0, "Km_Akhir": 0.0, "Nm_Lintas": "-", "Kon_Baik": 0.1780605459, "Kon_Sdg": 0.0, "Kon_Rgn": 0.0, "Kon_Rusak": 0.0, "Kon_Mntp": 0.0, "Kon_T_Mntp": 0.0, "Panjang": 0.1780605459, "Lbr_Keras": 0.0, "LHRT": 0.0, "VCR": 0.0, "Tipe_Jln": 2, "MST": 0.0, "Tipe_Keras": "Beton", "Tanah_Kri": 0.0, "Macadam": 0.0, "Aspal": 0.0, "Rigid": 100.0, "Thn_Pen_Ak": 0, "Jns_Pen": null, "Koord_X_Aw": 551575.94023479545, "Koord_Y_Aw": 14615.8835428476, "Koord_X_Ak": 551597.46829500969, "Koord_Y_Ak": 14700.350865533501 }, "geometry": { "type": "MultiLineString", "coordinates": [ [ [ 117.46349609078095, 0.13223012512924, 0.0 ], [ 117.463604518915531, 0.132637321017796, 0.0 ], [ 117.463643217224913, 0.132779402098038, 0.0 ], [ 117.463675577894591, 0.13286506269435, 0.0 ], [ 117.463685623024844, 0.132890905580896, 0.0 ], [ 117.463691792702832, 0.132917952651392, 0.0 ], [ 117.463693953362537, 0.132945618369899, 0.0 ], [ 117.463692058228318, 0.132973303807512, 0.0 ], [ 117.463686148327497, 0.133000409608428, 0.0 ] ], [ [ 117.462975604003873, 0.133328550473152, 0.0 ], [ 117.463034823066081, 0.133291466383923, 0.0 ], [ 117.463101459965955, 0.133257424179305, 0.0 ], [ 117.463170779508118, 0.133229331147447, 0.0 ], [ 117.463242258841774, 0.133207399182709, 0.0 ], [ 117.463584053695755, 0.133106536013543, 0.0 ], [ 117.46361695145265, 0.133085406187661, 0.0 ], [ 117.463645997887056, 0.133059171444586, 0.0 ], [ 117.463670419611958, 0.133028530307115, 0.0 ], [ 117.463689566377766, 0.132994298622236, 0.0 ] ] ] } },
{ "type": "Feature", "properties": { "Kl_Dat_Das": "Jalan non tol", "Nm_Ruas": "Jl. Seledri (Jl. Labu Putih)", "Thn_Data": 2015, "Status": "Jalan Kota", "Fungsi": "Jalan Lingkungan", "Mendukung": null, "Ura_Dukung": null, "Kd_Bd_PU": null, "Kd_Jns_Inf": null, "Kd_Inf": "001 00 K 392", "Propinsi": "Kalimantan Timur", "Kab_Kota": "Bontang", "Kecamatan": "Bontang Utara", "Desa_Kel": "Gunung Elai", "Tk_Ruas_Aw": "Jl. Sungai Membrano", "Tk_Ruas_Ak": "Buntu", "Kd_Patok": null, "Km_Awal": 0.0, "Km_Akhir": 0.0, "Nm_Lintas": "-", "Kon_Baik": 0.1524861167, "Kon_Sdg": 0.0, "Kon_Rgn": 0.0, "Kon_Rusak": 0.0, "Kon_Mntp": 0.0, "Kon_T_Mntp": 0.0, "Panjang": 0.1524861167, "Lbr_Keras": 0.0, "LHRT": 0.0, "VCR": 0.0, "Tipe_Jln": 2, "MST": 0.0, "Tipe_Keras": "Beton", "Tanah_Kri": 0.0, "Macadam": 0.0, "Aspal": 0.0, "Rigid": 100.0, "Thn_Pen_Ak": 0, "Jns_Pen": null, "Koord_X_Aw": 551592.87576820119, "Koord_Y_Aw": 14678.0822945238, "Koord_X_Ak": 551743.90299517161, "Koord_Y_Ak": 14670.653768292001 }, "geometry": { "type": "LineString", "coordinates": [ [ 117.463648291992754, 0.132792835307043, 0.0 ], [ 117.46369405954762, 0.132803659884019, 0.0 ], [ 117.463698268634062, 0.132804782785286, 0.0 ], [ 117.463793254525754, 0.132824079273576, 0.0 ], [ 117.463889217814994, 0.132837614336779, 0.0 ], [ 117.463985814018542, 0.132845339387984, 0.0 ], [ 117.464107218032169, 0.132845675466683, 0.0 ], [ 117.464228488837634, 0.132839941731618, 0.0 ], [ 117.464349327196146, 0.132828152330831, 0.0 ], [ 117.464370322440232, 0.132825038037481, 0.0 ], [ 117.464469434936277, 0.132810336355646, 0.0 ], [ 117.46500549304973, 0.13272560366795, 0.0 ] ] } },
{ "type": "Feature", "properties": { "Kl_Dat_Das": "Jalan non tol", "Nm_Ruas": "Jl. Sungai Kapuas (Jl. Sungai Serayu)", "Thn_Data": 2015, "Status": "Jalan Kota", "Fungsi": "Jalan Lingkungan", "Mendukung": null, "Ura_Dukung": null, "Kd_Bd_PU": null, "Kd_Jns_Inf": null, "Kd_Inf": "001 00 K 372", "Propinsi": "Kalimantan Timur", "Kab_Kota": "Bontang", "Kecamatan": "Bontang Utara", "Desa_Kel": "Gunung Elai", "Tk_Ruas_Aw": "Jl. Ir. Simon Tampubolon", "Tk_Ruas_Ak": "Jl. Ir. Simon Tampubolon", "Kd_Patok": null, "Km_Awal": 0.0, "Km_Akhir": 0.0, "Nm_Lintas": "-", "Kon_Baik": 0.3286270021, "Kon_Sdg": 0.0, "Kon_Rgn": 0.0, "Kon_Rusak": 0.0, "Kon_Mntp": 0.0, "Kon_T_Mntp": 0.0, "Panjang": 0.3286270021, "Lbr_Keras": 0.0, "LHRT": 0.0, "VCR": 0.0, "Tipe_Jln": 2, "MST": 0.0, "Tipe_Keras": "Aspal", "Tanah_Kri": 0.0, "Macadam": 0.0, "Aspal": 100.0, "Rigid": 0.0, "Thn_Pen_Ak": 0, "Jns_Pen": null, "Koord_X_Aw": 551469.49890705291, "Koord_Y_Aw": 14653.4195365086, "Koord_X_Ak": 551406.96233668551, "Koord_Y_Ak": 14912.5583580155 }, "geometry": { "type": "LineString", "coordinates": [ [ 117.462539564647855, 0.132569731840129, 0.0 ], [ 117.462764318869617, 0.13296086099411, 0.0 ], [ 117.462975604003873, 0.133328550473173, 0.0 ], [ 117.463112721319817, 0.133567169191755, 0.0 ], [ 117.463120839848557, 0.133605642695227, 0.0 ], [ 117.463123614358111, 0.133644875462508, 0.0 ], [ 117.463120991903679, 0.133684118828346, 0.0 ], [ 117.463113022528091, 0.133722623925051, 0.0 ], [ 117.463099858308752, 0.133759655972881, 0.0 ], [ 117.463081750453398, 0.133794508302284, 0.0 ], [ 117.4630112029446, 0.1339267635835, 0.0 ], [ 117.462845940412535, 0.134095462661828, 0.0 ], [ 117.462702878790438, 0.134234130274549, 0.0 ], [ 117.462676396383827, 0.134259799298198, 0.0 ], [ 117.462502684439528, 0.134419663398678, 0.0 ], [ 117.461977625027899, 0.134914175758113, 0.0 ] ] } },
{ "type": "Feature", "properties": { "Kl_Dat_Das": "Jalan non tol", "Nm_Ruas": "Jl. Sungai Asahan", "Thn_Data": 2015, "Status": "Jalan Kota", "Fungsi": "Jalan Lingkungan", "Mendukung": null, "Ura_Dukung": null, "Kd_Bd_PU": null, "Kd_Jns_Inf": null, "Kd_Inf": "001 00 K 412", "Propinsi": "Kalimantan Timur", "Kab_Kota": "Bontang", "Kecamatan": "Bontang Selatan", "Desa_Kel": "Satimpo", "Tk_Ruas_Aw": "Sp. 3 Jl. Sungai Serayu - Jl. Sungai Kapuas", "Tk_Ruas_Ak": "Jl. Sungai Membrano", "Kd_Patok": null, "Km_Awal": 0.0, "Km_Akhir": 0.0, "Nm_Lintas": "-", "Kon_Baik": 0.1016312953, "Kon_Sdg": 0.0, "Kon_Rgn": 0.0, "Kon_Rusak": 0.0, "Kon_Mntp": 0.0, "Kon_T_Mntp": 0.0, "Panjang": 0.1016312953, "Lbr_Keras": 0.0, "LHRT": 0.0, "VCR": 0.0, "Tipe_Jln": 2, "MST": 0.0, "Tipe_Keras": "Beton", "Tanah_Kri": 0.0, "Macadam": 0.0, "Aspal": 0.0, "Rigid": 100.0, "Thn_Pen_Ak": 0, "Jns_Pen": null, "Koord_X_Aw": 551588.00509528501, "Koord_Y_Aw": 14660.8926341891, "Koord_X_Ak": 551494.50836997491, "Koord_Y_Ak": 14696.652949159299 }, "geometry": { "type": "LineString", "coordinates": [ [ 117.463604518915531, 0.132637321017796, 0.0 ], [ 117.463600233069329, 0.13264914655764, 0.0 ], [ 117.463594148621041, 0.132660143794169, 0.0 ], [ 117.463586417808429, 0.132670037568175, 0.0 ], [ 117.463581876916692, 0.132674261526063, 0.0 ], [ 117.463577234061646, 0.132678580330548, 0.0 ], [ 117.463566827164968, 0.132685558335197, 0.0 ], [ 117.463555457506004, 0.13269079698722, 0.0 ], [ 117.463543409562149, 0.132694165211831, 0.0 ], [ 117.463530984781869, 0.132695578733774, 0.0 ], [ 117.462891171613705, 0.132891154815354, 0.0 ], [ 117.462816457997064, 0.132929144809566, 0.0 ], [ 117.462764318869617, 0.132960860994103, 0.0 ] ] } },
{ "type": "Feature", "properties": { "Kl_Dat_Das": "Jalan non tol", "Nm_Ruas": "Jl. Basalt", "Thn_Data": 2015, "Status": "Jalan Kota", "Fungsi": "Jalan Lingkungan", "Mendukung": null, "Ura_Dukung": null, "Kd_Bd_PU": null, "Kd_Jns_Inf": null, "Kd_Inf": "001 00 K 202", "Propinsi": "Kalimantan Timur", "Kab_Kota": "Bontang", "Kecamatan": "Bontang Utara", "Desa_Kel": "Bontang Kuala", "Tk_Ruas_Aw": "Jl. Kapten Piere Tendean", "Tk_Ruas_Ak": "Jl. AIP II KS Tubun", "Kd_Patok": null, "Km_Awal": 0.0, "Km_Akhir": 0.0, "Nm_Lintas": "-", "Kon_Baik": 0.3576128387, "Kon_Sdg": 0.0, "Kon_Rgn": 0.0, "Kon_Rusak": 0.0, "Kon_Mntp": 0.0, "Kon_T_Mntp": 0.0, "Panjang": 0.3576128387, "Lbr_Keras": 0.0, "LHRT": 0.0, "VCR": 0.0, "Tipe_Jln": 2, "MST": 0.0, "Tipe_Keras": "Beton", "Tanah_Kri": 0.0, "Macadam": 0.0, "Aspal": 0.0, "Rigid": 100.0, "Thn_Pen_Ak": 0, "Jns_Pen": null, "Koord_X_Aw": 555677.46182459593, "Koord_Y_Aw": 14648.812726624299, "Koord_X_Ak": 555957.95922799339, "Koord_Y_Ak": 14823.9279054218 }, "geometry": { "type": "LineString", "coordinates": [ [ 117.500354220027589, 0.132527314016561, 0.0 ], [ 117.500370037809418, 0.132574088406333, 0.0 ], [ 117.500389165856362, 0.132610924320554, 0.0 ], [ 117.500413665421632, 0.132644381306938, 0.0 ], [ 117.500442959926275, 0.132673671980593, 0.0 ], [ 117.500476359946219, 0.132698107007594, 0.0 ], [ 117.500513079437056, 0.132717111328057, 0.0 ], [ 117.500551616240699, 0.132730023916512, 0.0 ], [ 117.50118643518654, 0.132866446509222, 0.0 ], [ 117.501459850169155, 0.132911525957056, 0.0 ], [ 117.501561782725531, 0.132912615088606, 0.0 ], [ 117.501661962631871, 0.13290927955422, 0.0 ], [ 117.501758391360383, 0.132901815678928, 0.0 ], [ 117.501797907145189, 0.132905928419671, 0.0 ], [ 117.501836841689169, 0.132916035172638, 0.0 ], [ 117.501873849297709, 0.132931861112168, 0.0 ], [ 117.501908106215211, 0.132953053967073, 0.0 ], [ 117.501938849913998, 0.13297914200379, 0.0 ], [ 117.501965396067433, 0.133009544526294, 0.0 ], [ 117.501988336799457, 0.133045435650257, 0.0 ], [ 117.502122402911539, 0.133260149801379, 0.0 ], [ 117.502249110226487, 0.133463078421203, 0.0 ], [ 117.50230966257223, 0.133572611140803, 0.0 ], [ 117.502402495572753, 0.133740536103106, 0.0 ], [ 117.502428092288753, 0.133781631773853, 0.0 ], [ 117.502460976470317, 0.13381938832767, 0.0 ], [ 117.502499408880681, 0.133851396567676, 0.0 ], [ 117.502539163132496, 0.133874919587726, 0.0 ], [ 117.502874920959286, 0.134111523063519, 0.0 ] ] } },
{ "type": "Feature", "properties": { "Kl_Dat_Das": "Jalan non tol", "Nm_Ruas": "Jl. Seledri 3 (Jl. Labu Putih 3)", "Thn_Data": 2015, "Status": "Jalan Kota", "Fungsi": "Jalan Lingkungan", "Mendukung": null, "Ura_Dukung": null, "Kd_Bd_PU": null, "Kd_Jns_Inf": null, "Kd_Inf": "001 00 K 394", "Propinsi": "Kalimantan Timur", "Kab_Kota": "Bontang", "Kecamatan": "Bontang Utara", "Desa_Kel": "Gunung Elai", "Tk_Ruas_Aw": "Jl. Seledri", "Tk_Ruas_Ak": "Buntu", "Kd_Patok": null, "Km_Awal": 0.0, "Km_Akhir": 0.0, "Nm_Lintas": "-", "Kon_Baik": 0.1500084643, "Kon_Sdg": 0.0, "Kon_Rgn": 0.0, "Kon_Rusak": 0.0, "Kon_Mntp": 0.0, "Kon_T_Mntp": 0.0, "Panjang": 0.1500084643, "Lbr_Keras": 0.0, "LHRT": 0.0, "VCR": 0.0, "Tipe_Jln": 2, "MST": 0.0, "Tipe_Keras": "Beton", "Tanah_Kri": 0.0, "Macadam": 0.0, "Aspal": 0.0, "Rigid": 100.0, "Thn_Pen_Ak": 0, "Jns_Pen": null, "Koord_X_Aw": 551675.29888539854, "Koord_Y_Aw": 14681.3373274356, "Koord_X_Ak": 551705.05199866556, "Koord_Y_Ak": 14828.3648990691 }, "geometry": { "type": "LineString", "coordinates": [ [ 117.464388985809379, 0.132822269638691, 0.0 ], [ 117.464470868271803, 0.133221274917822, 0.0 ], [ 117.464484177256622, 0.133289717666393, 0.0 ], [ 117.464656386358214, 0.134152425032139, 0.0 ] ] } },
{ "type": "Feature", "properties": { "Kl_Dat_Das": "Jalan non tol", "Nm_Ruas": "Jl. Catur 7", "Thn_Data": 2015, "Status": "Jalan Kota", "Fungsi": "Jalan Lingkungan", "Mendukung": null, "Ura_Dukung": null, "Kd_Bd_PU": null, "Kd_Jns_Inf": null, "Kd_Inf": "001 00 K 197", "Propinsi": "Kalimantan Timur", "Kab_Kota": "Bontang", "Kecamatan": "Bontang Utara", "Desa_Kel": "Api-api", "Tk_Ruas_Aw": "Jl. Catur 6", "Tk_Ruas_Ak": "Buntu", "Kd_Patok": null, "Km_Awal": 0.0, "Km_Akhir": 0.0, "Nm_Lintas": "-", "Kon_Baik": 0.1115299274, "Kon_Sdg": 0.0, "Kon_Rgn": 0.0, "Kon_Rusak": 0.0, "Kon_Mntp": 0.0, "Kon_T_Mntp": 0.0, "Panjang": 0.1643056692, "Lbr_Keras": 0.0, "LHRT": 0.0, "VCR": 0.0, "Tipe_Jln": 2, "MST": 0.0, "Tipe_Keras": "Beton", "Tanah_Kri": 0.0, "Macadam": 0.0, "Aspal": 0.0, "Rigid": 100.0, "Thn_Pen_Ak": 0, "Jns_Pen": null, "Koord_X_Aw": 553879.4104145132, "Koord_Y_Aw": 14739.668655445799, "Koord_X_Ak": 553907.78449816909, "Koord_Y_Ak": 14577.8606304396 }, "geometry": { "type": "LineString", "coordinates": [ [ 117.48419615949588, 0.133349609795866, 0.0 ], [ 117.484251571475482, 0.133077507114355, 0.0 ], [ 117.484305807725335, 0.132728299231541, 0.0 ], [ 117.484422583944692, 0.132025042684202, 0.0 ], [ 117.484451113278951, 0.131885729545146, 0.0 ] ] } },
{ "type": "Feature", "properties": { "Kl_Dat_Das": "Jalan non tol", "Nm_Ruas": "Jl. Bangka_HOP_6", "Thn_Data": 2015, "Status": "Jalan Kota", "Fungsi": "Jalan Lokal", "Mendukung": null, "Ura_Dukung": null, "Kd_Bd_PU": null, "Kd_Jns_Inf": null, "Kd_Inf": "001 00 K 370", "Propinsi": "Kalimantan Timur", "Kab_Kota": "Bontang", "Kecamatan": "Bontang Barat", "Desa_Kel": "Gunung Telihan", "Tk_Ruas_Aw": "Jl. Kalimantan_HOP_6", "Tk_Ruas_Ak": "Jl. Sumatera_HOP_6", "Kd_Patok": null, "Km_Awal": 0.0, "Km_Akhir": 0.0, "Nm_Lintas": "-", "Kon_Baik": 0.4544379712, "Kon_Sdg": 0.0, "Kon_Rgn": 0.0, "Kon_Rusak": 0.0, "Kon_Mntp": 0.0, "Kon_T_Mntp": 0.0, "Panjang": 0.3787186922, "Lbr_Keras": 0.0, "LHRT": 0.0, "VCR": 0.0, "Tipe_Jln": 2, "MST": 0.0, "Tipe_Keras": "Aspal", "Tanah_Kri": 0.0, "Macadam": 0.0, "Aspal": 100.0, "Rigid": 0.0, "Thn_Pen_Ak": 0, "Jns_Pen": null, "Koord_X_Aw": 551207.50148163666, "Koord_Y_Aw": 15094.3911636006, "Koord_X_Ak": 551461.67826493294, "Koord_Y_Ak": 15374.889281177901 }, "geometry": { "type": "LineString", "coordinates": [ [ 117.460185205268644, 0.13655925487361, 0.0 ], [ 117.460479124678926, 0.136896779785518, 0.0 ], [ 117.46067930951979, 0.137126663763155, 0.0 ], [ 117.460745124343362, 0.137200473472774, 0.0 ], [ 117.461029505072133, 0.137519399456555, 0.0 ], [ 117.461321596270849, 0.137846972500127, 0.0 ], [ 117.461479874176305, 0.138024477232264, 0.0 ], [ 117.461607152266069, 0.138161009750688, 0.0 ], [ 117.461901926631839, 0.138477217221633, 0.0 ], [ 117.462060408835498, 0.138647222682466, 0.0 ], [ 117.462158984775286, 0.138764848216793, 0.0 ], [ 117.462180594304186, 0.138788885530854, 0.0 ], [ 117.462261563837359, 0.138878951818952, 0.0 ], [ 117.462368021954802, 0.138989395483435, 0.0 ], [ 117.462420537904364, 0.139049555206101, 0.0 ], [ 117.462436829068707, 0.139059361477737, 0.0 ], [ 117.462451253786114, 0.139071781925754, 0.0 ], [ 117.462463402619989, 0.139086464003297, 0.0 ], [ 117.462469408698183, 0.139096881831605, 0.0 ] ] } },
{ "type": "Feature", "properties": { "Kl_Dat_Das": "Jalan non tol", "Nm_Ruas": "Jl. Surabaya", "Thn_Data": 2015, "Status": "Jalan Kota", "Fungsi": "Jalan Lingkungan", "Mendukung": null, "Ura_Dukung": null, "Kd_Bd_PU": null, "Kd_Jns_Inf": null, "Kd_Inf": "001 00 K 102", "Propinsi": "Kalimantan Timur", "Kab_Kota": "Bontang", "Kecamatan": "Bontang Barat", "Desa_Kel": "Gunung Telihan", "Tk_Ruas_Aw": "Jl. Ir. Soekarno Hatta", "Tk_Ruas_Ak": "Jl. Pontianak 4", "Kd_Patok": null, "Km_Awal": 0.0, "Km_Akhir": 0.0, "Nm_Lintas": "-", "Kon_Baik": 0.4301499926, "Kon_Sdg": 0.0, "Kon_Rgn": 0.0, "Kon_Rusak": 0.0, "Kon_Mntp": 0.0, "Kon_T_Mntp": 0.0, "Panjang": 0.4301499926, "Lbr_Keras": 5.0, "LHRT": 0.0, "VCR": 0.0, "Tipe_Jln": 2, "MST": 0.0, "Tipe_Keras": "Beton", "Tanah_Kri": 0.0, "Macadam": 0.0, "Aspal": 0.0, "Rigid": 100.0, "Thn_Pen_Ak": 2011, "Jns_Pen": "Peningkatan", "Koord_X_Aw": 117.4480884285, "Koord_Y_Aw": 0.1338510068, "Koord_X_Ak": 117.4518383841, "Koord_Y_Ak": 0.1345676552 }, "geometry": { "type": "LineString", "coordinates": [ [ 117.448088428468793, 0.133851006768251, 0.0 ], [ 117.449177234461615, 0.134079877151604, 0.0 ], [ 117.449354803921054, 0.13410875169274, 0.0 ], [ 117.449533098156962, 0.134132675094665, 0.0 ], [ 117.449617801186335, 0.134141650022028, 0.0 ], [ 117.449711980985583, 0.134151629084497, 0.0 ], [ 117.449891315773328, 0.134165599185388, 0.0 ], [ 117.450376740344382, 0.134192138975705, 0.0 ], [ 117.450598431279516, 0.134204259559289, 0.0 ], [ 117.450636608110798, 0.134204413127998, 0.0 ], [ 117.450674291548211, 0.134210574179512, 0.0 ], [ 117.450710554642257, 0.13422259116222, 0.0 ], [ 117.450744505381678, 0.134240168478425, 0.0 ], [ 117.451077501570737, 0.134461275003453, 0.0 ], [ 117.451180953859676, 0.134495996016971, 0.0 ], [ 117.451286292689844, 0.134524391975405, 0.0 ], [ 117.451332980582563, 0.134533991436226, 0.0 ], [ 117.451393136882942, 0.134546360125544, 0.0 ], [ 117.451501099813214, 0.134561820973966, 0.0 ], [ 117.451609790806799, 0.134570718574337, 0.0 ], [ 117.451718816555299, 0.134573020730309, 0.0 ], [ 117.451827782538913, 0.134568719111523, 0.0 ], [ 117.451838384123562, 0.134567655178342, 0.0 ] ] } },
{ "type": "Feature", "properties": { "Kl_Dat_Das": "Jalan non tol", "Nm_Ruas": "Jl. Sungai Membrano", "Thn_Data": 2015, "Status": "Jalan Kota", "Fungsi": "Jalan Lingkungan", "Mendukung": null, "Ura_Dukung": null, "Kd_Bd_PU": null, "Kd_Jns_Inf": null, "Kd_Inf": "001 00 K 409", "Propinsi": "Kalimantan Timur", "Kab_Kota": "Bontang", "Kecamatan": "Bontang Selatan", "Desa_Kel": "Satimpo", "Tk_Ruas_Aw": "Jl. Sungai Kapuas", "Tk_Ruas_Ak": "Jl. Sungai Kapuas", "Kd_Patok": null, "Km_Awal": 0.0, "Km_Akhir": 0.0, "Nm_Lintas": "-", "Kon_Baik": 0.1142946914, "Kon_Sdg": 0.0, "Kon_Rgn": 0.0, "Kon_Rusak": 0.0, "Kon_Mntp": 0.0, "Kon_T_Mntp": 0.0, "Panjang": 0.1142946914, "Lbr_Keras": 0.0, "LHRT": 0.0, "VCR": 0.0, "Tipe_Jln": 2, "MST": 0.0, "Tipe_Keras": "Beton", "Tanah_Kri": 0.0, "Macadam": 0.0, "Aspal": 0.0, "Rigid": 100.0, "Thn_Pen_Ak": 0, "Jns_Pen": null, "Koord_X_Aw": 551487.66877105238, "Koord_Y_Aw": 14837.3919611088, "Koord_X_Ak": 551518.0190618037, "Koord_Y_Ak": 14737.2954629702 }, "geometry": { "type": "LineString", "coordinates": [ [ 117.462702878790481, 0.134234130274515, 0.0 ], [ 117.462698006327429, 0.134224279927841, 0.0 ], [ 117.462672834312144, 0.134157616449402, 0.0 ], [ 117.462654313968059, 0.13408877913743, 0.0 ], [ 117.462642625787751, 0.134018438855461, 0.0 ], [ 117.462637883680017, 0.133947281114527, 0.0 ], [ 117.462640133859622, 0.133875999392259, 0.0 ], [ 117.462649354397115, 0.133805288374562, 0.0 ], [ 117.46266545543233, 0.133735837185469, 0.0 ], [ 117.462688280050344, 0.133668322671163, 0.0 ], [ 117.462717605810525, 0.133603402803679, 0.0 ], [ 117.462758554578116, 0.133540474997066, 0.0 ], [ 117.462804772392332, 0.133481361420002, 0.0 ], [ 117.462855910649708, 0.13342650794349, 0.0 ], [ 117.462911583633897, 0.133376328306155, 0.0 ], [ 117.462971371424814, 0.133331200993644, 0.0 ], [ 117.462975604003901, 0.133328550473093, 0.0 ] ] } },
{ "type": "Feature", "properties": { "Kl_Dat_Das": "Jalan non tol", "Nm_Ruas": "Jl. Sungai Serayu", "Thn_Data": 2015, "Status": "Jalan Kota", "Fungsi": "Jalan Lingkungan", "Mendukung": null, "Ura_Dukung": null, "Kd_Bd_PU": null, "Kd_Jns_Inf": null, "Kd_Inf": "001 00 K 411", "Propinsi": "Kalimantan Timur", "Kab_Kota": "Bontang", "Kecamatan": "Bontang Selatan", "Desa_Kel": "Satimpo", "Tk_Ruas_Aw": "Jl. Sungai Kapuas", "Tk_Ruas_Ak": "Sp. 3 Jl. Sungai Kapuas - Jl. Sungai Asahan", "Kd_Patok": null, "Km_Awal": 0.0, "Km_Akhir": 0.0, "Nm_Lintas": "-", "Kon_Baik": 0.2048286118, "Kon_Sdg": 0.0, "Kon_Rgn": 0.0, "Kon_Rusak": 0.0, "Kon_Mntp": 0.0, "Kon_T_Mntp": 0.0, "Panjang": 0.2048286118, "Lbr_Keras": 0.0, "LHRT": 0.0, "VCR": 0.0, "Tipe_Jln": 2, "MST": 0.0, "Tipe_Keras": "Beton", "Tanah_Kri": 0.0, "Macadam": 0.0, "Aspal": 0.0, "Rigid": 100.0, "Thn_Pen_Ak": 0, "Jns_Pen": null, "Koord_X_Aw": 551494.50836995791, "Koord_Y_Aw": 14696.652949159001, "Koord_X_Ak": 551442.96063118521, "Koord_Y_Ak": 14878.8825341254 }, "geometry": { "type": "LineString", "coordinates": [ [ 117.462764318869475, 0.132960860994101, 0.0 ], [ 117.462744817663236, 0.132972723560367, 0.0 ], [ 117.462676662314138, 0.13302164063013, 0.0 ], [ 117.462612383624332, 0.133075614902936, 0.0 ], [ 117.462552350989966, 0.133134336200164, 0.0 ], [ 117.462496909406127, 0.133197467063052, 0.0 ], [ 117.462443654466341, 0.133261860998629, 0.0 ], [ 117.462395582053645, 0.133330262825956, 0.0 ], [ 117.462352988537162, 0.133402250844242, 0.0 ], [ 117.462316136508278, 0.133477381243613, 0.0 ], [ 117.462285253161923, 0.133555190841201, 0.0 ], [ 117.462260528895655, 0.133635199936729, 0.0 ], [ 117.462242116136053, 0.13371691526985, 0.0 ], [ 117.462230128398843, 0.133799833061181, 0.0 ], [ 117.462224639589223, 0.1338834421181, 0.0 ], [ 117.462225683546023, 0.133967226986279, 0.0 ], [ 117.462233253833276, 0.13405067112752, 0.0 ], [ 117.462252237376973, 0.134507227628058, 0.0 ], [ 117.462263119873342, 0.134543522957851, 0.0 ], [ 117.462279385794744, 0.134577716871057, 0.0 ], [ 117.462300652772541, 0.134609005559494, 0.0 ], [ 117.462301117165723, 0.134609503831255, 0.0 ] ] } },
{ "type": "Feature", "properties": { "Kl_Dat_Das": "Jalan non tol", "Nm_Ruas": "Jl. Kutai_HOP_6", "Thn_Data": 2015, "Status": "Jalan Kota", "Fungsi": "Jalan Lingkungan", "Mendukung": null, "Ura_Dukung": null, "Kd_Bd_PU": null, "Kd_Jns_Inf": null, "Kd_Inf": "001 00 K 391", "Propinsi": "Kalimantan Timur", "Kab_Kota": "Bontang", "Kecamatan": "Bontang Utara", "Desa_Kel": "Gunung Elai", "Tk_Ruas_Aw": "Jl. Gowa_HOP_6", "Tk_Ruas_Ak": "Jl. Samudra Pasai_HOP_6", "Kd_Patok": null, "Km_Awal": 0.0, "Km_Akhir": 0.0, "Nm_Lintas": "-", "Kon_Baik": 0.0892326278, "Kon_Sdg": 0.0, "Kon_Rgn": 0.0, "Kon_Rusak": 0.0, "Kon_Mntp": 0.0, "Kon_T_Mntp": 0.0, "Panjang": 0.0892326278, "Lbr_Keras": 5.0, "LHRT": 0.0, "VCR": 0.0, "Tipe_Jln": 2, "MST": 0.0, "Tipe_Keras": "Aspal", "Tanah_Kri": 0.0, "Macadam": 0.0, "Aspal": 100.0, "Rigid": 0.0, "Thn_Pen_Ak": 0, "Jns_Pen": null, "Koord_X_Aw": 551770.35924198572, "Koord_Y_Aw": 14908.2219693139, "Koord_X_Ak": 551703.74378606491, "Koord_Y_Ak": 14967.5843441244 }, "geometry": { "type": "LineString", "coordinates": [ [ 117.465243281890949, 0.134874881752145, 0.0 ], [ 117.464847204628185, 0.1352246146646, 0.0 ], [ 117.464644654006534, 0.135411945482258, 0.0 ] ] } },
{ "type": "Feature", "properties": { "Kl_Dat_Das": "Jalan non tol", "Nm_Ruas": "Jl. Samudera Pasai_HOP_6", "Thn_Data": 2015, "Status": "Jalan Kota", "Fungsi": "Jalan Lingkungan", "Mendukung": null, "Ura_Dukung": null, "Kd_Bd_PU": null, "Kd_Jns_Inf": null, "Kd_Inf": "001 00 K 382", "Propinsi": "Kalimantan Timur", "Kab_Kota": "Bontang", "Kecamatan": "Bontang Utara", "Desa_Kel": "Gunung Elai", "Tk_Ruas_Aw": "Jl. Sriwijaya_HOP_6", "Tk_Ruas_Ak": "Jl. Mataram_HOP_6", "Kd_Patok": null, "Km_Awal": 0.0, "Km_Akhir": 0.0, "Nm_Lintas": "-", "Kon_Baik": 0.2480351092, "Kon_Sdg": 0.0, "Kon_Rgn": 0.0, "Kon_Rusak": 0.0, "Kon_Mntp": 0.0, "Kon_T_Mntp": 0.0, "Panjang": 0.2480351092, "Lbr_Keras": 4.0, "LHRT": 0.0, "VCR": 0.0, "Tipe_Jln": 2, "MST": 0.0, "Tipe_Keras": "Aspal", "Tanah_Kri": 0.0, "Macadam": 0.0, "Aspal": 100.0, "Rigid": 0.0, "Thn_Pen_Ak": 0, "Jns_Pen": null, "Koord_X_Aw": 551939.00138989929, "Koord_Y_Aw": 15034.947614557999, "Koord_X_Ak": 551770.35924198572, "Koord_Y_Ak": 14908.2219693139 }, "geometry": { "type": "LineString", "coordinates": [ [ 117.466758801937928, 0.136021340841324, 0.0 ], [ 117.466757846563809, 0.136011915743536, 0.0 ], [ 117.466755331692198, 0.13600278626009, 0.0 ], [ 117.46675132883459, 0.135994211992156, 0.0 ], [ 117.46674595181419, 0.135986436753024, 0.0 ], [ 117.466739353529107, 0.135979681635298, 0.0 ], [ 117.466731721604617, 0.135974138723937, 0.0 ], [ 117.466474024822503, 0.135675923872533, 0.0 ], [ 117.46632240647601, 0.135500466318941, 0.0 ], [ 117.466151187612539, 0.13531432439905, 0.0 ], [ 117.465840684781369, 0.134976758794159, 0.0 ], [ 117.465521227435758, 0.13462945817028, 0.0 ], [ 117.465243281890949, 0.134874881752145, 0.0 ] ] } },
{ "type": "Feature", "properties": { "Kl_Dat_Das": "Jalan non tol", "Nm_Ruas": "Jl. Pontianak 6", "Thn_Data": 2015, "Status": "Jalan Kota", "Fungsi": "Jalan Lingkungan", "Mendukung": null, "Ura_Dukung": null, "Kd_Bd_PU": null, "Kd_Jns_Inf": null, "Kd_Inf": "001 00 K 099", "Propinsi": "Kalimantan Timur", "Kab_Kota": "Bontang", "Kecamatan": "Bontang Barat", "Desa_Kel": "Gunung Telihan", "Tk_Ruas_Aw": "Jl. Pontianak", "Tk_Ruas_Ak": "Jl. Surabaya", "Kd_Patok": null, "Km_Awal": 0.0, "Km_Akhir": 0.0, "Nm_Lintas": "-", "Kon_Baik": 0.2507582469, "Kon_Sdg": 0.0, "Kon_Rgn": 0.0, "Kon_Rusak": 0.0, "Kon_Mntp": 0.0, "Kon_T_Mntp": 0.0, "Panjang": 0.2507582469, "Lbr_Keras": 0.0, "LHRT": 0.0, "VCR": 0.0, "Tipe_Jln": 2, "MST": 0.0, "Tipe_Keras": "Beton", "Tanah_Kri": 0.0, "Macadam": 0.0, "Aspal": 0.0, "Rigid": 100.0, "Thn_Pen_Ak": 0, "Jns_Pen": null, "Koord_X_Aw": 117.4504020727, "Koord_Y_Aw": 0.1364328591, "Koord_X_Ak": 117.4503767403, "Koord_Y_Ak": 0.134192139 }, "geometry": { "type": "LineString", "coordinates": [ [ 117.450402072703696, 0.136432859107487, 0.0 ], [ 117.450398828224039, 0.13633497704878, 0.0 ], [ 117.450400583431616, 0.136226606178043, 0.0 ], [ 117.45040768014816, 0.136118456634426, 0.0 ], [ 117.450423474701751, 0.135895190830855, 0.0 ], [ 117.450439787563809, 0.135710085756583, 0.0 ], [ 117.450443123234734, 0.135672235285355, 0.0 ], [ 117.450466619805312, 0.135449657419, 0.0 ], [ 117.450482186593746, 0.135399530636114, 0.0 ], [ 117.450491819529404, 0.135347914289095, 0.0 ], [ 117.450495386233328, 0.135295517707043, 0.0 ], [ 117.45049283769076, 0.135243060941149, 0.0 ], [ 117.450484208924635, 0.13519126486968, 0.0 ], [ 117.450469618514319, 0.135140841291406, 0.0 ], [ 117.450449266966103, 0.135092483143952, 0.0 ], [ 117.45042211070313, 0.135037340306632, 0.0 ], [ 117.45042077861882, 0.135033920174755, 0.0 ], [ 117.450399793087215, 0.134980039736249, 0.0 ], [ 117.450382481344903, 0.134921010787593, 0.0 ], [ 117.450370305193545, 0.134860695766189, 0.0 ], [ 117.450376740344382, 0.134192138975705, 0.0 ] ] } },
{ "type": "Feature", "properties": { "Kl_Dat_Das": "Jalan non tol", "Nm_Ruas": "Jl. Labu", "Thn_Data": 2015, "Status": "Jalan Kota", "Fungsi": "Jalan Lingkungan", "Mendukung": null, "Ura_Dukung": null, "Kd_Bd_PU": null, "Kd_Jns_Inf": null, "Kd_Inf": "001 00 K 413", "Propinsi": "Kalimantan Timur", "Kab_Kota": "Bontang", "Kecamatan": "Bontang Utara", "Desa_Kel": "Gunung Elai", "Tk_Ruas_Aw": "Jl. MT. Haryono", "Tk_Ruas_Ak": "Gg. Labu 5", "Kd_Patok": null, "Km_Awal": 0.0, "Km_Akhir": 0.0, "Nm_Lintas": "-", "Kon_Baik": 0.3510089401, "Kon_Sdg": 0.0, "Kon_Rgn": 0.0, "Kon_Rusak": 0.0, "Kon_Mntp": 0.0, "Kon_T_Mntp": 0.0, "Panjang": 0.3510089401, "Lbr_Keras": 0.0, "LHRT": 0.0, "VCR": 0.0, "Tipe_Jln": 2, "MST": 0.0, "Tipe_Keras": "Beton", "Tanah_Kri": 0.0, "Macadam": 0.0, "Aspal": 0.0, "Rigid": 100.0, "Thn_Pen_Ak": 0, "Jns_Pen": null, "Koord_X_Aw": 553232.50487732328, "Koord_Y_Aw": 14780.7583368588, "Koord_X_Ak": 553056.6094266437, "Koord_Y_Ak": 14999.127994082901 }, "geometry": { "type": "LineString", "coordinates": [ [ 117.478382780787712, 0.133721462389668, 0.0 ], [ 117.478250495289785, 0.134182272732496, 0.0 ], [ 117.4780926487838, 0.134600680088869, 0.0 ], [ 117.477898901614822, 0.135056238528574, 0.0 ], [ 117.477801876143076, 0.135284374906237, 0.0 ], [ 117.477771719168487, 0.135360279570821, 0.0 ], [ 117.477767469342567, 0.135369797654582, 0.0 ], [ 117.477761768175043, 0.135378512950432, 0.0 ], [ 117.477754761171227, 0.135386203025697, 0.0 ], [ 117.477747591012445, 0.135391905111614, 0.0 ], [ 117.477746627165544, 0.13539267161315, 0.0 ], [ 117.477737573754666, 0.135397753620633, 0.0 ], [ 117.477727832000937, 0.13540131934456, 0.0 ], [ 117.477717650534828, 0.13540327777995, 0.0 ], [ 117.477706120355606, 0.135412122337877, 0.0 ], [ 117.477696094929115, 0.135422662762441, 0.0 ], [ 117.477687817671864, 0.135434643133261, 0.0 ], [ 117.47768148955447, 0.135447772567842, 0.0 ], [ 117.477677264223431, 0.135461732284966, 0.0 ], [ 117.477520609089439, 0.135948038929147, 0.0 ], [ 117.476802142183971, 0.135697083159647, 0.0 ] ] } },
{ "type": "Feature", "properties": { "Kl_Dat_Das": "Jalan non tol", "Nm_Ruas": "Jl. Sriwijaya_HOP_6", "Thn_Data": 2015, "Status": "Jalan Kota", "Fungsi": "Jalan Lingkungan", "Mendukung": null, "Ura_Dukung": null, "Kd_Bd_PU": null, "Kd_Jns_Inf": null, "Kd_Inf": "001 00 K 403", "Propinsi": "Kalimantan Timur", "Kab_Kota": "Bontang", "Kecamatan": "Bontang Selatan", "Desa_Kel": "Satimpo", "Tk_Ruas_Aw": "Jl. Ir. Simon Tampubolon", "Tk_Ruas_Ak": "Jl. Kutai_HOP_6", "Kd_Patok": null, "Km_Awal": 0.0, "Km_Akhir": 0.0, "Nm_Lintas": "-", "Kon_Baik": 0.3194820395, "Kon_Sdg": 0.0, "Kon_Rgn": 0.0, "Kon_Rusak": 0.0, "Kon_Mntp": 0.0, "Kon_T_Mntp": 0.0, "Panjang": 0.3194820395, "Lbr_Keras": 6.0, "LHRT": 0.0, "VCR": 0.0, "Tipe_Jln": 2, "MST": 0.0, "Tipe_Keras": "Aspal", "Tanah_Kri": 0.0, "Macadam": 0.0, "Aspal": 100.0, "Rigid": 0.0, "Thn_Pen_Ak": 0, "Jns_Pen": null, "Koord_X_Aw": 551770.35924198572, "Koord_Y_Aw": 14908.2219693139, "Koord_X_Ak": 551533.8370131366, "Koord_Y_Ak": 15051.3535276558 }, "geometry": { "type": "LineString", "coordinates": [ [ 117.465243281890949, 0.134874881752145, 0.0 ], [ 117.464957886989907, 0.13456304907724, 0.0 ], [ 117.464916045595615, 0.134567733907724, 0.0 ], [ 117.464875433929365, 0.134578901415628, 0.0 ], [ 117.464837036758269, 0.13459628080702, 0.0 ], [ 117.464327540670311, 0.135063039229813, 0.0 ], [ 117.464036655558928, 0.13532952426587, 0.0 ], [ 117.463481911018377, 0.135836016037871, 0.0 ], [ 117.463178909863814, 0.136112661573896, 0.0 ], [ 117.463117805299333, 0.136169836009786, 0.0 ] ] } },
{ "type": "Feature", "properties": { "Kl_Dat_Das": "Jalan non tol", "Nm_Ruas": "Jl. Sumatera_HOP_6", "Thn_Data": 2015, "Status": "Jalan Kota", "Fungsi": "Jalan Lingkungan", "Mendukung": null, "Ura_Dukung": null, "Kd_Bd_PU": null, "Kd_Jns_Inf": null, "Kd_Inf": "001 00 K 371", "Propinsi": "Kalimantan Timur", "Kab_Kota": "Bontang", "Kecamatan": "Bontang Barat", "Desa_Kel": "Gunung Telihan", "Tk_Ruas_Aw": "Jl. Simon Tompubolon", "Tk_Ruas_Ak": "Jl. Bangka_HOP_6", "Kd_Patok": null, "Km_Awal": 0.0, "Km_Akhir": 0.0, "Nm_Lintas": "-", "Kon_Baik": 0.2699108784, "Kon_Sdg": 0.0, "Kon_Rgn": 0.0, "Kon_Rusak": 0.0, "Kon_Mntp": 0.0, "Kon_T_Mntp": 0.0, "Panjang": 0.2699108784, "Lbr_Keras": 0.0, "LHRT": 0.0, "VCR": 0.0, "Tipe_Jln": 2, "MST": 0.0, "Tipe_Keras": "Aspal", "Tanah_Kri": 0.0, "Macadam": 0.0, "Aspal": 100.0, "Rigid": 0.0, "Thn_Pen_Ak": 0, "Jns_Pen": null, "Koord_X_Aw": 551406.96233668434, "Koord_Y_Aw": 14912.5583580155, "Koord_X_Ak": 551207.50148163666, "Koord_Y_Ak": 15094.3911636006 }, "geometry": { "type": "LineString", "coordinates": [ [ 117.461977625027899, 0.134914175758113, 0.0 ], [ 117.461627186099051, 0.135244226774511, 0.0 ], [ 117.461544569158264, 0.135322037211276, 0.0 ], [ 117.460624254427429, 0.136157608207011, 0.0 ], [ 117.460185205268644, 0.13655925487361, 0.0 ] ] } },
{ "type": "Feature", "properties": { "Kl_Dat_Das": "Jalan non tol", "Nm_Ruas": "Jl. Gowa", "Thn_Data": 2015, "Status": "Jalan Kota", "Fungsi": "Jalan Lingkungan", "Mendukung": null, "Ura_Dukung": null, "Kd_Bd_PU": null, "Kd_Jns_Inf": null, "Kd_Inf": "001 00 K 381", "Propinsi": "Kalimantan Timur", "Kab_Kota": "Bontang", "Kecamatan": "Bontang Utara", "Desa_Kel": "Gunung Elai", "Tk_Ruas_Aw": "Jl. Sriwijaya_HOP_6", "Tk_Ruas_Ak": "Jl. Mataram_HOP_6", "Kd_Patok": null, "Km_Awal": 0.0, "Km_Akhir": 0.0, "Nm_Lintas": "-", "Kon_Baik": 0.2632852214, "Kon_Sdg": 0.0, "Kon_Rgn": 0.0, "Kon_Rusak": 0.0, "Kon_Mntp": 0.0, "Kon_T_Mntp": 0.0, "Panjang": 0.2632852214, "Lbr_Keras": 6.0, "LHRT": 0.0, "VCR": 0.0, "Tipe_Jln": 2, "MST": 0.0, "Tipe_Keras": "Aspal", "Tanah_Kri": 0.0, "Macadam": 0.0, "Aspal": 100.0, "Rigid": 0.0, "Thn_Pen_Ak": 0, "Jns_Pen": null, "Koord_X_Aw": 551668.45667955372, "Koord_Y_Aw": 14929.0177667513, "Koord_X_Ak": 551846.94668021798, "Koord_Y_Ak": 15122.562240392001 }, "geometry": { "type": "LineString", "coordinates": [ [ 117.464327540670311, 0.135063039229813, 0.0 ], [ 117.464644654006534, 0.135411945482258, 0.0 ], [ 117.464963542273892, 0.135762804566367, 0.0 ], [ 117.465083825279564, 0.135895146785964, 0.0 ], [ 117.465291216358636, 0.136119935610214, 0.0 ], [ 117.465617223564692, 0.136473291059889, 0.0 ], [ 117.465931570018341, 0.136814007506822, 0.0 ] ] } },
{ "type": "Feature", "properties": { "Kl_Dat_Das": "Jalan non tol", "Nm_Ruas": "Jl. Sulawesi_HOP_6", "Thn_Data": 2015, "Status": "Jalan Kota", "Fungsi": "Jalan Lingkungan", "Mendukung": null, "Ura_Dukung": null, "Kd_Bd_PU": null, "Kd_Jns_Inf": null, "Kd_Inf": "001 00 K 405", "Propinsi": "Kalimantan Timur", "Kab_Kota": "Bontang", "Kecamatan": "Bontang Selatan", "Desa_Kel": "Satimpo", "Tk_Ruas_Aw": "Sp. 4 Jl. Jawa_HOP_6 - Jl. Irian_HOP_6", "Tk_Ruas_Ak": "Jl. Sumatera_HOP_6", "Kd_Patok": null, "Km_Awal": 0.0, "Km_Akhir": 0.0, "Nm_Lintas": "-", "Kon_Baik": 0.1878906746, "Kon_Sdg": 0.0, "Kon_Rgn": 0.0, "Kon_Rusak": 0.0, "Kon_Mntp": 0.0, "Kon_T_Mntp": 0.0, "Panjang": 0.1878906746, "Lbr_Keras": 0.0, "LHRT": 0.0, "VCR": 0.0, "Tipe_Jln": 2, "MST": 0.0, "Tipe_Keras": "Aspal", "Tanah_Kri": 0.0, "Macadam": 0.0, "Aspal": 100.0, "Rigid": 0.0, "Thn_Pen_Ak": 0, "Jns_Pen": null, "Koord_X_Aw": 551493.86855517235, "Koord_Y_Aw": 15088.4996115211, "Koord_X_Ak": 551367.96539707389, "Koord_Y_Ak": 14949.0393660422 }, "geometry": { "type": "LineString", "coordinates": [ [ 117.462758636069424, 0.136505904172455, 0.0 ], [ 117.462485534394148, 0.136206950237833, 0.0 ], [ 117.462282112711776, 0.135984272296991, 0.0 ], [ 117.462196233640796, 0.135887231785017, 0.0 ], [ 117.461906283369359, 0.135559597533169, 0.0 ], [ 117.461627186099051, 0.135244226774511, 0.0 ] ] } },
{ "type": "Feature", "properties": { "Kl_Dat_Das": "Jalan non tol", "Nm_Ruas": "Jl. Ternate_HOP_6", "Thn_Data": 2015, "Status": "Jalan Kota", "Fungsi": "Jalan Lingkungan", "Mendukung": null, "Ura_Dukung": null, "Kd_Bd_PU": null, "Kd_Jns_Inf": null, "Kd_Inf": "001 00 K 389", "Propinsi": "Kalimantan Timur", "Kab_Kota": "Bontang", "Kecamatan": "Bontang Utara", "Desa_Kel": "Gunung Elai", "Tk_Ruas_Aw": "Jl. Gowa_HOP_6", "Tk_Ruas_Ak": "Jl. Samudra Pasai_HOP_6", "Kd_Patok": null, "Km_Awal": 0.0, "Km_Akhir": 0.0, "Nm_Lintas": "-", "Kon_Baik": 0.1306787787, "Kon_Sdg": 0.0, "Kon_Rgn": 0.0, "Kon_Rusak": 0.0, "Kon_Mntp": 0.0, "Kon_T_Mntp": 0.0, "Panjang": 0.1306787787, "Lbr_Keras": 5.0, "LHRT": 0.0, "VCR": 0.0, "Tipe_Jln": 2, "MST": 0.0, "Tipe_Keras": "Aspal", "Tanah_Kri": 0.0, "Macadam": 0.0, "Aspal": 100.0, "Rigid": 0.0, "Thn_Pen_Ak": 0, "Jns_Pen": null, "Koord_X_Aw": 551836.83703712747, "Koord_Y_Aw": 14919.4840903357, "Koord_X_Ak": 551739.22839849908, "Koord_Y_Ak": 15006.366782994901 }, "geometry": { "type": "LineString", "coordinates": [ [ 117.465840684781369, 0.134976758794159, 0.0 ], [ 117.465138281395582, 0.13561076657768, 0.0 ], [ 117.464963542273892, 0.135762804566367, 0.0 ] ] } },
{ "type": "Feature", "properties": { "Kl_Dat_Das": "Jalan non tol", "Nm_Ruas": "Jl. Sungai Ciliwung (Jl. Sungai Barito)", "Thn_Data": 2015, "Status": "Jalan Kota", "Fungsi": "Jalan Lingkungan", "Mendukung": null, "Ura_Dukung": null, "Kd_Bd_PU": null, "Kd_Jns_Inf": null, "Kd_Inf": "001 00 K 379", "Propinsi": "Kalimantan Timur", "Kab_Kota": "Bontang", "Kecamatan": "Bontang Barat", "Desa_Kel": "Gunung Telihan", "Tk_Ruas_Aw": "Jl. Ir. Simon Tampubolon", "Tk_Ruas_Ak": "Jl. Sungai Kapuas", "Kd_Patok": null, "Km_Awal": 0.0, "Km_Akhir": 0.0, "Nm_Lintas": "-", "Kon_Baik": 0.1771650661, "Kon_Sdg": 0.0, "Kon_Rgn": 0.0, "Kon_Rusak": 0.0, "Kon_Mntp": 0.0, "Kon_T_Mntp": 0.0, "Panjang": 0.1771650661, "Lbr_Keras": 0.0, "LHRT": 0.0, "VCR": 0.0, "Tipe_Jln": 2, "MST": 0.0, "Tipe_Keras": "Aspal", "Tanah_Kri": 0.0, "Macadam": 0.0, "Aspal": 100.0, "Rigid": 0.0, "Thn_Pen_Ak": 0, "Jns_Pen": null, "Koord_X_Aw": 551442.96063118521, "Koord_Y_Aw": 14878.8825341254, "Koord_X_Ak": 551492.40628460923, "Koord_Y_Ak": 15006.9174613081 }, "geometry": { "type": "LineString", "coordinates": [ [ 117.462301117165723, 0.134609503831255, 0.0 ], [ 117.462326420876451, 0.134636653509091, 0.0 ], [ 117.462356084366661, 0.134660010789919, 0.0 ], [ 117.46283771845313, 0.135169883656735, 0.0 ], [ 117.463058627705578, 0.135416982443141, 0.0 ], [ 117.463062857411103, 0.135426570994454, 0.0 ], [ 117.463065413398496, 0.135436742090267, 0.0 ], [ 117.463066221858639, 0.135447202020294, 0.0 ], [ 117.463065259445642, 0.135457648733633, 0.0 ], [ 117.463062553951062, 0.135467780561032, 0.0 ], [ 117.46305818350136, 0.135477304926167, 0.0 ], [ 117.463052274301774, 0.135485946794419, 0.0 ], [ 117.463044996991982, 0.135493456614945, 0.0 ], [ 117.462745481338359, 0.135767829398648, 0.0 ] ] } },
{ "type": "Feature", "properties": { "Kl_Dat_Das": "Jalan non tol", "Nm_Ruas": "Jl. Balikpapan 4", "Thn_Data": 2015, "Status": "Jalan Kota", "Fungsi": "Jalan Lingkungan", "Mendukung": null, "Ura_Dukung": null, "Kd_Bd_PU": null, "Kd_Jns_Inf": null, "Kd_Inf": "001 00 K 119", "Propinsi": "Kalimantan Timur", "Kab_Kota": "Bontang", "Kecamatan": "Bontang Barat", "Desa_Kel": "Gunung Telihan", "Tk_Ruas_Aw": "Jl. Balikpapan", "Tk_Ruas_Ak": "Sp. 3 Jl. Balikpapan 2 - Jl. Tarakan", "Kd_Patok": null, "Km_Awal": 0.0, "Km_Akhir": 0.0, "Nm_Lintas": "-", "Kon_Baik": 0.1559468777, "Kon_Sdg": 0.0, "Kon_Rgn": 0.0, "Kon_Rusak": 0.0, "Kon_Mntp": 0.0, "Kon_T_Mntp": 0.0, "Panjang": 0.1559468777, "Lbr_Keras": 0.0, "LHRT": 0.0, "VCR": 0.0, "Tipe_Jln": 2, "MST": 0.0, "Tipe_Keras": "Beton", "Tanah_Kri": 0.0, "Macadam": 0.0, "Aspal": 0.0, "Rigid": 100.0, "Thn_Pen_Ak": 0, "Jns_Pen": null, "Koord_X_Aw": 117.4563168594, "Koord_Y_Aw": 0.1371823598, "Koord_X_Ak": 117.4558712693, "Koord_Y_Ak": 0.1358798591 }, "geometry": { "type": "LineString", "coordinates": [ [ 117.456316859396139, 0.137182359750271, 0.0 ], [ 117.456311729425551, 0.136895515838137, 0.0 ], [ 117.456297250803715, 0.13676303671306, 0.0 ], [ 117.456277993937363, 0.136631175638007, 0.0 ], [ 117.456263770874472, 0.136585293315415, 0.0 ], [ 117.456244858434005, 0.136541160537797, 0.0 ], [ 117.456221464126813, 0.136499261545457, 0.0 ], [ 117.456166956523049, 0.136412695448356, 0.0 ], [ 117.456083835952597, 0.13628068774303, 0.0 ], [ 117.455996457223634, 0.136122507807828, 0.0 ], [ 117.455968190014175, 0.136068669036449, 0.0 ], [ 117.455871269310805, 0.135879859112044, 0.0 ] ] } },
{ "type": "Feature", "properties": { "Kl_Dat_Das": "Jalan non tol", "Nm_Ruas": "Jl. Bone_HOP_6", "Thn_Data": 2015, "Status": "Jalan Kota", "Fungsi": "Jalan Lingkungan", "Mendukung": null, "Ura_Dukung": null, "Kd_Bd_PU": null, "Kd_Jns_Inf": null, "Kd_Inf": "001 00 K 387", "Propinsi": "Kalimantan Timur", "Kab_Kota": "Bontang", "Kecamatan": "Bontang Utara", "Desa_Kel": "Gunung Elai", "Tk_Ruas_Aw": "Jl. Gowa_HOP_6", "Tk_Ruas_Ak": "Jl. Samudra Pasai_HOP_6", "Kd_Patok": null, "Km_Awal": 0.0, "Km_Akhir": 0.0, "Nm_Lintas": "-", "Kon_Baik": 0.1307178858, "Kon_Sdg": 0.0, "Kon_Rgn": 0.0, "Kon_Rusak": 0.0, "Kon_Mntp": 0.0, "Kon_T_Mntp": 0.0, "Panjang": 0.1307178858, "Lbr_Keras": 5.0, "LHRT": 0.0, "VCR": 0.0, "Tipe_Jln": 2, "MST": 0.0, "Tipe_Keras": "Aspal", "Tanah_Kri": 0.0, "Macadam": 0.0, "Aspal": 100.0, "Rigid": 0.0, "Thn_Pen_Ak": 0, "Jns_Pen": null, "Koord_X_Aw": 551871.38856736012, "Koord_Y_Aw": 14956.797139531, "Koord_X_Ak": 551775.69066743925, "Koord_Y_Ak": 15045.842507785201 }, "geometry": { "type": "LineString", "coordinates": [ [ 117.466151187612539, 0.13531432439905, 0.0 ], [ 117.465291216358636, 0.136119935610214, 0.0 ] ] } },
{ "type": "Feature", "properties": { "Kl_Dat_Das": "Jalan non tol", "Nm_Ruas": "Jl. Balikpapan 2", "Thn_Data": 2015, "Status": "Jalan Kota", "Fungsi": "Jalan Lingkungan", "Mendukung": null, "Ura_Dukung": null, "Kd_Bd_PU": null, "Kd_Jns_Inf": null, "Kd_Inf": "001 00 K 110", "Propinsi": "Kalimantan Timur", "Kab_Kota": "Bontang", "Kecamatan": "Bontang Barat", "Desa_Kel": "Gunung Telihan", "Tk_Ruas_Aw": "Sp. 3 Jl. Balikpapan - Jl. Balikpapan 1", "Tk_Ruas_Ak": "Jl. Balikpapan 4", "Kd_Patok": null, "Km_Awal": 0.0, "Km_Akhir": 0.0, "Nm_Lintas": "-", "Kon_Baik": 0.2197640114, "Kon_Sdg": 0.0, "Kon_Rgn": 0.0, "Kon_Rusak": 0.0, "Kon_Mntp": 0.0, "Kon_T_Mntp": 0.0, "Panjang": 0.2197640114, "Lbr_Keras": 3.0, "LHRT": 0.0, "VCR": 0.0, "Tipe_Jln": 2, "MST": 0.0, "Tipe_Keras": "Beton", "Tanah_Kri": 0.0, "Macadam": 0.0, "Aspal": 0.0, "Rigid": 100.0, "Thn_Pen_Ak": 0, "Jns_Pen": null, "Koord_X_Aw": 117.4555710257, "Koord_Y_Aw": 0.1372049794, "Koord_X_Ak": 117.45513234640001, "Koord_Y_Ak": 0.1360238391 }, "geometry": { "type": "MultiLineString", "coordinates": [ [ [ 117.455132346419049, 0.136023839136659, 0.0 ], [ 117.45513811719276, 0.136031505963643, 0.0 ], [ 117.455201340470182, 0.136125374512522, 0.0 ], [ 117.455207878769343, 0.136136274890398, 0.0 ] ], [ [ 117.455207878769343, 0.136136274890398, 0.0 ], [ 117.455467961870355, 0.136035746759679, 0.0 ], [ 117.455871269310805, 0.135879859112044, 0.0 ] ], [ [ 117.455207878769343, 0.136136274890398, 0.0 ], [ 117.455259574309636, 0.136222459523439, 0.0 ], [ 117.455312657641244, 0.136322492467466, 0.0 ], [ 117.455330090486399, 0.136359960059371, 0.0 ], [ 117.455360443641112, 0.136425196661847, 0.0 ], [ 117.455402800137236, 0.136530288035447, 0.0 ], [ 117.455439609975201, 0.136637475914426, 0.0 ], [ 117.455440807417048, 0.136642646927867, 0.0 ], [ 117.455504696371136, 0.136918543925882, 0.0 ], [ 117.455571025721142, 0.137204979431653, 0.0 ] ] ] } },
{ "type": "Feature", "properties": { "Kl_Dat_Das": "Jalan non tol", "Nm_Ruas": "Jl. Balikpapan 5", "Thn_Data": 2015, "Status": "Jalan Kota", "Fungsi": "Jalan Lingkungan", "Mendukung": null, "Ura_Dukung": null, "Kd_Bd_PU": null, "Kd_Jns_Inf": null, "Kd_Inf": "001 00 K 118", "Propinsi": "Kalimantan Timur", "Kab_Kota": "Bontang", "Kecamatan": "Bontang Barat", "Desa_Kel": "Gunung Telihan", "Tk_Ruas_Aw": "Jl. Balikpapan", "Tk_Ruas_Ak": "Jl. Balikpapan 4", "Kd_Patok": null, "Km_Awal": 0.0, "Km_Akhir": 0.0, "Nm_Lintas": "-", "Kon_Baik": 0.2893455547, "Kon_Sdg": 0.0, "Kon_Rgn": 0.0, "Kon_Rusak": 0.0, "Kon_Mntp": 0.0, "Kon_T_Mntp": 0.0, "Panjang": 0.2893455547, "Lbr_Keras": 0.0, "LHRT": 0.0, "VCR": 0.0, "Tipe_Jln": 2, "MST": 0.0, "Tipe_Keras": "Beton", "Tanah_Kri": 0.0, "Macadam": 0.0, "Aspal": 0.0, "Rigid": 100.0, "Thn_Pen_Ak": 0, "Jns_Pen": null, "Koord_X_Aw": 117.4569069387, "Koord_Y_Aw": 0.1371447182, "Koord_X_Ak": 117.4559269362, "Koord_Y_Ak": 0.135988303 }, "geometry": { "type": "LineString", "coordinates": [ [ 117.455926936185861, 0.135988303007805, 0.0 ], [ 117.45685562060973, 0.135582176256495, 0.0 ], [ 117.456930163138807, 0.135704612413045, 0.0 ], [ 117.456917159249429, 0.135716642613278, 0.0 ], [ 117.456910381226947, 0.135724179882567, 0.0 ], [ 117.456898517241797, 0.135743003857631, 0.0 ], [ 117.456889994691593, 0.135763580135638, 0.0 ], [ 117.456885060279603, 0.135785313092357, 0.0 ], [ 117.45688385684295, 0.135807573621377, 0.0 ], [ 117.456882417625721, 0.13634892399184, 0.0 ], [ 117.456881967841312, 0.136518110017571, 0.0 ], [ 117.456887861569641, 0.136666004752097, 0.0 ], [ 117.45690693872173, 0.137144718231827, 0.0 ] ] } },
{ "type": "Feature", "properties": { "Kl_Dat_Das": "Jalan non tol", "Nm_Ruas": "Jl. Majapahit_HOP_6", "Thn_Data": 2015, "Status": "Jalan Kota", "Fungsi": "Jalan Lingkungan", "Mendukung": null, "Ura_Dukung": null, "Kd_Bd_PU": null, "Kd_Jns_Inf": null, "Kd_Inf": "001 00 K 384", "Propinsi": "Kalimantan Timur", "Kab_Kota": "Bontang", "Kecamatan": "Bontang Utara", "Desa_Kel": "Gunung Elai", "Tk_Ruas_Aw": "Jl. Kalmantan_HOP_6", "Tk_Ruas_Ak": "Jl. Gowa_HOP_6", "Kd_Patok": null, "Km_Awal": 0.0, "Km_Akhir": 0.0, "Nm_Lintas": "-", "Kon_Baik": 0.1269136799, "Kon_Sdg": 0.0, "Kon_Rgn": 0.0, "Kon_Rusak": 0.0, "Kon_Mntp": 0.0, "Kon_T_Mntp": 0.0, "Panjang": 0.1269136799, "Lbr_Keras": 6.0, "LHRT": 0.0, "VCR": 0.0, "Tipe_Jln": 2, "MST": 0.0, "Tipe_Keras": "Aspal", "Tanah_Kri": 0.0, "Macadam": 0.0, "Aspal": 100.0, "Rigid": 0.0, "Thn_Pen_Ak": 0, "Jns_Pen": null, "Koord_X_Aw": 551811.96745558362, "Koord_Y_Aw": 15084.9009026885, "Koord_X_Ak": 551717.19469670858, "Koord_Y_Ak": 15169.3118399251 }, "geometry": { "type": "LineString", "coordinates": [ [ 117.465617223564692, 0.136473291059889, 0.0 ], [ 117.464765565265893, 0.13723697453203, 0.0 ] ] } },
{ "type": "Feature", "properties": { "Kl_Dat_Das": "Jalan non tol", "Nm_Ruas": "Jl. Jawa_HOP_6", "Thn_Data": 2015, "Status": "Jalan Kota", "Fungsi": "Jalan Lingkungan", "Mendukung": null, "Ura_Dukung": null, "Kd_Bd_PU": null, "Kd_Jns_Inf": null, "Kd_Inf": "001 00 K 404", "Propinsi": "Kalimantan Timur", "Kab_Kota": "Bontang", "Kecamatan": "Bontang Selatan", "Desa_Kel": "Satimpo", "Tk_Ruas_Aw": "Jl. Ir. Simon Tampubolon", "Tk_Ruas_Ak": "Jl. Bangka_HOP_6", "Kd_Patok": null, "Km_Awal": 0.0, "Km_Akhir": 0.0, "Nm_Lintas": "-", "Kon_Baik": 0.2726146078, "Kon_Sdg": 0.0, "Kon_Rgn": 0.0, "Kon_Rusak": 0.0, "Kon_Mntp": 0.0, "Kon_T_Mntp": 0.0, "Panjang": 0.2726146078, "Lbr_Keras": 0.0, "LHRT": 0.0, "VCR": 0.0, "Tipe_Jln": 2, "MST": 0.0, "Tipe_Keras": "Aspal", "Tanah_Kri": 0.0, "Macadam": 0.0, "Aspal": 100.0, "Rigid": 0.0, "Thn_Pen_Ak": 0, "Jns_Pen": null, "Koord_X_Aw": 551533.8370131366, "Koord_Y_Aw": 15051.3535276558, "Koord_X_Ak": 551333.95436353236, "Koord_Y_Ak": 15236.729728901801 }, "geometry": { "type": "LineString", "coordinates": [ [ 117.463117805299333, 0.136169836009786, 0.0 ], [ 117.462758636069424, 0.136505904172455, 0.0 ], [ 117.462344009192918, 0.136893863074906, 0.0 ], [ 117.46203413267142, 0.137184041717808, 0.0 ], [ 117.461472695670551, 0.137709789961613, 0.0 ], [ 117.461321596270849, 0.137846972500127, 0.0 ] ] } },
{ "type": "Feature", "properties": { "Kl_Dat_Das": "Jalan non tol", "Nm_Ruas": "Jl. Bandung 4", "Thn_Data": 2015, "Status": "Jalan Kota", "Fungsi": "Jalan Lingkungan", "Mendukung": null, "Ura_Dukung": null, "Kd_Bd_PU": null, "Kd_Jns_Inf": null, "Kd_Inf": "001 00 K 107", "Propinsi": "Kalimantan Timur", "Kab_Kota": "Bontang", "Kecamatan": "Bontang Barat", "Desa_Kel": "Gunung Telihan", "Tk_Ruas_Aw": "Jl. Ir. Soekarno Hatta", "Tk_Ruas_Ak": "Jl. Pontianak", "Kd_Patok": null, "Km_Awal": 0.0, "Km_Akhir": 0.0, "Nm_Lintas": "-", "Kon_Baik": 0.5137600521, "Kon_Sdg": 0.0, "Kon_Rgn": 0.0, "Kon_Rusak": 0.0, "Kon_Mntp": 0.0, "Kon_T_Mntp": 0.0, "Panjang": 0.5137600521, "Lbr_Keras": 6.0, "LHRT": 0.0, "VCR": 0.0, "Tipe_Jln": 2, "MST": 0.0, "Tipe_Keras": "Beton", "Tanah_Kri": 0.0, "Macadam": 0.0, "Aspal": 0.0, "Rigid": 100.0, "Thn_Pen_Ak": 0, "Jns_Pen": null, "Koord_X_Aw": 117.44879889720001, "Koord_Y_Aw": 0.1393562991, "Koord_X_Ak": 117.45125156490001, "Koord_Y_Ak": 0.1361184877 }, "geometry": { "type": "LineString", "coordinates": [ [ 117.448798897189207, 0.139356299087833, 0.0 ], [ 117.448958142118229, 0.139265775903114, 0.0 ], [ 117.44910473002858, 0.139191756191152, 0.0 ], [ 117.449136163573812, 0.139177303326981, 0.0 ], [ 117.449253902047388, 0.139123168225375, 0.0 ], [ 117.449405459669492, 0.139060103276391, 0.0 ], [ 117.449506574655288, 0.139022313452005, 0.0 ], [ 117.44955920121528, 0.13900264526492, 0.0 ], [ 117.449714922098963, 0.13895087065079, 0.0 ], [ 117.449872415100913, 0.138904848330678, 0.0 ], [ 117.449940189917399, 0.138880931491802, 0.0 ], [ 117.450009881561215, 0.138863468573264, 0.0 ], [ 117.450022949088975, 0.13886147036881, 0.0 ], [ 117.450080885082599, 0.138852611159734, 0.0 ], [ 117.450152584144277, 0.138848453497327, 0.0 ], [ 117.450224356371393, 0.138851031675983, 0.0 ], [ 117.45029557875408, 0.138860323315885, 0.0 ], [ 117.450365633055412, 0.138876247761961, 0.0 ], [ 117.450380547345802, 0.138881623487472, 0.0 ], [ 117.450396140198862, 0.138884437305109, 0.0 ], [ 117.450411980625375, 0.138884611440535, 0.0 ], [ 117.450427630793087, 0.138882141080507, 0.0 ], [ 117.450442658128537, 0.138877094506372, 0.0 ], [ 117.450456647273512, 0.138869611206327, 0.0 ], [ 117.450469211565533, 0.138859898020201, 0.0 ], [ 117.450480003725303, 0.138848223421986, 0.0 ], [ 117.450488725455614, 0.138834910099926, 0.0 ], [ 117.450495135686324, 0.138820326036519, 0.0 ], [ 117.450499057237508, 0.138804874337855, 0.0 ], [ 117.450792551423987, 0.137758611074071, 0.0 ], [ 117.450820463845332, 0.137659107454899, 0.0 ], [ 117.451127012281958, 0.136639895893952, 0.0 ], [ 117.451143774186505, 0.136569726363234, 0.0 ], [ 117.451251564863114, 0.136118487654542, 0.0 ] ] } },
{ "type": "Feature", "properties": { "Kl_Dat_Das": "Jalan non tol", "Nm_Ruas": "Jl. Mataram_HOP_6", "Thn_Data": 2015, "Status": "Jalan Kota", "Fungsi": "Jalan Lingkungan", "Mendukung": null, "Ura_Dukung": null, "Kd_Bd_PU": null, "Kd_Jns_Inf": null, "Kd_Inf": "001 00 K 383", "Propinsi": "Kalimantan Timur", "Kab_Kota": "Bontang", "Kecamatan": "Bontang Utara", "Desa_Kel": "Gunung Elai", "Tk_Ruas_Aw": "Jl. Kalimantan_HOP_6", "Tk_Ruas_Ak": "Jl. Samudra Pasai_HOP_6", "Kd_Patok": null, "Km_Awal": 0.0, "Km_Akhir": 0.0, "Nm_Lintas": "-", "Kon_Baik": 0.2520896496, "Kon_Sdg": 0.0, "Kon_Rgn": 0.0, "Kon_Rusak": 0.0, "Kon_Mntp": 0.0, "Kon_T_Mntp": 0.0, "Panjang": 0.2520896496, "Lbr_Keras": 5.0, "LHRT": 0.0, "VCR": 0.0, "Tipe_Jln": 2, "MST": 0.0, "Tipe_Keras": "Aspal", "Tanah_Kri": 0.0, "Macadam": 0.0, "Aspal": 100.0, "Rigid": 0.0, "Thn_Pen_Ak": 0, "Jns_Pen": null, "Koord_X_Aw": 551754.51029217709, "Koord_Y_Aw": 15205.2247623727, "Koord_X_Ak": 551939.00138989929, "Koord_Y_Ak": 15034.947614557999 }, "geometry": { "type": "LineString", "coordinates": [ [ 117.465100907224638, 0.137561872649457, 0.0 ], [ 117.465117223070393, 0.137558544644296, 0.0 ], [ 117.465132742941066, 0.137552481755802, 0.0 ], [ 117.465147018076919, 0.137543859293474, 0.0 ], [ 117.465159635709838, 0.137532926577249, 0.0 ], [ 117.465931570018341, 0.136814007506822, 0.0 ], [ 117.46604840279187, 0.136705198631814, 0.0 ], [ 117.466740795084021, 0.136063651752297, 0.0 ], [ 117.466747157561016, 0.136056671123075, 0.0 ], [ 117.466752264487369, 0.136048713467951, 0.0 ], [ 117.466755970645153, 0.136040005066506, 0.0 ], [ 117.466758170648035, 0.136030793546363, 0.0 ], [ 117.466758801937928, 0.136021340841324, 0.0 ] ] } },
{ "type": "Feature", "properties": { "Kl_Dat_Das": "Jalan non tol", "Nm_Ruas": "Jl. Irian_HOP_6", "Thn_Data": 2015, "Status": "Jalan Kota", "Fungsi": "Jalan Lingkungan", "Mendukung": null, "Ura_Dukung": null, "Kd_Bd_PU": null, "Kd_Jns_Inf": null, "Kd_Inf": "001 00 K 406", "Propinsi": "Kalimantan Timur", "Kab_Kota": "Bontang", "Kecamatan": "Bontang Selatan", "Desa_Kel": "Satimpo", "Tk_Ruas_Aw": "Sp. 4 Jl. Jawa_HOP_6 - Jl. Sulawesi_HOP_6", "Tk_Ruas_Ak": "Jl. Kalimantan_HOP_6", "Kd_Patok": null, "Km_Awal": 0.0, "Km_Akhir": 0.0, "Nm_Lintas": "-", "Kon_Baik": 0.1915547339, "Kon_Sdg": 0.0, "Kon_Rgn": 0.0, "Kon_Rusak": 0.0, "Kon_Mntp": 0.0, "Kon_T_Mntp": 0.0, "Panjang": 0.1915547339, "Lbr_Keras": 0.0, "LHRT": 0.0, "VCR": 0.0, "Tipe_Jln": 2, "MST": 0.0, "Tipe_Keras": "Aspal", "Tanah_Kri": 0.0, "Macadam": 0.0, "Aspal": 100.0, "Rigid": 0.0, "Thn_Pen_Ak": 0, "Jns_Pen": null, "Koord_X_Aw": 551623.83728054725, "Koord_Y_Aw": 15229.216500509499, "Koord_X_Ak": 551493.86855517235, "Koord_Y_Ak": 15088.4996115211 }, "geometry": { "type": "LineString", "coordinates": [ [ 117.463926621544758, 0.137778949266374, 0.0 ], [ 117.463639853586074, 0.137467209564295, 0.0 ], [ 117.463349378428916, 0.137151439801054, 0.0 ], [ 117.463200685379405, 0.136989798530227, 0.0 ], [ 117.463053456667097, 0.136828632938584, 0.0 ], [ 117.462758636069424, 0.136505904172455, 0.0 ] ] } },
{ "type": "Feature", "properties": { "Kl_Dat_Das": "Jalan non tol", "Nm_Ruas": "Jl. Bali_HOP_6", "Thn_Data": 2015, "Status": "Jalan Kota", "Fungsi": "Jalan Lingkungan", "Mendukung": null, "Ura_Dukung": null, "Kd_Bd_PU": null, "Kd_Jns_Inf": null, "Kd_Inf": "001 00 K 377", "Propinsi": "Kalimantan Timur", "Kab_Kota": "Bontang", "Kecamatan": "Bontang Barat", "Desa_Kel": "Gunung Telihan", "Tk_Ruas_Aw": "Jl. Sulawesi_HOP_6", "Tk_Ruas_Ak": "Jl. Bangka_HOP_6", "Kd_Patok": null, "Km_Awal": 0.0, "Km_Akhir": 0.0, "Nm_Lintas": "-", "Kon_Baik": 0.2169495191, "Kon_Sdg": 0.0, "Kon_Rgn": 0.0, "Kon_Rusak": 0.0, "Kon_Mntp": 0.0, "Kon_T_Mntp": 0.0, "Panjang": 0.2169495191, "Lbr_Keras": 0.0, "LHRT": 0.0, "VCR": 0.0, "Tipe_Jln": 2, "MST": 0.0, "Tipe_Keras": "Aspal", "Tanah_Kri": 0.0, "Macadam": 0.0, "Aspal": 100.0, "Rigid": 0.0, "Thn_Pen_Ak": 0, "Jns_Pen": null, "Koord_X_Aw": 551399.02220084018, "Koord_Y_Aw": 14983.8990437345, "Koord_X_Ak": 551240.20760804357, "Koord_Y_Ak": 15131.699649112001 }, "geometry": { "type": "LineString", "coordinates": [ [ 117.461906283369359, 0.13555959753313, 0.0 ], [ 117.460479124678926, 0.136896779785516, 0.0 ] ] } },
{ "type": "Feature", "properties": { "Kl_Dat_Das": "Jalan non tol", "Nm_Ruas": "Jl. Balikpapan", "Thn_Data": 2015, "Status": "Jalan Kota", "Fungsi": "Jalan Lokal", "Mendukung": null, "Ura_Dukung": null, "Kd_Bd_PU": null, "Kd_Jns_Inf": null, "Kd_Inf": "001 00 K 109", "Propinsi": "Kalimantan Timur", "Kab_Kota": "Bontang", "Kecamatan": "Bontang Barat", "Desa_Kel": "Gunung Telihan", "Tk_Ruas_Aw": "Jl. Letjen. S. Parman", "Tk_Ruas_Ak": "Jl. Asmawarman", "Kd_Patok": null, "Km_Awal": 0.0, "Km_Akhir": 0.0, "Nm_Lintas": "-", "Kon_Baik": 0.7391296194, "Kon_Sdg": 0.0, "Kon_Rgn": 0.0, "Kon_Rusak": 0.0, "Kon_Mntp": 0.0, "Kon_T_Mntp": 0.0, "Panjang": 0.7391296194, "Lbr_Keras": 0.0, "LHRT": 0.0, "VCR": 0.0, "Tipe_Jln": 2, "MST": 0.0, "Tipe_Keras": "Beton", "Tanah_Kri": 0.0, "Macadam": 0.0, "Aspal": 0.0, "Rigid": 100.0, "Thn_Pen_Ak": 0, "Jns_Pen": null, "Koord_X_Aw": 117.4597406947, "Koord_Y_Aw": 0.1403117656, "Koord_X_Ak": 117.4548574241, "Koord_Y_Ak": 0.1372375457 }, "geometry": { "type": "LineString", "coordinates": [ [ 117.454857424110017, 0.137237545686487, 0.0 ], [ 117.45549962854075, 0.137205871398105, 0.0 ], [ 117.455571025721142, 0.137204979431653, 0.0 ], [ 117.455793948394131, 0.137202194452684, 0.0 ], [ 117.45608815867881, 0.137193313636078, 0.0 ], [ 117.456316859396139, 0.137182359750271, 0.0 ], [ 117.456382168619228, 0.137179231689046, 0.0 ], [ 117.456480533197677, 0.137172775365116, 0.0 ], [ 117.456675887501802, 0.137159952957039, 0.0 ], [ 117.45690693872173, 0.137144718231827, 0.0 ], [ 117.456995807187681, 0.137138858549434, 0.0 ], [ 117.457021350238435, 0.137139637995931, 0.0 ], [ 117.457046460843003, 0.13714441383458, 0.0 ], [ 117.457070525887829, 0.137153069455859, 0.0 ], [ 117.457092957788234, 0.137165393519668, 0.0 ], [ 117.457113208835295, 0.13718108511516, 0.0 ], [ 117.457470351157653, 0.137512463235494, 0.0 ], [ 117.457507291225383, 0.137546738448845, 0.0 ], [ 117.457648169622118, 0.137655410612139, 0.0 ], [ 117.457701038473786, 0.137693334945825, 0.0 ], [ 117.457792710363066, 0.137759093802369, 0.0 ], [ 117.457940739209704, 0.137857663033764, 0.0 ], [ 117.458092077718817, 0.137950999485166, 0.0 ], [ 117.458730003992954, 0.138341588709255, 0.0 ], [ 117.459154301749464, 0.138629547048257, 0.0 ], [ 117.459208811069658, 0.138670552022108, 0.0 ], [ 117.459479774056774, 0.138874385596776, 0.0 ], [ 117.459494873244466, 0.138888650187473, 0.0 ], [ 117.459497500006577, 0.138891131757141, 0.0 ], [ 117.459512448311301, 0.138910429898499, 0.0 ], [ 117.459524261239082, 0.138931818191757, 0.0 ], [ 117.459532656091568, 0.138954784787905, 0.0 ], [ 117.459537431969252, 0.138978780067142, 0.0 ], [ 117.459553023462277, 0.139052083005722, 0.0 ], [ 117.459641871414149, 0.139469798918364, 0.0 ], [ 117.459664129612761, 0.139601502523753, 0.0 ], [ 117.45967061606305, 0.139639883384519, 0.0 ], [ 117.459694591280979, 0.139810715372903, 0.0 ], [ 117.459713778048126, 0.139982159361068, 0.0 ], [ 117.459728161143403, 0.140154079340904, 0.0 ], [ 117.459740694731224, 0.140311765627768, 0.0 ] ] } },
{ "type": "Feature", "properties": { "Kl_Dat_Das": "Jalan non tol", "Nm_Ruas": "Jl. Sumbawa_HOP_6", "Thn_Data": 2015, "Status": "Jalan Kota", "Fungsi": "Jalan Lingkungan", "Mendukung": null, "Ura_Dukung": null, "Kd_Bd_PU": null, "Kd_Jns_Inf": null, "Kd_Inf": "001 00 K 378", "Propinsi": "Kalimantan Timur", "Kab_Kota": "Bontang", "Kecamatan": "Bontang Barat", "Desa_Kel": "Gunung Telihan", "Tk_Ruas_Aw": "Jl. Sulawesi_HOP_6", "Tk_Ruas_Ak": "Jl. Bangka_HOP_6", "Kd_Patok": null, "Km_Awal": 0.0, "Km_Akhir": 0.0, "Nm_Lintas": "-", "Kon_Baik": 0.2171300992, "Kon_Sdg": 0.0, "Kon_Rgn": 0.0, "Kon_Rusak": 0.0, "Kon_Mntp": 0.0, "Kon_T_Mntp": 0.0, "Panjang": 0.2171300992, "Lbr_Keras": 0.0, "LHRT": 0.0, "VCR": 0.0, "Tipe_Jln": 2, "MST": 0.0, "Tipe_Keras": "Aspal", "Tanah_Kri": 0.0, "Macadam": 0.0, "Aspal": 100.0, "Rigid": 0.0, "Thn_Pen_Ak": 0, "Jns_Pen": null, "Koord_X_Aw": 551431.28668103809, "Koord_Y_Aw": 15020.114276606701, "Koord_X_Ak": 551269.80694417469, "Koord_Y_Ak": 15165.268589527999 }, "geometry": { "type": "LineString", "coordinates": [ [ 117.462196233640796, 0.135887231785001, 0.0 ], [ 117.460745124343347, 0.137200473472755, 0.0 ] ] } },
{ "type": "Feature", "properties": { "Kl_Dat_Das": "Jalan non tol", "Nm_Ruas": "Jl. Wortel", "Thn_Data": 2015, "Status": "Jalan Kota", "Fungsi": "Jalan Lingkungan", "Mendukung": null, "Ura_Dukung": null, "Kd_Bd_PU": null, "Kd_Jns_Inf": null, "Kd_Inf": "001 00 K 347", "Propinsi": "Kalimantan Timur", "Kab_Kota": "Bontang", "Kecamatan": "Bontang Utara", "Desa_Kel": "Gunung Elai", "Tk_Ruas_Aw": "Jl. MT. Haryono", "Tk_Ruas_Ak": "Buntu", "Kd_Patok": null, "Km_Awal": 0.0, "Km_Akhir": 0.0, "Nm_Lintas": "-", "Kon_Baik": 0.3871278525, "Kon_Sdg": 0.0, "Kon_Rgn": 0.0, "Kon_Rusak": 0.0, "Kon_Mntp": 0.0, "Kon_T_Mntp": 0.0, "Panjang": 0.3136724243, "Lbr_Keras": 0.0, "LHRT": 0.0, "VCR": 0.0, "Tipe_Jln": 2, "MST": 0.0, "Tipe_Keras": "Beton", "Tanah_Kri": 0.0, "Macadam": 0.0, "Aspal": 0.0, "Rigid": 100.0, "Thn_Pen_Ak": 0, "Jns_Pen": null, "Koord_X_Aw": 553438.46286954917, "Koord_Y_Aw": 14954.091537304201, "Koord_X_Ak": 553406.46626128536, "Koord_Y_Ak": 15130.5047852099 }, "geometry": { "type": "LineString", "coordinates": [ [ 117.48023364372402, 0.135289570305513, 0.0 ], [ 117.47976912084242, 0.135855332599409, 0.0 ], [ 117.479601359804619, 0.136023864596549, 0.0 ], [ 117.479464646842345, 0.136182449206971, 0.0 ], [ 117.479384402448133, 0.136284182584196, 0.0 ], [ 117.479335542339754, 0.136336605346357, 0.0 ], [ 117.479266115719952, 0.136406502449402, 0.0 ], [ 117.479188250899398, 0.136604342388493, 0.0 ], [ 117.479125839930802, 0.136750957080766, 0.0 ], [ 117.479512214731201, 0.136912523299218, 0.0 ], [ 117.479684597384264, 0.136987322596968, 0.0 ], [ 117.479803482075809, 0.137044170304376, 0.0 ], [ 117.479839147381867, 0.137056138027928, 0.0 ], [ 117.479946139191924, 0.13688558556294, 0.0 ] ] } },
{ "type": "Feature", "properties": { "Kl_Dat_Das": "Jalan non tol", "Nm_Ruas": "Jl. Timor_HOP_6", "Thn_Data": 2015, "Status": "Jalan Kota", "Fungsi": "Jalan Lingkungan", "Mendukung": null, "Ura_Dukung": null, "Kd_Bd_PU": null, "Kd_Jns_Inf": null, "Kd_Inf": "001 00 K 375", "Propinsi": "Kalimantan Timur", "Kab_Kota": "Bontang", "Kecamatan": "Bontang Barat", "Desa_Kel": "Gunung Telihan", "Tk_Ruas_Aw": "Jl. Irian_HOP_6", "Tk_Ruas_Ak": "Jl. Bangka_HOP_6", "Kd_Patok": null, "Km_Awal": 0.0, "Km_Akhir": 0.0, "Nm_Lintas": "-", "Kon_Baik": 0.2181643711, "Kon_Sdg": 0.0, "Kon_Rgn": 0.0, "Kon_Rusak": 0.0, "Kon_Mntp": 0.0, "Kon_T_Mntp": 0.0, "Panjang": 0.2181643711, "Lbr_Keras": 0.0, "LHRT": 0.0, "VCR": 0.0, "Tipe_Jln": 2, "MST": 0.0, "Tipe_Keras": "Aspal", "Tanah_Kri": 0.0, "Macadam": 0.0, "Aspal": 100.0, "Rigid": 0.0, "Thn_Pen_Ak": 0, "Jns_Pen": null, "Koord_X_Aw": 551526.67500402406, "Koord_Y_Aw": 15124.1726432797, "Koord_X_Ak": 551365.72986894194, "Koord_Y_Ak": 15271.442032564401 }, "geometry": { "type": "LineString", "coordinates": [ [ 117.463053456667097, 0.136828632938584, 0.0 ], [ 117.462344961646991, 0.13749036491363, 0.0 ], [ 117.462125255987942, 0.137695569276491, 0.0 ], [ 117.461607152266069, 0.138161009750688, 0.0 ] ] } },
{ "type": "Feature", "properties": { "Kl_Dat_Das": "Jalan non tol", "Nm_Ruas": "Gg. Pontianak 3", "Thn_Data": 2015, "Status": "Jalan Kota", "Fungsi": "Jalan Lingkungan", "Mendukung": null, "Ura_Dukung": null, "Kd_Bd_PU": null, "Kd_Jns_Inf": null, "Kd_Inf": "001 00 K 100", "Propinsi": "Kalimantan Timur", "Kab_Kota": "Bontang", "Kecamatan": "Bontang Barat", "Desa_Kel": "Gunung Telihan", "Tk_Ruas_Aw": "Sp. 3 Jl. Pontianak - Jl. Pontianak 6", "Tk_Ruas_Ak": "Buntu", "Kd_Patok": null, "Km_Awal": 0.0, "Km_Akhir": 0.0, "Nm_Lintas": "-", "Kon_Baik": 0.1049555083, "Kon_Sdg": 0.0, "Kon_Rgn": 0.0, "Kon_Rusak": 0.0, "Kon_Mntp": 0.0, "Kon_T_Mntp": 0.0, "Panjang": 0.1049555083, "Lbr_Keras": 0.0, "LHRT": 0.0, "VCR": 0.0, "Tipe_Jln": 2, "MST": 0.0, "Tipe_Keras": "Beton", "Tanah_Kri": 0.0, "Macadam": 0.0, "Aspal": 0.0, "Rigid": 100.0, "Thn_Pen_Ak": 0, "Jns_Pen": null, "Koord_X_Aw": 117.4504020727, "Koord_Y_Aw": 0.1364328591, "Koord_X_Ak": 117.4502785892, "Koord_Y_Ak": 0.1373614438 }, "geometry": { "type": "LineString", "coordinates": [ [ 117.450278589244164, 0.137361443846408, 0.0 ], [ 117.450308991792951, 0.137246772213962, 0.0 ], [ 117.450344735547375, 0.137152822797524, 0.0 ], [ 117.450374103467112, 0.137056660195016, 0.0 ], [ 117.450396961792748, 0.13695872239017, 0.0 ], [ 117.450413206413529, 0.136859455452022, 0.0 ], [ 117.450422763341578, 0.136759311503276, 0.0 ], [ 117.450425589048876, 0.136658746661089, 0.0 ], [ 117.45041134646624, 0.136551314009954, 0.0 ], [ 117.450402418853457, 0.136443302027919, 0.0 ], [ 117.450402072703696, 0.136432859107487, 0.0 ] ] } },
{ "type": "Feature", "properties": { "Kl_Dat_Das": "Jalan non tol", "Nm_Ruas": "Jl. Flores_HOP_6", "Thn_Data": 2015, "Status": "Jalan Kota", "Fungsi": "Jalan Lingkungan", "Mendukung": null, "Ura_Dukung": null, "Kd_Bd_PU": null, "Kd_Jns_Inf": null, "Kd_Inf": "001 00 K 376", "Propinsi": "Kalimantan Timur", "Kab_Kota": "Bontang", "Kecamatan": "Bontang Barat", "Desa_Kel": "Gunung Telihan", "Tk_Ruas_Aw": "Jl. Sulawesi_HOP_6", "Tk_Ruas_Ak": "Jl. Bangka_HOP_6", "Kd_Patok": null, "Km_Awal": 0.0, "Km_Akhir": 0.0, "Nm_Lintas": "-", "Kon_Baik": 0.2174791374, "Kon_Sdg": 0.0, "Kon_Rgn": 0.0, "Kon_Rusak": 0.0, "Kon_Mntp": 0.0, "Kon_T_Mntp": 0.0, "Panjang": 0.2174791374, "Lbr_Keras": 0.0, "LHRT": 0.0, "VCR": 0.0, "Tipe_Jln": 2, "MST": 0.0, "Tipe_Keras": "Aspal", "Tanah_Kri": 0.0, "Macadam": 0.0, "Aspal": 100.0, "Rigid": 0.0, "Thn_Pen_Ak": 0, "Jns_Pen": null, "Koord_X_Aw": 551463.47889954038, "Koord_Y_Aw": 15055.4545490863, "Koord_X_Ak": 551301.45165978919, "Koord_Y_Ak": 15200.521253713399 }, "geometry": { "type": "LineString", "coordinates": [ [ 117.462485534394148, 0.136206950237824, 0.0 ], [ 117.461029505072133, 0.137519399456547, 0.0 ] ] } },
{ "type": "Feature", "properties": { "Kl_Dat_Das": "Jalan non tol", "Nm_Ruas": "Jl. Bandung 7", "Thn_Data": 2015, "Status": "Jalan Kota", "Fungsi": "Jalan Lingkungan", "Mendukung": null, "Ura_Dukung": null, "Kd_Bd_PU": null, "Kd_Jns_Inf": null, "Kd_Inf": "001 00 K 097", "Propinsi": "Kalimantan Timur", "Kab_Kota": "Bontang", "Kecamatan": "Bontang Barat", "Desa_Kel": "Gunung Telihan", "Tk_Ruas_Aw": "Sp. 4 Jl. Ir. Soekarno Hatta - Jl. Pontianak", "Tk_Ruas_Ak": "Buntu", "Kd_Patok": null, "Km_Awal": 0.0, "Km_Akhir": 0.0, "Nm_Lintas": "-", "Kon_Baik": 0.9568081233, "Kon_Sdg": 0.0, "Kon_Rgn": 0.0, "Kon_Rusak": 0.0, "Kon_Mntp": 0.0, "Kon_T_Mntp": 0.0, "Panjang": 0.9568081233, "Lbr_Keras": 0.0, "LHRT": 0.0, "VCR": 0.0, "Tipe_Jln": 2, "MST": 0.0, "Tipe_Keras": "Beton", "Tanah_Kri": 0.0, "Macadam": 0.0, "Aspal": 0.0, "Rigid": 100.0, "Thn_Pen_Ak": 0, "Jns_Pen": null, "Koord_X_Aw": 117.4488349824, "Koord_Y_Aw": 0.1374361991, "Koord_X_Ak": 117.4413079561, "Koord_Y_Ak": 0.1354032951 }, "geometry": { "type": "MultiLineString", "coordinates": [ [ [ 117.44883498239534, 0.137436199127191, 0.0 ], [ 117.44879877820398, 0.137471369652906, 0.0 ], [ 117.448773178840412, 0.137500200429365, 0.0 ], [ 117.448743098923714, 0.13752424969545, 0.0 ], [ 117.448709407613052, 0.137542822547624, 0.0 ], [ 117.448673078418736, 0.137555382323189, 0.0 ], [ 117.448635161072829, 0.137561566107343, 0.0 ], [ 117.447923421908726, 0.13769447102373, 0.0 ] ], [ [ 117.447972974753895, 0.137685217891604, 0.0 ], [ 117.447886060040403, 0.137517836511289, 0.0 ], [ 117.44781769973072, 0.137413113451191, 0.0 ], [ 117.447716645737486, 0.137278469761688, 0.0 ], [ 117.447654230247849, 0.1372066599527, 0.0 ], [ 117.447594787028109, 0.137143826459616, 0.0 ], [ 117.447529399770076, 0.137089969450537, 0.0 ], [ 117.447404570347615, 0.137030129309022, 0.0 ], [ 117.447241103255749, 0.136952337143352, 0.0 ], [ 117.447065747806292, 0.136877537320809, 0.0 ], [ 117.446798256777612, 0.136781794347459, 0.0 ], [ 117.446664511316158, 0.136736914981787, 0.0 ], [ 117.44650104515452, 0.136709988919235, 0.0 ], [ 117.446325690466892, 0.136677078826889, 0.0 ], [ 117.446150335223791, 0.136614247481667, 0.0 ], [ 117.44598092368814, 0.136524486895353, 0.0 ], [ 117.44577584636113, 0.136404805717356, 0.0 ], [ 117.445594545968959, 0.136291108338547, 0.0 ], [ 117.445297331292579, 0.136054735968968, 0.0 ], [ 117.444952562249867, 0.135779466826307, 0.0 ], [ 117.444679124787186, 0.135564038846953, 0.0 ], [ 117.444533689553523, 0.135439126272721, 0.0 ], [ 117.44440814496599, 0.135278271911566, 0.0 ], [ 117.444248366063164, 0.135354873277078, 0.0 ], [ 117.444147553069257, 0.135397004267585, 0.0 ], [ 117.444088587052079, 0.135425729763191, 0.0 ], [ 117.444025816811177, 0.135458285250351, 0.0 ], [ 117.443942122888529, 0.135487011202754, 0.0 ], [ 117.443898373762877, 0.135500416733887, 0.0 ], [ 117.443824190048559, 0.135500418102169, 0.0 ], [ 117.443649192391518, 0.135490846525694, 0.0 ], [ 117.443523650612065, 0.135485103957589, 0.0 ], [ 117.443488364728864, 0.135481098150957, 0.0 ], [ 117.443092478274451, 0.135361073305514, 0.0 ], [ 117.442967649309395, 0.135328760637092, 0.0 ], [ 117.442789322269377, 0.135285677294909, 0.0 ], [ 117.442639527948614, 0.135271317839366, 0.0 ], [ 117.44252896540381, 0.135256957662215, 0.0 ], [ 117.442354205530236, 0.135249779765711, 0.0 ], [ 117.442218677692964, 0.135256963355889, 0.0 ], [ 117.442122381569177, 0.135260555674056, 0.0 ], [ 117.44197258794992, 0.135285692285132, 0.0 ], [ 117.441911886078913, 0.135307535923353, 0.0 ], [ 117.441826289722854, 0.135321899701297, 0.0 ], [ 117.441762092216919, 0.135319507176908, 0.0 ], [ 117.44168125092358, 0.135317114957327, 0.0 ], [ 117.441548100540984, 0.135312329994452, 0.0 ], [ 117.441505303010018, 0.135355417405986, 0.0 ], [ 117.441460127751682, 0.135396111160017, 0.0 ], [ 117.441424462709307, 0.135408080321496, 0.0 ], [ 117.441374531476526, 0.135415262341402, 0.0 ], [ 117.441307956109313, 0.13540329505368, 0.0 ] ] ] } },
{ "type": "Feature", "properties": { "Kl_Dat_Das": "Jalan non tol", "Nm_Ruas": "Jl. Kalimantan_HOP_6", "Thn_Data": 2015, "Status": "Jalan Kota", "Fungsi": "Jalan Lingkungan", "Mendukung": null, "Ura_Dukung": null, "Kd_Bd_PU": null, "Kd_Jns_Inf": null, "Kd_Inf": "001 00 K 369", "Propinsi": "Kalimantan Timur", "Kab_Kota": "Bontang", "Kecamatan": "Bontang Barat", "Desa_Kel": "Gunung Telihan", "Tk_Ruas_Aw": "Jl. Ir. Simon Tampubolon", "Tk_Ruas_Ak": "Jl. Bangka_HOP_6", "Kd_Patok": null, "Km_Awal": 0.0, "Km_Akhir": 0.0, "Nm_Lintas": "-", "Kon_Baik": 0.2707956869, "Kon_Sdg": 0.0, "Kon_Rgn": 0.0, "Kon_Rusak": 0.0, "Kon_Mntp": 0.0, "Kon_T_Mntp": 0.0, "Panjang": 0.2707956869, "Lbr_Keras": 0.0, "LHRT": 0.0, "VCR": 0.0, "Tipe_Jln": 2, "MST": 0.0, "Tipe_Keras": "Aspal", "Tanah_Kri": 0.0, "Macadam": 0.0, "Aspal": 100.0, "Rigid": 0.0, "Thn_Pen_Ak": 0, "Jns_Pen": null, "Koord_X_Aw": 551461.67826493271, "Koord_Y_Aw": 15374.889281177901, "Koord_X_Ak": 551662.72943632584, "Koord_Y_Ak": 15193.501808438499 }, "geometry": { "type": "LineString", "coordinates": [ [ 117.462469408698183, 0.139096881831605, 0.0 ], [ 117.463267816382142, 0.138388029794898, 0.0 ], [ 117.463926621544758, 0.137778949266374, 0.0 ], [ 117.464276118743797, 0.137455831088332, 0.0 ] ] } },
{ "type": "Feature", "properties": { "Kl_Dat_Das": "Jalan non tol", "Nm_Ruas": "Jl. Seram_HOP_6", "Thn_Data": 2015, "Status": "Jalan Kota", "Fungsi": "Jalan Lingkungan", "Mendukung": null, "Ura_Dukung": null, "Kd_Bd_PU": null, "Kd_Jns_Inf": null, "Kd_Inf": "001 00 K 374", "Propinsi": "Kalimantan Timur", "Kab_Kota": "Bontang", "Kecamatan": "Bontang Barat", "Desa_Kel": "Gunung Telihan", "Tk_Ruas_Aw": "Jl. Irian_HOP_6", "Tk_Ruas_Ak": "Jl. Bangka_HOP_6", "Kd_Patok": null, "Km_Awal": 0.0, "Km_Akhir": 0.0, "Nm_Lintas": "-", "Kon_Baik": 0.2177576685, "Kon_Sdg": 0.0, "Kon_Rgn": 0.0, "Kon_Rusak": 0.0, "Kon_Mntp": 0.0, "Kon_T_Mntp": 0.0, "Panjang": 0.2177576685, "Lbr_Keras": 0.0, "LHRT": 0.0, "VCR": 0.0, "Tipe_Jln": 2, "MST": 0.0, "Tipe_Keras": "Aspal", "Tanah_Kri": 0.0, "Macadam": 0.0, "Aspal": 100.0, "Rigid": 0.0, "Thn_Pen_Ak": 0, "Jns_Pen": null, "Koord_X_Aw": 551559.60398726247, "Koord_Y_Aw": 15159.854313085199, "Koord_X_Ak": 551398.5311730206, "Koord_Y_Ak": 15306.394241829799 }, "geometry": { "type": "LineString", "coordinates": [ [ 117.463349378428916, 0.13715143980104, 0.0 ], [ 117.461901926631839, 0.138477217221611, 0.0 ] ] } },
{ "type": "Feature", "properties": { "Kl_Dat_Das": "Jalan non tol", "Nm_Ruas": "Jl. Halmahera_HOP_6", "Thn_Data": 2015, "Status": "Jalan Kota", "Fungsi": "Jalan Lingkungan", "Mendukung": null, "Ura_Dukung": null, "Kd_Bd_PU": null, "Kd_Jns_Inf": null, "Kd_Inf": "001 00 K 373", "Propinsi": "Kalimantan Timur", "Kab_Kota": "Bontang", "Kecamatan": "Bontang Barat", "Desa_Kel": "Gunung Telihan", "Tk_Ruas_Aw": "Jl. Irian_HOP_6", "Tk_Ruas_Ak": "Jl. Bangka_HOP_6", "Kd_Patok": null, "Km_Awal": 0.0, "Km_Akhir": 0.0, "Nm_Lintas": "-", "Kon_Baik": 0.2184278648, "Kon_Sdg": 0.0, "Kon_Rgn": 0.0, "Kon_Rusak": 0.0, "Kon_Mntp": 0.0, "Kon_T_Mntp": 0.0, "Panjang": 0.2184278648, "Lbr_Keras": 0.0, "LHRT": 0.0, "VCR": 0.0, "Tipe_Jln": 2, "MST": 0.0, "Tipe_Keras": "Aspal", "Tanah_Kri": 0.0, "Macadam": 0.0, "Aspal": 100.0, "Rigid": 0.0, "Thn_Pen_Ak": 0, "Jns_Pen": null, "Koord_X_Aw": 551591.92689550598, "Koord_Y_Aw": 15194.7581379561, "Koord_X_Ak": 551429.5401606505, "Koord_Y_Ak": 15340.8446891943 }, "geometry": { "type": "LineString", "coordinates": [ [ 117.463639853586074, 0.137467209564277, 0.0 ], [ 117.462180594304186, 0.138788885530856, 0.0 ] ] } },
{ "type": "Feature", "properties": { "Kl_Dat_Das": "Jalan non tol", "Nm_Ruas": "Jl. Dr. Cipto Mangunkusumo", "Thn_Data": 2015, "Status": "Jalan Kota", "Fungsi": "Jalan Kolektor", "Mendukung": null, "Ura_Dukung": null, "Kd_Bd_PU": null, "Kd_Jns_Inf": null, "Kd_Inf": "001 00 K 005", "Propinsi": "Kalimantan Timur", "Kab_Kota": "Bontang", "Kecamatan": "Bontang Barat", "Desa_Kel": "Belimbing", "Tk_Ruas_Aw": "Sp. 3 Jl. Bhayangkara - Jl. Brigjen. Katamso", "Tk_Ruas_Ak": "Sp. 4 Pupuk Raya - Jl. Brigjen Slamet Riyadi û Jl. Arief Rahman Hakim", "Kd_Patok": null, "Km_Awal": 0.0, "Km_Akhir": 0.0, "Nm_Lintas": "-", "Kon_Baik": 3.538, "Kon_Sdg": 0.0, "Kon_Rgn": 0.747, "Kon_Rusak": 0.0, "Kon_Mntp": 0.0, "Kon_T_Mntp": 0.0, "Panjang": 4.248583636, "Lbr_Keras": 9.0, "LHRT": 2265.0, "VCR": 0.0, "Tipe_Jln": 4, "MST": 0.0, "Tipe_Keras": "Aspal", "Tanah_Kri": 0.0, "Macadam": 0.0, "Aspal": 100.0, "Rigid": 0.0, "Thn_Pen_Ak": 2019, "Jns_Pen": "Peningkatan", "Koord_X_Aw": 117.4722490381, "Koord_Y_Aw": 0.1358081003, "Koord_X_Ak": 117.4675525742, "Koord_Y_Ak": 0.1695157194 }, "geometry": { "type": "LineString", "coordinates": [ [ 117.467552574187678, 0.169515719420744, 0.0 ], [ 117.467543416251374, 0.169417621794164, 0.0 ], [ 117.46751332334884, 0.169095273697838, 0.0 ], [ 117.467450036083051, 0.168417354833646, 0.0 ], [ 117.467410968095848, 0.1680888788327, 0.0 ], [ 117.467382198827238, 0.167846992354276, 0.0 ], [ 117.467366922504155, 0.167734219276323, 0.0 ], [ 117.46736145775624, 0.167693877337207, 0.0 ], [ 117.467355993008582, 0.167653535398024, 0.0 ], [ 117.467315250160965, 0.167352762899363, 0.0 ], [ 117.467312214092203, 0.167330349979575, 0.0 ], [ 117.467309178023427, 0.167307937059666, 0.0 ], [ 117.46728323239256, 0.167116400745003, 0.0 ], [ 117.467145871721343, 0.166032808184714, 0.0 ], [ 117.467140790962432, 0.165988419818482, 0.0 ], [ 117.467089076824777, 0.165536615888033, 0.0 ], [ 117.467043295538275, 0.165142510394527, 0.0 ], [ 117.467041981304348, 0.165131196886397, 0.0 ], [ 117.467040566845554, 0.165119020598244, 0.0 ], [ 117.467037838152905, 0.165095530801958, 0.0 ], [ 117.467019213070287, 0.164935197812003, 0.0 ], [ 117.466928401294922, 0.164153449192113, 0.0 ], [ 117.466905280026083, 0.163978834124594, 0.0 ], [ 117.46688850719822, 0.163803485584688, 0.0 ], [ 117.466883860917434, 0.163724939304272, 0.0 ], [ 117.466878105179987, 0.16362763742201, 0.0 ], [ 117.466874087843593, 0.163451524152476, 0.0 ], [ 117.466876460546544, 0.163275380645573, 0.0 ], [ 117.466885220124325, 0.163099441810954, 0.0 ], [ 117.466897726573336, 0.162954419729345, 0.0 ], [ 117.46690035489479, 0.162923942285519, 0.0 ], [ 117.46692184467355, 0.162749116120198, 0.0 ], [ 117.466949660801063, 0.162575196467842, 0.0 ], [ 117.466983766180761, 0.16240241527243, 0.0 ], [ 117.467024115328471, 0.162231002959571, 0.0 ], [ 117.467129127911093, 0.161837566808406, 0.0 ], [ 117.467322302311459, 0.161113827129441, 0.0 ], [ 117.467479518315997, 0.160524807954933, 0.0 ], [ 117.467642093289754, 0.159915711251499, 0.0 ], [ 117.468005688665954, 0.158586589109506, 0.0 ], [ 117.468005799510038, 0.158586182986392, 0.0 ], [ 117.468071912039292, 0.158343952386886, 0.0 ], [ 117.468127088037335, 0.158122802564622, 0.0 ], [ 117.468132801225025, 0.158099903652038, 0.0 ], [ 117.468152182574897, 0.15801426605224, 0.0 ], [ 117.468160953850287, 0.157975509673185, 0.0 ], [ 117.468176856056374, 0.157905244873274, 0.0 ], [ 117.468188326573923, 0.157854561742499, 0.0 ], [ 117.468238461048699, 0.157608046125482, 0.0 ], [ 117.468283180237123, 0.157360476839705, 0.0 ], [ 117.46834284013444, 0.156989502259147, 0.0 ], [ 117.468490859948076, 0.156069092366372, 0.0 ], [ 117.468580773421053, 0.155509996941618, 0.0 ], [ 117.468600983507201, 0.155384327637481, 0.0 ], [ 117.468634974178542, 0.155172968645951, 0.0 ], [ 117.468718756124318, 0.154704748739804, 0.0 ], [ 117.468756168829557, 0.154495665876967, 0.0 ], [ 117.468846651948354, 0.153989996358987, 0.0 ], [ 117.468894118846237, 0.153724725256648, 0.0 ], [ 117.468922438792518, 0.153546927673273, 0.0 ], [ 117.46898960097181, 0.153125271850459, 0.0 ], [ 117.469015423515884, 0.152963153474028, 0.0 ], [ 117.469045525753415, 0.152803320936278, 0.0 ], [ 117.469081828166495, 0.152644799158311, 0.0 ], [ 117.469124274953273, 0.152487831808755, 0.0 ], [ 117.469172800867284, 0.152332660167117, 0.0 ], [ 117.469198754473013, 0.152259774868875, 0.0 ], [ 117.469227331317583, 0.15217952275236, 0.0 ], [ 117.469287782483448, 0.152028654956832, 0.0 ], [ 117.469295134110482, 0.152012198248242, 0.0 ], [ 117.469354061443212, 0.151880288683938, 0.0 ], [ 117.469426066317226, 0.151734651992005, 0.0 ], [ 117.469503686424247, 0.15159196874356, 0.0 ], [ 117.469586802451772, 0.151452458261322, 0.0 ], [ 117.46979111040676, 0.151106653360741, 0.0 ], [ 117.469914816386819, 0.150930798589655, 0.0 ], [ 117.470043701990491, 0.15075875532713, 0.0 ], [ 117.470189834092736, 0.150602892555205, 0.0 ], [ 117.470869580584804, 0.149877883035432, 0.0 ], [ 117.470941614128449, 0.149801052919702, 0.0 ], [ 117.47103303740667, 0.149705600853078, 0.0 ], [ 117.471054182650448, 0.149683523793099, 0.0 ], [ 117.471075327894084, 0.149661446733251, 0.0 ], [ 117.47130564216495, 0.149420983113437, 0.0 ], [ 117.471391758858715, 0.149331071483924, 0.0 ], [ 117.471412896533437, 0.149309002327796, 0.0 ], [ 117.471434034208187, 0.149286933171715, 0.0 ], [ 117.471757477756071, 0.148949236332647, 0.0 ], [ 117.471778625271455, 0.148927156903552, 0.0 ], [ 117.471799772786738, 0.148905077474521, 0.0 ], [ 117.471904329748355, 0.148795912972014, 0.0 ], [ 117.47193632007621, 0.148762393631714, 0.0 ], [ 117.472132178897397, 0.148557173529311, 0.0 ], [ 117.472153279463996, 0.148535064439034, 0.0 ], [ 117.472174380030523, 0.148512955348905, 0.0 ], [ 117.472253004533613, 0.148430572906236, 0.0 ], [ 117.472479115660491, 0.148193654569765, 0.0 ], [ 117.472496793791223, 0.148175131495303, 0.0 ], [ 117.472514471921912, 0.148156608420922, 0.0 ], [ 117.472706417616152, 0.147955488496523, 0.0 ], [ 117.472825970700114, 0.147834221036865, 0.0 ], [ 117.472847654474904, 0.147812226319841, 0.0 ], [ 117.472869338249694, 0.147790231602833, 0.0 ], [ 117.472952913411277, 0.14770545798626, 0.0 ], [ 117.47321180821919, 0.147442850673509, 0.0 ], [ 117.473211834670593, 0.147442823842771, 0.0 ], [ 117.473233841975315, 0.147421038378232, 0.0 ], [ 117.473255876234944, 0.147399226230578, 0.0 ], [ 117.473340101147159, 0.147315850331414, 0.0 ], [ 117.47337819336957, 0.147275592881434, 0.0 ], [ 117.473464175759588, 0.14718472310519, 0.0 ], [ 117.473475931994955, 0.147171455922106, 0.0 ], [ 117.473511827240472, 0.147130947308752, 0.0 ], [ 117.473519305416616, 0.147122508014328, 0.0 ], [ 117.473526783592774, 0.147114068719919, 0.0 ], [ 117.473562678838164, 0.147073560107079, 0.0 ], [ 117.473583925862428, 0.14704958234995, 0.0 ], [ 117.473605976288439, 0.147022997006685, 0.0 ], [ 117.473699223433556, 0.146910572542136, 0.0 ], [ 117.473809945210903, 0.146767842294625, 0.0 ], [ 117.473915972824358, 0.14662154419756, 0.0 ], [ 117.474005544171817, 0.146496972441479, 0.0 ], [ 117.474056274075906, 0.146426419599532, 0.0 ], [ 117.474136759279659, 0.146309124097636, 0.0 ], [ 117.474192267947316, 0.14622822827342, 0.0 ], [ 117.474323888323951, 0.146027066572323, 0.0 ], [ 117.474451071217487, 0.145823032293612, 0.0 ], [ 117.474573754796836, 0.145616224630974, 0.0 ], [ 117.474691879418302, 0.145406744126501, 0.0 ], [ 117.474748469768784, 0.145319114438992, 0.0 ], [ 117.474763780058765, 0.145295406582387, 0.0 ], [ 117.474830052038698, 0.145180583726312, 0.0 ], [ 117.474890529045595, 0.145062563711924, 0.0 ], [ 117.474917434686361, 0.145002900386474, 0.0 ], [ 117.474928664082967, 0.144977999171852, 0.0 ], [ 117.474939893479572, 0.144953097957271, 0.0 ], [ 117.474945059309789, 0.144941642716164, 0.0 ], [ 117.474957941800099, 0.144908797817156, 0.0 ], [ 117.474993505985196, 0.144818124196122, 0.0 ], [ 117.475022652332669, 0.144731318880183, 0.0 ], [ 117.475028517460146, 0.144713851023094, 0.0 ], [ 117.475034382587623, 0.144696383166016, 0.0 ], [ 117.475035747492853, 0.144692318127481, 0.0 ], [ 117.47507167782581, 0.144564540226593, 0.0 ], [ 117.475076556815353, 0.144543155035368, 0.0 ], [ 117.475083810440793, 0.144511361533105, 0.0 ], [ 117.475091153195336, 0.144479177367975, 0.0 ], [ 117.475101206815424, 0.144435111158221, 0.0 ], [ 117.475118390488021, 0.144337648544078, 0.0 ], [ 117.475124260357532, 0.144304355730759, 0.0 ], [ 117.475140780598309, 0.14417260208124, 0.0 ], [ 117.475150726079619, 0.14404018085164, 0.0 ], [ 117.475154071842923, 0.143907424359272, 0.0 ], [ 117.475150809491979, 0.143774665762901, 0.0 ], [ 117.47515131036522, 0.14376580667222, 0.0 ], [ 117.475159016025373, 0.143629514441848, 0.0 ], [ 117.475160037367814, 0.14361144966796, 0.0 ], [ 117.475161058710256, 0.143593384894027, 0.0 ], [ 117.47518906294188, 0.143098066414838, 0.0 ], [ 117.475205782391512, 0.142802345238875, 0.0 ], [ 117.475215543189435, 0.142629703613097, 0.0 ], [ 117.475217116670464, 0.142601873074829, 0.0 ], [ 117.475218690151635, 0.142574042536539, 0.0 ], [ 117.475226633581116, 0.142433545224835, 0.0 ], [ 117.47524250144474, 0.142143945385097, 0.0 ], [ 117.475243110167995, 0.142127693447068, 0.0 ], [ 117.475244684364597, 0.14208566491677, 0.0 ], [ 117.475246258561484, 0.14204363638644, 0.0 ], [ 117.475250802959366, 0.141922308293035, 0.0 ], [ 117.475253357310365, 0.141854111265633, 0.0 ], [ 117.47525919788562, 0.14156413077301, 0.0 ], [ 117.475259755964061, 0.141265451164976, 0.0 ], [ 117.475270682424437, 0.139044243227023, 0.0 ], [ 117.475269621512211, 0.138900541933517, 0.0 ], [ 117.475251436179661, 0.138817409278918, 0.0 ], [ 117.475228781896121, 0.138746307777181, 0.0 ], [ 117.475200550336154, 0.138677225023878, 0.0 ], [ 117.475166931120526, 0.138610631545017, 0.0 ], [ 117.475128124118925, 0.138546928234855, 0.0 ], [ 117.475088410365871, 0.138490632746181, 0.0 ], [ 117.475044360662125, 0.138437745461615, 0.0 ], [ 117.474996241772359, 0.138388583040156, 0.0 ], [ 117.474944363366831, 0.138343461867771, 0.0 ], [ 117.474889059310087, 0.138302672323027, 0.0 ], [ 117.474830685512543, 0.138266476907833, 0.0 ], [ 117.474769601559572, 0.138235100298871, 0.0 ], [ 117.4747094928004, 0.138209545769065, 0.0 ], [ 117.474647679279514, 0.138188524271918, 0.0 ], [ 117.474584252437168, 0.13817208619303, 0.0 ], [ 117.47426136193404, 0.138075338978055, 0.0 ], [ 117.473894011683299, 0.137965835735683, 0.0 ], [ 117.473416690412591, 0.137822223705057, 0.0 ], [ 117.473036984795243, 0.137709132703697, 0.0 ], [ 117.472711337728015, 0.137609315334224, 0.0 ], [ 117.472514477752199, 0.137552951419712, 0.0 ], [ 117.472287341674701, 0.137481879606226, 0.0 ], [ 117.472181683434044, 0.13744882096265, 0.0 ], [ 117.47213626945036, 0.137430288649957, 0.0 ], [ 117.472093421047504, 0.137406160725011, 0.0 ], [ 117.472053891317444, 0.137376847952517, 0.0 ], [ 117.47201827656319, 0.137342788366272, 0.0 ], [ 117.47198225021225, 0.137297419506729, 0.0 ], [ 117.471951388253714, 0.137248417191947, 0.0 ], [ 117.47192602054956, 0.137196317831459, 0.0 ], [ 117.47190643420592, 0.137141699531598, 0.0 ], [ 117.471894723526503, 0.137088131091693, 0.0 ], [ 117.471888836356499, 0.137033651017764, 0.0 ], [ 117.471888831189574, 0.136978849505483, 0.0 ], [ 117.471894708086154, 0.1369243683073, 0.0 ], [ 117.471906390354874, 0.136870881457255, 0.0 ], [ 117.471983666563958, 0.13662670263688, 0.0 ], [ 117.472249038144071, 0.135808100276381, 0.0 ] ] } },
{ "type": "Feature", "properties": { "Kl_Dat_Das": "Jalan non tol", "Nm_Ruas": "Jl. Bandung 2", "Thn_Data": 2015, "Status": "Jalan Kota", "Fungsi": "Jalan Lingkungan", "Mendukung": null, "Ura_Dukung": null, "Kd_Bd_PU": null, "Kd_Jns_Inf": null, "Kd_Inf": "001 00 K 106", "Propinsi": "Kalimantan Timur", "Kab_Kota": "Bontang", "Kecamatan": "Bontang Barat", "Desa_Kel": "Gunung Telihan", "Tk_Ruas_Aw": "Jl. Ir. Soekarno Hatta", "Tk_Ruas_Ak": "Gg. Bandung 1", "Kd_Patok": null, "Km_Awal": 0.0, "Km_Akhir": 0.0, "Nm_Lintas": "-", "Kon_Baik": 0.1323635751, "Kon_Sdg": 0.0, "Kon_Rgn": 0.0, "Kon_Rusak": 0.0, "Kon_Mntp": 0.0, "Kon_T_Mntp": 0.0, "Panjang": 0.1323635751, "Lbr_Keras": 0.0, "LHRT": 0.0, "VCR": 0.0, "Tipe_Jln": 2, "MST": 0.0, "Tipe_Keras": "Beton", "Tanah_Kri": 0.0, "Macadam": 0.0, "Aspal": 0.0, "Rigid": 100.0, "Thn_Pen_Ak": 0, "Jns_Pen": null, "Koord_X_Aw": 117.4490073135, "Koord_Y_Aw": 0.1396102996, "Koord_X_Ak": 117.45013222359999, "Koord_Y_Ak": 0.1392308982 }, "geometry": { "type": "LineString", "coordinates": [ [ 117.44900731346398, 0.139610299596531, 0.0 ], [ 117.449143126300612, 0.139549046271648, 0.0 ], [ 117.449225600551756, 0.139517036184851, 0.0 ], [ 117.449309490642563, 0.139489001990382, 0.0 ], [ 117.449394607581041, 0.139465006844967, 0.0 ], [ 117.450068188783234, 0.13926824285534, 0.0 ], [ 117.45011379561511, 0.139243951561213, 0.0 ], [ 117.450132223596512, 0.139230898161975, 0.0 ] ] } },
{ "type": "Feature", "properties": { "Kl_Dat_Das": "Jalan non tol", "Nm_Ruas": "Jl. Swakarya", "Thn_Data": 2015, "Status": "Jalan Kota", "Fungsi": "Jalan Lingkungan", "Mendukung": null, "Ura_Dukung": null, "Kd_Bd_PU": null, "Kd_Jns_Inf": null, "Kd_Inf": "001 00 K 071", "Propinsi": "Kalimantan Timur", "Kab_Kota": "Bontang", "Kecamatan": "Bontang Barat", "Desa_Kel": "Belimbing", "Tk_Ruas_Aw": "Jl. Brigjen. Katamso", "Tk_Ruas_Ak": "Buntu", "Kd_Patok": null, "Km_Awal": 0.0, "Km_Akhir": 0.0, "Nm_Lintas": "-", "Kon_Baik": 0.2114101603, "Kon_Sdg": 0.0, "Kon_Rgn": 0.0, "Kon_Rusak": 0.0, "Kon_Mntp": 0.0, "Kon_T_Mntp": 0.0, "Panjang": 0.2114101603, "Lbr_Keras": 0.0, "LHRT": 0.0, "VCR": 0.0, "Tipe_Jln": 2, "MST": 0.0, "Tipe_Keras": "Beton", "Tanah_Kri": 0.0, "Macadam": 0.0, "Aspal": 0.0, "Rigid": 100.0, "Thn_Pen_Ak": 0, "Jns_Pen": null, "Koord_X_Aw": 117.46378228250001, "Koord_Y_Aw": 0.1384312008, "Koord_X_Ak": 117.4646414501, "Koord_Y_Ak": 0.1401365305 }, "geometry": { "type": "LineString", "coordinates": [ [ 117.463782282481716, 0.138431200822367, 0.0 ], [ 117.463913963159939, 0.138679168813724, 0.0 ], [ 117.464184394114241, 0.139246134054531, 0.0 ], [ 117.464438613738594, 0.139765161675939, 0.0 ], [ 117.464490420126026, 0.13986001292119, 0.0 ], [ 117.464641450067475, 0.140136530500683, 0.0 ] ] } },
{ "type": "Feature", "properties": { "Kl_Dat_Das": "Jalan non tol", "Nm_Ruas": "Jl. Cendana", "Thn_Data": 2015, "Status": "Jalan Kota", "Fungsi": "Jalan Lingkungan", "Mendukung": null, "Ura_Dukung": null, "Kd_Bd_PU": null, "Kd_Jns_Inf": null, "Kd_Inf": "001 00 K 400", "Propinsi": "Kalimantan Timur", "Kab_Kota": "Bontang", "Kecamatan": "Bontang Barat", "Desa_Kel": "Belimbing", "Tk_Ruas_Aw": "Jl. Beringin", "Tk_Ruas_Ak": "Jl. Meranti", "Kd_Patok": null, "Km_Awal": 0.0, "Km_Akhir": 0.0, "Nm_Lintas": "-", "Kon_Baik": 0.2113156276, "Kon_Sdg": 0.0, "Kon_Rgn": 0.0, "Kon_Rusak": 0.0, "Kon_Mntp": 0.0, "Kon_T_Mntp": 0.0, "Panjang": 0.1220468718, "Lbr_Keras": 0.0, "LHRT": 0.0, "VCR": 0.0, "Tipe_Jln": 2, "MST": 0.0, "Tipe_Keras": "Beton", "Tanah_Kri": 0.0, "Macadam": 0.0, "Aspal": 0.0, "Rigid": 100.0, "Thn_Pen_Ak": 0, "Jns_Pen": null, "Koord_X_Aw": 552443.71722123958, "Koord_Y_Aw": 14355.359258763499, "Koord_X_Ak": 552522.04073051829, "Koord_Y_Ak": 14263.546620687501 }, "geometry": { "type": "LineString", "coordinates": [ [ 117.471294298825327, 0.129873012800722, 0.0 ], [ 117.471532706918126, 0.129660920147919, 0.0 ], [ 117.471865752796091, 0.129297970449389, 0.0 ], [ 117.471945640353653, 0.129175411958509, 0.0 ], [ 117.471998134859547, 0.129042370258799, 0.0 ] ] } },
{ "type": "Feature", "properties": { "Kl_Dat_Das": "Jalan non tol", "Nm_Ruas": "Jl. Keladi 1", "Thn_Data": 2015, "Status": "Jalan Kota", "Fungsi": "Jalan Lingkungan", "Mendukung": null, "Ura_Dukung": null, "Kd_Bd_PU": null, "Kd_Jns_Inf": null, "Kd_Inf": "001 00 K 073", "Propinsi": "Kalimantan Timur", "Kab_Kota": "Bontang", "Kecamatan": "Bontang Utara", "Desa_Kel": "Gunung Elai", "Tk_Ruas_Aw": "Sp. 4 Jl. MH. Thamrin - Jl. Gendang 1", "Tk_Ruas_Ak": "Sp. 4 Jl. Keladi - Jl. Keladi 1", "Kd_Patok": null, "Km_Awal": 0.0, "Km_Akhir": 0.0, "Nm_Lintas": "-", "Kon_Baik": 0.0753798272, "Kon_Sdg": 0.0, "Kon_Rgn": 0.0, "Kon_Rusak": 0.0, "Kon_Mntp": 0.0, "Kon_T_Mntp": 0.0, "Panjang": 0.0753798272, "Lbr_Keras": 3.0, "LHRT": 0.0, "VCR": 0.0, "Tipe_Jln": 2, "MST": 0.0, "Tipe_Keras": "Beton", "Tanah_Kri": 0.0, "Macadam": 0.0, "Aspal": 0.0, "Rigid": 100.0, "Thn_Pen_Ak": 0, "Jns_Pen": null, "Koord_X_Aw": 117.4893612061, "Koord_Y_Aw": 0.1423214896, "Koord_X_Ak": 117.4886970184, "Koord_Y_Ak": 0.1422109191 }, "geometry": { "type": "LineString", "coordinates": [ [ 117.488697018422343, 0.142210919073737, 0.0 ], [ 117.489235636054858, 0.142327102616149, 0.0 ], [ 117.489266229923913, 0.142330919876046, 0.0 ], [ 117.489297057846088, 0.142330885718606, 0.0 ], [ 117.489327643294516, 0.14232700067185, 0.0 ], [ 117.4893556446426, 0.142321617180454, 0.0 ], [ 117.48936120614151, 0.14232148958445, 0.0 ] ] } },
{ "type": "Feature", "properties": { "Kl_Dat_Das": "Jalan non tol", "Nm_Ruas": "Jl. Pipa Gas Pertamina", "Thn_Data": 2015, "Status": "Jalan Kota", "Fungsi": "Jalan Lingkungan", "Mendukung": null, "Ura_Dukung": null, "Kd_Bd_PU": null, "Kd_Jns_Inf": null, "Kd_Inf": "001 00 K 019", "Propinsi": "Kalimantan Timur", "Kab_Kota": "Bontang", "Kecamatan": "Bontang Selatan", "Desa_Kel": "Bontang Lestari", "Tk_Ruas_Aw": "Jl. Letjen. S. Parman", "Tk_Ruas_Ak": "Jl. Pupuk Raya", "Kd_Patok": null, "Km_Awal": 0.0, "Km_Akhir": 0.0, "Nm_Lintas": "-", "Kon_Baik": 0.0, "Kon_Sdg": 3.225, "Kon_Rgn": 0.0, "Kon_Rusak": 0.0, "Kon_Mntp": 0.0, "Kon_T_Mntp": 0.0, "Panjang": 5.3367285279000001, "Lbr_Keras": 0.0, "LHRT": 0.0, "VCR": 0.0, "Tipe_Jln": 2, "MST": 0.0, "Tipe_Keras": "Telford / Kerikil", "Tanah_Kri": 0.0, "Macadam": 0.0, "Aspal": 0.0, "Rigid": 0.0, "Thn_Pen_Ak": 0, "Jns_Pen": null, "Koord_X_Aw": 117.4416610599, "Koord_Y_Aw": 0.1435073722, "Koord_X_Ak": 117.46813722909999, "Koord_Y_Ak": 0.1783445157 }, "geometry": { "type": "LineString", "coordinates": [ [ 117.468137229098105, 0.178344515673079, 0.0 ], [ 117.468119328843571, 0.178251090609333, 0.0 ], [ 117.468050872944701, 0.177732878603156, 0.0 ], [ 117.467975214397626, 0.177083436257293, 0.0 ], [ 117.467796763698189, 0.175882765477339, 0.0 ], [ 117.467784110809703, 0.175818149280405, 0.0 ], [ 117.467766373667914, 0.175754756424829, 0.0 ], [ 117.467743665526697, 0.175692991681703, 0.0 ], [ 117.467716131380215, 0.175633249426433, 0.0 ], [ 117.467683947037401, 0.175575911120659, 0.0 ], [ 117.467647317999194, 0.175521342876516, 0.0 ], [ 117.467605586784245, 0.175458290665952, 0.0 ], [ 117.4675595225455, 0.175398373888421, 0.0 ], [ 117.467509356861669, 0.175341893763414, 0.0 ], [ 117.467455341930602, 0.175289134233671, 0.0 ], [ 117.467397749301497, 0.175240360537182, 0.0 ], [ 117.46733686850969, 0.175195817874005, 0.0 ], [ 117.467273005621109, 0.175155730173646, 0.0 ], [ 117.466861218283299, 0.17494632467295, 0.0 ], [ 117.466285198537179, 0.174736651769318, 0.0 ], [ 117.466212187123233, 0.174717096900566, 0.0 ], [ 117.466141067815158, 0.174691430010914, 0.0 ], [ 117.466072344466227, 0.17465983294018, 0.0 ], [ 117.466006503955299, 0.174622529541507, 0.0 ], [ 117.465620943913493, 0.174391668680985, 0.0 ], [ 117.464724327358027, 0.173977078976885, 0.0 ], [ 117.463941000271504, 0.173645513844959, 0.0 ], [ 117.463846382624254, 0.173619213462283, 0.0 ], [ 117.463753511587186, 0.173587219622917, 0.0 ], [ 117.463662724849556, 0.173549648659624, 0.0 ], [ 117.463574352521803, 0.173506637184365, 0.0 ], [ 117.462930508877534, 0.173206280432274, 0.0 ], [ 117.462013426151515, 0.17275831934705, 0.0 ], [ 117.46115251059841, 0.172340080448108, 0.0 ], [ 117.460178709054347, 0.171916052549882, 0.0 ], [ 117.459001550502535, 0.171421940776255, 0.0 ], [ 117.457751598754186, 0.170896218727748, 0.0 ], [ 117.456605874451611, 0.170435161517566, 0.0 ], [ 117.455364911556927, 0.169926851623726, 0.0 ], [ 117.453885540001608, 0.169309328381251, 0.0 ], [ 117.452826730291136, 0.168872637749298, 0.0 ], [ 117.451780667138863, 0.168456020138103, 0.0 ], [ 117.450907101496355, 0.168118346493449, 0.0 ], [ 117.450828841460989, 0.168086438286415, 0.0 ], [ 117.450753233252158, 0.168048600732392, 0.0 ], [ 117.450680719334457, 0.168005055259237, 0.0 ], [ 117.450611724064416, 0.167956056697909, 0.0 ], [ 117.450546651207191, 0.16790189179123, 0.0 ], [ 117.450500858314214, 0.167848175050663, 0.0 ], [ 117.450458980618777, 0.167791312276034, 0.0 ], [ 117.450421230679993, 0.167731592086527, 0.0 ], [ 117.450387800105801, 0.167669317604577, 0.0 ], [ 117.450358858580245, 0.16760480491761, 0.0 ], [ 117.450122180591222, 0.166984765928808, 0.0 ], [ 117.450101504420587, 0.16692996481764, 0.0 ], [ 117.449902758584216, 0.166403199271457, 0.0 ], [ 117.449860263660881, 0.166340371814565, 0.0 ], [ 117.449812528512609, 0.166281481467846, 0.0 ], [ 117.449759911157713, 0.166226969914847, 0.0 ], [ 117.4497028062315, 0.166177245997745, 0.0 ], [ 117.449641642026435, 0.166132682650921, 0.0 ], [ 117.449576877280137, 0.16609361410403, 0.0 ], [ 117.449336747792444, 0.165921555534179, 0.0 ], [ 117.449270707602466, 0.165865389988918, 0.0 ], [ 117.449208286882595, 0.165805175262167, 0.0 ], [ 117.449149730158993, 0.165741147238054, 0.0 ], [ 117.449095266821061, 0.165673556739119, 0.0 ], [ 117.449045110222769, 0.165602668543303, 0.0 ], [ 117.448998540046176, 0.165524465045896, 0.0 ], [ 117.44895683836296, 0.165443524657357, 0.0 ], [ 117.448920163240345, 0.165360154176192, 0.0 ], [ 117.448888653692734, 0.165274669612182, 0.0 ], [ 117.448862429154758, 0.165187394988294, 0.0 ], [ 117.448841589028646, 0.165098661112636, 0.0 ], [ 117.448731633339577, 0.164586926374803, 0.0 ], [ 117.448703472383727, 0.164478621309225, 0.0 ], [ 117.448669354498719, 0.164372066241785, 0.0 ], [ 117.448629385919574, 0.164267592959652, 0.0 ], [ 117.448583691098932, 0.164165526767829, 0.0 ], [ 117.448532412319523, 0.1640661854762, 0.0 ], [ 117.448202517157767, 0.163548625840664, 0.0 ], [ 117.4480808152192, 0.163346004103362, 0.0 ], [ 117.447740926143496, 0.162941367636296, 0.0 ], [ 117.447566310193665, 0.162716174070758, 0.0 ], [ 117.447513488983191, 0.162627430147489, 0.0 ], [ 117.447466537898535, 0.162535402564352, 0.0 ], [ 117.447425657436497, 0.162440484309832, 0.0 ], [ 117.447391022170308, 0.162343080716419, 0.0 ], [ 117.447252762019787, 0.161940414441438, 0.0 ], [ 117.447213523793408, 0.161848107202678, 0.0 ], [ 117.447168751230492, 0.161758388764416, 0.0 ], [ 117.447118611964882, 0.161671595043221, 0.0 ], [ 117.446861485263895, 0.161242569023617, 0.0 ], [ 117.446811578874161, 0.161125725272737, 0.0 ], [ 117.446767488541511, 0.16100653407414, 0.0 ], [ 117.446729322726526, 0.160885288633562, 0.0 ], [ 117.44669717531562, 0.160762287210098, 0.0 ], [ 117.446535620875281, 0.16027583408594, 0.0 ], [ 117.446480108029476, 0.160092425229156, 0.0 ], [ 117.446460936856923, 0.160017650945357, 0.0 ], [ 117.446448338635207, 0.159941474605916, 0.0 ], [ 117.446442410017752, 0.159864480634965, 0.0 ], [ 117.446443196488715, 0.159787259729354, 0.0 ], [ 117.446450692014309, 0.159710404327085, 0.0 ], [ 117.446464839088804, 0.159634504061968, 0.0 ], [ 117.446485529175902, 0.15956014124001, 0.0 ], [ 117.446678124707958, 0.158991348762331, 0.0 ], [ 117.44677071530667, 0.158704514593286, 0.0 ], [ 117.446787896780009, 0.158650373729221, 0.0 ], [ 117.446800254044703, 0.158594915093236, 0.0 ], [ 117.446807690229306, 0.158538573438769, 0.0 ], [ 117.446810147039898, 0.158481790441497, 0.0 ], [ 117.446807605216961, 0.158425011236693, 0.0 ], [ 117.446800084686487, 0.158368680930181, 0.0 ], [ 117.446602283401432, 0.157811721851633, 0.0 ], [ 117.446405469385965, 0.15724605754527, 0.0 ], [ 117.446144392633059, 0.156480584985864, 0.0 ], [ 117.445901816001779, 0.155779604900906, 0.0 ], [ 117.445609484026065, 0.154941262404146, 0.0 ], [ 117.445492875025025, 0.15457478914562, 0.0 ], [ 117.445337523784204, 0.153995161679515, 0.0 ], [ 117.445203930867734, 0.153515269549757, 0.0 ], [ 117.445079405300504, 0.153067949000097, 0.0 ], [ 117.444885155667905, 0.152504319309826, 0.0 ], [ 117.444768218877428, 0.152140413755819, 0.0 ], [ 117.444736919976407, 0.152030971925355, 0.0 ], [ 117.444701627394778, 0.151922768531657, 0.0 ], [ 117.444662389291253, 0.151815951224134, 0.0 ], [ 117.4444111936388, 0.151232618106202, 0.0 ], [ 117.444182894299459, 0.15066954995919, 0.0 ], [ 117.443920182369553, 0.150067312740016, 0.0 ], [ 117.443662122783635, 0.149481722991345, 0.0 ], [ 117.443481089405012, 0.149037223619502, 0.0 ], [ 117.443055248812769, 0.147884660198145, 0.0 ], [ 117.442891934390104, 0.147426096696665, 0.0 ], [ 117.442692402346125, 0.146792424023743, 0.0 ], [ 117.442366570710448, 0.145746163612584, 0.0 ], [ 117.441981243127472, 0.14457768113931, 0.0 ], [ 117.441930818669633, 0.144420520939502, 0.0 ], [ 117.441911089377342, 0.144359029753779, 0.0 ], [ 117.441847039711817, 0.144138487939168, 0.0 ], [ 117.441789144278886, 0.143916228369694, 0.0 ], [ 117.441661059937786, 0.143507372223232, 0.0 ] ] } },
{ "type": "Feature", "properties": { "Kl_Dat_Das": "Jalan non tol", "Nm_Ruas": "Jl. Kapal Layar", "Thn_Data": 2015, "Status": "Jalan Kota", "Fungsi": "Jalan Lingkungan", "Mendukung": null, "Ura_Dukung": null, "Kd_Bd_PU": null, "Kd_Jns_Inf": null, "Kd_Inf": "001 00 K 064", "Propinsi": "Kalimantan Timur", "Kab_Kota": "Bontang", "Kecamatan": "Bontang Utara", "Desa_Kel": "Loktuan", "Tk_Ruas_Aw": "Jl. Brigjen Slamet Riyadi", "Tk_Ruas_Ak": "Sp. 4 Jl. Dr. Cipto Mangunkusumo - Jl. Perumahan Bukit Sintuk Indah", "Kd_Patok": null, "Km_Awal": 0.0, "Km_Akhir": 0.0, "Nm_Lintas": "-", "Kon_Baik": 1.2038529449, "Kon_Sdg": 0.0, "Kon_Rgn": 0.0, "Kon_Rusak": 0.0, "Kon_Mntp": 0.0, "Kon_T_Mntp": 0.0, "Panjang": 1.2038529449, "Lbr_Keras": 5.0, "LHRT": 0.0, "VCR": 0.0, "Tipe_Jln": 2, "MST": 0.0, "Tipe_Keras": "Beton", "Tanah_Kri": 0.0, "Macadam": 0.0, "Aspal": 0.0, "Rigid": 100.0, "Thn_Pen_Ak": 2018, "Jns_Pen": "Rehabilitasi / Pemeliharaan & Peningkatan", "Koord_X_Aw": 117.4742713917, "Koord_Y_Aw": 0.1706121434, "Koord_X_Ak": 117.46704056679999, "Koord_Y_Ak": 0.1651190206 }, "geometry": { "type": "LineString", "coordinates": [ [ 117.47427139167695, 0.170612143428934, 0.0 ], [ 117.474259022931463, 0.170193648639491, 0.0 ], [ 117.474246394399458, 0.169766363112271, 0.0 ], [ 117.474242445055481, 0.169632737139522, 0.0 ], [ 117.47423649033037, 0.169432075108292, 0.0 ], [ 117.474232598627523, 0.169345281258783, 0.0 ], [ 117.474231358776251, 0.169333949031292, 0.0 ], [ 117.474223150045319, 0.169258921313988, 0.0 ], [ 117.474208183993397, 0.169173355476919, 0.0 ], [ 117.474195101282007, 0.169119275382603, 0.0 ], [ 117.474187762894502, 0.169088940638666, 0.0 ], [ 117.474161971924019, 0.169006028889207, 0.0 ], [ 117.474130918654794, 0.168924966049547, 0.0 ], [ 117.474062091720043, 0.168718570010317, 0.0 ], [ 117.473961056899469, 0.168415589934457, 0.0 ], [ 117.473874412028508, 0.168108814811243, 0.0 ], [ 117.473788767966724, 0.167805583095831, 0.0 ], [ 117.473566441250156, 0.16720876266006, 0.0 ], [ 117.473106347695065, 0.166192792490622, 0.0 ], [ 117.473080822940901, 0.166151399200006, 0.0 ], [ 117.473050112966504, 0.166113744532155, 0.0 ], [ 117.473014751147502, 0.166080482479191, 0.0 ], [ 117.472975351653474, 0.166052190741923, 0.0 ], [ 117.472932598781, 0.166029360695649, 0.0 ], [ 117.472887235068697, 0.166012388856392, 0.0 ], [ 117.472840048400613, 0.166001569993833, 0.0 ], [ 117.472791858322267, 0.165997092011861, 0.0 ], [ 117.472743501806576, 0.165999032684792, 0.0 ], [ 117.472623847053953, 0.165987885877338, 0.0 ], [ 117.472504898243216, 0.165970711225983, 0.0 ], [ 117.472437811859237, 0.165955678882762, 0.0 ], [ 117.47236981473381, 0.165945614962852, 0.0 ], [ 117.472301269421365, 0.165940573126398, 0.0 ], [ 117.472232541399251, 0.165940580256087, 0.0 ], [ 117.472163997119026, 0.165945636314059, 0.0 ], [ 117.472096002052567, 0.165955714342067, 0.0 ], [ 117.472003839279736, 0.165961196731537, 0.0 ], [ 117.471911523393146, 0.165962392069233, 0.0 ], [ 117.471819251045389, 0.165959297808753, 0.0 ], [ 117.471727218796445, 0.165951920541302, 0.0 ], [ 117.470887158543647, 0.165848383651081, 0.0 ], [ 117.470370492600878, 0.165736847241736, 0.0 ], [ 117.470095387330502, 0.165677458270102, 0.0 ], [ 117.470019678042391, 0.165652485906453, 0.0 ], [ 117.469970103639341, 0.165636134015169, 0.0 ], [ 117.469843154364028, 0.165600330367648, 0.0 ], [ 117.46982499955115, 0.165596057302445, 0.0 ], [ 117.469714779401272, 0.165570114986135, 0.0 ], [ 117.469585221341958, 0.165545544969225, 0.0 ], [ 117.469454725012739, 0.165526666747204, 0.0 ], [ 117.46932353701331, 0.165513515994863, 0.0 ], [ 117.469154060359102, 0.165498140402522, 0.0 ], [ 117.468924675121315, 0.16546639306301, 0.0 ], [ 117.468747070159992, 0.165431790767367, 0.0 ], [ 117.468312220816998, 0.165342810557731, 0.0 ], [ 117.467634805630311, 0.165227967672271, 0.0 ], [ 117.467040566845554, 0.165119020598244, 0.0 ] ] } },
{ "type": "Feature", "properties": { "Kl_Dat_Das": "Jalan non tol", "Nm_Ruas": "Jl. Kapal Selam 1", "Thn_Data": 2015, "Status": "Jalan Kota", "Fungsi": "Jalan Lingkungan", "Mendukung": null, "Ura_Dukung": null, "Kd_Bd_PU": null, "Kd_Jns_Inf": null, "Kd_Inf": "001 00 K 069", "Propinsi": "Kalimantan Timur", "Kab_Kota": "Bontang", "Kecamatan": "Bontang Utara", "Desa_Kel": "Loktuan", "Tk_Ruas_Aw": "Jl. Brigjen. Slamet Riyadi", "Tk_Ruas_Ak": "Buntu", "Kd_Patok": null, "Km_Awal": 0.0, "Km_Akhir": 0.0, "Nm_Lintas": "-", "Kon_Baik": 0.632556721, "Kon_Sdg": 0.0, "Kon_Rgn": 0.0, "Kon_Rusak": 0.0, "Kon_Mntp": 0.0, "Kon_T_Mntp": 0.0, "Panjang": 0.632556721, "Lbr_Keras": 4.0, "LHRT": 0.0, "VCR": 0.0, "Tipe_Jln": 2, "MST": 0.0, "Tipe_Keras": "Beton", "Tanah_Kri": 0.0, "Macadam": 0.0, "Aspal": 0.0, "Rigid": 100.0, "Thn_Pen_Ak": 0, "Jns_Pen": null, "Koord_X_Aw": 117.4777026666, "Koord_Y_Aw": 0.1706641092, "Koord_X_Ak": 117.47999554960001, "Koord_Y_Ak": 0.1658742031 }, "geometry": { "type": "LineString", "coordinates": [ [ 117.479995549643263, 0.165874203146897, 0.0 ], [ 117.479909293389852, 0.165980130696877, 0.0 ], [ 117.479888317983722, 0.166008081663694, 0.0 ], [ 117.479863966001446, 0.166033104384684, 0.0 ], [ 117.47983663690249, 0.16605478839771, 0.0 ], [ 117.479806778981768, 0.166072778007368, 0.0 ], [ 117.47958263690515, 0.166202082072716, 0.0 ], [ 117.479482027934239, 0.166260121818075, 0.0 ], [ 117.479404832048019, 0.166313315766867, 0.0 ], [ 117.479330338871762, 0.166370281625411, 0.0 ], [ 117.479258730080559, 0.166430880464711, 0.0 ], [ 117.479190180314987, 0.166494964495555, 0.0 ], [ 117.478711584377422, 0.166860252492197, 0.0 ], [ 117.478644218629213, 0.166906206087555, 0.0 ], [ 117.478580021214654, 0.166956546954616, 0.0 ], [ 117.478519273577362, 0.167011054397636, 0.0 ], [ 117.478462242036954, 0.167069489454275, 0.0 ], [ 117.478409176621682, 0.167131595943557, 0.0 ], [ 117.478357612300144, 0.16719358475971, 0.0 ], [ 117.478310704656963, 0.167259215265904, 0.0 ], [ 117.478268706545279, 0.167328133684635, 0.0 ], [ 117.478231844353729, 0.16739996851501, 0.0 ], [ 117.478200316786129, 0.167474332535474, 0.0 ], [ 117.478083958276372, 0.167795900331774, 0.0 ], [ 117.47797544712607, 0.168114568113958, 0.0 ], [ 117.477775571786452, 0.168741282200004, 0.0 ], [ 117.47774471812015, 0.168827840941158, 0.0 ], [ 117.477719826688613, 0.168916324121419, 0.0 ], [ 117.477701014432228, 0.169006316045786, 0.0 ], [ 117.477688369731354, 0.169097393931089, 0.0 ], [ 117.477681951991073, 0.1691891298923, 0.0 ], [ 117.477681791362087, 0.169281092952799, 0.0 ], [ 117.477680428844621, 0.169389508049453, 0.0 ], [ 117.477676676380185, 0.169688091187974, 0.0 ], [ 117.477675149209531, 0.169741982471138, 0.0 ], [ 117.47767474730054, 0.169756165165628, 0.0 ], [ 117.477676918249031, 0.169824231760642, 0.0 ], [ 117.477683181250597, 0.169892040924728, 0.0 ], [ 117.477693513297595, 0.169959343555315, 0.0 ], [ 117.477698851461895, 0.170012432174069, 0.0 ], [ 117.477699521573243, 0.170065787843459, 0.0 ], [ 117.477702666567609, 0.17066410919151, 0.0 ] ] } },
{ "type": "Feature", "properties": { "Kl_Dat_Das": "Jalan non tol", "Nm_Ruas": "Jl. Laks. RE. Martadinata", "Thn_Data": 2015, "Status": "Jalan Kota", "Fungsi": "Jalan Kolektor", "Mendukung": null, "Ura_Dukung": null, "Kd_Bd_PU": null, "Kd_Jns_Inf": null, "Kd_Inf": "001 00 K 004", "Propinsi": "Kalimantan Timur", "Kab_Kota": "Bontang", "Kecamatan": "Bontang Utara", "Desa_Kel": "Loktuan", "Tk_Ruas_Aw": "Sp 3 Jl. Brigjen Slamet Riyadi - Jl. Kapal Pinisi 7", "Tk_Ruas_Ak": "Jl. Pelabuhan Lok Tuan", "Kd_Patok": null, "Km_Awal": 0.0, "Km_Akhir": 0.0, "Nm_Lintas": "-", "Kon_Baik": 0.853, "Kon_Sdg": 0.0, "Kon_Rgn": 0.045, "Kon_Rusak": 0.0, "Kon_Mntp": 0.0, "Kon_T_Mntp": 0.0, "Panjang": 0.8992032694, "Lbr_Keras": 14.0, "LHRT": 1298.0, "VCR": 0.0, "Tipe_Jln": 4, "MST": 0.0, "Tipe_Keras": "Beton", "Tanah_Kri": 0.0, "Macadam": 0.0, "Aspal": 0.0, "Rigid": 100.0, "Thn_Pen_Ak": 2013, "Jns_Pen": "Peningkatan", "Koord_X_Aw": 117.4791388948, "Koord_Y_Aw": 0.1706464977, "Koord_X_Ak": 117.4853336398, "Koord_Y_Ak": 0.1656960668 }, "geometry": { "type": "LineString", "coordinates": [ [ 117.479138894768468, 0.170646497718928, 0.0 ], [ 117.479358068816055, 0.170603629227064, 0.0 ], [ 117.479726144704856, 0.170518014741417, 0.0 ], [ 117.47975840483825, 0.170510330365602, 0.0 ], [ 117.480024830737662, 0.170446867616193, 0.0 ], [ 117.480089793546142, 0.1704327256811, 0.0 ], [ 117.48015314204774, 0.170413603675838, 0.0 ], [ 117.480214809604774, 0.170389548816872, 0.0 ], [ 117.48027464261861, 0.170360599948329, 0.0 ], [ 117.480401681585676, 0.170298441636022, 0.0 ], [ 117.480493474736861, 0.170243236842838, 0.0 ], [ 117.480581474243536, 0.170181973634085, 0.0 ], [ 117.480665290867066, 0.170114911718385, 0.0 ], [ 117.480904805903208, 0.169904886300917, 0.0 ], [ 117.481083881728765, 0.169744837350468, 0.0 ], [ 117.481279650251565, 0.169569869311899, 0.0 ], [ 117.481442185596052, 0.169425939339209, 0.0 ], [ 117.481655308061633, 0.169280701598721, 0.0 ], [ 117.481921821395119, 0.169087212563075, 0.0 ], [ 117.482181361075561, 0.168896083441891, 0.0 ], [ 117.482284064725022, 0.168820450852915, 0.0 ], [ 117.482718828480714, 0.168471811982168, 0.0 ], [ 117.48301292355265, 0.168231298086756, 0.0 ], [ 117.483116258458764, 0.16812475227536, 0.0 ], [ 117.483215381750057, 0.168013884332853, 0.0 ], [ 117.483309719381978, 0.167899343439846, 0.0 ], [ 117.483342016973381, 0.167845431202555, 0.0 ], [ 117.483371555512335, 0.16778936807553, 0.0 ], [ 117.483386508134956, 0.167751223440852, 0.0 ], [ 117.483407702828472, 0.16771552736564, 0.0 ], [ 117.483456237562905, 0.167643750742313, 0.0 ], [ 117.483531930550697, 0.167531810560868, 0.0 ], [ 117.483614651751921, 0.167442068304227, 0.0 ], [ 117.483701139505484, 0.167356505574367, 0.0 ], [ 117.483791253169684, 0.16727522142303, 0.0 ], [ 117.484066747485912, 0.167010073418644, 0.0 ], [ 117.484315743729624, 0.166775190308938, 0.0 ], [ 117.484599381456604, 0.166488636650741, 0.0 ], [ 117.484726803677034, 0.166359904472892, 0.0 ], [ 117.48502077292855, 0.166029459438824, 0.0 ], [ 117.485228927697278, 0.165799399575219, 0.0 ], [ 117.485240864672008, 0.165798898556299, 0.0 ], [ 117.485333639843859, 0.165696066800875, 0.0 ] ] } },
{ "type": "Feature", "properties": { "Kl_Dat_Das": "Jalan non tol", "Nm_Ruas": "Jl. Arief Rahman Hakim", "Thn_Data": 2015, "Status": "Jalan Kota", "Fungsi": "Jalan Kolektor Sekunder", "Mendukung": null, "Ura_Dukung": null, "Kd_Bd_PU": null, "Kd_Jns_Inf": null, "Kd_Inf": "001 00 K 018", "Propinsi": "Kalimantan Timur", "Kab_Kota": "Bontang", "Kecamatan": "Bontang Barat", "Desa_Kel": "Belimbing", "Tk_Ruas_Aw": "Sp. 4 Jl. Pupuk Raya û Jl. Brigjen. Slamet Riyadi û Jl. Dr. Cipto Mangunkusumo", "Tk_Ruas_Ak": "Jl. Poros Bontang - Sangatta", "Kd_Patok": null, "Km_Awal": 0.0, "Km_Akhir": 0.0, "Nm_Lintas": "-", "Kon_Baik": 2.1022493675999998, "Kon_Sdg": 0.0, "Kon_Rgn": 0.0, "Kon_Rusak": 0.0, "Kon_Mntp": 0.0, "Kon_T_Mntp": 0.0, "Panjang": 2.1040669685000002, "Lbr_Keras": 12.0, "LHRT": 879.0, "VCR": 0.0, "Tipe_Jln": 4, "MST": 0.0, "Tipe_Keras": "Aspal", "Tanah_Kri": 0.0, "Macadam": 0.0, "Aspal": 91.0, "Rigid": 9.0, "Thn_Pen_Ak": 2019, "Jns_Pen": "Rehabilitasi / Pemeliharaan", "Koord_X_Aw": 117.4675525742, "Koord_Y_Aw": 0.1695157194, "Koord_X_Ak": 117.4501015044, "Koord_Y_Ak": 0.1669299648 }, "geometry": { "type": "LineString", "coordinates": [ [ 117.450101504420587, 0.16692996481764, 0.0 ], [ 117.450880284466123, 0.166609555265797, 0.0 ], [ 117.451538916586017, 0.166364742521955, 0.0 ], [ 117.451626259778109, 0.166351222886634, 0.0 ], [ 117.451714302771407, 0.166343581812826, 0.0 ], [ 117.451802655628882, 0.166341853142083, 0.0 ], [ 117.45189092704112, 0.166346044530456, 0.0 ], [ 117.451978726059579, 0.166356137414306, 0.0 ], [ 117.452065663827739, 0.166372087092665, 0.0 ], [ 117.452151355303684, 0.166393822925178, 0.0 ], [ 117.453079889248642, 0.166675385181486, 0.0 ], [ 117.454082156031603, 0.166979788151739, 0.0 ], [ 117.454267617679335, 0.167034406297802, 0.0 ], [ 117.454437045050994, 0.167084302373115, 0.0 ], [ 117.454747302625819, 0.167175672698055, 0.0 ], [ 117.45515431411728, 0.167295536870601, 0.0 ], [ 117.455771556523828, 0.167462441932314, 0.0 ], [ 117.456419242528696, 0.167637579036128, 0.0 ], [ 117.456711651906303, 0.16771664778592, 0.0 ], [ 117.456969748705191, 0.167789115945481, 0.0 ], [ 117.457226073632739, 0.167867699899681, 0.0 ], [ 117.457394363911177, 0.167923699125757, 0.0 ], [ 117.457480483725078, 0.167952355818015, 0.0 ], [ 117.457732837086255, 0.168043036483338, 0.0 ], [ 117.45798299296753, 0.168139691318362, 0.0 ], [ 117.458062082266693, 0.168172427293405, 0.0 ], [ 117.458230811845809, 0.168242266413588, 0.0 ], [ 117.45833553622704, 0.168280141462258, 0.0 ], [ 117.458438015679604, 0.168323798806215, 0.0 ], [ 117.458499509213866, 0.168354142875953, 0.0 ], [ 117.458537935473913, 0.168373104366948, 0.0 ], [ 117.458538362145759, 0.16837334529258, 0.0 ], [ 117.458634988741409, 0.168427906719496, 0.0 ], [ 117.458728877417158, 0.16848803755746, 0.0 ], [ 117.458819313155104, 0.168553312209791, 0.0 ], [ 117.458948437407656, 0.168639679589386, 0.0 ], [ 117.459385712595733, 0.168932159953648, 0.0 ], [ 117.459452317644178, 0.168976352578248, 0.0 ], [ 117.459522513815898, 0.169014498065105, 0.0 ], [ 117.4595957608216, 0.169046302814379, 0.0 ], [ 117.459671494890159, 0.169071522029981, 0.0 ], [ 117.459749133107934, 0.169089961603712, 0.0 ], [ 117.45982807790547, 0.169101479609172, 0.0 ], [ 117.459907721656649, 0.169105987394254, 0.0 ], [ 117.45997671670095, 0.169095217794043, 0.0 ], [ 117.460044384670198, 0.169077903133808, 0.0 ], [ 117.460110114402383, 0.169054199795823, 0.0 ], [ 117.460173312241409, 0.169024321863537, 0.0 ], [ 117.460233407398576, 0.168988539187939, 0.0 ], [ 117.460289857108009, 0.168947174950151, 0.0 ], [ 117.460342151528749, 0.168900602742997, 0.0 ], [ 117.46038981834937, 0.168849243196128, 0.0 ], [ 117.460779184192305, 0.168427802383909, 0.0 ], [ 117.460947806173948, 0.168245289759034, 0.0 ], [ 117.461018668623282, 0.168172959784793, 0.0 ], [ 117.461093695759203, 0.168105019894657, 0.0 ], [ 117.461172619691212, 0.168041712673208, 0.0 ], [ 117.461255158614975, 0.167983264163791, 0.0 ], [ 117.461622789850651, 0.167754599434762, 0.0 ], [ 117.461698258990779, 0.167729350666166, 0.0 ], [ 117.461775449354946, 0.167710084437241, 0.0 ], [ 117.461853893790774, 0.167696917346028, 0.0 ], [ 117.461933117556384, 0.167689929078952, 0.0 ], [ 117.462012641193482, 0.167689161928436, 0.0 ], [ 117.462091983428905, 0.167694620537051, 0.0 ], [ 117.462170664087481, 0.167706271869334, 0.0 ], [ 117.462248206997785, 0.167724045411795, 0.0 ], [ 117.462324142874053, 0.167747833599652, 0.0 ], [ 117.463530739394528, 0.167986546479365, 0.0 ], [ 117.464751741003496, 0.168233895249973, 0.0 ], [ 117.464862557418101, 0.168267992996398, 0.0 ], [ 117.464971557883857, 0.168307581217164, 0.0 ], [ 117.465078474182619, 0.168352562497095, 0.0 ], [ 117.465183043224712, 0.168402826150093, 0.0 ], [ 117.465285007696536, 0.168458248491792, 0.0 ], [ 117.465384116693372, 0.168518693143886, 0.0 ], [ 117.465480126337184, 0.168584011369521, 0.0 ], [ 117.465682311396222, 0.168689003969921, 0.0 ], [ 117.46577189406004, 0.168733238940496, 0.0 ], [ 117.465886562964528, 0.168789861229107, 0.0 ], [ 117.466092797599444, 0.168886541944305, 0.0 ], [ 117.466300931048096, 0.168979006619134, 0.0 ], [ 117.466367740705138, 0.169005201687656, 0.0 ], [ 117.467283377625563, 0.169405482294504, 0.0 ], [ 117.467552574187678, 0.169515719420743, 0.0 ] ] } },
{ "type": "Feature", "properties": { "Kl_Dat_Das": "Jalan non tol", "Nm_Ruas": "Jl. Kapal Tengker", "Thn_Data": 2015, "Status": "Jalan Kota", "Fungsi": "Jalan Lingkungan", "Mendukung": null, "Ura_Dukung": null, "Kd_Bd_PU": null, "Kd_Jns_Inf": null, "Kd_Inf": "001 00 K 424", "Propinsi": "Kalimantan Timur", "Kab_Kota": "Bontang", "Kecamatan": "Bontang Utara", "Desa_Kel": "Lok Tuan", "Tk_Ruas_Aw": "Jl. Laks. RE. Martadinata", "Tk_Ruas_Ak": "Buntu", "Kd_Patok": null, "Km_Awal": 0.0, "Km_Akhir": 0.0, "Nm_Lintas": "-", "Kon_Baik": 0.6956849682, "Kon_Sdg": 0.0, "Kon_Rgn": 0.0, "Kon_Rusak": 0.0, "Kon_Mntp": 0.0, "Kon_T_Mntp": 0.0, "Panjang": 0.6956849682, "Lbr_Keras": 0.0, "LHRT": 0.0, "VCR": 0.0, "Tipe_Jln": 2, "MST": 0.0, "Tipe_Keras": "Beton", "Tanah_Kri": 0.0, "Macadam": 0.0, "Aspal": 0.0, "Rigid": 100.0, "Thn_Pen_Ak": 0, "Jns_Pen": null, "Koord_X_Aw": 553924.19935058523, "Koord_Y_Aw": 18402.659854520101, "Koord_X_Ak": 554399.87360119843, "Koord_Y_Ak": 18545.243712842901 }, "geometry": { "type": "LineString", "coordinates": [ [ 117.484599381456604, 0.166488636650741, 0.0 ], [ 117.485292180292291, 0.167074515719904, 0.0 ], [ 117.485617187523715, 0.167352737967214, 0.0 ], [ 117.485703629806665, 0.167416470898153, 0.0 ], [ 117.485727811726633, 0.167441777292075, 0.0 ], [ 117.48575565570853, 0.167462927149464, 0.0 ], [ 117.485786464711296, 0.167479391008827, 0.0 ], [ 117.485819467468204, 0.167490756716982, 0.0 ], [ 117.485853837794522, 0.167496739747245, 0.0 ], [ 117.485888715270022, 0.167497190321459, 0.0 ], [ 117.486427618319638, 0.167515181249709, 0.0 ], [ 117.486653796240944, 0.167523333318665, 0.0 ], [ 117.486880065230167, 0.167528302467396, 0.0 ], [ 117.487075280781099, 0.167517577731344, 0.0 ], [ 117.487193327335348, 0.167507171086309, 0.0 ], [ 117.487397126286268, 0.167489204755088, 0.0 ], [ 117.487546367301732, 0.167480588168067, 0.0 ], [ 117.487643012713676, 0.167472765781626, 0.0 ], [ 117.487738944703707, 0.167458608264622, 0.0 ], [ 117.487833753982827, 0.16743817601956, 0.0 ], [ 117.488185341400552, 0.167286058475821, 0.0 ], [ 117.488243158666847, 0.167262606010183, 0.0 ], [ 117.488302948314313, 0.16724486010259, 0.0 ], [ 117.488364156061152, 0.167232985266852, 0.0 ], [ 117.488426214479162, 0.167227091588856, 0.0 ], [ 117.488607519229575, 0.167224679052795, 0.0 ], [ 117.48868158999683, 0.167208558255505, 0.0 ], [ 117.488754520561514, 0.167187827682914, 0.0 ], [ 117.488826028152644, 0.167162567713079, 0.0 ], [ 117.489090139367718, 0.167082507577387, 0.0 ], [ 117.489132611866253, 0.167076264425726, 0.0 ], [ 117.489175519096335, 0.167075099097421, 0.0 ], [ 117.489218264170319, 0.167079027803503, 0.0 ], [ 117.48926025245629, 0.167087995891162, 0.0 ], [ 117.489300899850136, 0.16710187860408, 0.0 ], [ 117.489370291839123, 0.167131291020574, 0.0 ], [ 117.489394436820348, 0.16716003847139, 0.0 ], [ 117.489413592239273, 0.167192370901375, 0.0 ], [ 117.489427243361504, 0.167227419490167, 0.0 ], [ 117.489435023361153, 0.167264242430287, 0.0 ], [ 117.489469857788279, 0.167422508327208, 0.0 ], [ 117.489464152742556, 0.167458281360061, 0.0 ], [ 117.489453235413407, 0.167492805240931, 0.0 ], [ 117.489437347779443, 0.16752531476025, 0.0 ], [ 117.489416841984394, 0.167555089356096, 0.0 ], [ 117.489392172531865, 0.167581469084964, 0.0 ], [ 117.489148195128919, 0.167701452913473, 0.0 ], [ 117.488874040386449, 0.167778483928309, 0.0 ] ] } },
{ "type": "Feature", "properties": { "Kl_Dat_Das": "Jalan non tol", "Nm_Ruas": "Jl. Kapal Feri", "Thn_Data": 2015, "Status": "Jalan Kota", "Fungsi": "Jalan Lingkungan", "Mendukung": null, "Ura_Dukung": null, "Kd_Bd_PU": null, "Kd_Jns_Inf": null, "Kd_Inf": "001 00 K 068", "Propinsi": "Kalimantan Timur", "Kab_Kota": "Bontang", "Kecamatan": "Bontang Utara", "Desa_Kel": "Loktuan", "Tk_Ruas_Aw": "Jl. Laks. RE. Martadinata", "Tk_Ruas_Ak": "Jl. Laks. RE. Martadinata", "Kd_Patok": null, "Km_Awal": 0.0, "Km_Akhir": 0.0, "Nm_Lintas": "-", "Kon_Baik": 0.3409531996, "Kon_Sdg": 0.0, "Kon_Rgn": 0.0, "Kon_Rusak": 0.0, "Kon_Mntp": 0.0, "Kon_T_Mntp": 0.0, "Panjang": 0.3409531996, "Lbr_Keras": 6.0, "LHRT": 0.0, "VCR": 0.0, "Tipe_Jln": 2, "MST": 0.0, "Tipe_Keras": "Beton", "Tanah_Kri": 0.0, "Macadam": 0.0, "Aspal": 0.0, "Rigid": 100.0, "Thn_Pen_Ak": 0, "Jns_Pen": null, "Koord_X_Aw": 117.4821813611, "Koord_Y_Aw": 0.1688960834, "Koord_X_Ak": 117.4834562376, "Koord_Y_Ak": 0.1676437507 }, "geometry": { "type": "LineString", "coordinates": [ [ 117.482181361075561, 0.168896083441891, 0.0 ], [ 117.481957652047925, 0.168544084798674, 0.0 ], [ 117.481732575056171, 0.168156006206991, 0.0 ], [ 117.481728678765748, 0.168138692946877, 0.0 ], [ 117.481727726472542, 0.168120966804675, 0.0 ], [ 117.481729745236493, 0.168103331478054, 0.0 ], [ 117.481734677693339, 0.168086288083922, 0.0 ], [ 117.481742383684733, 0.168070320919296, 0.0 ], [ 117.481752644240871, 0.168055883699502, 0.0 ], [ 117.481825732186167, 0.167967875218463, 0.0 ], [ 117.481902386459538, 0.167882997395767, 0.0 ], [ 117.481982474882173, 0.167801396590208, 0.0 ], [ 117.482065859353625, 0.167723213509833, 0.0 ], [ 117.482152396089901, 0.167648582969405, 0.0 ], [ 117.482441446152208, 0.167388581097886, 0.0 ], [ 117.482478310524911, 0.167354876645103, 0.0 ], [ 117.482502798036066, 0.167338149793717, 0.0 ], [ 117.482519518250953, 0.167326728602452, 0.0 ], [ 117.482564249658481, 0.16730469686864, 0.0 ], [ 117.482611614985373, 0.167289219681554, 0.0 ], [ 117.482660672077643, 0.167280604901003, 0.0 ], [ 117.482710445130053, 0.167279023885459, 0.0 ], [ 117.482759944096202, 0.167284508082954, 0.0 ], [ 117.482808184381511, 0.167296948406011, 0.0 ], [ 117.482905327620671, 0.167325273510913, 0.0 ], [ 117.483000437092002, 0.167359894216615, 0.0 ], [ 117.483093110705397, 0.167400664158503, 0.0 ], [ 117.48318295666877, 0.167447410974893, 0.0 ], [ 117.48326959514435, 0.167499937036221, 0.0 ], [ 117.483352659854603, 0.167558020280068, 0.0 ], [ 117.483431799630637, 0.167621415150272, 0.0 ], [ 117.483456237562905, 0.167643750742313, 0.0 ] ] } },
{ "type": "Feature", "properties": { "Kl_Dat_Das": "Jalan non tol", "Nm_Ruas": "Jl. Kapal Pinisi 5", "Thn_Data": 2015, "Status": "Jalan Kota", "Fungsi": "Jalan Lingkungan", "Mendukung": null, "Ura_Dukung": null, "Kd_Bd_PU": null, "Kd_Jns_Inf": null, "Kd_Inf": "001 00 K 054", "Propinsi": "Kalimantan Timur", "Kab_Kota": "Bontang", "Kecamatan": "Bontang Utara", "Desa_Kel": "Loktuan", "Tk_Ruas_Aw": "Jl. Brigjen. Slamet Riyadi", "Tk_Ruas_Ak": "Buntu", "Kd_Patok": null, "Km_Awal": 0.0, "Km_Akhir": 0.0, "Nm_Lintas": "-", "Kon_Baik": 0.3359859256, "Kon_Sdg": 0.0, "Kon_Rgn": 0.0, "Kon_Rusak": 0.0, "Kon_Mntp": 0.0, "Kon_T_Mntp": 0.0, "Panjang": 0.3359859256, "Lbr_Keras": 0.0, "LHRT": 0.0, "VCR": 0.0, "Tipe_Jln": 2, "MST": 0.0, "Tipe_Keras": "Beton", "Tanah_Kri": 0.0, "Macadam": 0.0, "Aspal": 0.0, "Rigid": 100.0, "Thn_Pen_Ak": 0, "Jns_Pen": null, "Koord_X_Aw": 117.4763462784, "Koord_Y_Aw": 0.1706281018, "Koord_X_Ak": 117.4776290854, "Koord_Y_Ak": 0.1723252213 }, "geometry": { "type": "LineString", "coordinates": [ [ 117.476346278365654, 0.170628101825158, 0.0 ], [ 117.476347550917268, 0.1706638676485, 0.0 ], [ 117.476356518226694, 0.170915899089422, 0.0 ], [ 117.476357223687415, 0.171013346819582, 0.0 ], [ 117.47635834390141, 0.171168085465711, 0.0 ], [ 117.476353026456593, 0.171420221716896, 0.0 ], [ 117.476340570215754, 0.171672102823221, 0.0 ], [ 117.476314752373924, 0.171806790571533, 0.0 ], [ 117.47630362609479, 0.171885729481908, 0.0 ], [ 117.476295609910593, 0.171942602842639, 0.0 ], [ 117.476283190058126, 0.172079204533372, 0.0 ], [ 117.47627752346142, 0.172216258592577, 0.0 ], [ 117.476278208736076, 0.172301661535737, 0.0 ], [ 117.476390583841678, 0.172294844975834, 0.0 ], [ 117.476593814015146, 0.172289123635909, 0.0 ], [ 117.476797121775348, 0.172289997125517, 0.0 ], [ 117.476928457953122, 0.172294824220126, 0.0 ], [ 117.477000296028336, 0.17229746453707, 0.0 ], [ 117.477629085400807, 0.172325221266342, 0.0 ] ] } },
{ "type": "Feature", "properties": { "Kl_Dat_Das": "Jalan non tol", "Nm_Ruas": "Jl. Kapal Pinisi 3", "Thn_Data": 2015, "Status": "Jalan Kota", "Fungsi": "Jalan Lingkungan", "Mendukung": null, "Ura_Dukung": null, "Kd_Bd_PU": null, "Kd_Jns_Inf": null, "Kd_Inf": "001 00 K 053", "Propinsi": "Kalimantan Timur", "Kab_Kota": "Bontang", "Kecamatan": "Bontang Utara", "Desa_Kel": "Loktuan", "Tk_Ruas_Aw": "Jl. Brigjen. Slamet Riyadi", "Tk_Ruas_Ak": "Jl. Kapal Pinisi 4", "Kd_Patok": null, "Km_Awal": 0.0, "Km_Akhir": 0.0, "Nm_Lintas": "-", "Kon_Baik": 0.1733126083, "Kon_Sdg": 0.0, "Kon_Rgn": 0.0, "Kon_Rusak": 0.0, "Kon_Mntp": 0.0, "Kon_T_Mntp": 0.0, "Panjang": 0.1733126083, "Lbr_Keras": 0.0, "LHRT": 0.0, "VCR": 0.0, "Tipe_Jln": 2, "MST": 0.0, "Tipe_Keras": "Beton", "Tanah_Kri": 0.0, "Macadam": 0.0, "Aspal": 0.0, "Rigid": 100.0, "Thn_Pen_Ak": 0, "Jns_Pen": null, "Koord_X_Aw": 117.4750287353, "Koord_Y_Aw": 0.1705940084, "Koord_X_Ak": 117.4755334805, "Koord_Y_Ak": 0.1716874753 }, "geometry": { "type": "LineString", "coordinates": [ [ 117.475028735318503, 0.170594008374742, 0.0 ], [ 117.475022349842646, 0.171142434955914, 0.0 ], [ 117.475011437804639, 0.171218450588004, 0.0 ], [ 117.475009794124915, 0.171229900819156, 0.0 ], [ 117.475002068766727, 0.171317932439367, 0.0 ], [ 117.474999197476023, 0.171406259661667, 0.0 ], [ 117.475001189064429, 0.171494611423962, 0.0 ], [ 117.475002168321041, 0.171604475584663, 0.0 ], [ 117.475005384815759, 0.171613325553202, 0.0 ], [ 117.47500997782663, 0.171621536932204, 0.0 ], [ 117.475015826942141, 0.17162889445019, 0.0 ], [ 117.475022778820446, 0.171635205220694, 0.0 ], [ 117.475030651209423, 0.171640303799036, 0.0 ], [ 117.47503923772463, 0.171644056519618, 0.0 ], [ 117.47504831325989, 0.171646365000234, 0.0 ], [ 117.475533480473132, 0.171687475289627, 0.0 ] ] } },
{ "type": "Feature", "properties": { "Kl_Dat_Das": "Jalan non tol", "Nm_Ruas": "Jl. Kapal Pinisi 7", "Thn_Data": 2015, "Status": "Jalan Kota", "Fungsi": "Jalan Lingkungan", "Mendukung": null, "Ura_Dukung": null, "Kd_Bd_PU": null, "Kd_Jns_Inf": null, "Kd_Inf": "001 00 K 057", "Propinsi": "Kalimantan Timur", "Kab_Kota": "Bontang", "Kecamatan": "Bontang Utara", "Desa_Kel": "Loktuan", "Tk_Ruas_Aw": "Sp. 3 Jl. Laks. RE. Martadinata û Jl. Brigjen. Slamet Riyadi", "Tk_Ruas_Ak": "Jl. Ammonia", "Kd_Patok": null, "Km_Awal": 0.0, "Km_Akhir": 0.0, "Nm_Lintas": "-", "Kon_Baik": 0.2422973267, "Kon_Sdg": 0.0, "Kon_Rgn": 0.0, "Kon_Rusak": 0.0, "Kon_Mntp": 0.0, "Kon_T_Mntp": 0.0, "Panjang": 0.2422973267, "Lbr_Keras": 0.0, "LHRT": 756.0, "VCR": 0.0, "Tipe_Jln": 2, "MST": 0.0, "Tipe_Keras": "Beton", "Tanah_Kri": 0.0, "Macadam": 0.0, "Aspal": 0.0, "Rigid": 100.0, "Thn_Pen_Ak": 0, "Jns_Pen": null, "Koord_X_Aw": 117.4791388948, "Koord_Y_Aw": 0.1706464977, "Koord_X_Ak": 117.47929875289999, "Koord_Y_Ak": 0.1728293998 }, "geometry": { "type": "LineString", "coordinates": [ [ 117.479298752905521, 0.172829399822579, 0.0 ], [ 117.479289855331544, 0.172754074756177, 0.0 ], [ 117.479270620692844, 0.172613901790024, 0.0 ], [ 117.47925697768224, 0.17247306576928, 0.0 ], [ 117.479248948190545, 0.172331792671915, 0.0 ], [ 117.479246545101319, 0.172190309177147, 0.0 ], [ 117.479214874340073, 0.17162523249637, 0.0 ], [ 117.479197132120447, 0.17130867153807, 0.0 ], [ 117.479198355099271, 0.171237004382431, 0.0 ], [ 117.479193761783364, 0.171165475972761, 0.0 ], [ 117.479183382843544, 0.17109456392287, 0.0 ], [ 117.479167287582683, 0.171024741731043, 0.0 ], [ 117.479151789714493, 0.170944555104053, 0.0 ], [ 117.479142039296676, 0.170863456585644, 0.0 ], [ 117.479138086461418, 0.170781863147345, 0.0 ], [ 117.479138759026213, 0.17066923014737, 0.0 ], [ 117.479138894768468, 0.170646497718928, 0.0 ] ] } },
{ "type": "Feature", "properties": { "Kl_Dat_Das": "Jalan non tol", "Nm_Ruas": "Jl. Kapal Pinisi 4", "Thn_Data": 2015, "Status": "Jalan Kota", "Fungsi": "Jalan Lingkungan", "Mendukung": null, "Ura_Dukung": null, "Kd_Bd_PU": null, "Kd_Jns_Inf": null, "Kd_Inf": "001 00 K 055", "Propinsi": "Kalimantan Timur", "Kab_Kota": "Bontang", "Kecamatan": "Bontang Utara", "Desa_Kel": "Loktuan", "Tk_Ruas_Aw": "Jl. Brigjen. Slamet Riyadi", "Tk_Ruas_Ak": "Jl. Kapal Pinisi 6", "Kd_Patok": null, "Km_Awal": 0.0, "Km_Akhir": 0.0, "Nm_Lintas": "-", "Kon_Baik": 0.3314992656, "Kon_Sdg": 0.0, "Kon_Rgn": 0.0, "Kon_Rusak": 0.0, "Kon_Mntp": 0.0, "Kon_T_Mntp": 0.0, "Panjang": 0.3314992656, "Lbr_Keras": 4.0, "LHRT": 0.0, "VCR": 0.0, "Tipe_Jln": 2, "MST": 0.0, "Tipe_Keras": "Beton", "Tanah_Kri": 0.0, "Macadam": 0.0, "Aspal": 0.0, "Rigid": 100.0, "Thn_Pen_Ak": 0, "Jns_Pen": null, "Koord_X_Aw": 117.4755972526, "Koord_Y_Aw": 0.1706022727, "Koord_X_Ak": 117.4758181399, "Koord_Y_Ak": 0.1735178173 }, "geometry": { "type": "LineString", "coordinates": [ [ 117.475597252568392, 0.170602272688379, 0.0 ], [ 117.475558482419274, 0.171249675354097, 0.0 ], [ 117.475547028255406, 0.171318967290968, 0.0 ], [ 117.475539035356462, 0.171388749765037, 0.0 ], [ 117.475534523780922, 0.171458847654932, 0.0 ], [ 117.475533480473132, 0.171687475289627, 0.0 ], [ 117.475532626961794, 0.171874512675206, 0.0 ], [ 117.475537524546041, 0.171963641637069, 0.0 ], [ 117.475544529662443, 0.172027690383977, 0.0 ], [ 117.4755472289811, 0.172052370626034, 0.0 ], [ 117.475561711551705, 0.172140437093675, 0.0 ], [ 117.475583130102081, 0.172272154889157, 0.0 ], [ 117.475599553366663, 0.172404597944873, 0.0 ], [ 117.475610957545513, 0.172537574329588, 0.0 ], [ 117.475611570484133, 0.172550405342801, 0.0 ], [ 117.475617326111987, 0.17267089133922, 0.0 ], [ 117.475634614710188, 0.17288129660555, 0.0 ], [ 117.475657093369207, 0.173091204185067, 0.0 ], [ 117.475684748196173, 0.173300484344424, 0.0 ], [ 117.475711675226904, 0.173457515317027, 0.0 ], [ 117.475721640804764, 0.173473090230621, 0.0 ], [ 117.475733971495771, 0.173486842759307, 0.0 ], [ 117.475748344316827, 0.173498412677193, 0.0 ], [ 117.475764382794395, 0.173507496928404, 0.0 ], [ 117.475781666825782, 0.173513857565354, 0.0 ], [ 117.475799743682913, 0.173517327981088, 0.0 ], [ 117.475818139870839, 0.173517817273561, 0.0 ] ] } },
{ "type": "Feature", "properties": { "Kl_Dat_Das": "Jalan non tol", "Nm_Ruas": "Jl. Kapal Pinisi 2", "Thn_Data": 2015, "Status": "Jalan Kota", "Fungsi": "Jalan Lingkungan", "Mendukung": null, "Ura_Dukung": null, "Kd_Bd_PU": null, "Kd_Jns_Inf": null, "Kd_Inf": "001 00 K 238", "Propinsi": "Kalimantan Timur", "Kab_Kota": "Bontang", "Kecamatan": "Bontang Utara", "Desa_Kel": "Lok Tuan", "Tk_Ruas_Aw": "Jl. Brigjen Slamet Riyadi", "Tk_Ruas_Ak": "Jl. Kapal Pinisi 1", "Kd_Patok": null, "Km_Awal": 0.0, "Km_Akhir": 0.0, "Nm_Lintas": "-", "Kon_Baik": 0.1822262364, "Kon_Sdg": 0.0, "Kon_Rgn": 0.0, "Kon_Rusak": 0.0, "Kon_Mntp": 0.0, "Kon_T_Mntp": 0.0, "Panjang": 0.1822262364, "Lbr_Keras": 0.0, "LHRT": 0.0, "VCR": 0.0, "Tipe_Jln": 2, "MST": 0.0, "Tipe_Keras": "Beton", "Tanah_Kri": 0.0, "Macadam": 0.0, "Aspal": 0.0, "Rigid": 100.0, "Thn_Pen_Ak": 0, "Jns_Pen": null, "Koord_X_Aw": 552760.58438150678, "Koord_Y_Aw": 18858.672874636901, "Koord_X_Ak": 552764.38117953949, "Koord_Y_Ak": 19040.176857784401 }, "geometry": { "type": "LineString", "coordinates": [ [ 117.474142691886939, 0.170614442854738, 0.0 ], [ 117.474143111595453, 0.170998582689131, 0.0 ], [ 117.474143306895073, 0.171076968459783, 0.0 ], [ 117.474139843290587, 0.171155276882071, 0.0 ], [ 117.474132728433943, 0.171233334952528, 0.0 ], [ 117.474127407772684, 0.171265495253476, 0.0 ], [ 117.474117397413124, 0.17132600205355, 0.0 ], [ 117.474108449019568, 0.171419512761549, 0.0 ], [ 117.474105925838828, 0.17151342205817, 0.0 ], [ 117.474109839878878, 0.171607283028299, 0.0 ], [ 117.474112633499232, 0.171710987584961, 0.0 ], [ 117.474118906175619, 0.17179053317934, 0.0 ], [ 117.474120788612552, 0.171814404895538, 0.0 ], [ 117.474134283080616, 0.17191725421741, 0.0 ], [ 117.474153080270568, 0.172019256349879, 0.0 ], [ 117.474159227174511, 0.172066928578938, 0.0 ], [ 117.474167442291986, 0.172130640805435, 0.0 ], [ 117.474176411519707, 0.172242596234011, 0.0 ], [ 117.474176852116955, 0.172256508718962, 0.0 ] ] } },
{ "type": "Feature", "properties": { "Kl_Dat_Das": "Jalan non tol", "Nm_Ruas": "Jl. Ir. James Simanjuntak (Jl. Masuk Pabrik PUPUK KALTIM)", "Thn_Data": 2015, "Status": "Jalan Kota", "Fungsi": "Jalan Lingkungan", "Mendukung": null, "Ura_Dukung": null, "Kd_Bd_PU": null, "Kd_Jns_Inf": null, "Kd_Inf": "001 00 K 035", "Propinsi": "Kalimantan Timur", "Kab_Kota": "Bontang", "Kecamatan": "Bontang Utara", "Desa_Kel": "Loktuan", "Tk_Ruas_Aw": "Sp. 4 Jl. Pupuk Raya -Jl. Amonia", "Tk_Ruas_Ak": "Pintu Masuk Pabrik PKT Bontang", "Kd_Patok": null, "Km_Awal": 0.0, "Km_Akhir": 0.0, "Nm_Lintas": "-", "Kon_Baik": 1.1817640706000001, "Kon_Sdg": 0.0, "Kon_Rgn": 0.0, "Kon_Rusak": 0.0, "Kon_Mntp": 0.0, "Kon_T_Mntp": 0.0, "Panjang": 1.1817640706000001, "Lbr_Keras": 0.0, "LHRT": 0.0, "VCR": 0.0, "Tipe_Jln": 2, "MST": 0.0, "Tipe_Keras": "Beton", "Tanah_Kri": 0.0, "Macadam": 0.0, "Aspal": 0.0, "Rigid": 100.0, "Thn_Pen_Ak": 0, "Jns_Pen": null, "Koord_X_Aw": 117.4766157903, "Koord_Y_Aw": 0.1849801098, "Koord_X_Ak": 117.4868475415, "Koord_Y_Ak": 0.1824106549 }, "geometry": { "type": "LineString", "coordinates": [ [ 117.486847541531844, 0.182410654869645, 0.0 ], [ 117.48683283520586, 0.182428196656305, 0.0 ], [ 117.486790595103201, 0.182478580883728, 0.0 ], [ 117.486744087271518, 0.182524999628232, 0.0 ], [ 117.486693677454767, 0.182567087846303, 0.0 ], [ 117.486639762082717, 0.182604514550159, 0.0 ], [ 117.486582765153386, 0.182636985410765, 0.0 ], [ 117.486523134898604, 0.182664245072604, 0.0 ], [ 117.485887130244009, 0.18284617192206, 0.0 ], [ 117.485853768465049, 0.182855645369719, 0.0 ], [ 117.485594784011923, 0.182929186880355, 0.0 ], [ 117.485240162548251, 0.183029885579883, 0.0 ], [ 117.484541839259848, 0.183199935400415, 0.0 ], [ 117.484202971342825, 0.183282453664426, 0.0 ], [ 117.483095179412388, 0.183557708795625, 0.0 ], [ 117.482407161699243, 0.183729994192575, 0.0 ], [ 117.481678429170088, 0.183919110122211, 0.0 ], [ 117.48117906704914, 0.18404450581122, 0.0 ], [ 117.480681967412281, 0.184169333357906, 0.0 ], [ 117.479802096720874, 0.184390807714287, 0.0 ], [ 117.478302110614166, 0.18475943872643, 0.0 ], [ 117.478198452835542, 0.184784913274829, 0.0 ], [ 117.477752511615265, 0.18490560245119, 0.0 ], [ 117.477370851046928, 0.184996653115937, 0.0 ], [ 117.477320919319183, 0.185013410808379, 0.0 ], [ 117.477270469597514, 0.185025342784457, 0.0 ], [ 117.477219151305462, 0.185032608106456, 0.0 ], [ 117.477167636413157, 0.18503513449336, 0.0 ], [ 117.476615790292641, 0.184980109849503, 0.0 ] ] } },
{ "type": "Feature", "properties": { "Kl_Dat_Das": "Jalan non tol", "Nm_Ruas": "Jl. Pupuk Raya", "Thn_Data": 2015, "Status": "Jalan Kota", "Fungsi": "Jalan Kolektor", "Mendukung": null, "Ura_Dukung": null, "Kd_Bd_PU": null, "Kd_Jns_Inf": null, "Kd_Inf": "001 00 K 017", "Propinsi": "Kalimantan Timur", "Kab_Kota": "Bontang", "Kecamatan": "Bontang Utara", "Desa_Kel": "Bontang Baru", "Tk_Ruas_Aw": "Sp. 4 Jl Arief Rahman Hakim - Jl Brigjen. Slamet Riyadi - Jl. Dr. Cipto Mangunkusumo", "Tk_Ruas_Ak": "Sp. 4 Jl. Ir. James Simandjuntak - Jl. Ammonia", "Kd_Patok": null, "Km_Awal": 0.0, "Km_Akhir": 0.0, "Nm_Lintas": "-", "Kon_Baik": 2.4383535711, "Kon_Sdg": 0.0, "Kon_Rgn": 0.0, "Kon_Rusak": 0.0, "Kon_Mntp": 0.0, "Kon_T_Mntp": 0.0, "Panjang": 2.4383535711, "Lbr_Keras": 9.0, "LHRT": 3045.0, "VCR": 0.0, "Tipe_Jln": 3, "MST": 0.0, "Tipe_Keras": "Aspal", "Tanah_Kri": 0.0, "Macadam": 0.0, "Aspal": 100.0, "Rigid": 0.0, "Thn_Pen_Ak": 0, "Jns_Pen": null, "Koord_X_Aw": 117.4675525742, "Koord_Y_Aw": 0.1695157194, "Koord_X_Ak": 117.4760455151, "Koord_Y_Ak": 0.1851224013 }, "geometry": { "type": "LineString", "coordinates": [ [ 117.467552574187678, 0.169515719420743, 0.0 ], [ 117.467556669030998, 0.16955958239923, 0.0 ], [ 117.467651997357422, 0.171035037057315, 0.0 ], [ 117.467720106273617, 0.171986163476517, 0.0 ], [ 117.467725411843958, 0.172050404891934, 0.0 ], [ 117.467743599113078, 0.172270621669772, 0.0 ], [ 117.467772986479304, 0.172626452314182, 0.0 ], [ 117.467816460537179, 0.173152848228784, 0.0 ], [ 117.467890746146011, 0.174453560559637, 0.0 ], [ 117.467930745776997, 0.174764748231659, 0.0 ], [ 117.467977676033627, 0.175074953236591, 0.0 ], [ 117.467995513097947, 0.175177351343195, 0.0 ], [ 117.468031513251404, 0.175384019152466, 0.0 ], [ 117.468092230282835, 0.17569179013181, 0.0 ], [ 117.468159796511387, 0.175998110980082, 0.0 ], [ 117.468223771968169, 0.176415376481469, 0.0 ], [ 117.468282525670148, 0.176833419563105, 0.0 ], [ 117.468336048309254, 0.177252173998607, 0.0 ], [ 117.46838750834587, 0.177646312688763, 0.0 ], [ 117.46820604057082, 0.178039690238037, 0.0 ], [ 117.468182032188523, 0.178097843388754, 0.0 ], [ 117.468163027646199, 0.17815784278443, 0.0 ], [ 117.468149164880543, 0.178219252944418, 0.0 ], [ 117.468140544508714, 0.178281628148815, 0.0 ], [ 117.468137229098105, 0.178344515673079, 0.0 ], [ 117.468139242712425, 0.178407459074427, 0.0 ], [ 117.468253240355878, 0.179256559577535, 0.0 ], [ 117.468451071040263, 0.180757646220653, 0.0 ], [ 117.468580422351053, 0.18164414818758, 0.0 ], [ 117.468696486814054, 0.182486811361694, 0.0 ], [ 117.468732603791693, 0.182741944087228, 0.0 ], [ 117.4688189560936, 0.183351942175329, 0.0 ], [ 117.468900926266116, 0.183941444534229, 0.0 ], [ 117.468915320976038, 0.184005476436409, 0.0 ], [ 117.46893645221347, 0.184067585443823, 0.0 ], [ 117.468964076353714, 0.184127055493909, 0.0 ], [ 117.468997874914592, 0.184183200949034, 0.0 ], [ 117.469037458228172, 0.184235374501188, 0.0 ], [ 117.469082369933375, 0.184282974634913, 0.0 ], [ 117.469125843854997, 0.184319616141735, 0.0 ], [ 117.469172687570762, 0.184351774114225, 0.0 ], [ 117.469222446592241, 0.184379136548488, 0.0 ], [ 117.469274638145961, 0.184401437968014, 0.0 ], [ 117.469328755857532, 0.184418461999549, 0.0 ], [ 117.469384274664591, 0.184430043472067, 0.0 ], [ 117.469440655910972, 0.184436070019702, 0.0 ], [ 117.469959957055863, 0.184486417390644, 0.0 ], [ 117.470731905556391, 0.184568434953042, 0.0 ], [ 117.470793786917369, 0.184575009688185, 0.0 ], [ 117.471463243068783, 0.184655196933706, 0.0 ], [ 117.472139374387353, 0.184731740691633, 0.0 ], [ 117.472763260795162, 0.184796327127741, 0.0 ], [ 117.473359965850591, 0.184856143975032, 0.0 ], [ 117.474152181373853, 0.184934393496036, 0.0 ], [ 117.474331000629547, 0.184957741374287, 0.0 ], [ 117.474665217087605, 0.184990061877009, 0.0 ], [ 117.474876285087944, 0.185010501851757, 0.0 ], [ 117.475011118754438, 0.18502355923793, 0.0 ], [ 117.475307565954992, 0.18505285724547, 0.0 ], [ 117.475589988080287, 0.185082179809201, 0.0 ], [ 117.475890307314401, 0.185110966066953, 0.0 ], [ 117.476045515110613, 0.185122401337564, 0.0 ] ] } },
{ "type": "Feature", "properties": { "Kl_Dat_Das": "Jalan non tol", "Nm_Ruas": "Jl. Maluku KCY", "Thn_Data": 2015, "Status": "Jalan Kota", "Fungsi": "Jalan Lingkungan", "Mendukung": null, "Ura_Dukung": null, "Kd_Bd_PU": null, "Kd_Jns_Inf": null, "Kd_Inf": "001 00 K 185", "Propinsi": "Kalimantan Timur", "Kab_Kota": "Bontang", "Kecamatan": "Bontang Utara", "Desa_Kel": "Api-api", "Tk_Ruas_Aw": "Sp. 3 Jl. Madura KCY - Jl. Ternate KCY", "Tk_Ruas_Ak": "Sp. 3 Jl. Ternate KCY - Jl. Nias KCY", "Kd_Patok": null, "Km_Awal": 0.0, "Km_Akhir": 0.0, "Nm_Lintas": "-", "Kon_Baik": 0.1072696922, "Kon_Sdg": 0.0, "Kon_Rgn": 0.0, "Kon_Rusak": 0.0, "Kon_Mntp": 0.0, "Kon_T_Mntp": 0.0, "Panjang": 0.1072696922, "Lbr_Keras": 4.0, "LHRT": 0.0, "VCR": 0.0, "Tipe_Jln": 2, "MST": 0.0, "Tipe_Keras": "Beton", "Tanah_Kri": 0.0, "Macadam": 0.0, "Aspal": 0.0, "Rigid": 100.0, "Thn_Pen_Ak": 0, "Jns_Pen": null, "Koord_X_Aw": 554454.36307221034, "Koord_Y_Aw": 14118.0647935089, "Koord_X_Ak": 554356.29403063981, "Koord_Y_Ak": 14161.5302443237 }, "geometry": { "type": "LineString", "coordinates": [ [ 117.4893628313432, 0.127725868607522, 0.0 ], [ 117.489342303498361, 0.127735126588856, 0.0 ], [ 117.488503364496296, 0.128109407641442, 0.0 ], [ 117.488481547188925, 0.128119116646271, 0.0 ] ] } },
{ "type": "Feature", "properties": { "Kl_Dat_Das": "Jalan non tol", "Nm_Ruas": "Jl. Pramuka 3", "Thn_Data": 2015, "Status": "Jalan Kota", "Fungsi": "Jalan Lingkungan", "Mendukung": null, "Ura_Dukung": null, "Kd_Bd_PU": null, "Kd_Jns_Inf": null, "Kd_Inf": "001 00 K 093", "Propinsi": "Kalimantan Timur", "Kab_Kota": "Bontang", "Kecamatan": "Bontang Selatan", "Desa_Kel": "Bontang Lestari", "Tk_Ruas_Aw": "Sp. 3 Jl. Pramuka 1 - Jl. Pramuka 2", "Tk_Ruas_Ak": "Buntu", "Kd_Patok": null, "Km_Awal": 0.0, "Km_Akhir": 0.0, "Nm_Lintas": "-", "Kon_Baik": 0.7504809114, "Kon_Sdg": 0.0, "Kon_Rgn": 0.0, "Kon_Rusak": 0.0, "Kon_Mntp": 0.0, "Kon_T_Mntp": 0.0, "Panjang": 0.7504809114, "Lbr_Keras": 0.0, "LHRT": 0.0, "VCR": 0.0, "Tipe_Jln": 2, "MST": 0.0, "Tipe_Keras": "Beton", "Tanah_Kri": 0.0, "Macadam": 0.0, "Aspal": 0.0, "Rigid": 100.0, "Thn_Pen_Ak": 0, "Jns_Pen": null, "Koord_X_Aw": 117.4575351365, "Koord_Y_Aw": 0.0823288713, "Koord_X_Ak": 117.46297112809999, "Koord_Y_Ak": 0.086094515 }, "geometry": { "type": "LineString", "coordinates": [ [ 117.457535136537444, 0.08232887131, 0.0 ], [ 117.457546275301425, 0.082343634388441, 0.0 ], [ 117.457717345265934, 0.08242668794217, 0.0 ], [ 117.457791051494539, 0.082470413498022, 0.0 ], [ 117.45785187161249, 0.082506494484189, 0.0 ], [ 117.457949660827765, 0.082577809534608, 0.0 ], [ 117.458003852626931, 0.082617330158539, 0.0 ], [ 117.45819722980319, 0.082771398593126, 0.0 ], [ 117.458265388004619, 0.082815332408786, 0.0 ], [ 117.458358125615945, 0.082875109764219, 0.0 ], [ 117.458361645976055, 0.082877378938613, 0.0 ], [ 117.458456894413658, 0.082934746069026, 0.0 ], [ 117.458554374883306, 0.082988178206175, 0.0 ], [ 117.458653927075162, 0.083037587479303, 0.0 ], [ 117.458758984155779, 0.083080420050969, 0.0 ], [ 117.458786101843302, 0.083092450557008, 0.0 ], [ 117.45886270507404, 0.083126434856526, 0.0 ], [ 117.458939576592712, 0.083163375129933, 0.0 ], [ 117.458964994750133, 0.083175589714583, 0.0 ], [ 117.45904067970605, 0.083215290216568, 0.0 ], [ 117.459113173815552, 0.083260626073271, 0.0 ], [ 117.459182063860922, 0.083311338869305, 0.0 ], [ 117.459185362233882, 0.083314175085208, 0.0 ], [ 117.459246957167849, 0.083367139540784, 0.0 ], [ 117.459311875232942, 0.083421144184934, 0.0 ], [ 117.459313791069974, 0.083422737949245, 0.0 ], [ 117.459377004259025, 0.083482474146199, 0.0 ], [ 117.459436344424077, 0.083546109698731, 0.0 ], [ 117.459458754268894, 0.0835734091175, 0.0 ], [ 117.459491574713141, 0.083613390609881, 0.0 ], [ 117.459577854624001, 0.083706518064789, 0.0 ], [ 117.459606016866601, 0.083736915383147, 0.0 ], [ 117.459654878211737, 0.083784530759502, 0.0 ], [ 117.459754734806765, 0.083881840999636, 0.0 ], [ 117.459757833931647, 0.083885304126715, 0.0 ], [ 117.459763535751819, 0.08389167564405, 0.0 ], [ 117.459820676851223, 0.083955528149164, 0.0 ], [ 117.459853370541211, 0.083992061817452, 0.0 ], [ 117.459874093458112, 0.084015218706858, 0.0 ], [ 117.459993198999129, 0.084151111351004, 0.0 ], [ 117.460007395844144, 0.084167309142811, 0.0 ], [ 117.460052121706568, 0.084218338804568, 0.0 ], [ 117.460182139178499, 0.084349676017926, 0.0 ], [ 117.460349602291259, 0.084518838954702, 0.0 ], [ 117.460400245495691, 0.084569996207848, 0.0 ], [ 117.46064675103392, 0.084833196927895, 0.0 ], [ 117.460674909885185, 0.084863262903705, 0.0 ], [ 117.460779046847151, 0.084969817706359, 0.0 ], [ 117.461037006472353, 0.085233766592613, 0.0 ], [ 117.461038727729459, 0.08523533301046, 0.0 ], [ 117.461355299079983, 0.085523426510407, 0.0 ], [ 117.461394756129664, 0.085559334114932, 0.0 ], [ 117.461495661692709, 0.085629024695936, 0.0 ], [ 117.461571820677662, 0.085672960493889, 0.0 ], [ 117.461650807084098, 0.085711506066142, 0.0 ], [ 117.461732245075993, 0.085744478003949, 0.0 ], [ 117.461757749714749, 0.08575279854514, 0.0 ], [ 117.461815747152116, 0.085771719419326, 0.0 ], [ 117.461876780043511, 0.085790030781864, 0.0 ], [ 117.461938978646288, 0.085803804346562, 0.0 ], [ 117.46200201055089, 0.085812966503128, 0.0 ], [ 117.462023274137479, 0.085817436776281, 0.0 ], [ 117.462079023164264, 0.085829156970953, 0.0 ], [ 117.462155180583622, 0.085849028872595, 0.0 ], [ 117.462230309277686, 0.085872536928136, 0.0 ], [ 117.46234384813954, 0.085918091238644, 0.0 ], [ 117.462394317317248, 0.085938340592098, 0.0 ], [ 117.462561774623325, 0.08599295143016, 0.0 ], [ 117.462807656416899, 0.086051319816843, 0.0 ], [ 117.462833613411505, 0.086057481589989, 0.0 ], [ 117.462971128115839, 0.08609451504854, 0.0 ] ] } },
{ "type": "Feature", "properties": { "Kl_Dat_Das": "Jalan non tol", "Nm_Ruas": "Jl. Adipura 1", "Thn_Data": 2015, "Status": "Jalan Kota", "Fungsi": "Jalan Setapak", "Mendukung": null, "Ura_Dukung": null, "Kd_Bd_PU": null, "Kd_Jns_Inf": null, "Kd_Inf": "001 00 K 342", "Propinsi": "Kalimantan Timur", "Kab_Kota": "Bontang", "Kecamatan": "Bontang Selatan", "Desa_Kel": "Bontang Lestari", "Tk_Ruas_Aw": "Jl. Pramuka 2", "Tk_Ruas_Ak": "Sp. 3 Gg. Adipura 2 - Gg. Adipura 3", "Kd_Patok": null, "Km_Awal": 0.0, "Km_Akhir": 0.0, "Nm_Lintas": "-", "Kon_Baik": 2.7666837913000002, "Kon_Sdg": 0.0, "Kon_Rgn": 0.0, "Kon_Rusak": 0.0, "Kon_Mntp": 0.0, "Kon_T_Mntp": 0.0, "Panjang": 2.7666837913000002, "Lbr_Keras": 0.0, "LHRT": 0.0, "VCR": 0.0, "Tipe_Jln": 2, "MST": 0.0, "Tipe_Keras": "Beton", "Tanah_Kri": 0.0, "Macadam": 0.0, "Aspal": 0.0, "Rigid": 100.0, "Thn_Pen_Ak": 0, "Jns_Pen": null, "Koord_X_Aw": 552472.71594381181, "Koord_Y_Aw": 8048.3728428009999, "Koord_X_Ak": 551969.56929757074, "Koord_Y_Ak": 9096.1308878156997 }, "geometry": { "type": "MultiLineString", "coordinates": [ [ [ 117.471554069717229, 0.072813670726192, 0.0 ], [ 117.471488687096809, 0.072985888026206, 0.0 ], [ 117.471480741242772, 0.073006817343063, 0.0 ], [ 117.471450429415214, 0.073098979171945, 0.0 ], [ 117.471421277625979, 0.073187613956744, 0.0 ], [ 117.471385836812587, 0.073278661366355, 0.0 ], [ 117.47136695498159, 0.073302336115331, 0.0 ], [ 117.471345039525417, 0.073323194122108, 0.0 ], [ 117.471320500809554, 0.073340844821684, 0.0 ], [ 117.471211666876414, 0.073397436002431, 0.0 ], [ 117.471166919475991, 0.073417947869667, 0.0 ], [ 117.471120527445322, 0.073434343574446, 0.0 ], [ 117.471072863492751, 0.073446491395456, 0.0 ], [ 117.47102431054509, 0.073454293738354, 0.0 ], [ 117.470927933617375, 0.073473319580461, 0.0 ], [ 117.470828944701694, 0.073492861057235, 0.0 ], [ 117.470782724986123, 0.073501985326212, 0.0 ], [ 117.470287866428748, 0.073612820004343, 0.0 ], [ 117.470232341455386, 0.07362525606818, 0.0 ], [ 117.470076909692082, 0.073656787169396, 0.0 ], [ 117.469754263547387, 0.073722239610368, 0.0 ], [ 117.469585162503549, 0.073753259785563, 0.0 ], [ 117.469562203106548, 0.073756537696791, 0.0 ], [ 117.469427143507076, 0.073775820144629, 0.0 ], [ 117.46941497992006, 0.073777556738915, 0.0 ], [ 117.469275057973277, 0.073788331491117, 0.0 ], [ 117.469134880764912, 0.073794936845036, 0.0 ], [ 117.468994570850342, 0.073797367025485, 0.0 ], [ 117.468854250900918, 0.073795619907501, 0.0 ], [ 117.468736676485491, 0.073797890165804, 0.0 ], [ 117.468706199440064, 0.073798478650637, 0.0 ], [ 117.468482942369647, 0.073802789546851, 0.0 ], [ 117.468251767235913, 0.073817114034205, 0.0 ], [ 117.468234512737439, 0.073819163731712, 0.0 ], [ 117.468147741597335, 0.073829471454432, 0.0 ], [ 117.46804449529165, 0.07384725977621, 0.0 ], [ 117.467942307875504, 0.073870430834861, 0.0 ], [ 117.467884689217655, 0.073888905937014, 0.0 ], [ 117.467835149766174, 0.07390942223211, 0.0 ], [ 117.467828765644043, 0.073912066155888, 0.0 ], [ 117.467787370284427, 0.073933350562175, 0.0 ], [ 117.467774912316386, 0.073939756122041, 0.0 ], [ 117.467723490508192, 0.073971790078208, 0.0 ], [ 117.467665507272031, 0.074020167662046, 0.0 ], [ 117.467612285634161, 0.074073805932855, 0.0 ], [ 117.467577831210193, 0.074115752184301, 0.0 ], [ 117.467564294617688, 0.074132232196175, 0.0 ], [ 117.46749625054855, 0.074215137686978, 0.0 ], [ 117.467372713830883, 0.074365655911563, 0.0 ], [ 117.467355424013704, 0.074386721977472, 0.0 ], [ 117.467329602481499, 0.074430829366754, 0.0 ], [ 117.467308069338728, 0.074477211294398, 0.0 ], [ 117.467305112065858, 0.074485577957815, 0.0 ], [ 117.467291020202708, 0.074525446405056, 0.0 ], [ 117.467245206733224, 0.074605266286642, 0.0 ], [ 117.467191514514141, 0.074672350797027, 0.0 ], [ 117.467190101540766, 0.074673986868804, 0.0 ], [ 117.467135365748135, 0.074737365051731, 0.0 ], [ 117.467076839127742, 0.074800217933108, 0.0 ], [ 117.467027154111918, 0.074855899487259, 0.0 ], [ 117.467019903335554, 0.074865462791364, 0.0 ], [ 117.466982043752779, 0.074915397127944, 0.0 ], [ 117.466941794307232, 0.074978329686039, 0.0 ], [ 117.466906660615734, 0.075044294651172, 0.0 ], [ 117.466873301079389, 0.075123796099798, 0.0 ], [ 117.466867346079795, 0.075137987876783, 0.0 ], [ 117.466847270115622, 0.075192921867118, 0.0 ], [ 117.466832461624577, 0.075233442437521, 0.0 ], [ 117.466802084786536, 0.075330446170382, 0.0 ], [ 117.466782825015372, 0.075434360477284, 0.0 ], [ 117.466779519240134, 0.075452196481316, 0.0 ] ], [ [ 117.45534162972173, 0.076333877733503, 0.0 ], [ 117.455366461552032, 0.076345879458326, 0.0 ], [ 117.455450499091739, 0.076394306669953, 0.0 ], [ 117.455644447652233, 0.076560703100076, 0.0 ], [ 117.455740110630302, 0.076633607250998, 0.0 ], [ 117.455745139264067, 0.076637439540968, 0.0 ], [ 117.45578646999131, 0.076660441176068, 0.0 ], [ 117.455829880355338, 0.076679161790542, 0.0 ], [ 117.455874934207785, 0.076693413296499, 0.0 ], [ 117.455921178887877, 0.076703052507601, 0.0 ], [ 117.455968149770527, 0.076707982577848, 0.0 ], [ 117.455989308505167, 0.07670729521148, 0.0 ], [ 117.45602562477896, 0.076706115434568, 0.0 ], [ 117.456292413305533, 0.076675634657157, 0.0 ], [ 117.456508099539406, 0.076633783523796, 0.0 ], [ 117.456705446115436, 0.076595490964783, 0.0 ], [ 117.456746456653718, 0.076587533398539, 0.0 ], [ 117.456764646311427, 0.076584003929971, 0.0 ], [ 117.456782835969094, 0.076580474461361, 0.0 ], [ 117.456814904464224, 0.076574251983314, 0.0 ], [ 117.456874002794208, 0.076563393204356, 0.0 ], [ 117.457167109976012, 0.076509537433844, 0.0 ], [ 117.457184914746406, 0.076506265969756, 0.0 ], [ 117.457195529870035, 0.076504315537615, 0.0 ], [ 117.457202746718366, 0.076503083485315, 0.0 ], [ 117.457252310147382, 0.076494622072096, 0.0 ], [ 117.457414797627592, 0.076466882391052, 0.0 ], [ 117.4575007873283, 0.076453929967588, 0.0 ], [ 117.457544910509128, 0.076444804831434, 0.0 ], [ 117.457585955701632, 0.076436316255516, 0.0 ], [ 117.457670053630025, 0.076414092775011, 0.0 ], [ 117.457743073122103, 0.076386302894166, 0.0 ], [ 117.457817930347574, 0.076364012885359, 0.0 ], [ 117.457839594230492, 0.076359279344259, 0.0 ], [ 117.457894217199865, 0.076347344269051, 0.0 ], [ 117.457987484759059, 0.076327222640831, 0.0 ], [ 117.458106549439378, 0.076308302000919, 0.0 ], [ 117.458226061585748, 0.076292497208115, 0.0 ], [ 117.458262896124609, 0.076289195981259, 0.0 ], [ 117.458333895711291, 0.076282832775655, 0.0 ], [ 117.458441146192072, 0.076267979108571, 0.0 ], [ 117.458547566784802, 0.076247970310571, 0.0 ], [ 117.458590189270041, 0.076235117303157, 0.0 ], [ 117.45863135819873, 0.076222702622425, 0.0 ], [ 117.459036509451735, 0.076100527391295, 0.0 ], [ 117.459146648664316, 0.076067314403667, 0.0 ], [ 117.459326281171187, 0.076005444920306, 0.0 ], [ 117.459574680872151, 0.075894722146256, 0.0 ], [ 117.459930734853117, 0.075732742681753, 0.0 ], [ 117.460084705323652, 0.075672015994919, 0.0 ], [ 117.460115142936871, 0.075660011255425, 0.0 ], [ 117.460161222454659, 0.075641179584496, 0.0 ], [ 117.460208939290368, 0.075627073535611, 0.0 ], [ 117.460257816620214, 0.075617834067349, 0.0 ], [ 117.46030736602377, 0.075613553507456, 0.0 ], [ 117.460466608310853, 0.075616710617992, 0.0 ], [ 117.4606256159596, 0.075625965325666, 0.0 ], [ 117.460711970475558, 0.07561978016384, 0.0 ], [ 117.460797921214734, 0.075609350892243, 0.0 ], [ 117.460883262496949, 0.075594702468294, 0.0 ], [ 117.460967790100568, 0.075575869945816, 0.0 ], [ 117.461076306523054, 0.075540681949394, 0.0 ], [ 117.461148417461402, 0.075513049573052, 0.0 ], [ 117.461182855730158, 0.075499853084105, 0.0 ], [ 117.461287148632636, 0.075453494127113, 0.0 ], [ 117.461405343811293, 0.075399288460278, 0.0 ], [ 117.461525731434477, 0.075350216057233, 0.0 ], [ 117.461648091655874, 0.075306366531449, 0.0 ], [ 117.461738246828133, 0.075271932710129, 0.0 ], [ 117.461830439577341, 0.075243487753196, 0.0 ], [ 117.461924277846862, 0.07522115262476, 0.0 ], [ 117.462019362582581, 0.075205022306281, 0.0 ], [ 117.462115289429605, 0.075195165392978, 0.0 ], [ 117.462289991767292, 0.075182849750684, 0.0 ], [ 117.462292568953885, 0.0751826680719, 0.0 ], [ 117.462470029986065, 0.075173132742935, 0.0 ], [ 117.462548437611261, 0.075162281063424, 0.0 ], [ 117.462625954193825, 0.075146200867657, 0.0 ], [ 117.46270223612089, 0.075124963435552, 0.0 ], [ 117.462751293669967, 0.075111853680932, 0.0 ], [ 117.463010759232901, 0.07504251613979, 0.0 ], [ 117.463073367684885, 0.075029465111814, 0.0 ], [ 117.463137013172485, 0.075023330871128, 0.0 ], [ 117.463200944022702, 0.075024185864852, 0.0 ], [ 117.463264405192419, 0.075032019995069, 0.0 ], [ 117.463326647185625, 0.075046740738104, 0.0 ], [ 117.463590579475706, 0.075157050595517, 0.0 ], [ 117.463739173084079, 0.075210407503794, 0.0 ], [ 117.463832894384865, 0.075236732317414, 0.0 ], [ 117.463928241809768, 0.075256261496256, 0.0 ], [ 117.464024729843359, 0.075268895596792, 0.0 ], [ 117.464121867162291, 0.075274570285624, 0.0 ], [ 117.464328846652577, 0.075279235649402, 0.0 ], [ 117.464683497307377, 0.075287229551474, 0.0 ], [ 117.464716054440402, 0.075287963396094, 0.0 ], [ 117.464979496595589, 0.075287058468887, 0.0 ], [ 117.464995438893524, 0.075287003706805, 0.0 ], [ 117.465060079310874, 0.075283951848315, 0.0 ], [ 117.465124208574309, 0.075275232618904, 0.0 ], [ 117.465187337367666, 0.075260912547835, 0.0 ], [ 117.465242265974709, 0.075246159130796, 0.0 ], [ 117.465298208661977, 0.075235975295949, 0.0 ], [ 117.465354791010924, 0.075230429202543, 0.0 ], [ 117.465411634321825, 0.075229557969852, 0.0 ], [ 117.465478814818397, 0.075234072492813, 0.0 ], [ 117.465545526722082, 0.075243236022982, 0.0 ], [ 117.46554600254818, 0.075243308588871, 0.0 ], [ 117.465616365845705, 0.075254039349039, 0.0 ], [ 117.465687766822001, 0.075260015390893, 0.0 ], [ 117.465759405461284, 0.075261137014938, 0.0 ], [ 117.465794086574164, 0.07526253790498, 0.0 ], [ 117.465954533544974, 0.075269018912413, 0.0 ], [ 117.46596635428557, 0.075269496392952, 0.0 ], [ 117.465978175026095, 0.075269973873485, 0.0 ], [ 117.46604512955156, 0.075272678397796, 0.0 ], [ 117.466144948699778, 0.075288633607557, 0.0 ], [ 117.466217559245891, 0.075303989746007, 0.0 ], [ 117.46624385926539, 0.075309551840693, 0.0 ], [ 117.46676209607206, 0.075447556744346, 0.0 ], [ 117.466779519240134, 0.075452196481316, 0.0 ] ], [ [ 117.466779519240134, 0.075452196481316, 0.0 ], [ 117.466776213464954, 0.075470032485331, 0.0 ], [ 117.466756008081532, 0.075579048766815, 0.0 ], [ 117.466750891858283, 0.075626245014385, 0.0 ], [ 117.466739948522601, 0.075727195344945, 0.0 ], [ 117.466718397024366, 0.075926004131225, 0.0 ], [ 117.466712144556354, 0.075983682059969, 0.0 ], [ 117.466691425392412, 0.076317480618344, 0.0 ], [ 117.466690407628704, 0.076333877428035, 0.0 ], [ 117.46668601044567, 0.076404718803855, 0.0 ], [ 117.4666836614592, 0.076442562453063, 0.0 ], [ 117.466675657951555, 0.076709359939815, 0.0 ], [ 117.466675307044142, 0.076721057471723, 0.0 ], [ 117.466675113228845, 0.076727518321624, 0.0 ], [ 117.466674568506178, 0.076745676703369, 0.0 ], [ 117.466671789491286, 0.076838315452582, 0.0 ], [ 117.466669171925702, 0.076989749603551, 0.0 ], [ 117.466668406780428, 0.07703401562763, 0.0 ], [ 117.466664434449385, 0.077263827530037, 0.0 ], [ 117.466663793718652, 0.077300895868763, 0.0 ], [ 117.466663470059274, 0.077319620608873, 0.0 ], [ 117.466654195962292, 0.077459078529526, 0.0 ], [ 117.466646754592546, 0.077533420844146, 0.0 ], [ 117.466646112871871, 0.077539831895761, 0.0 ], [ 117.466640276029167, 0.077598144337338, 0.0 ], [ 117.466631609206118, 0.077662861130849, 0.0 ], [ 117.466629785430797, 0.077676479603775, 0.0 ], [ 117.466627961655504, 0.077690098076658, 0.0 ], [ 117.466621725956543, 0.077736661214868, 0.0 ], [ 117.466618620403992, 0.077765306770583, 0.0 ], [ 117.466610964920292, 0.077835920806448, 0.0 ], [ 117.466605289358554, 0.077888272084112, 0.0 ], [ 117.46658500428012, 0.078075381304393, 0.0 ], [ 117.466580738435951, 0.078206943597363, 0.0 ], [ 117.466580454566085, 0.07821569839038, 0.0 ], [ 117.466572122626587, 0.078355839406873, 0.0 ], [ 117.466571809869933, 0.078359452106762, 0.0 ], [ 117.466560014603743, 0.07849570104514, 0.0 ], [ 117.466557100589355, 0.078551635691475, 0.0 ], [ 117.466555777998693, 0.078577022885996, 0.0 ], [ 117.466541032259684, 0.078860068204054, 0.0 ], [ 117.466535921498078, 0.078978412050439, 0.0 ], [ 117.466529491992077, 0.079061492668236, 0.0 ], [ 117.46652827107286, 0.079077269110838, 0.0 ], [ 117.46652678205939, 0.079096509807528, 0.0 ], [ 117.466513624697399, 0.079214222517097, 0.0 ], [ 117.466502574919261, 0.079406569449892, 0.0 ], [ 117.466500726868446, 0.079438739054421, 0.0 ], [ 117.466499241751407, 0.079464590958731, 0.0 ], [ 117.466498785293908, 0.079472536659735, 0.0 ], [ 117.466496317147744, 0.079544599467784, 0.0 ], [ 117.46649509461858, 0.079580293830658, 0.0 ], [ 117.466489928535538, 0.079731128769524, 0.0 ], [ 117.466486250968401, 0.079825560053593, 0.0 ], [ 117.46648426452245, 0.079876567332525, 0.0 ], [ 117.466481788897653, 0.079918113999217, 0.0 ], [ 117.466475607238138, 0.080021856452733, 0.0 ], [ 117.466468236498102, 0.08010131372628, 0.0 ], [ 117.466458185802551, 0.080209661188225, 0.0 ], [ 117.466457644821389, 0.080215493017721, 0.0 ], [ 117.466447097817721, 0.080329190748511, 0.0 ], [ 117.466443614968398, 0.08040527400506, 0.0 ], [ 117.46643883931381, 0.080509598772707, 0.0 ], [ 117.46643954897624, 0.080519936254973, 0.0 ], [ 117.46644552935868, 0.080607051042505, 0.0 ], [ 117.466446529325708, 0.080621617319088, 0.0 ], [ 117.466447529292736, 0.080636183595497, 0.0 ], [ 117.466449222806659, 0.080660852599912, 0.0 ], [ 117.466453566297574, 0.080706200189775, 0.0 ], [ 117.46645970678226, 0.08077030902863, 0.0 ], [ 117.466463677739384, 0.080811767226439, 0.0 ], [ 117.466489525265985, 0.081034375123484, 0.0 ], [ 117.466495723615864, 0.081087757460627, 0.0 ], [ 117.46650319670745, 0.081146280691702, 0.0 ], [ 117.466506372609103, 0.081201694088116, 0.0 ], [ 117.466506572829772, 0.081205187554815, 0.0 ], [ 117.466509670549939, 0.081251330268272, 0.0 ], [ 117.466516871441002, 0.081297006559395, 0.0 ], [ 117.466521984419217, 0.08131656032635, 0.0 ], [ 117.466546190508083, 0.081409132636049, 0.0 ], [ 117.466577720357677, 0.081510123918561, 0.0 ], [ 117.466580723707565, 0.081519743759896, 0.0 ], [ 117.466620394361954, 0.081628594330245, 0.0 ], [ 117.466628164364323, 0.081647158983697, 0.0 ], [ 117.466665114386473, 0.081735442655464, 0.0 ], [ 117.466767686031744, 0.081911421080892, 0.0 ], [ 117.466807060480861, 0.081978974381905, 0.0 ], [ 117.466833038964765, 0.082023544714832, 0.0 ], [ 117.46694405789431, 0.08218049027559, 0.0 ], [ 117.467024671676768, 0.082282658680184, 0.0 ], [ 117.467032670788342, 0.082292796604844, 0.0 ] ] ] } },
{ "type": "Feature", "properties": { "Kl_Dat_Das": "Jalan non tol", "Nm_Ruas": "Jl. Linmas 1", "Thn_Data": 2015, "Status": "Jalan Kota", "Fungsi": "Jalan Lokal Sekunder", "Mendukung": null, "Ura_Dukung": null, "Kd_Bd_PU": null, "Kd_Jns_Inf": null, "Kd_Inf": "001 00 K 088", "Propinsi": "Kalimantan Timur", "Kab_Kota": "Bontang", "Kecamatan": "Bontang Selatan", "Desa_Kel": "Bontang Lestari", "Tk_Ruas_Aw": "Jl. Moh. Roem", "Tk_Ruas_Ak": "Buntu", "Kd_Patok": null, "Km_Awal": 0.0, "Km_Akhir": 0.0, "Nm_Lintas": "-", "Kon_Baik": 0.372, "Kon_Sdg": 0.05, "Kon_Rgn": 0.0, "Kon_Rusak": 0.0, "Kon_Mntp": 0.0, "Kon_T_Mntp": 0.0, "Panjang": 0.3778702956, "Lbr_Keras": 0.0, "LHRT": 0.0, "VCR": 0.0, "Tipe_Jln": 2, "MST": 0.0, "Tipe_Keras": "Beton", "Tanah_Kri": 0.0, "Macadam": 0.0, "Aspal": 0.0, "Rigid": 100.0, "Thn_Pen_Ak": 0, "Jns_Pen": null, "Koord_X_Aw": 117.4496491737, "Koord_Y_Aw": 0.0508332814, "Koord_X_Ak": 117.45270293519999, "Koord_Y_Ak": 0.0521587201 }, "geometry": { "type": "LineString", "coordinates": [ [ 117.449649173705595, 0.050833281353813, 0.0 ], [ 117.449714307068419, 0.050860067988597, 0.0 ], [ 117.449913389895968, 0.050949729887435, 0.0 ], [ 117.450189157672625, 0.051055334494819, 0.0 ], [ 117.450217389720663, 0.051066145889426, 0.0 ], [ 117.450425425685609, 0.051135557976633, 0.0 ], [ 117.450491471231985, 0.05115834318371, 0.0 ], [ 117.450558918019638, 0.051176497548224, 0.0 ], [ 117.450627446100512, 0.051189934951196, 0.0 ], [ 117.450696730397254, 0.051198591649639, 0.0 ], [ 117.450766442245211, 0.05120242657884, 0.0 ], [ 117.451047327604016, 0.051205280935958, 0.0 ], [ 117.451135248133852, 0.051205401137893, 0.0 ], [ 117.451263642756359, 0.051229337212557, 0.0 ], [ 117.45169004099337, 0.051493279320303, 0.0 ], [ 117.452165578572902, 0.05186190543996, 0.0 ], [ 117.452403347104195, 0.052010313009298, 0.0 ], [ 117.452702935172582, 0.052158720120308, 0.0 ] ] } },
{ "type": "Feature", "properties": { "Kl_Dat_Das": "Jalan non tol", "Nm_Ruas": "Jl. Palembang", "Thn_Data": 2015, "Status": "Jalan Kota", "Fungsi": "Jalan Lokal", "Mendukung": null, "Ura_Dukung": null, "Kd_Bd_PU": null, "Kd_Jns_Inf": null, "Kd_Inf": "001 00 K 112", "Propinsi": "Kalimantan Timur", "Kab_Kota": "Bontang", "Kecamatan": "Bontang Barat", "Desa_Kel": "Gunung Telihan", "Tk_Ruas_Aw": "Jl. Tarakan", "Tk_Ruas_Ak": "Buntu", "Kd_Patok": null, "Km_Awal": 0.0, "Km_Akhir": 0.0, "Nm_Lintas": "-", "Kon_Baik": 0.4912026358, "Kon_Sdg": 0.0, "Kon_Rgn": 0.0, "Kon_Rusak": 0.0, "Kon_Mntp": 0.0, "Kon_T_Mntp": 0.0, "Panjang": 0.4912026358, "Lbr_Keras": 3.7, "LHRT": 0.0, "VCR": 0.0, "Tipe_Jln": 2, "MST": 0.0, "Tipe_Keras": "Beton", "Tanah_Kri": 0.0, "Macadam": 0.0, "Aspal": 0.0, "Rigid": 100.0, "Thn_Pen_Ak": 0, "Jns_Pen": null, "Koord_X_Aw": 117.4588955639, "Koord_Y_Aw": 0.1324706194, "Koord_X_Ak": 117.46018520529999, "Koord_Y_Ak": 0.1365592549 }, "geometry": { "type": "LineString", "coordinates": [ [ 117.458895563867742, 0.132470619363926, 0.0 ], [ 117.458916943654941, 0.132484189255664, 0.0 ], [ 117.458941386570217, 0.132506228603739, 0.0 ], [ 117.458961827845997, 0.13253206987591, 0.0 ], [ 117.458977692714299, 0.132560986467025, 0.0 ], [ 117.458988535086661, 0.132592165300137, 0.0 ], [ 117.459057783566976, 0.132836581800726, 0.0 ], [ 117.459133188203424, 0.133079144944419, 0.0 ], [ 117.459360035547064, 0.133758251228874, 0.0 ], [ 117.459467462431121, 0.134028059008715, 0.0 ], [ 117.459552702983956, 0.134242144726355, 0.0 ], [ 117.459553318623222, 0.134243690933662, 0.0 ], [ 117.459605077448344, 0.134386077810048, 0.0 ], [ 117.459626106393699, 0.134454092651783, 0.0 ], [ 117.459641951637892, 0.134523517053052, 0.0 ], [ 117.459652521932838, 0.134593951219588, 0.0 ], [ 117.45965775640741, 0.134664989542105, 0.0 ], [ 117.459661869549706, 0.134754359786149, 0.0 ], [ 117.459670180102847, 0.134843433846247, 0.0 ], [ 117.459682669435836, 0.134932012031993, 0.0 ], [ 117.459699309549521, 0.135019895764662, 0.0 ], [ 117.4597544994256, 0.135443251865472, 0.0 ], [ 117.459758680518334, 0.135477248878178, 0.0 ], [ 117.45975787676646, 0.135511495921657, 0.0 ], [ 117.459752105462016, 0.135545256201578, 0.0 ], [ 117.459741490769346, 0.135577803396096, 0.0 ], [ 117.459726261053987, 0.135608437281546, 0.0 ], [ 117.459706743969448, 0.13563649879751, 0.0 ], [ 117.459687198080857, 0.135672519619087, 0.0 ], [ 117.459673069246506, 0.135711021351958, 0.0 ], [ 117.459664658510079, 0.135751183638304, 0.0 ], [ 117.459662145079562, 0.135792150738727, 0.0 ], [ 117.459665582508691, 0.135833049765572, 0.0 ], [ 117.459674897556127, 0.135873009281676, 0.0 ], [ 117.459689891745711, 0.13591117786801, 0.0 ], [ 117.459710245595687, 0.135946742265031, 0.0 ], [ 117.459714641189294, 0.135952341544007, 0.0 ], [ 117.459718269577536, 0.135956963526796, 0.0 ], [ 117.459735525425771, 0.135978944700744, 0.0 ], [ 117.45976519259753, 0.136007099036623, 0.0 ], [ 117.45997358079633, 0.136250213137596, 0.0 ], [ 117.459984971153915, 0.136289830963426, 0.0 ], [ 117.460000710765925, 0.136327909590543, 0.0 ], [ 117.460020600319268, 0.136363966823506, 0.0 ], [ 117.460044387949395, 0.136397546063891, 0.0 ], [ 117.460185205268644, 0.13655925487361, 0.0 ] ] } },
{ "type": "Feature", "properties": { "Kl_Dat_Das": "Jalan non tol", "Nm_Ruas": "Jl. Bhayangkara", "Thn_Data": 2015, "Status": "Jalan Kota", "Fungsi": "Jalan Arteri Primer", "Mendukung": null, "Ura_Dukung": null, "Kd_Bd_PU": null, "Kd_Jns_Inf": null, "Kd_Inf": "001 00 K 003", "Propinsi": "Kalimantan Timur", "Kab_Kota": "Bontang", "Kecamatan": "Bontang Barat", "Desa_Kel": "Belimbing", "Tk_Ruas_Aw": "Jl. Dr. Cipto Mangunkusumo", "Tk_Ruas_Ak": "Jl. Imam Bonjol", "Kd_Patok": null, "Km_Awal": 0.0, "Km_Akhir": 0.0, "Nm_Lintas": "-", "Kon_Baik": 0.443, "Kon_Sdg": 0.0, "Kon_Rgn": 0.443, "Kon_Rusak": 0.0, "Kon_Mntp": 0.0, "Kon_T_Mntp": 0.0, "Panjang": 0.8863696645, "Lbr_Keras": 14.0, "LHRT": 0.0, "VCR": 0.0, "Tipe_Jln": 4, "MST": 0.0, "Tipe_Keras": "Aspal", "Tanah_Kri": 0.0, "Macadam": 0.0, "Aspal": 100.0, "Rigid": 0.0, "Thn_Pen_Ak": 2011, "Jns_Pen": "Penambalan", "Koord_X_Aw": 117.4722490381, "Koord_Y_Aw": 0.1358081003, "Koord_X_Ak": 117.4789930921, "Koord_Y_Ak": 0.1340882383 }, "geometry": { "type": "LineString", "coordinates": [ [ 117.472249038144071, 0.135808100276381, 0.0 ], [ 117.47290600543738, 0.136076944516521, 0.0 ], [ 117.473286434819954, 0.136160716185406, 0.0 ], [ 117.473619306516852, 0.136029056614151, 0.0 ], [ 117.473857068706977, 0.135765745943589, 0.0 ], [ 117.474315363777023, 0.135479623339627, 0.0 ], [ 117.474749640495105, 0.135251879828943, 0.0 ], [ 117.47534309632438, 0.134844145876933, 0.0 ], [ 117.475910583098198, 0.134199141581714, 0.0 ], [ 117.476311593551998, 0.133737809463204, 0.0 ], [ 117.476591348816342, 0.133527591972101, 0.0 ], [ 117.476817225345656, 0.133407903081576, 0.0 ], [ 117.477216816402034, 0.133365649353849, 0.0 ], [ 117.477569109701889, 0.133409444270034, 0.0 ], [ 117.478338940735824, 0.133695116039301, 0.0 ], [ 117.478993092063149, 0.134088238295119, 0.0 ] ] } },
{ "type": "Feature", "properties": { "Kl_Dat_Das": "Jalan non tol", "Nm_Ruas": "Jl. Pelabuhan I", "Thn_Data": 2015, "Status": "Jalan Kota", "Fungsi": "Jalan Arteri Primer", "Mendukung": null, "Ura_Dukung": null, "Kd_Bd_PU": null, "Kd_Jns_Inf": null, "Kd_Inf": "001 00 K 021", "Propinsi": "Kalimantan Timur", "Kab_Kota": "Bontang", "Kecamatan": "Bontang Selatan", "Desa_Kel": "Tanjung Laut Indah", "Tk_Ruas_Aw": "Sp. 3 Jl. St. Syahrir û Jl. Sam Ratulangi", "Tk_Ruas_Ak": "Sp. 3 Jl. Pelabuhan II dan Jl. Pelabuhan III", "Kd_Patok": null, "Km_Awal": 0.0, "Km_Akhir": 0.0, "Nm_Lintas": "-", "Kon_Baik": 0.1886171916, "Kon_Sdg": 0.0, "Kon_Rgn": 0.0, "Kon_Rusak": 0.0, "Kon_Mntp": 0.0, "Kon_T_Mntp": 0.0, "Panjang": 0.1886171916, "Lbr_Keras": 14.0, "LHRT": 0.0, "VCR": 0.0, "Tipe_Jln": 2, "MST": 0.0, "Tipe_Keras": "Aspal", "Tanah_Kri": 0.0, "Macadam": 0.0, "Aspal": 100.0, "Rigid": 0.0, "Thn_Pen_Ak": 0, "Jns_Pen": null, "Koord_X_Aw": 117.49231239949999, "Koord_Y_Aw": 0.1177001335, "Koord_X_Ak": 117.4929012867, "Koord_Y_Ak": 0.11610253 }, "geometry": { "type": "LineString", "coordinates": [ [ 117.492312399480625, 0.117700133533176, 0.0 ], [ 117.492320930199028, 0.117687916905053, 0.0 ], [ 117.492349290640831, 0.117635729253004, 0.0 ], [ 117.492371460241515, 0.117581197887976, 0.0 ], [ 117.492412361902439, 0.117484132515483, 0.0 ], [ 117.492488074302429, 0.11730445639011, 0.0 ], [ 117.492574749548396, 0.117059399773848, 0.0 ], [ 117.492713796459526, 0.116652586283048, 0.0 ], [ 117.49273954994166, 0.116573055493648, 0.0 ], [ 117.492807928790228, 0.116361890904982, 0.0 ], [ 117.492837386970521, 0.116270919438772, 0.0 ], [ 117.49286183014209, 0.116191834962999, 0.0 ], [ 117.492880157979769, 0.116144769330492, 0.0 ], [ 117.492901286674396, 0.116102529955587, 0.0 ] ] } },
{ "type": "Feature", "properties": { "Kl_Dat_Das": "Jalan non tol", "Nm_Ruas": "Jl. Selat Alas (Gg. Selat Alas)", "Thn_Data": 2015, "Status": "Jalan Kota", "Fungsi": "Jalan Lingkungan", "Mendukung": null, "Ura_Dukung": null, "Kd_Bd_PU": null, "Kd_Jns_Inf": null, "Kd_Inf": "001 00 K 156", "Propinsi": "Kalimantan Timur", "Kab_Kota": "Bontang", "Kecamatan": "Bontang Selatan", "Desa_Kel": "Tanjung Laut", "Tk_Ruas_Aw": "Jl. Jenderal Sudirman", "Tk_Ruas_Ak": "Buntu", "Kd_Patok": null, "Km_Awal": 0.0, "Km_Akhir": 0.0, "Nm_Lintas": "-", "Kon_Baik": 0.1734784821, "Kon_Sdg": 0.0, "Kon_Rgn": 0.0, "Kon_Rusak": 0.0, "Kon_Mntp": 0.0, "Kon_T_Mntp": 0.0, "Panjang": 0.1734784821, "Lbr_Keras": 0.0, "LHRT": 0.0, "VCR": 0.0, "Tipe_Jln": 2, "MST": 0.0, "Tipe_Keras": "Beton", "Tanah_Kri": 0.0, "Macadam": 0.0, "Aspal": 0.0, "Rigid": 100.0, "Thn_Pen_Ak": 0, "Jns_Pen": null, "Koord_X_Aw": 553688.16126073571, "Koord_Y_Aw": 13731.4764563441, "Koord_X_Ak": 553517.0900666361, "Koord_Y_Ak": 13731.714939765599 }, "geometry": { "type": "LineString", "coordinates": [ [ 117.482477337080752, 0.124228538717769, 0.0 ], [ 117.482233467776155, 0.124288149262251, 0.0 ], [ 117.482052765612991, 0.124326451587858, 0.0 ], [ 117.481843530198319, 0.124297731178245, 0.0 ], [ 117.481624783926918, 0.124259436187965, 0.0 ], [ 117.481196802389718, 0.124201995525028, 0.0 ], [ 117.480940014597721, 0.124230724488633, 0.0 ] ] } },
{ "type": "Feature", "properties": { "Kl_Dat_Das": "Jalan non tol", "Nm_Ruas": "Jl. Alexander", "Thn_Data": 2015, "Status": "Jalan Kota", "Fungsi": "Jalan Lingkungan", "Mendukung": null, "Ura_Dukung": null, "Kd_Bd_PU": null, "Kd_Jns_Inf": null, "Kd_Inf": "001 00 K 236", "Propinsi": "Kalimantan Timur", "Kab_Kota": "Bontang", "Kecamatan": "Bontang Selatan", "Desa_Kel": "Berbas Tengah", "Tk_Ruas_Aw": "Jl. Gajah Mada", "Tk_Ruas_Ak": "Gg. Mutiara 1", "Kd_Patok": null, "Km_Awal": 0.0, "Km_Akhir": 0.0, "Nm_Lintas": "-", "Kon_Baik": 0.1688923523, "Kon_Sdg": 0.0, "Kon_Rgn": 0.0, "Kon_Rusak": 0.0, "Kon_Mntp": 0.0, "Kon_T_Mntp": 0.0, "Panjang": 0.1688923523, "Lbr_Keras": 0.0, "LHRT": 0.0, "VCR": 0.0, "Tipe_Jln": 2, "MST": 0.0, "Tipe_Keras": "Beton", "Tanah_Kri": 0.0, "Macadam": 0.0, "Aspal": 0.0, "Rigid": 100.0, "Thn_Pen_Ak": 0, "Jns_Pen": null, "Koord_X_Aw": 553077.13425285742, "Koord_Y_Aw": 13154.507828842799, "Koord_X_Ak": 553134.15062599257, "Koord_Y_Ak": 12995.597904030201 }, "geometry": { "type": "LineString", "coordinates": [ [ 117.476986280953724, 0.119008805251167, 0.0 ], [ 117.477072295860694, 0.118771764140749, 0.0 ], [ 117.477153132391692, 0.118522819024499, 0.0 ], [ 117.477226837226794, 0.118350472101537, 0.0 ], [ 117.477278514052088, 0.118192910280741, 0.0 ], [ 117.477405153519811, 0.117823857334307, 0.0 ], [ 117.477498631337056, 0.117571138712638, 0.0 ] ] } },
{ "type": "Feature", "properties": { "Kl_Dat_Das": "Jalan non tol", "Nm_Ruas": "Jl. Selat Gaspor 2", "Thn_Data": 2015, "Status": "Jalan Kota", "Fungsi": "Jalan Lingkungan", "Mendukung": null, "Ura_Dukung": null, "Kd_Bd_PU": null, "Kd_Jns_Inf": null, "Kd_Inf": "001 00 K 173", "Propinsi": "Kalimantan Timur", "Kab_Kota": "Bontang", "Kecamatan": "Bontang Selatan", "Desa_Kel": "Tanjung Laut", "Tk_Ruas_Aw": "Jl. Selat Rote", "Tk_Ruas_Ak": "Sp. 3 Jl. Gaspor 1", "Kd_Patok": null, "Km_Awal": 0.0, "Km_Akhir": 0.0, "Nm_Lintas": "-", "Kon_Baik": 0.2861718133, "Kon_Sdg": 0.0, "Kon_Rgn": 0.0, "Kon_Rusak": 0.0, "Kon_Mntp": 0.0, "Kon_T_Mntp": 0.0, "Panjang": 0.2861718133, "Lbr_Keras": 0.0, "LHRT": 0.0, "VCR": 0.0, "Tipe_Jln": 2, "MST": 0.0, "Tipe_Keras": "Beton", "Tanah_Kri": 0.0, "Macadam": 0.0, "Aspal": 0.0, "Rigid": 100.0, "Thn_Pen_Ak": 0, "Jns_Pen": null, "Koord_X_Aw": 554518.75257068314, "Koord_Y_Aw": 13763.638721482799, "Koord_X_Ak": 554237.03590801451, "Koord_Y_Ak": 13756.686583790901 }, "geometry": { "type": "LineString", "coordinates": [ [ 117.489941403711541, 0.124519371834439, 0.0 ], [ 117.489577572369242, 0.12447549213165, 0.0 ], [ 117.489089401616454, 0.124401158273811, 0.0 ], [ 117.488746337942814, 0.124358951131728, 0.0 ], [ 117.488173997444918, 0.124269522629592, 0.0 ], [ 117.487653269453716, 0.124387807418549, 0.0 ], [ 117.487409772796525, 0.124456523201251, 0.0 ] ] } },
{ "type": "Feature", "properties": { "Kl_Dat_Das": "Jalan non tol", "Nm_Ruas": "Jl. Selat Bengkalis 3", "Thn_Data": 2015, "Status": "Jalan Kota", "Fungsi": "Jalan Lingkungan", "Mendukung": null, "Ura_Dukung": null, "Kd_Bd_PU": null, "Kd_Jns_Inf": null, "Kd_Inf": "001 00 K 302", "Propinsi": "Kalimantan Timur", "Kab_Kota": "Bontang", "Kecamatan": "Bontang Selatan", "Desa_Kel": "Tanjung Laut", "Tk_Ruas_Aw": "Sp. 3 Jl. Selat Banda", "Tk_Ruas_Ak": "Sp. 3 Jl. Selat Bangka - Jl. Selat Bangka 3", "Kd_Patok": null, "Km_Awal": 0.0, "Km_Akhir": 0.0, "Nm_Lintas": "-", "Kon_Baik": 0.3332533913, "Kon_Sdg": 0.0, "Kon_Rgn": 0.0, "Kon_Rusak": 0.0, "Kon_Mntp": 0.0, "Kon_T_Mntp": 0.0, "Panjang": 0.3332533913, "Lbr_Keras": 0.0, "LHRT": 0.0, "VCR": 0.0, "Tipe_Jln": 2, "MST": 0.0, "Tipe_Keras": "Beton", "Tanah_Kri": 0.0, "Macadam": 0.0, "Aspal": 0.0, "Rigid": 100.0, "Thn_Pen_Ak": 0, "Jns_Pen": null, "Koord_X_Aw": 554392.00051299296, "Koord_Y_Aw": 13910.7716348618, "Koord_X_Ak": 554674.58531173319, "Koord_Y_Ak": 13819.7744087745 }, "geometry": { "type": "LineString", "coordinates": [ [ 117.488802378771794, 0.125850501911215, 0.0 ], [ 117.489142042308188, 0.125896075123143, 0.0 ], [ 117.49036142853862, 0.12606338868243, 0.0 ], [ 117.490625844892747, 0.125783108258846, 0.0 ], [ 117.490698595625361, 0.125705992735747, 0.0 ], [ 117.490910590990339, 0.125482266994878, 0.0 ], [ 117.491341794227054, 0.125027203944517, 0.0 ] ] } },
{ "type": "Feature", "properties": { "Kl_Dat_Das": "Jalan non tol", "Nm_Ruas": "Jl. Selat Malaka 1", "Thn_Data": 2015, "Status": "Jalan Kota", "Fungsi": "Jalan Lingkungan", "Mendukung": null, "Ura_Dukung": null, "Kd_Bd_PU": null, "Kd_Jns_Inf": null, "Kd_Inf": "001 00 K 164", "Propinsi": "Kalimantan Timur", "Kab_Kota": "Bontang", "Kecamatan": "Bontang Selatan", "Desa_Kel": "Tanjung Laut", "Tk_Ruas_Aw": "Jl. Jenderal Sudirman", "Tk_Ruas_Ak": "Jl. Selat Malaka", "Kd_Patok": null, "Km_Awal": 0.0, "Km_Akhir": 0.0, "Nm_Lintas": "-", "Kon_Baik": 0.2006490664, "Kon_Sdg": 0.0, "Kon_Rgn": 0.0, "Kon_Rusak": 0.0, "Kon_Mntp": 0.0, "Kon_T_Mntp": 0.0, "Panjang": 0.2006490664, "Lbr_Keras": 0.0, "LHRT": 0.0, "VCR": 0.0, "Tipe_Jln": 2, "MST": 0.0, "Tipe_Keras": "Beton", "Tanah_Kri": 0.0, "Macadam": 0.0, "Aspal": 0.0, "Rigid": 100.0, "Thn_Pen_Ak": 0, "Jns_Pen": null, "Koord_X_Aw": 553780.4727938883, "Koord_Y_Aw": 13501.4534943365, "Koord_X_Ak": 553618.5414641276, "Koord_Y_Ak": 13409.8113896754 }, "geometry": { "type": "LineString", "coordinates": [ [ 117.483306852309227, 0.122147508196051, 0.0 ], [ 117.483233507642353, 0.122004931578322, 0.0 ], [ 117.483111649032949, 0.121831391442853, 0.0 ], [ 117.482963042346626, 0.121696749204089, 0.0 ], [ 117.482772826511848, 0.121565099816931, 0.0 ], [ 117.482612332013318, 0.121460378872372, 0.0 ], [ 117.482549917624326, 0.121427466789425, 0.0 ], [ 117.482422117183674, 0.121385579551409, 0.0 ], [ 117.482249734920117, 0.121313772014594, 0.0 ], [ 117.482136794694483, 0.12125991606579, 0.0 ], [ 117.482047632109612, 0.121259917664284, 0.0 ], [ 117.481961441927325, 0.121277871868014, 0.0 ], [ 117.481851650294743, 0.121318449188484, 0.0 ] ] } },
{ "type": "Feature", "properties": { "Kl_Dat_Das": "Jalan non tol", "Nm_Ruas": "Jl. Kalimantan KCY", "Thn_Data": 2015, "Status": "Jalan Kota", "Fungsi": "Jalan Lingkungan", "Mendukung": null, "Ura_Dukung": null, "Kd_Bd_PU": null, "Kd_Jns_Inf": null, "Kd_Inf": "001 00 K 315", "Propinsi": "Kalimantan Timur", "Kab_Kota": "Bontang", "Kecamatan": "Bontang Utara", "Desa_Kel": "Api-api", "Tk_Ruas_Aw": "Jl. Pattimura", "Tk_Ruas_Ak": "Jl. Selat Bengkalis 3", "Kd_Patok": null, "Km_Awal": 0.0, "Km_Akhir": 0.0, "Nm_Lintas": "-", "Kon_Baik": 0.7400642618, "Kon_Sdg": 0.0, "Kon_Rgn": 0.0, "Kon_Rusak": 0.0, "Kon_Mntp": 0.0, "Kon_T_Mntp": 0.0, "Panjang": 0.7400642618, "Lbr_Keras": 0.0, "LHRT": 0.0, "VCR": 0.0, "Tipe_Jln": 2, "MST": 0.0, "Tipe_Keras": "Beton", "Tanah_Kri": 0.0, "Macadam": 0.0, "Aspal": 0.0, "Rigid": 100.0, "Thn_Pen_Ak": 2013, "Jns_Pen": "Rehabilitasi / Pemeliharaan", "Koord_X_Aw": 554429.79776107706, "Koord_Y_Aw": 13915.8097376674, "Koord_X_Ak": 554761.63150714152, "Koord_Y_Ak": 14564.650031196001 }, "geometry": { "type": "LineString", "coordinates": [ [ 117.489142042308188, 0.125896075123143, 0.0 ], [ 117.489533746755058, 0.126304143163054, 0.0 ], [ 117.489671653575883, 0.12641903743142, 0.0 ], [ 117.48990467011798, 0.12669670046584, 0.0 ], [ 117.490054092950999, 0.127051620591145, 0.0 ], [ 117.490361202433675, 0.127773849943807, 0.0 ], [ 117.490444924786743, 0.127957619902939, 0.0 ], [ 117.490486347332222, 0.128061761767172, 0.0 ], [ 117.490621641811515, 0.128401910290301, 0.0 ], [ 117.490833263193579, 0.128959630518675, 0.0 ], [ 117.490994388931284, 0.129364332921762, 0.0 ], [ 117.491073298644181, 0.129562531830846, 0.0 ], [ 117.491272937832662, 0.130053001671504, 0.0 ], [ 117.491433617915888, 0.130435977496578, 0.0 ], [ 117.491447483794602, 0.130453791880147, 0.0 ], [ 117.491463869305804, 0.130469287021932, 0.0 ], [ 117.491482396548349, 0.130482105555541, 0.0 ], [ 117.491502638226194, 0.130491951845505, 0.0 ], [ 117.491524127502899, 0.130498598805627, 0.0 ], [ 117.491555957044568, 0.13051139166559, 0.0 ], [ 117.491585512125312, 0.130528860542799, 0.0 ], [ 117.491612119747103, 0.130550607653797, 0.0 ], [ 117.491635174028318, 0.130576137795505, 0.0 ], [ 117.491654150000457, 0.130604869621627, 0.0 ], [ 117.491695826102927, 0.130702091364565, 0.0 ], [ 117.491778560425644, 0.130895093444769, 0.0 ], [ 117.491933361994882, 0.131295470510231, 0.0 ], [ 117.491975248348595, 0.131408453768052, 0.0 ], [ 117.492025861708512, 0.131544977036483, 0.0 ], [ 117.492124158100125, 0.131766062016256, 0.0 ] ] } },
{ "type": "Feature", "properties": { "Kl_Dat_Das": "Jalan non tol", "Nm_Ruas": "Jl. Panahan", "Thn_Data": 2015, "Status": "Jalan Kota", "Fungsi": "Jalan Lingkungan", "Mendukung": null, "Ura_Dukung": null, "Kd_Bd_PU": null, "Kd_Jns_Inf": null, "Kd_Inf": "001 00 K 367", "Propinsi": "Kalimantan Timur", "Kab_Kota": "Bontang", "Kecamatan": "Bontang Utara", "Desa_Kel": "Api-api", "Tk_Ruas_Aw": "Jl. Jenderal A. Yani", "Tk_Ruas_Ak": "Buntu", "Kd_Patok": null, "Km_Awal": 0.0, "Km_Akhir": 0.0, "Nm_Lintas": "-", "Kon_Baik": 0.0953297216, "Kon_Sdg": 0.0, "Kon_Rgn": 0.0, "Kon_Rusak": 0.0, "Kon_Mntp": 0.0, "Kon_T_Mntp": 0.0, "Panjang": 0.1413409153, "Lbr_Keras": 0.0, "LHRT": 0.0, "VCR": 0.0, "Tipe_Jln": 2, "MST": 0.0, "Tipe_Keras": "Beton", "Tanah_Kri": 0.0, "Macadam": 0.0, "Aspal": 0.0, "Rigid": 100.0, "Thn_Pen_Ak": 0, "Jns_Pen": null, "Koord_X_Aw": 554369.27670102008, "Koord_Y_Aw": 14631.047306677299, "Koord_X_Ak": 554371.5175194405, "Koord_Y_Ak": 14771.8749070782 }, "geometry": { "type": "LineString", "coordinates": [ [ 117.488598296981905, 0.132366826840935, 0.0 ], [ 117.488583110005166, 0.132502975765902, 0.0 ], [ 117.48855900035764, 0.132779165631295, 0.0 ], [ 117.488567923845622, 0.133147194593325, 0.0 ], [ 117.488618459021396, 0.133640891207476, 0.0 ] ] } },
{ "type": "Feature", "properties": { "Kl_Dat_Das": "Jalan non tol", "Nm_Ruas": "Jl. Selat Banda", "Thn_Data": 2015, "Status": "Jalan Kota", "Fungsi": "Jalan Lingkungan", "Mendukung": null, "Ura_Dukung": null, "Kd_Bd_PU": null, "Kd_Jns_Inf": null, "Kd_Inf": "001 00 K 247", "Propinsi": "Kalimantan Timur", "Kab_Kota": "Bontang", "Kecamatan": "Bontang Selatan", "Desa_Kel": "Tanjung Laut", "Tk_Ruas_Aw": "Sp. 4 Jl. Ir. H. Juanda - Jl. Habibon", "Tk_Ruas_Ak": "Buntu", "Kd_Patok": null, "Km_Awal": 0.0, "Km_Akhir": 0.0, "Nm_Lintas": "-", "Kon_Baik": 0.3929212122, "Kon_Sdg": 0.0, "Kon_Rgn": 0.0, "Kon_Rusak": 0.0, "Kon_Mntp": 0.0, "Kon_T_Mntp": 0.0, "Panjang": 0.3929212122, "Lbr_Keras": 0.0, "LHRT": 0.0, "VCR": 0.0, "Tipe_Jln": 2, "MST": 0.0, "Tipe_Keras": "Beton", "Tanah_Kri": 0.0, "Macadam": 0.0, "Aspal": 0.0, "Rigid": 100.0, "Thn_Pen_Ak": 2013, "Jns_Pen": "Peningkatan", "Koord_X_Aw": 554949.90862342156, "Koord_Y_Aw": 13937.160319009799, "Koord_X_Ak": 554755.5574221639, "Koord_Y_Ak": 13613.8249010853 }, "geometry": { "type": "LineString", "coordinates": [ [ 117.493815989043625, 0.126089144606626, 0.0 ], [ 117.493767469857858, 0.125720817428685, 0.0 ], [ 117.493746942559127, 0.125557998970348, 0.0 ], [ 117.493728589550471, 0.12544740719058, 0.0 ], [ 117.493720077966842, 0.125396117983655, 0.0 ], [ 117.493686917552481, 0.12523542436764, 0.0 ], [ 117.493663775644208, 0.125141894770069, 0.0 ], [ 117.493647512506527, 0.125076166188467, 0.0 ], [ 117.493601923659298, 0.124918589296168, 0.0 ], [ 117.493575081441492, 0.124832091210562, 0.0 ], [ 117.493542609937094, 0.124747571917792, 0.0 ], [ 117.493504651622757, 0.12466540226722, 0.0 ], [ 117.493494127184931, 0.124646079397471, 0.0 ], [ 117.493461373049996, 0.124585942798509, 0.0 ], [ 117.493412964114142, 0.124509542159852, 0.0 ], [ 117.493359637221332, 0.124436535577944, 0.0 ], [ 117.493301626356427, 0.124367243387359, 0.0 ], [ 117.492868275972924, 0.123942675120975, 0.0 ], [ 117.492612304544565, 0.123691891078849, 0.0 ], [ 117.492503391937333, 0.123585185630914, 0.0 ], [ 117.492343648895357, 0.123430141429269, 0.0 ], [ 117.492085137215923, 0.123179233847546, 0.0 ], [ 117.492069410458726, 0.123163969690656, 0.0 ] ] } },
{ "type": "Feature", "properties": { "Kl_Dat_Das": "Jalan non tol", "Nm_Ruas": "Jl. Kapal Pinisi 1", "Thn_Data": 2015, "Status": "Jalan Kota", "Fungsi": "Jalan Lingkungan", "Mendukung": null, "Ura_Dukung": null, "Kd_Bd_PU": null, "Kd_Jns_Inf": null, "Kd_Inf": "001 00 K 052", "Propinsi": "Kalimantan Timur", "Kab_Kota": "Bontang", "Kecamatan": "Bontang Utara", "Desa_Kel": "Loktuan", "Tk_Ruas_Aw": "Jl. Kapal Pinisi 5", "Tk_Ruas_Ak": "Jl. Kapal Pinisi 4", "Kd_Patok": null, "Km_Awal": 0.0, "Km_Akhir": 0.0, "Nm_Lintas": "-", "Kon_Baik": 0.0864197913, "Kon_Sdg": 0.0, "Kon_Rgn": 0.0, "Kon_Rusak": 0.0, "Kon_Mntp": 0.0, "Kon_T_Mntp": 0.0, "Panjang": 0.0864197913, "Lbr_Keras": 0.0, "LHRT": 0.0, "VCR": 0.0, "Tipe_Jln": 2, "MST": 0.0, "Tipe_Keras": "Beton", "Tanah_Kri": 0.0, "Macadam": 0.0, "Aspal": 0.0, "Rigid": 100.0, "Thn_Pen_Ak": 0, "Jns_Pen": null, "Koord_X_Aw": 117.47630362610001, "Koord_Y_Aw": 0.1718857295, "Koord_X_Ak": 117.4755445297, "Koord_Y_Ak": 0.1720276904 }, "geometry": { "type": "LineString", "coordinates": [ [ 117.47630362609479, 0.171885729481908, 0.0 ], [ 117.475978948764904, 0.171924242666536, 0.0 ], [ 117.475887198636897, 0.171935126054648, 0.0 ], [ 117.475818382851884, 0.171941399930602, 0.0 ], [ 117.475750331346958, 0.171953457306561, 0.0 ], [ 117.47568352284604, 0.171971213362217, 0.0 ], [ 117.475618427328911, 0.171994543188757, 0.0 ], [ 117.475555502725058, 0.172023282667279, 0.0 ], [ 117.475544529662443, 0.172027690383977, 0.0 ] ] } },
{ "type": "Feature", "properties": { "Kl_Dat_Das": "Jalan non tol", "Nm_Ruas": "Gg. Batu Sahasa 4", "Thn_Data": 2015, "Status": "Jalan Kota", "Fungsi": null, "Mendukung": null, "Ura_Dukung": null, "Kd_Bd_PU": null, "Kd_Jns_Inf": null, "Kd_Inf": "001 00 K 200", "Propinsi": "Kalimantan Timur", "Kab_Kota": "Bontang", "Kecamatan": "Bontang Utara", "Desa_Kel": "Bontang Kuala", "Tk_Ruas_Aw": "Gg. Batu Sahasa 1", "Tk_Ruas_Ak": "Buntu", "Kd_Patok": null, "Km_Awal": 0.0, "Km_Akhir": 0.0, "Nm_Lintas": "-", "Kon_Baik": 0.4766590445, "Kon_Sdg": 0.0, "Kon_Rgn": 0.0, "Kon_Rusak": 0.0, "Kon_Mntp": 0.0, "Kon_T_Mntp": 0.0, "Panjang": 0.4766590445, "Lbr_Keras": 0.0, "LHRT": 0.0, "VCR": 0.0, "Tipe_Jln": 2, "MST": 0.0, "Tipe_Keras": "Beton", "Tanah_Kri": 0.0, "Macadam": 0.0, "Aspal": 0.0, "Rigid": 100.0, "Thn_Pen_Ak": 0, "Jns_Pen": null, "Koord_X_Aw": 557512.39365318965, "Koord_Y_Aw": 15220.8557821306, "Koord_X_Ak": 557671.99104670505, "Koord_Y_Ak": 15665.8846010901 }, "geometry": { "type": "LineString", "coordinates": [ [ 117.516843788186208, 0.1377022138588, 0.0 ], [ 117.516989086675295, 0.13792977905047, 0.0 ], [ 117.517106784998916, 0.138127254656862, 0.0 ], [ 117.517220916530889, 0.138310368284294, 0.0 ], [ 117.517317216647143, 0.138540158955647, 0.0 ], [ 117.517363586428232, 0.138791493792237, 0.0 ], [ 117.517427789590883, 0.13908591437783, 0.0 ], [ 117.517491992454609, 0.13936597290855, 0.0 ], [ 117.517559759620227, 0.139545497015197, 0.0 ], [ 117.517627529070765, 0.139829145967831, 0.0 ], [ 117.517709564717578, 0.14012356613278, 0.0 ], [ 117.517830834023002, 0.140522110261528, 0.0 ], [ 117.517898601619223, 0.140719586904521, 0.0 ], [ 117.517916436824606, 0.140845254422512, 0.0 ], [ 117.517977071299697, 0.141035550195111, 0.0 ], [ 117.518112603986253, 0.141315607078011, 0.0 ], [ 117.518187505776993, 0.141566941218422, 0.0 ], [ 117.518278083089911, 0.141728331766726, 0.0 ] ] } },
{ "type": "Feature", "properties": { "Kl_Dat_Das": "Jalan non tol", "Nm_Ruas": "Jl. Prestasi 2", "Thn_Data": 2015, "Status": "Jalan Kota", "Fungsi": "Jalan Lingkungan", "Mendukung": null, "Ura_Dukung": null, "Kd_Bd_PU": null, "Kd_Jns_Inf": null, "Kd_Inf": "001 00 K 090", "Propinsi": "Kalimantan Timur", "Kab_Kota": "Bontang", "Kecamatan": "Bontang Selatan", "Desa_Kel": "Bontang Lestari", "Tk_Ruas_Aw": "Jl. Prestasi", "Tk_Ruas_Ak": "Buntu", "Kd_Patok": null, "Km_Awal": 0.0, "Km_Akhir": 0.0, "Nm_Lintas": "-", "Kon_Baik": 0.0789816617, "Kon_Sdg": 0.0, "Kon_Rgn": 0.0, "Kon_Rusak": 0.0, "Kon_Mntp": 0.0, "Kon_T_Mntp": 0.0, "Panjang": 0.0657804601, "Lbr_Keras": 0.0, "LHRT": 0.0, "VCR": 0.0, "Tipe_Jln": 2, "MST": 0.0, "Tipe_Keras": "Beton", "Tanah_Kri": 0.0, "Macadam": 0.0, "Aspal": 0.0, "Rigid": 100.0, "Thn_Pen_Ak": 0, "Jns_Pen": null, "Koord_X_Aw": 117.4545964917, "Koord_Y_Aw": 0.0613836068, "Koord_X_Ak": 117.4550400678, "Koord_Y_Ak": 0.0617724844 }, "geometry": { "type": "LineString", "coordinates": [ [ 117.454596491697643, 0.061383606844911, 0.0 ], [ 117.454758310954361, 0.061488833660749, 0.0 ], [ 117.454879573409158, 0.061614501725174, 0.0 ], [ 117.455040067764699, 0.061772484358906, 0.0 ] ] } },
{ "type": "Feature", "properties": { "Kl_Dat_Das": "Jalan non tol", "Nm_Ruas": "Jl. Sungai Musi", "Thn_Data": 2015, "Status": "Jalan Kota", "Fungsi": "Jalan Lokal Sekunder", "Mendukung": null, "Ura_Dukung": null, "Kd_Bd_PU": null, "Kd_Jns_Inf": null, "Kd_Inf": "001 00 K 139", "Propinsi": "Kalimantan Timur", "Kab_Kota": "Bontang", "Kecamatan": "Bontang Selatan", "Desa_Kel": "Satimpo", "Tk_Ruas_Aw": "Jl. Ir. Simon Tampubolon", "Tk_Ruas_Ak": "Buntu", "Kd_Patok": null, "Km_Awal": 0.0, "Km_Akhir": 0.0, "Nm_Lintas": "-", "Kon_Baik": 0.0973814747, "Kon_Sdg": 0.0, "Kon_Rgn": 0.0, "Kon_Rusak": 0.0, "Kon_Mntp": 0.0, "Kon_T_Mntp": 0.0, "Panjang": 0.0973814747, "Lbr_Keras": 0.0, "LHRT": 0.0, "VCR": 0.0, "Tipe_Jln": 2, "MST": 0.0, "Tipe_Keras": "Beton", "Tanah_Kri": 0.0, "Macadam": 0.0, "Aspal": 0.0, "Rigid": 100.0, "Thn_Pen_Ak": 0, "Jns_Pen": null, "Koord_X_Aw": 551684.93472112739, "Koord_Y_Aw": 14498.251796938501, "Koord_X_Ak": 551781.06609355926, "Koord_Y_Ak": 14513.5097332802 }, "geometry": { "type": "LineString", "coordinates": [ [ 117.464475547272201, 0.131165890655961, 0.0 ], [ 117.464745010894546, 0.131196208156386, 0.0 ], [ 117.465113551852681, 0.13126202783838, 0.0 ], [ 117.465339431814996, 0.131303913246098, 0.0 ] ] } },
{ "type": "Feature", "properties": { "Kl_Dat_Das": "Jalan non tol", "Nm_Ruas": "Jl. Selat Gaspor 2", "Thn_Data": 2015, "Status": "Jalan Kota", "Fungsi": "Jalan Lingkungan", "Mendukung": null, "Ura_Dukung": null, "Kd_Bd_PU": null, "Kd_Jns_Inf": null, "Kd_Inf": "001 00 K 174", "Propinsi": "Kalimantan Timur", "Kab_Kota": "Bontang", "Kecamatan": "Bontang Selatan", "Desa_Kel": "Tanjung Laut", "Tk_Ruas_Aw": "Sp. 4 Jl. Selat Gaspor 1", "Tk_Ruas_Ak": "Buntu", "Kd_Patok": null, "Km_Awal": 0.0, "Km_Akhir": 0.0, "Nm_Lintas": "-", "Kon_Baik": 0.0694747581, "Kon_Sdg": 0.0, "Kon_Rgn": 0.0, "Kon_Rusak": 0.0, "Kon_Mntp": 0.0, "Kon_T_Mntp": 0.0, "Panjang": 0.0694747581, "Lbr_Keras": 0.0, "LHRT": 0.0, "VCR": 0.0, "Tipe_Jln": 2, "MST": 0.0, "Tipe_Keras": "Beton", "Tanah_Kri": 0.0, "Macadam": 0.0, "Aspal": 0.0, "Rigid": 100.0, "Thn_Pen_Ak": 0, "Jns_Pen": null, "Koord_X_Aw": 554237.03590801451, "Koord_Y_Aw": 13756.686583790901, "Koord_X_Ak": 554170.61115042865, "Koord_Y_Ak": 13776.987635240001 }, "geometry": { "type": "LineString", "coordinates": [ [ 117.487409772796525, 0.124456523201251, 0.0 ], [ 117.487068387664806, 0.124568753927457, 0.0 ], [ 117.486812853958838, 0.12464019759712, 0.0 ] ] } },
{ "type": "Feature", "properties": { "Kl_Dat_Das": "Jalan non tol", "Nm_Ruas": "Jl. Kapal Layar 5", "Thn_Data": 2015, "Status": "Jalan Kota", "Fungsi": "Jalan Lingkungan", "Mendukung": null, "Ura_Dukung": null, "Kd_Bd_PU": null, "Kd_Jns_Inf": null, "Kd_Inf": "001 00 K 234", "Propinsi": "Kalimantan Timur", "Kab_Kota": "Bontang", "Kecamatan": "Bontang Utara", "Desa_Kel": "Lok Tuan", "Tk_Ruas_Aw": "Jl. Brigjen. Slamet Riyadi", "Tk_Ruas_Ak": "Buntu", "Kd_Patok": null, "Km_Awal": 0.0, "Km_Akhir": 0.0, "Nm_Lintas": "-", "Kon_Baik": 0.6880602557, "Kon_Sdg": 0.0, "Kon_Rgn": 0.0, "Kon_Rusak": 0.0, "Kon_Mntp": 0.0, "Kon_T_Mntp": 0.0, "Panjang": 0.6880602557, "Lbr_Keras": 6.0, "LHRT": 0.0, "VCR": 0.0, "Tipe_Jln": 2, "MST": 0.0, "Tipe_Keras": "Beton", "Tanah_Kri": 0.0, "Macadam": 0.0, "Aspal": 0.0, "Rigid": 100.0, "Thn_Pen_Ak": 0, "Jns_Pen": null, "Koord_X_Aw": 552932.13021315169, "Koord_Y_Aw": 18857.735857663702, "Koord_X_Ak": 553048.56963356119, "Koord_Y_Ak": 18289.841747203802 }, "geometry": { "type": "LineString", "coordinates": [ [ 117.475684284233125, 0.170605927356033, 0.0 ], [ 117.475669943053077, 0.170299828707891, 0.0 ], [ 117.475665179670102, 0.169971893303727, 0.0 ], [ 117.475624754199146, 0.169768430659413, 0.0 ], [ 117.475560547827385, 0.169395016611897, 0.0 ], [ 117.475539143726564, 0.169189159801391, 0.0 ], [ 117.47550347293479, 0.168956972751052, 0.0 ], [ 117.475440950206448, 0.168559172930083, 0.0 ], [ 117.475426681712221, 0.168458638299399, 0.0 ], [ 117.475412412002356, 0.168307836177489, 0.0 ], [ 117.475419541902426, 0.168178576740592, 0.0 ], [ 117.475426673888549, 0.168135490145113, 0.0 ], [ 117.475425971306692, 0.168065469505742, 0.0 ], [ 117.475418361215517, 0.168002276275245, 0.0 ], [ 117.475408849122871, 0.167944827947285, 0.0 ], [ 117.475391728282204, 0.167879719997223, 0.0 ], [ 117.475361292733268, 0.167826102084848, 0.0 ], [ 117.475325150715889, 0.167770569359462, 0.0 ], [ 117.475285204509547, 0.16771886663053, 0.0 ], [ 117.475222213958162, 0.167657048014201, 0.0 ], [ 117.47511072206629, 0.167507398504196, 0.0 ], [ 117.474989472693423, 0.167292000072892, 0.0 ], [ 117.474983487890356, 0.167282301414395, 0.0 ], [ 117.474979131598189, 0.167271759489783, 0.0 ], [ 117.474976517397138, 0.167260649155305, 0.0 ], [ 117.474975713446398, 0.167249260087125, 0.0 ], [ 117.47497674070712, 0.167237889228812, 0.0 ], [ 117.474979572395867, 0.167226833049061, 0.0 ], [ 117.474984134682941, 0.167216379812168, 0.0 ], [ 117.474990308617237, 0.167206802062022, 0.0 ], [ 117.474997933227826, 0.167198349516239, 0.0 ], [ 117.475579872099033, 0.166739724460846, 0.0 ], [ 117.475600033996471, 0.166725445132029, 0.0 ], [ 117.475617592392723, 0.166708025850596, 0.0 ], [ 117.475632070361598, 0.166687939764171, 0.0 ], [ 117.475643074648318, 0.166665732456916, 0.0 ], [ 117.475650306351284, 0.166642007130131, 0.0 ], [ 117.475653569040887, 0.166617408218049, 0.0 ], [ 117.47565277409501, 0.166592603883454, 0.0 ], [ 117.475647943106253, 0.166568267868826, 0.0 ], [ 117.475634043651525, 0.166507826945144, 0.0 ], [ 117.475626304598435, 0.166446278518285, 0.0 ], [ 117.475624805752304, 0.166384257276903, 0.0 ], [ 117.475629562569125, 0.166322402785115, 0.0 ], [ 117.475640525996454, 0.166261352887599, 0.0 ], [ 117.475657582979181, 0.166201737131991, 0.0 ], [ 117.475680557625296, 0.166144170277064, 0.0 ], [ 117.475709213019613, 0.166089245953222, 0.0 ], [ 117.475743253667261, 0.166037530541026, 0.0 ], [ 117.47578232854022, 0.165989557330679, 0.0 ], [ 117.475826034697647, 0.165945821022683, 0.0 ], [ 117.47591921072835, 0.165885579960598, 0.0 ], [ 117.476015787826086, 0.165831037321674, 0.0 ], [ 117.476115422552283, 0.165782387065042, 0.0 ], [ 117.476217760595375, 0.165739802195885, 0.0 ], [ 117.47651600693456, 0.16558013348024, 0.0 ], [ 117.476730539592594, 0.165468164614512, 0.0 ] ] } },
{ "type": "Feature", "properties": { "Kl_Dat_Das": "Jalan non tol", "Nm_Ruas": "Jl. Irian KCY", "Thn_Data": 2015, "Status": "Jalan Kota", "Fungsi": null, "Mendukung": null, "Ura_Dukung": null, "Kd_Bd_PU": null, "Kd_Jns_Inf": null, "Kd_Inf": "001 00 K 314", "Propinsi": "Kalimantan Timur", "Kab_Kota": "Bontang", "Kecamatan": "Bontang Utara", "Desa_Kel": "Api-api", "Tk_Ruas_Aw": "Jl. Kalimantan KCY", "Tk_Ruas_Ak": "Buntu", "Kd_Patok": null, "Km_Awal": 0.0, "Km_Akhir": 0.0, "Nm_Lintas": "-", "Kon_Baik": 0.052599909, "Kon_Sdg": 0.0, "Kon_Rgn": 0.0, "Kon_Rusak": 0.0, "Kon_Mntp": 0.0, "Kon_T_Mntp": 0.0, "Panjang": 0.052599909, "Lbr_Keras": 0.0, "LHRT": 0.0, "VCR": 0.0, "Tipe_Jln": 2, "MST": 0.0, "Tipe_Keras": "Beton", "Tanah_Kri": 0.0, "Macadam": 0.0, "Aspal": 0.0, "Rigid": 100.0, "Thn_Pen_Ak": 0, "Jns_Pen": null, "Koord_X_Aw": 554619.30992891081, "Koord_Y_Aw": 14257.738180019, "Koord_X_Ak": 554664.89788642712, "Koord_Y_Ak": 14231.49911456 }, "geometry": { "type": "LineString", "coordinates": [ [ 117.49084514025391, 0.128989462346886, 0.0 ], [ 117.491254809055249, 0.128752070129318, 0.0 ] ] } },
{ "type": "Feature", "properties": { "Kl_Dat_Das": "Jalan non tol", "Nm_Ruas": "Jl. Samosir KCY", "Thn_Data": 2015, "Status": "Jalan Kota", "Fungsi": "Jalan Lingkungan", "Mendukung": null, "Ura_Dukung": null, "Kd_Bd_PU": null, "Kd_Jns_Inf": null, "Kd_Inf": "001 00 K 419", "Propinsi": "Kalimantan Timur", "Kab_Kota": "Bontang", "Kecamatan": "Bontang Utara", "Desa_Kel": "Bontang Baru", "Tk_Ruas_Aw": "Jl. Halmahera", "Tk_Ruas_Ak": "Sp. 3 Jl. Ternate KCY - Jl. Maluku KCY", "Kd_Patok": null, "Km_Awal": 0.0, "Km_Akhir": 0.0, "Nm_Lintas": "-", "Kon_Baik": 0.0615376058, "Kon_Sdg": 0.0, "Kon_Rgn": 0.0, "Kon_Rusak": 0.0, "Kon_Mntp": 0.0, "Kon_T_Mntp": 0.0, "Panjang": 0.0615376058, "Lbr_Keras": 0.0, "LHRT": 0.0, "VCR": 0.0, "Tipe_Jln": 2, "MST": 0.0, "Tipe_Keras": "Beton", "Tanah_Kri": 0.0, "Macadam": 0.0, "Aspal": 0.0, "Rigid": 100.0, "Thn_Pen_Ak": 0, "Jns_Pen": null, "Koord_X_Aw": 554510.52311174106, "Koord_Y_Aw": 14092.9067553859, "Koord_X_Ak": 554454.36307220999, "Koord_Y_Ak": 14118.064793510401 }, "geometry": { "type": "LineString", "coordinates": [ [ 117.489867505829153, 0.127498254652154, 0.0 ], [ 117.4893628313432, 0.127725868607535, 0.0 ] ] } },
{ "type": "Feature", "properties": { "Kl_Dat_Das": "Jalan non tol", "Nm_Ruas": "Jl. Tidore KCY", "Thn_Data": 2015, "Status": "Jalan Kota", "Fungsi": "Jalan Lingkungan", "Mendukung": null, "Ura_Dukung": null, "Kd_Bd_PU": null, "Kd_Jns_Inf": null, "Kd_Inf": "001 00 K 420", "Propinsi": "Kalimantan Timur", "Kab_Kota": "Bontang", "Kecamatan": "Bontang Utara", "Desa_Kel": "Bontang Baru", "Tk_Ruas_Aw": "Jl. Kalimantan KCY", "Tk_Ruas_Ak": "Sp. 3 Jl. Ternate KCY - Jl. Flores KCY", "Kd_Patok": null, "Km_Awal": 0.0, "Km_Akhir": 0.0, "Nm_Lintas": "-", "Kon_Baik": 0.0620737586, "Kon_Sdg": 0.0, "Kon_Rgn": 0.0, "Kon_Rusak": 0.0, "Kon_Mntp": 0.0, "Kon_T_Mntp": 0.0, "Panjang": 0.0620737586, "Lbr_Keras": 0.0, "LHRT": 0.0, "VCR": 0.0, "Tipe_Jln": 2, "MST": 0.0, "Tipe_Keras": "Beton", "Tanah_Kri": 0.0, "Macadam": 0.0, "Aspal": 0.0, "Rigid": 100.0, "Thn_Pen_Ak": 0, "Jns_Pen": null, "Koord_X_Aw": 554468.27606846672, "Koord_Y_Aw": 14149.8993789498, "Koord_X_Ak": 554524.88628874533, "Koord_Y_Ak": 14124.4356805105 }, "geometry": { "type": "LineString", "coordinates": [ [ 117.489487865098894, 0.128013873095685, 0.0 ], [ 117.48961864831621, 0.127955451469475, 0.0 ], [ 117.489996585039577, 0.127783493739838, 0.0 ] ] } },
{ "type": "Feature", "properties": { "Kl_Dat_Das": "Jalan non tol", "Nm_Ruas": "Pelabuhan Loktuan", "Thn_Data": 2015, "Status": "Jalan Kota", "Fungsi": "Jalan Kolektor", "Mendukung": null, "Ura_Dukung": null, "Kd_Bd_PU": null, "Kd_Jns_Inf": null, "Kd_Inf": "001 00 K 037", "Propinsi": "Kalimantan Timur", "Kab_Kota": "Bontang", "Kecamatan": "Bontang Utara", "Desa_Kel": "Loktuan", "Tk_Ruas_Aw": "Jl. Laks. RE. Martadinata", "Tk_Ruas_Ak": "Buntu/ Ujung Dermaga", "Kd_Patok": null, "Km_Awal": 0.0, "Km_Akhir": 0.0, "Nm_Lintas": "-", "Kon_Baik": 0.128357529, "Kon_Sdg": 0.0, "Kon_Rgn": 0.0, "Kon_Rusak": 0.0, "Kon_Mntp": 0.0, "Kon_T_Mntp": 0.0, "Panjang": 0.128357529, "Lbr_Keras": 8.0, "LHRT": 0.0, "VCR": 0.0, "Tipe_Jln": 2, "MST": 0.0, "Tipe_Keras": "Beton", "Tanah_Kri": 0.0, "Macadam": 0.0, "Aspal": 0.0, "Rigid": 100.0, "Thn_Pen_Ak": 0, "Jns_Pen": null, "Koord_X_Aw": 117.4853336398, "Koord_Y_Aw": 0.1656960668, "Koord_X_Ak": 117.4861183432, "Koord_Y_Ak": 0.1648449684 }, "geometry": { "type": "LineString", "coordinates": [ [ 117.485333639843859, 0.165696066800875, 0.0 ], [ 117.48551550215312, 0.165494491097628, 0.0 ], [ 117.486118343179541, 0.16484496838969, 0.0 ] ] } },
{ "type": "Feature", "properties": { "Kl_Dat_Das": "Jalan non tol", "Nm_Ruas": "Jl. Tanjung Laut Limau", "Thn_Data": 2015, "Status": "Jalan Kota", "Fungsi": "Jalan Lokal", "Mendukung": null, "Ura_Dukung": null, "Kd_Bd_PU": null, "Kd_Jns_Inf": null, "Kd_Inf": "001 00 K 354", "Propinsi": "Kalimantan Timur", "Kab_Kota": "Bontang", "Kecamatan": "Bontang Utara", "Desa_Kel": "Gunung Elai", "Tk_Ruas_Aw": "Sp. 3 Jl. MH. Thamrin - Jl. Otto Iskandardinata", "Tk_Ruas_Ak": "Buntu/ Pelabuhan", "Kd_Patok": null, "Km_Awal": 0.0, "Km_Akhir": 0.0, "Nm_Lintas": "-", "Kon_Baik": 0.1885896988, "Kon_Sdg": 0.0, "Kon_Rgn": 0.0, "Kon_Rusak": 0.0, "Kon_Mntp": 0.0, "Kon_T_Mntp": 0.0, "Panjang": 0.1885896988, "Lbr_Keras": 0.0, "LHRT": 0.0, "VCR": 0.0, "Tipe_Jln": 2, "MST": 0.0, "Tipe_Keras": "Beton", "Tanah_Kri": 0.0, "Macadam": 0.0, "Aspal": 0.0, "Rigid": 100.0, "Thn_Pen_Ak": 0, "Jns_Pen": null, "Koord_X_Aw": 554562.80962251441, "Koord_Y_Aw": 16610.2760697427, "Koord_X_Ak": 554567.99132736598, "Koord_Y_Ak": 16422.0937848506 }, "geometry": { "type": "LineString", "coordinates": [ [ 117.490337844652132, 0.150272834530767, 0.0 ], [ 117.490357431755342, 0.149364823423923, 0.0 ], [ 117.490368227967451, 0.149208536744197, 0.0 ], [ 117.490384436326394, 0.149052724684736, 0.0 ], [ 117.490387366542791, 0.149031678384233, 0.0 ], [ 117.490393992711233, 0.148946723671429, 0.0 ], [ 117.490396659597153, 0.148879947312168, 0.0 ], [ 117.490403510555211, 0.148813473855114, 0.0 ], [ 117.490404061369574, 0.148731980827282, 0.0 ], [ 117.490397666141874, 0.148650740632176, 0.0 ], [ 117.490384372020685, 0.148570352209788, 0.0 ] ] } },
{ "type": "Feature", "properties": { "Kl_Dat_Das": "Jalan non tol", "Nm_Ruas": "Jl. R.A Kartini", "Thn_Data": 2015, "Status": "Jalan Kota", "Fungsi": "Jalan Lingkungan", "Mendukung": null, "Ura_Dukung": null, "Kd_Bd_PU": null, "Kd_Jns_Inf": null, "Kd_Inf": "001 00 K 041", "Propinsi": "Kalimantan Timur", "Kab_Kota": "Bontang", "Kecamatan": "Bontang Utara", "Desa_Kel": "Bontang Baru", "Tk_Ruas_Aw": "Jl. MH. Thamrin", "Tk_Ruas_Ak": "Sp. 3 Jl. Mulawarman û Jl. Otto Iskandardinata", "Kd_Patok": null, "Km_Awal": 0.0, "Km_Akhir": 0.0, "Nm_Lintas": "-", "Kon_Baik": 0.0, "Kon_Sdg": 0.0, "Kon_Rgn": 0.24, "Kon_Rusak": 0.0, "Kon_Mntp": 0.0, "Kon_T_Mntp": 0.0, "Panjang": 0.2417464596, "Lbr_Keras": 5.0, "LHRT": 0.0, "VCR": 0.0, "Tipe_Jln": 2, "MST": 0.0, "Tipe_Keras": "Beton", "Tanah_Kri": 0.0, "Macadam": 0.0, "Aspal": 0.0, "Rigid": 100.0, "Thn_Pen_Ak": 0, "Jns_Pen": null, "Koord_X_Aw": 117.4889304899, "Koord_Y_Aw": 0.1437711707, "Koord_X_Ak": 117.4908644872, "Koord_Y_Ak": 0.1447659636 }, "geometry": { "type": "LineString", "coordinates": [ [ 117.490864487158532, 0.144765963623058, 0.0 ], [ 117.490375665569331, 0.144509359190806, 0.0 ], [ 117.489719222708899, 0.144149115650919, 0.0 ], [ 117.488930489850873, 0.14377117066374, 0.0 ] ] } },
{ "type": "Feature", "properties": { "Kl_Dat_Das": "Jalan non tol", "Nm_Ruas": "Gg. Batu Sahasa 2", "Thn_Data": 2015, "Status": "Jalan Kota", "Fungsi": null, "Mendukung": null, "Ura_Dukung": null, "Kd_Bd_PU": null, "Kd_Jns_Inf": null, "Kd_Inf": "001 00 K 198", "Propinsi": "Kalimantan Timur", "Kab_Kota": "Bontang", "Kecamatan": "Bontang Utara", "Desa_Kel": "Bontang Kuala", "Tk_Ruas_Aw": "Gg. Batu Sahasa 1", "Tk_Ruas_Ak": "Gg. Batu Sahasa 3", "Kd_Patok": null, "Km_Awal": 0.0, "Km_Akhir": 0.0, "Nm_Lintas": "-", "Kon_Baik": 0.4794190218, "Kon_Sdg": 0.0, "Kon_Rgn": 0.0, "Kon_Rusak": 0.0, "Kon_Mntp": 0.0, "Kon_T_Mntp": 0.0, "Panjang": 0.4794190218, "Lbr_Keras": 0.0, "LHRT": 0.0, "VCR": 0.0, "Tipe_Jln": 2, "MST": 0.0, "Tipe_Keras": "Beton", "Tanah_Kri": 0.0, "Macadam": 0.0, "Aspal": 0.0, "Rigid": 100.0, "Thn_Pen_Ak": 0, "Jns_Pen": null, "Koord_X_Aw": 557420.11762293102, "Koord_Y_Aw": 15304.135725193901, "Koord_X_Ak": 557622.96625121729, "Koord_Y_Ak": 15664.479735665 }, "geometry": { "type": "LineString", "coordinates": [ [ 117.516014574574925, 0.138455660906341, 0.0 ], [ 117.516079937267264, 0.138485513636681, 0.0 ], [ 117.516198910317726, 0.138549759083674, 0.0 ], [ 117.51631669363735, 0.138616383991916, 0.0 ], [ 117.516442805070596, 0.138691337013483, 0.0 ], [ 117.516486825099491, 0.138734167311725, 0.0 ], [ 117.516522517014337, 0.138790084645279, 0.0 ], [ 117.516554639738047, 0.138875745241592, 0.0 ], [ 117.516572485695406, 0.138930472844663, 0.0 ], [ 117.516584383000463, 0.139032789667908, 0.0 ], [ 117.516577244617451, 0.139099414576208, 0.0 ], [ 117.516552260276981, 0.139218387626443, 0.0 ], [ 117.51651180943999, 0.139351637442758, 0.0 ], [ 117.516469930926164, 0.139488932342658, 0.0 ], [ 117.516447088100563, 0.139618850913678, 0.0 ], [ 117.516458509513313, 0.139760190897505, 0.0 ], [ 117.516512761224249, 0.140022883392419, 0.0 ], [ 117.516592711114299, 0.140268443768377, 0.0 ], [ 117.51668408241666, 0.140471173845924, 0.0 ], [ 117.516818284017404, 0.140676759276914, 0.0 ], [ 117.516936781175446, 0.140853791175744, 0.0 ], [ 117.517253725381465, 0.141283521833373, 0.0 ], [ 117.517306906334966, 0.141351574418081, 0.0 ], [ 117.517511539981697, 0.141846502307317, 0.0 ], [ 117.517837526139246, 0.141715631952081, 0.0 ] ] } },
{ "type": "Feature", "properties": { "Kl_Dat_Das": "Jalan non tol", "Nm_Ruas": "Gg. Batu Sahasa 1", "Thn_Data": 2015, "Status": "Jalan Kota", "Fungsi": "Jalan Lingkungan", "Mendukung": null, "Ura_Dukung": null, "Kd_Bd_PU": null, "Kd_Jns_Inf": null, "Kd_Inf": "001 00 K 086", "Propinsi": "Kalimantan Timur", "Kab_Kota": "Bontang", "Kecamatan": "Bontang Utara", "Desa_Kel": "Bontang Kuala", "Tk_Ruas_Aw": "Gg. Batu Sahasa", "Tk_Ruas_Ak": "Gg. Batu Sahasa 5", "Kd_Patok": null, "Km_Awal": 0.0, "Km_Akhir": 0.0, "Nm_Lintas": "-", "Kon_Baik": 0.257321843, "Kon_Sdg": 0.0, "Kon_Rgn": 0.0, "Kon_Rusak": 0.0, "Kon_Mntp": 0.0, "Kon_T_Mntp": 0.0, "Panjang": 0.257321843, "Lbr_Keras": 0.0, "LHRT": 0.0, "VCR": 0.0, "Tipe_Jln": 2, "MST": 0.0, "Tipe_Keras": "Jembatan Kayu", "Tanah_Kri": 0.0, "Macadam": 0.0, "Aspal": 0.0, "Rigid": 100.0, "Thn_Pen_Ak": 0, "Jns_Pen": null, "Koord_X_Aw": 117.51595794000001, "Koord_Y_Aw": 0.1387410529, "Koord_X_Ak": 117.5175469453, "Koord_Y_Ak": 0.1371856656 }, "geometry": { "type": "LineString", "coordinates": [ [ 117.515957939951932, 0.138741052913701, 0.0 ], [ 117.515975311296643, 0.138622568548271, 0.0 ], [ 117.516014574576403, 0.138455660903048, 0.0 ], [ 117.516057045782077, 0.138314785266914, 0.0 ], [ 117.516074534820646, 0.138275524160406, 0.0 ], [ 117.51609380845467, 0.138239832245176, 0.0 ], [ 117.516140207944431, 0.138188792806716, 0.0 ], [ 117.516197315008412, 0.13813811028723, 0.0 ], [ 117.516243000659742, 0.138101704533767, 0.0 ], [ 117.516318667519712, 0.138054591205787, 0.0 ], [ 117.516390408269089, 0.138006050201341, 0.0 ], [ 117.51671270626251, 0.137795140726382, 0.0 ], [ 117.516864753820883, 0.137687351142688, 0.0 ], [ 117.517032743768013, 0.13756504684693, 0.0 ], [ 117.517283538958154, 0.137377688087327, 0.0 ], [ 117.517408460660931, 0.137287030622872, 0.0 ], [ 117.517546945291642, 0.137185665584013, 0.0 ] ] } },
{ "type": "Feature", "properties": { "Kl_Dat_Das": "Jalan non tol", "Nm_Ruas": "Gg. Batu Sahasa 3", "Thn_Data": 2015, "Status": "Jalan Kota", "Fungsi": "Jalan Lingkungan", "Mendukung": null, "Ura_Dukung": null, "Kd_Bd_PU": null, "Kd_Jns_Inf": null, "Kd_Inf": "001 00 K 199", "Propinsi": "Kalimantan Timur", "Kab_Kota": "Bontang", "Kecamatan": "Bontang Utara", "Desa_Kel": "Bontang Kuala", "Tk_Ruas_Aw": "Gg. Batu Sahasa 1", "Tk_Ruas_Ak": "Gg. Batu Sahasa 2", "Kd_Patok": null, "Km_Awal": 0.0, "Km_Akhir": 0.0, "Nm_Lintas": "-", "Kon_Baik": 0.4450050372, "Kon_Sdg": 0.0, "Kon_Rgn": 0.0, "Kon_Rusak": 0.0, "Kon_Mntp": 0.0, "Kon_T_Mntp": 0.0, "Panjang": 0.4450050372, "Lbr_Keras": 0.0, "LHRT": 0.0, "VCR": 0.0, "Tipe_Jln": 2, "MST": 0.0, "Tipe_Keras": "Beton", "Tanah_Kri": 0.0, "Macadam": 0.0, "Aspal": 0.0, "Rigid": 100.0, "Thn_Pen_Ak": 0, "Jns_Pen": null, "Koord_X_Aw": 557466.32663424022, "Koord_Y_Aw": 15251.5886324614, "Koord_X_Ak": 557622.96625121729, "Koord_Y_Ak": 15664.479735665 }, "geometry": { "type": "LineString", "coordinates": [ [ 117.516429817261738, 0.137980261241751, 0.0 ], [ 117.516588617371227, 0.138208476897887, 0.0 ], [ 117.516718535942005, 0.138414062328877, 0.0 ], [ 117.516751372503919, 0.13849472605682, 0.0 ], [ 117.516787064419191, 0.138593235742576, 0.0 ], [ 117.51682275633415, 0.138687462398366, 0.0 ], [ 117.516859875925761, 0.138793110467191, 0.0 ], [ 117.516898423194121, 0.138907324595436, 0.0 ], [ 117.516931973594296, 0.139042240034655, 0.0 ], [ 117.516943395007274, 0.139132897498939, 0.0 ], [ 117.516949254429861, 0.139178687251729, 0.0 ], [ 117.516958534327841, 0.139238649669153, 0.0 ], [ 117.516967814225723, 0.139290759865105, 0.0 ], [ 117.516987087860016, 0.139374992784781, 0.0 ], [ 117.517013499877081, 0.13949063458972, 0.0 ], [ 117.517039911894358, 0.139575581347628, 0.0 ], [ 117.517069893102999, 0.139661955782174, 0.0 ], [ 117.51709130825212, 0.139759037791237, 0.0 ], [ 117.517114151077749, 0.139856833638589, 0.0 ], [ 117.517129998287942, 0.139929573761663, 0.0 ], [ 117.517145702730559, 0.140015234357804, 0.0 ], [ 117.517181394645704, 0.140120882426572, 0.0 ], [ 117.5172313633268, 0.140299342002038, 0.0 ], [ 117.517272765948292, 0.14044639269224, 0.0 ], [ 117.517324162306195, 0.140572028233521, 0.0 ], [ 117.517418388962028, 0.140786179723989, 0.0 ], [ 117.517562584298958, 0.141101696253543, 0.0 ], [ 117.517659666308191, 0.141314420067545, 0.0 ], [ 117.517837526139246, 0.141715631952081, 0.0 ] ] } },
{ "type": "Feature", "properties": { "Kl_Dat_Das": "Jalan non tol", "Nm_Ruas": "Gg. Batu Sahasa 5", "Thn_Data": 2015, "Status": "Jalan Kota", "Fungsi": "Jalan Lingkungan", "Mendukung": null, "Ura_Dukung": null, "Kd_Bd_PU": null, "Kd_Jns_Inf": null, "Kd_Inf": "001 00 K 201", "Propinsi": "Kalimantan Timur", "Kab_Kota": "Bontang", "Kecamatan": "Bontang Utara", "Desa_Kel": "Bontang Kuala", "Tk_Ruas_Aw": "Gg. Batu Sahasa 1", "Tk_Ruas_Ak": "Buntu", "Kd_Patok": null, "Km_Awal": 0.0, "Km_Akhir": 0.0, "Nm_Lintas": "-", "Kon_Baik": 0.5081836854, "Kon_Sdg": 0.0, "Kon_Rgn": 0.0, "Kon_Rusak": 0.0, "Kon_Mntp": 0.0, "Kon_T_Mntp": 0.0, "Panjang": 0.5081836854, "Lbr_Keras": 0.0, "LHRT": 0.0, "VCR": 0.0, "Tipe_Jln": 2, "MST": 0.0, "Tipe_Keras": "Beton", "Tanah_Kri": 0.0, "Macadam": 0.0, "Aspal": 0.0, "Rigid": 100.0, "Thn_Pen_Ak": 0, "Jns_Pen": null, "Koord_X_Aw": 557590.64165614638, "Koord_Y_Aw": 15163.761026775501, "Koord_X_Ak": 557741.50603011623, "Koord_Y_Ak": 15648.8269398678 }, "geometry": { "type": "LineString", "coordinates": [ [ 117.51754694529167, 0.137185665584023, 0.0 ], [ 117.517780780873295, 0.137839455213406, 0.0 ], [ 117.517928307455691, 0.138286793882606, 0.0 ], [ 117.518078213499294, 0.138760306622925, 0.0 ], [ 117.518171012478419, 0.139081533858807, 0.0 ], [ 117.518259052535768, 0.139414658399764, 0.0 ], [ 117.518373266664057, 0.139864376530082, 0.0 ], [ 117.518530311090444, 0.140364063341487, 0.0 ], [ 117.51861359222562, 0.14063294243522, 0.0 ], [ 117.518706391205015, 0.140927995600032, 0.0 ], [ 117.518808708028118, 0.14125160229706, 0.0 ], [ 117.518902769400867, 0.14157399805501, 0.0 ] ] } },
{ "type": "Feature", "properties": { "Kl_Dat_Das": "Jalan non tol", "Nm_Ruas": "Jl. Gendang 7", "Thn_Data": 2015, "Status": "Jalan Kota", "Fungsi": "Jalan Lingkungan", "Mendukung": null, "Ura_Dukung": null, "Kd_Bd_PU": null, "Kd_Jns_Inf": null, "Kd_Inf": "001 00 K 349", "Propinsi": "Kalimantan Timur", "Kab_Kota": "Bontang", "Kecamatan": "Bontang Utara", "Desa_Kel": "Bontang Baru", "Tk_Ruas_Aw": "Jl. Gendang", "Tk_Ruas_Ak": "Jl. Gendang 8", "Kd_Patok": null, "Km_Awal": 0.0, "Km_Akhir": 0.0, "Nm_Lintas": "-", "Kon_Baik": 0.0990617701, "Kon_Sdg": 0.0, "Kon_Rgn": 0.0, "Kon_Rusak": 0.0, "Kon_Mntp": 0.0, "Kon_T_Mntp": 0.0, "Panjang": 0.1011169668, "Lbr_Keras": 0.0, "LHRT": 0.0, "VCR": 0.0, "Tipe_Jln": 2, "MST": 0.0, "Tipe_Keras": "Beton", "Tanah_Kri": 0.0, "Macadam": 0.0, "Aspal": 0.0, "Rigid": 100.0, "Thn_Pen_Ak": 0, "Jns_Pen": null, "Koord_X_Aw": 554605.41597896907, "Koord_Y_Aw": 15621.332504387899, "Koord_X_Ak": 554702.70382155851, "Koord_Y_Ak": 15648.8954625353 }, "geometry": { "type": "LineString", "coordinates": [ [ 117.490720530709183, 0.141325874162668, 0.0 ], [ 117.491594807537624, 0.141575217024569, 0.0 ] ] } },
{ "type": "Feature", "properties": { "Kl_Dat_Das": "Jalan non tol", "Nm_Ruas": "Jl. Seledri 2 (Jl. Labu Putih 2)", "Thn_Data": 2015, "Status": "Jalan Kota", "Fungsi": "Jalan Lingkungan", "Mendukung": null, "Ura_Dukung": null, "Kd_Bd_PU": null, "Kd_Jns_Inf": null, "Kd_Inf": "001 00 K 393", "Propinsi": "Kalimantan Timur", "Kab_Kota": "Bontang", "Kecamatan": "Bontang Utara", "Desa_Kel": "Gunung Elai", "Tk_Ruas_Aw": "Jl. Seledri", "Tk_Ruas_Ak": "Buntu", "Kd_Patok": null, "Km_Awal": 0.0, "Km_Akhir": 0.0, "Nm_Lintas": "-", "Kon_Baik": 0.1440651316, "Kon_Sdg": 0.0, "Kon_Rgn": 0.0, "Kon_Rusak": 0.0, "Kon_Mntp": 0.0, "Kon_T_Mntp": 0.0, "Panjang": 0.0893728357, "Lbr_Keras": 0.0, "LHRT": 0.0, "VCR": 0.0, "Tipe_Jln": 2, "MST": 0.0, "Tipe_Keras": "Beton", "Tanah_Kri": 0.0, "Macadam": 0.0, "Aspal": 0.0, "Rigid": 100.0, "Thn_Pen_Ak": 0, "Jns_Pen": null, "Koord_X_Aw": 551638.38525117096, "Koord_Y_Aw": 14737.9977767952, "Koord_X_Ak": 551657.776361336, "Koord_Y_Ak": 14825.241622449799 }, "geometry": { "type": "LineString", "coordinates": [ [ 117.464057271953081, 0.133334883816033, 0.0 ], [ 117.464231544503846, 0.134124176821932, 0.0 ] ] } },
{ "type": "Feature", "properties": { "Kl_Dat_Das": "Jalan non tol", "Nm_Ruas": "Jl. Seledri 4 (Jl. Labu Putih 1)", "Thn_Data": 2015, "Status": "Jalan Kota", "Fungsi": "Jalan Lingkungan", "Mendukung": null, "Ura_Dukung": null, "Kd_Bd_PU": null, "Kd_Jns_Inf": null, "Kd_Inf": "001 00 K 395", "Propinsi": "Kalimantan Timur", "Kab_Kota": "Bontang", "Kecamatan": "Bontang Utara", "Desa_Kel": "Gunung Elai", "Tk_Ruas_Aw": "Jl. Seledri 1", "Tk_Ruas_Ak": "Buntu", "Kd_Patok": null, "Km_Awal": 0.0, "Km_Akhir": 0.0, "Nm_Lintas": "-", "Kon_Baik": 0.0791965009, "Kon_Sdg": 0.0, "Kon_Rgn": 0.0, "Kon_Rusak": 0.0, "Kon_Mntp": 0.0, "Kon_T_Mntp": 0.0, "Panjang": 0.0791965009, "Lbr_Keras": 0.0, "LHRT": 0.0, "VCR": 0.0, "Tipe_Jln": 2, "MST": 0.0, "Tipe_Keras": "Beton", "Tanah_Kri": 0.0, "Macadam": 0.0, "Aspal": 0.0, "Rigid": 100.0, "Thn_Pen_Ak": 0, "Jns_Pen": null, "Koord_X_Aw": 551607.34751526278, "Koord_Y_Aw": 14824.5528203414, "Koord_X_Ak": 551592.00432380079, "Koord_Y_Ak": 14747.4538972926 }, "geometry": { "type": "LineString", "coordinates": [ [ 117.463778366805997, 0.134117953868297, 0.0 ], [ 117.463631518160909, 0.133456330271672, 0.0 ], [ 117.463630430274847, 0.133449998879359, 0.0 ], [ 117.46363040260421, 0.133443573519582, 0.0 ], [ 117.463631435918373, 0.133437232868877, 0.0 ], [ 117.463633501483002, 0.133431153248153, 0.0 ], [ 117.463636541858762, 0.133425503719632, 0.0 ], [ 117.463640472498867, 0.133420441385452, 0.0 ] ] } },
{ "type": "Feature", "properties": { "Kl_Dat_Das": "Jalan non tol", "Nm_Ruas": "Jl. Mahoni S-1", "Thn_Data": 2015, "Status": "Jalan Kota", "Fungsi": "Jalan Lingkungan", "Mendukung": null, "Ura_Dukung": null, "Kd_Bd_PU": null, "Kd_Jns_Inf": null, "Kd_Inf": "001 00 K 401", "Propinsi": "Kalimantan Timur", "Kab_Kota": "Bontang", "Kecamatan": "Bontang Barat", "Desa_Kel": "Belimbing", "Tk_Ruas_Aw": "Jl. Mahoni", "Tk_Ruas_Ak": "Buntu", "Kd_Patok": null, "Km_Awal": 0.0, "Km_Akhir": 0.0, "Nm_Lintas": "-", "Kon_Baik": 0.0257376895, "Kon_Sdg": 0.0, "Kon_Rgn": 0.0, "Kon_Rusak": 0.0, "Kon_Mntp": 0.0, "Kon_T_Mntp": 0.0, "Panjang": 0.0257376895, "Lbr_Keras": 0.0, "LHRT": 0.0, "VCR": 0.0, "Tipe_Jln": 2, "MST": 0.0, "Tipe_Keras": "Aspal", "Tanah_Kri": 0.0, "Macadam": 0.0, "Aspal": 100.0, "Rigid": 0.0, "Thn_Pen_Ak": 0, "Jns_Pen": null, "Koord_X_Aw": 552421.84742207057, "Koord_Y_Aw": 14271.1482542553, "Koord_X_Ak": 552433.7210024707, "Koord_Y_Ak": 14248.3130456829 }, "geometry": { "type": "LineString", "coordinates": [ [ 117.471097752587966, 0.129111159080594, 0.0 ], [ 117.471204450294536, 0.128904566838969, 0.0 ] ] } },
{ "type": "Feature", "properties": { "Kl_Dat_Das": "Jalan non tol", "Nm_Ruas": "Jl. Perjuangan", "Thn_Data": 2015, "Status": "Jalan Kota", "Fungsi": "Jalan Lingkungan", "Mendukung": null, "Ura_Dukung": null, "Kd_Bd_PU": null, "Kd_Jns_Inf": null, "Kd_Inf": "001 00 K 408", "Propinsi": "Kalimantan Timur", "Kab_Kota": "Bontang", "Kecamatan": "Bontang Barat", "Desa_Kel": "Kanaan", "Tk_Ruas_Aw": "Jl. Pongtiku", "Tk_Ruas_Ak": "Buntu", "Kd_Patok": null, "Km_Awal": 0.0, "Km_Akhir": 0.0, "Nm_Lintas": "-", "Kon_Baik": 0.1056412795, "Kon_Sdg": 0.0, "Kon_Rgn": 0.0, "Kon_Rusak": 0.0, "Kon_Mntp": 0.0, "Kon_T_Mntp": 0.0, "Panjang": 0.1056412795, "Lbr_Keras": 0.0, "LHRT": 0.0, "VCR": 0.0, "Tipe_Jln": 2, "MST": 0.0, "Tipe_Keras": "Beton", "Tanah_Kri": 0.0, "Macadam": 0.0, "Aspal": 0.0, "Rigid": 100.0, "Thn_Pen_Ak": 0, "Jns_Pen": null, "Koord_X_Aw": 550297.48105456436, "Koord_Y_Aw": 14339.5975240301, "Koord_X_Ak": 550308.50061799644, "Koord_Y_Ak": 14444.016699723899 }, "geometry": { "type": "LineString", "coordinates": [ [ 117.452007194876145, 0.129730770550593, 0.0 ], [ 117.452001499687228, 0.129800887708692, 0.0 ], [ 117.451997581070373, 0.129927310259803, 0.0 ], [ 117.451999993141897, 0.130053771035595, 0.0 ], [ 117.452008729777404, 0.130179948941148, 0.0 ], [ 117.452023768793907, 0.130305523599494, 0.0 ], [ 117.452045072006044, 0.130430176165568, 0.0 ], [ 117.452072585323066, 0.130553590135477, 0.0 ], [ 117.452106238886358, 0.130675452150178, 0.0 ] ] } },
{ "type": "Feature", "properties": { "Kl_Dat_Das": "Jalan non tol", "Nm_Ruas": "Jl. Kapal tengker 1 (Tidak Ada Dilapangan)", "Thn_Data": 2015, "Status": "Jalan Kota", "Fungsi": "Jalan Lingkungan", "Mendukung": null, "Ura_Dukung": null, "Kd_Bd_PU": null, "Kd_Jns_Inf": null, "Kd_Inf": "001 00 K 423", "Propinsi": "Kalimantan Timur", "Kab_Kota": "Bontang", "Kecamatan": "Bontang Utara", "Desa_Kel": "Lok Tuan", "Tk_Ruas_Aw": "Jl. Kapal Tengker", "Tk_Ruas_Ak": "Buntu", "Kd_Patok": null, "Km_Awal": 0.0, "Km_Akhir": 0.0, "Nm_Lintas": "-", "Kon_Baik": 0.1977264138, "Kon_Sdg": 0.0, "Kon_Rgn": 0.0, "Kon_Rusak": 0.0, "Kon_Mntp": 0.0, "Kon_T_Mntp": 0.0, "Panjang": 0.1977264138, "Lbr_Keras": 0.0, "LHRT": 0.0, "VCR": 0.0, "Tipe_Jln": 2, "MST": 0.0, "Tipe_Keras": "Beton", "Tanah_Kri": 0.0, "Macadam": 0.0, "Aspal": 0.0, "Rigid": 100.0, "Thn_Pen_Ak": 0, "Jns_Pen": null, "Koord_X_Aw": 554031.00933699275, "Koord_Y_Aw": 18492.6924482289, "Koord_X_Ak": 554183.19345505384, "Koord_Y_Ak": 18482.799653234601 }, "geometry": { "type": "LineString", "coordinates": [ [ 117.485559245205081, 0.167303136479688, 0.0 ], [ 117.486141617326098, 0.166934015734569, 0.0 ], [ 117.486558023002104, 0.166713915591458, 0.0 ], [ 117.486926839458079, 0.167213602402683, 0.0 ] ] } },
{ "type": "Feature", "properties": { "Kl_Dat_Das": "Jalan non tol", "Nm_Ruas": "Jl. Tropi", "Thn_Data": 2015, "Status": "Jalan Kota", "Fungsi": "Jalan Lingkungan", "Mendukung": null, "Ura_Dukung": null, "Kd_Bd_PU": null, "Kd_Jns_Inf": null, "Kd_Inf": "001 00 K 358", "Propinsi": "Kalimantan Timur", "Kab_Kota": "Bontang", "Kecamatan": "Bontang Selatan", "Desa_Kel": "Bontang Lestari", "Tk_Ruas_Aw": "Jl. Letjen. Urip Sumohardjo", "Tk_Ruas_Ak": "Buntu", "Kd_Patok": null, "Km_Awal": 0.0, "Km_Akhir": 0.0, "Nm_Lintas": "-", "Kon_Baik": 0.3967181027, "Kon_Sdg": 0.0, "Kon_Rgn": 0.0, "Kon_Rusak": 0.0, "Kon_Mntp": 0.0, "Kon_T_Mntp": 0.0, "Panjang": 0.3967181027, "Lbr_Keras": 0.0, "LHRT": 0.0, "VCR": 0.0, "Tipe_Jln": 2, "MST": 0.0, "Tipe_Keras": "Tanah", "Tanah_Kri": 0.0, "Macadam": 0.0, "Aspal": 0.0, "Rigid": 0.0, "Thn_Pen_Ak": 0, "Jns_Pen": null, "Koord_X_Aw": 554358.88434636546, "Koord_Y_Aw": 6162.6179617497, "Koord_X_Ak": 554749.58178581065, "Koord_Y_Ak": 6217.3809857916003 }, "geometry": { "type": "LineString", "coordinates": [ [ 117.488503841490783, 0.055753097572281, 0.0 ], [ 117.489278044168003, 0.055954046100619, 0.0 ], [ 117.489742768354986, 0.05607172350805, 0.0 ], [ 117.489912872439945, 0.056106803513159, 0.0 ], [ 117.490083663366519, 0.056138320143102, 0.0 ], [ 117.490255067492583, 0.056166259808712, 0.0 ], [ 117.49038841581509, 0.05618645438985, 0.0 ], [ 117.490522295994069, 0.056202695421742, 0.0 ], [ 117.490656592403013, 0.056214968877971, 0.0 ], [ 117.490829885040071, 0.056237973296545, 0.0 ], [ 117.491003949766053, 0.056254016489653, 0.0 ], [ 117.49117851078789, 0.056263073038537, 0.0 ], [ 117.491353291526181, 0.056265128594298, 0.0 ], [ 117.492014817124868, 0.056248508003128, 0.0 ] ] } },
{ "type": "Feature", "properties": { "Kl_Dat_Das": "Jalan non tol", "Nm_Ruas": "Jl. Penyuluh Pertanian", "Thn_Data": 2015, "Status": "Jalan Kota", "Fungsi": "Jalan Lingkungan", "Mendukung": null, "Ura_Dukung": null, "Kd_Bd_PU": null, "Kd_Jns_Inf": null, "Kd_Inf": "001 00 K 434", "Propinsi": "Kalimantan Timur", "Kab_Kota": "Bontang", "Kecamatan": "Bontang Selatan", "Desa_Kel": "Bontang Lestari", "Tk_Ruas_Aw": "Jalan Lingkar Komplek Pemerintah Kota Bontang", "Tk_Ruas_Ak": "Jalan Prestasi", "Kd_Patok": null, "Km_Awal": 0.0, "Km_Akhir": 0.0, "Nm_Lintas": "-", "Kon_Baik": 0.4295590785, "Kon_Sdg": 0.0, "Kon_Rgn": 0.0, "Kon_Rusak": 0.0, "Kon_Mntp": 0.0, "Kon_T_Mntp": 0.0, "Panjang": 0.4282236761, "Lbr_Keras": 5.0, "LHRT": 0.0, "VCR": 0.0, "Tipe_Jln": 2, "MST": 0.0, "Tipe_Keras": "Beton", "Tanah_Kri": 0.0, "Macadam": 0.0, "Aspal": 0.0, "Rigid": 100.0, "Thn_Pen_Ak": 2014, "Jns_Pen": "Pembangunan", "Koord_X_Aw": 117.44652183300001, "Koord_Y_Aw": 0.0637064956, "Koord_X_Ak": 117.44754631070001, "Koord_Y_Ak": 0.0666726519 }, "geometry": { "type": "LineString", "coordinates": [ [ 117.446521832990683, 0.06370649556169, 0.0 ], [ 117.446533909422115, 0.063841844965053, 0.0 ], [ 117.446524391578009, 0.064094067831606, 0.0 ], [ 117.446517253194884, 0.064334393393208, 0.0 ], [ 117.446517253194884, 0.064574718954822, 0.0 ], [ 117.446543427265965, 0.064810285594437, 0.0 ], [ 117.446624328940175, 0.064991124630976, 0.0 ], [ 117.44671474845849, 0.065174343128201, 0.0 ], [ 117.446814685820641, 0.06531235186668, 0.0 ], [ 117.446907484799794, 0.065419427611971, 0.0 ], [ 117.447133533595562, 0.065550297967212, 0.0 ], [ 117.447442863526248, 0.065731137003759, 0.0 ], [ 117.447697465853707, 0.065881043047058, 0.0 ], [ 117.447909237883323, 0.065992877714284, 0.0 ], [ 117.447929064102709, 0.066001992891296, 0.0 ], [ 117.447947139226002, 0.066014254736718, 0.0 ], [ 117.447962974874343, 0.066029331942879, 0.0 ], [ 117.447976143178195, 0.06604681713283, 0.0 ], [ 117.447986288337972, 0.066066237867348, 0.0 ], [ 117.447993136237642, 0.066087069409994, 0.0 ], [ 117.447996501851108, 0.066108748905142, 0.0 ], [ 117.447996294241577, 0.066130690586018, 0.0 ], [ 117.447992519018513, 0.066152301601738, 0.0 ], [ 117.447987760096566, 0.066180855133888, 0.0 ], [ 117.44789734057828, 0.06630934602805, 0.0 ], [ 117.44761418471866, 0.066621055419884, 0.0 ], [ 117.447546310709598, 0.066672651947699, 0.0 ] ] } },
{ "type": "Feature", "properties": { "Kl_Dat_Das": "Jalan non tol", "Nm_Ruas": "Jl. P. Suryanata", "Thn_Data": 2015, "Status": "Jalan Kota", "Fungsi": "Jalan Kolektor", "Mendukung": null, "Ura_Dukung": null, "Kd_Bd_PU": null, "Kd_Jns_Inf": null, "Kd_Inf": "001 00 K 038", "Propinsi": "Kalimantan Timur", "Kab_Kota": "Bontang", "Kecamatan": "Bontang Utara", "Desa_Kel": "Bontang Baru", "Tk_Ruas_Aw": "Sp. 4 Jl. Mayjen. DI. Panjaitan - Jl. Jenderal A. Yani - Jl. Letjen. R. Suprapto", "Tk_Ruas_Ak": "Jl. Awang Long", "Kd_Patok": null, "Km_Awal": 0.0, "Km_Akhir": 0.0, "Nm_Lintas": "-", "Kon_Baik": 0.5046028177, "Kon_Sdg": 0.0, "Kon_Rgn": 0.0, "Kon_Rusak": 0.0, "Kon_Mntp": 0.0, "Kon_T_Mntp": 0.0, "Panjang": 0.5046028177, "Lbr_Keras": 5.0, "LHRT": 0.0, "VCR": 0.0, "Tipe_Jln": 2, "MST": 0.0, "Tipe_Keras": "Aspal", "Tanah_Kri": 0.0, "Macadam": 0.0, "Aspal": 100.0, "Rigid": 0.0, "Thn_Pen_Ak": 0, "Jns_Pen": null, "Koord_X_Aw": 117.49182213740001, "Koord_Y_Aw": 0.1342949365, "Koord_X_Ak": 117.4925674859, "Koord_Y_Ak": 0.1387777062 }, "geometry": { "type": "LineString", "coordinates": [ [ 117.491822137351718, 0.134294936504089, 0.0 ], [ 117.491827051552505, 0.134305978298544, 0.0 ], [ 117.492048785416173, 0.134948448219098, 0.0 ], [ 117.49217128120533, 0.135374430244127, 0.0 ], [ 117.492196894753192, 0.135458834289068, 0.0 ], [ 117.492245702089733, 0.135746167338884, 0.0 ], [ 117.492265755745336, 0.135896787992915, 0.0 ], [ 117.492324622363839, 0.136338913942119, 0.0 ], [ 117.492338009665858, 0.136439461107774, 0.0 ], [ 117.492339928907001, 0.136453875830361, 0.0 ], [ 117.492355247413059, 0.136570719607266, 0.0 ], [ 117.492385942294987, 0.136804848519369, 0.0 ], [ 117.49242563128206, 0.137107580951821, 0.0 ], [ 117.492454638969164, 0.137438471587106, 0.0 ], [ 117.492482780663821, 0.137759483660238, 0.0 ], [ 117.492532245760174, 0.13838754345371, 0.0 ], [ 117.492567485880812, 0.138777706153268, 0.0 ] ] } },
{ "type": "Feature", "properties": { "Kl_Dat_Das": "Jalan non tol", "Nm_Ruas": "Jl. Gendang 3", "Thn_Data": 2015, "Status": "Jalan Kota", "Fungsi": "Jalan Lingkungan", "Mendukung": null, "Ura_Dukung": null, "Kd_Bd_PU": null, "Kd_Jns_Inf": null, "Kd_Inf": "001 00 K 217", "Propinsi": "Kalimantan Timur", "Kab_Kota": "Bontang", "Kecamatan": "Bontang Utara", "Desa_Kel": "Bontang Baru", "Tk_Ruas_Aw": "Jl. MH. Thamrin", "Tk_Ruas_Ak": "Jl. Gendang", "Kd_Patok": null, "Km_Awal": 0.0, "Km_Akhir": 0.0, "Nm_Lintas": "-", "Kon_Baik": 0.1304133362, "Kon_Sdg": 0.0, "Kon_Rgn": 0.0, "Kon_Rusak": 0.0, "Kon_Mntp": 0.0, "Kon_T_Mntp": 0.0, "Panjang": 0.1304133362, "Lbr_Keras": 2.7, "LHRT": 0.0, "VCR": 0.0, "Tipe_Jln": 2, "MST": 0.0, "Tipe_Keras": "Beton", "Tanah_Kri": 0.0, "Macadam": 0.0, "Aspal": 0.0, "Rigid": 100.0, "Thn_Pen_Ak": 2014, "Jns_Pen": "Peningkatan", "Koord_X_Aw": 554466.47511185205, "Koord_Y_Aw": 15689.900443135501, "Koord_X_Ak": 554595.09533793165, "Koord_Y_Ak": 15711.446086563899 }, "geometry": { "type": "LineString", "coordinates": [ [ 117.489471959440436, 0.141946233508126, 0.0 ], [ 117.490110037750028, 0.142056156440763, 0.0 ], [ 117.490627802011574, 0.142141131839003, 0.0 ] ] } },
{ "type": "Feature", "properties": { "Kl_Dat_Das": "Jalan non tol", "Nm_Ruas": "Jl. Akustik", "Thn_Data": 2015, "Status": "Jalan Kota", "Fungsi": "Jalan Lingkungan", "Mendukung": null, "Ura_Dukung": null, "Kd_Bd_PU": null, "Kd_Jns_Inf": null, "Kd_Inf": "001 00 K 237", "Propinsi": "Kalimantan Timur", "Kab_Kota": "Bontang", "Kecamatan": "Bontang Utara", "Desa_Kel": "Bontang Baru", "Tk_Ruas_Aw": "Jl. Mulawarman", "Tk_Ruas_Ak": "Buntu", "Kd_Patok": null, "Km_Awal": 0.0, "Km_Akhir": 0.0, "Nm_Lintas": "-", "Kon_Baik": 0.2938486077, "Kon_Sdg": 0.0, "Kon_Rgn": 0.0, "Kon_Rusak": 0.0, "Kon_Mntp": 0.0, "Kon_T_Mntp": 0.0, "Panjang": 0.2938486077, "Lbr_Keras": 0.0, "LHRT": 0.0, "VCR": 0.0, "Tipe_Jln": 2, "MST": 0.0, "Tipe_Keras": "Beton", "Tanah_Kri": 0.0, "Macadam": 0.0, "Aspal": 0.0, "Rigid": 100.0, "Thn_Pen_Ak": 0, "Jns_Pen": null, "Koord_X_Aw": 555186.71775015572, "Koord_Y_Aw": 15916.971748322199, "Koord_X_Ak": 555087.29893134488, "Koord_Y_Ak": 15641.0106846651 }, "geometry": { "type": "LineString", "coordinates": [ [ 117.495944421065815, 0.144000402406675, 0.000000000000227 ], [ 117.495789401233324, 0.143714498237387, 0.000000000000227 ], [ 117.495773589717146, 0.143668072165155, 0.000000000000227 ], [ 117.495750845321268, 0.14360128963898, 0.000000000000227 ], [ 117.495706403692807, 0.143490289263298, 0.000000000000227 ], [ 117.495651947266538, 0.143325254338379, 0.000000000000227 ], [ 117.495480764908493, 0.142806471244569, 0.000000000000227 ], [ 117.495448951041908, 0.142715370343865, 0.000000000000227 ], [ 117.495340418157411, 0.142404579933952, 0.000000000000227 ], [ 117.495304856597627, 0.142302747267365, 0.000000000000227 ], [ 117.495208541068223, 0.141997280167402, 0.000000000000227 ], [ 117.495083759828162, 0.141601533271512, 0.000000000000227 ], [ 117.495050946686078, 0.141503809623714, 0.000000000000227 ] ] } },
{ "type": "Feature", "properties": { "Kl_Dat_Das": "Jalan non tol", "Nm_Ruas": "Jl. Letjen Urip Sumoharjo", "Thn_Data": 2015, "Status": "Jalan Kota", "Fungsi": "Jalan Arteri Primer", "Mendukung": null, "Ura_Dukung": null, "Kd_Bd_PU": null, "Kd_Jns_Inf": null, "Kd_Inf": "001 00 K 033", "Propinsi": "Kalimantan Timur", "Kab_Kota": "Bontang", "Kecamatan": "Bontang Selatan", "Desa_Kel": "Bontang Lestari", "Tk_Ruas_Aw": "Jl. Moh.Roem", "Tk_Ruas_Ak": "Gg. Urip Sumoharjo_BL-1", "Kd_Patok": null, "Km_Awal": 0.0, "Km_Akhir": 0.0, "Nm_Lintas": "-", "Kon_Baik": 5.661, "Kon_Sdg": 0.0, "Kon_Rgn": 0.6, "Kon_Rusak": 0.0, "Kon_Mntp": 0.0, "Kon_T_Mntp": 0.0, "Panjang": 6.211157703, "Lbr_Keras": 14.0, "LHRT": 0.0, "VCR": 0.0, "Tipe_Jln": 4, "MST": 0.0, "Tipe_Keras": "Aspal", "Tanah_Kri": 0.0, "Macadam": 0.0, "Aspal": 100.0, "Rigid": 0.0, "Thn_Pen_Ak": 2019, "Jns_Pen": "Peningkatan", "Koord_X_Aw": 117.4448651613, "Koord_Y_Aw": 0.0495770379, "Koord_X_Ak": 117.47825319109999, "Koord_Y_Ak": 0.0226861206 }, "geometry": { "type": "MultiLineString", "coordinates": [ [ [ 117.478253191071374, 0.022686120594522, 0.0 ], [ 117.478090442783085, 0.022971130679936, 0.0 ], [ 117.477934913856302, 0.02326072232296, 0.0 ], [ 117.477783575779767, 0.023552555753088, 0.0 ], [ 117.477617957092988, 0.023914776153847, 0.0 ], [ 117.477539259230895, 0.024072454247873, 0.0 ], [ 117.477454265717995, 0.024226784740802, 0.0 ], [ 117.477363116786506, 0.024377512999635, 0.0 ], [ 117.477265962824504, 0.024524390334643, 0.0 ], [ 117.477132166030103, 0.024719910046094, 0.0 ], [ 117.476994131659737, 0.024912421022541, 0.0 ], [ 117.476851926444596, 0.025101830196032, 0.0 ], [ 117.47679596038077, 0.025182540215521, 0.0 ], [ 117.476744566479411, 0.025266275591552, 0.0 ], [ 117.476697905681334, 0.02535277410595, 0.0 ], [ 117.476656124105432, 0.025441764887533, 0.0 ], [ 117.476619352591285, 0.025532969260785, 0.0 ], [ 117.476587706289479, 0.025626101618071, 0.0 ], [ 117.476486837077914, 0.025988234433931, 0.0 ], [ 117.476405204291794, 0.026271100654615, 0.0 ], [ 117.476310312121683, 0.026555788694653, 0.0 ], [ 117.476272050024463, 0.026670816801136, 0.0 ], [ 117.476238222305511, 0.026787244728663, 0.0 ], [ 117.476208879284229, 0.026904899288763, 0.0 ], [ 117.476184064608745, 0.027023605468653, 0.0 ], [ 117.476183215748307, 0.027027813787484, 0.0 ], [ 117.476172832266002, 0.027079291042111, 0.0 ], [ 117.476167035702801, 0.027135812722408, 0.0 ], [ 117.476166729938498, 0.02719263402262, 0.0 ], [ 117.476171917875249, 0.027249215611634, 0.0 ], [ 117.47618255027075, 0.027305020433898, 0.0 ], [ 117.476213071921563, 0.02738024282741, 0.0 ], [ 117.476250054308281, 0.027452467369067, 0.0 ], [ 117.476293210129668, 0.027521132975922, 0.0 ], [ 117.476342204125714, 0.027585706212717, 0.0 ], [ 117.476396655681853, 0.0276456854366, 0.0 ], [ 117.476456141785945, 0.0277006046934, 0.0 ], [ 117.476614394860974, 0.027774773192858, 0.0 ], [ 117.476775526358963, 0.027842369109246, 0.0 ], [ 117.476939267083495, 0.027903279513006, 0.0 ], [ 117.477105343478883, 0.027957402644064, 0.0 ], [ 117.477223238852062, 0.028015615569082, 0.0 ], [ 117.477338287877046, 0.028079339599076, 0.0 ], [ 117.477371665758298, 0.028110672523748, 0.0 ], [ 117.477400659575608, 0.02814615338805, 0.0 ], [ 117.477424765445718, 0.028185165570286, 0.0 ], [ 117.477443564432903, 0.028227031078034, 0.0 ], [ 117.477456729829754, 0.028271022330789, 0.0 ], [ 117.477462979512097, 0.028304661791394, 0.0 ], [ 117.47746414043209, 0.028338864629133, 0.0 ], [ 117.477460186259691, 0.028372855115098, 0.0 ], [ 117.477451206676605, 0.028405862336552, 0.0 ], [ 117.477437405341917, 0.028437137681431, 0.0 ], [ 117.477419095273376, 0.028465971817144, 0.0 ], [ 117.477006565982421, 0.028961667977866, 0.0 ], [ 117.476536441500897, 0.029549935833085, 0.0 ], [ 117.476083836843841, 0.030143441262712, 0.0 ], [ 117.475986108647959, 0.030266955423984, 0.0 ], [ 117.475893235740614, 0.030394209844964, 0.0 ], [ 117.475805359214036, 0.030525011201443, 0.0 ], [ 117.475722612569953, 0.030659160780924, 0.0 ], [ 117.475507864742326, 0.03102481570246, 0.0 ], [ 117.47529801174386, 0.031393339771352, 0.0 ], [ 117.475054347537736, 0.031857127211825, 0.0 ], [ 117.474789520419023, 0.032373024056458, 0.0 ] ], [ [ 117.474792514848744, 0.032374579522369, 0.0 ], [ 117.474694612633286, 0.0325433687859, 0.0 ], [ 117.474637650908917, 0.032651544688225, 0.0 ], [ 117.474380201536107, 0.033140466349881, 0.0 ], [ 117.474159271687768, 0.033554533744006, 0.0 ], [ 117.474002155920346, 0.033849000627115, 0.0 ], [ 117.473688186703214, 0.034445259270906, 0.0 ], [ 117.473322170474447, 0.035143949678979, 0.0 ], [ 117.472951340338085, 0.035833181368869, 0.0 ], [ 117.47268952023299, 0.036326809589005, 0.0 ], [ 117.472463577957512, 0.036764984581712, 0.0 ], [ 117.472133305374228, 0.037394108352598, 0.0 ], [ 117.471960773390151, 0.037717577100495, 0.0 ], [ 117.471911088643765, 0.03780353547528, 0.0 ], [ 117.471855472016784, 0.037885728903428, 0.0 ], [ 117.471794203750875, 0.03796374322764, 0.0 ], [ 117.471727592565173, 0.03803718534821, 0.0 ], [ 117.471655974100798, 0.038105685203941, 0.0 ], [ 117.471579709229601, 0.038168897636658, 0.0 ], [ 117.471499182235902, 0.038226504130546, 0.0 ], [ 117.471426619638905, 0.038267440793781, 0.0 ], [ 117.471351615534417, 0.038303643733814, 0.0 ], [ 117.47127447422055, 0.038334966071953, 0.0 ], [ 117.471195508666256, 0.038361280730663, 0.0 ], [ 117.471115039241539, 0.038382480948841, 0.0 ], [ 117.471019579232546, 0.038395028746889, 0.0 ], [ 117.470923478590279, 0.03840077919982, 0.0 ], [ 117.470827214271608, 0.038399703767311, 0.0 ], [ 117.470731264045796, 0.038391807786523, 0.0 ], [ 117.47063610412323, 0.038377130445701, 0.0 ], [ 117.470542206792032, 0.03835574458966, 0.0 ], [ 117.470457044093777, 0.038319159797372, 0.0 ], [ 117.470374312442573, 0.038277301390555, 0.0 ], [ 117.47029433366346, 0.038230332197657, 0.0 ], [ 117.470217418872863, 0.03817843492793, 0.0 ], [ 117.470143867268305, 0.038121811460901, 0.0 ], [ 117.470073964964598, 0.038060682060939, 0.0 ], [ 117.470007983880905, 0.037995284520353, 0.0 ], [ 117.469126191219686, 0.037136318773251, 0.0 ], [ 117.468563001438611, 0.036594240589909, 0.0 ], [ 117.468351575421792, 0.036390894103338, 0.0 ], [ 117.468284378485194, 0.036321897948535, 0.0 ], [ 117.468212791278575, 0.036257532355904, 0.0 ], [ 117.468151021918459, 0.036208996992013, 0.0 ], [ 117.468137127977329, 0.03619807980758, 0.0 ], [ 117.468057720645746, 0.036143801223762, 0.0 ], [ 117.468032901470181, 0.036129154099076, 0.0 ], [ 117.467974917779586, 0.036094934817705, 0.0 ], [ 117.467889082776622, 0.036051695050113, 0.0 ], [ 117.467757767795277, 0.036009430839489, 0.0 ], [ 117.467624829246191, 0.035972669059617, 0.0 ], [ 117.46749049451266, 0.035941472589704, 0.0 ], [ 117.4673549933662, 0.035915894789691, 0.0 ], [ 117.466611405789038, 0.035765033179924, 0.0 ], [ 117.466338209766022, 0.035698648500221, 0.0 ], [ 117.466066422741306, 0.035626640189396, 0.0 ], [ 117.465796158917755, 0.035549038504112, 0.0 ], [ 117.464873670340523, 0.035161924423373, 0.0 ], [ 117.464133908925149, 0.034836461021589, 0.0 ], [ 117.463872212793575, 0.034724924830733, 0.0 ], [ 117.463686166249289, 0.034654027559791, 0.0 ], [ 117.463498134289978, 0.034588654172975, 0.0 ], [ 117.46330827869663, 0.034528860917436, 0.0 ], [ 117.463116762819354, 0.034474699239225, 0.0 ], [ 117.462094775062809, 0.034253956962205, 0.0 ], [ 117.461160638230481, 0.034077750296442, 0.0 ], [ 117.46019529775478, 0.033874968324062, 0.0 ], [ 117.45968687541729, 0.033763782744166, 0.0 ], [ 117.459338956691482, 0.033696794178948, 0.0 ], [ 117.459230188286682, 0.033675381056157, 0.0 ], [ 117.459120468674584, 0.033659636719592, 0.0 ], [ 117.459010089159321, 0.033649602970478, 0.0 ], [ 117.458899342797153, 0.033645306448559, 0.0 ], [ 117.458788523618324, 0.033646758561436, 0.0 ], [ 117.458677925846416, 0.033653955453838, 0.0 ], [ 117.458567843117237, 0.033666878018517, 0.0 ], [ 117.45845856769914, 0.03368549194642, 0.0 ], [ 117.458388793010656, 0.033706034202459, 0.0 ], [ 117.45832101601124, 0.033732500900657, 0.0 ], [ 117.458255732011068, 0.033764698624096, 0.0 ], [ 117.458193418101544, 0.033802392074054, 0.0 ], [ 117.45813452966901, 0.033845305789289, 0.0 ], [ 117.458079497066507, 0.033893126159124, 0.0 ], [ 117.457539224330688, 0.034462030831686, 0.0 ], [ 117.457357572682582, 0.034665365955498, 0.0 ] ], [ [ 117.457357093385696, 0.034665902465379, 0.0 ], [ 117.456977371859992, 0.03509095079457, 0.0 ], [ 117.456740897807535, 0.035356552778592, 0.0 ], [ 117.456417820990978, 0.035719424938555, 0.0 ], [ 117.45612714217458, 0.036054421567431, 0.0 ], [ 117.455866964247761, 0.036391469073951, 0.0 ], [ 117.455324554007234, 0.037115732317573, 0.0 ], [ 117.454790235077226, 0.037829775998151, 0.0 ], [ 117.454462956201098, 0.038258876768199, 0.0 ], [ 117.454406858939876, 0.03833016747146, 0.0 ], [ 117.454346616414966, 0.038397943450836, 0.0 ], [ 117.454282445428746, 0.038461960792066, 0.0 ], [ 117.454214576921444, 0.03852198910771, 0.0 ], [ 117.454143255139996, 0.038577812365984, 0.0 ], [ 117.454068736759154, 0.038629229668583, 0.0 ], [ 117.453991289957642, 0.03867605597322, 0.0 ], [ 117.453834326021962, 0.038747360235758, 0.0 ], [ 117.453675072244337, 0.038813317935122, 0.0 ], [ 117.45351370825118, 0.038873854675469, 0.0 ], [ 117.452982608641008, 0.039080830433999, 0.0 ], [ 117.452347957808001, 0.039316128166542, 0.0 ], [ 117.451159304255427, 0.039750763969706, 0.0 ], [ 117.450602242597881, 0.039953656446464, 0.0 ], [ 117.450075555026174, 0.04014125261536, 0.0 ], [ 117.449297506607948, 0.040418952644761, 0.0 ], [ 117.447952268709287, 0.040901683265517, 0.0 ], [ 117.447498511567773, 0.041070592598377, 0.0 ], [ 117.447164845461202, 0.041203041165407, 0.0 ], [ 117.447075995800333, 0.041241957806649, 0.0 ], [ 117.446989710387754, 0.041286338753651, 0.0 ], [ 117.446906320408189, 0.041336013661619, 0.0 ], [ 117.446826145933031, 0.041390791866253, 0.0 ], [ 117.446749494691659, 0.041450463115488, 0.0 ], [ 117.446676660890589, 0.041514798376533, 0.0 ], [ 117.44660792408402, 0.041583550714946, 0.0 ], [ 117.446157799407686, 0.042071277356723, 0.0 ], [ 117.445897962595055, 0.042379031417053, 0.0 ], [ 117.445839973290219, 0.042452568839409, 0.0 ], [ 117.445785735727426, 0.042528952692698, 0.0 ], [ 117.44573538751942, 0.042607989174529, 0.0 ], [ 117.445689056410643, 0.042689477751939, 0.0 ], [ 117.44564685995347, 0.042773211670665, 0.0 ], [ 117.445356997033286, 0.043410609898933, 0.0 ], [ 117.445162528767497, 0.043884709718792, 0.0 ], [ 117.445072667754985, 0.044102218190546, 0.0 ], [ 117.445016903548648, 0.044253218233168, 0.0 ], [ 117.44497572153081, 0.044379918415575, 0.0 ], [ 117.4449413055995, 0.044508648195074, 0.0 ], [ 117.444913753585823, 0.044639041643592, 0.0 ], [ 117.444893143809452, 0.044770728103698, 0.0 ], [ 117.444884201102553, 0.045000554840316, 0.0 ], [ 117.444872179032913, 0.04523023918414, 0.0 ], [ 117.444839805719411, 0.045889820031014, 0.0 ], [ 117.444816968927498, 0.046550921634509, 0.0 ], [ 117.444792255663785, 0.047234278894682, 0.0 ], [ 117.444758019429557, 0.048032883026077, 0.0 ], [ 117.444735223282336, 0.04869855310234, 0.0 ], [ 117.44473058893189, 0.048817707788642, 0.0 ], [ 117.44473199146185, 0.048936945422094, 0.0 ], [ 117.444739427228455, 0.049055956213822, 0.0 ], [ 117.444752876912872, 0.049174430964335, 0.0 ], [ 117.444768518289266, 0.049271923110206, 0.0 ], [ 117.44479006607115, 0.049368266733104, 0.0 ], [ 117.444817439224536, 0.04946309951751, 0.0 ], [ 117.444850534808296, 0.049556064829326, 0.0 ], [ 117.444865161313047, 0.049577037934138, 0.0 ] ] ] } },
{ "type": "Feature", "properties": { "Kl_Dat_Das": "Jalan non tol", "Nm_Ruas": "Jl. Moh. Roem_BL-1", "Thn_Data": 2015, "Status": "Jalan Kota", "Fungsi": "Jalan Lingkungan", "Mendukung": null, "Ura_Dukung": null, "Kd_Bd_PU": null, "Kd_Jns_Inf": null, "Kd_Inf": "001 00 K 091", "Propinsi": "Kalimantan Timur", "Kab_Kota": "Bontang", "Kecamatan": "Bontang Selatan", "Desa_Kel": "Bontang Lestari", "Tk_Ruas_Aw": "Jl. Moh. Roem", "Tk_Ruas_Ak": "Buntu", "Kd_Patok": null, "Km_Awal": 0.0, "Km_Akhir": 0.0, "Nm_Lintas": "-", "Kon_Baik": 0.1374291503, "Kon_Sdg": 0.0, "Kon_Rgn": 0.0, "Kon_Rusak": 0.0, "Kon_Mntp": 0.0, "Kon_T_Mntp": 0.0, "Panjang": 0.1374291503, "Lbr_Keras": 0.0, "LHRT": 0.0, "VCR": 0.0, "Tipe_Jln": 2, "MST": 0.0, "Tipe_Keras": "Beton", "Tanah_Kri": 0.0, "Macadam": 0.0, "Aspal": 0.0, "Rigid": 100.0, "Thn_Pen_Ak": 0, "Jns_Pen": null, "Koord_X_Aw": 117.4483948181, "Koord_Y_Aw": 0.0494468145, "Koord_X_Ak": 117.4482263053, "Koord_Y_Ak": 0.048476154 }, "geometry": { "type": "LineString", "coordinates": [ [ 117.448394818148842, 0.049446814530934, 0.0 ], [ 117.448467544888018, 0.04929239993915, 0.0 ], [ 117.448537194647287, 0.049136554247007, 0.0 ], [ 117.448603739657401, 0.048979339590301, 0.0 ], [ 117.448654049403345, 0.048869439340167, 0.0 ], [ 117.448663214052019, 0.048844835079395, 0.0 ], [ 117.448664677770353, 0.048842960092766, 0.0 ], [ 117.448665808183691, 0.048840864405536, 0.0 ], [ 117.448666573229602, 0.048838607458536, 0.0 ], [ 117.448666951208779, 0.048836253266544, 0.0 ], [ 117.448666931400439, 0.048833868602488, 0.0 ], [ 117.448666514366394, 0.04883152110364, 0.0 ], [ 117.448665711935163, 0.048829277353057, 0.0 ], [ 117.448664546866482, 0.048827200991241, 0.0 ], [ 117.448663052205632, 0.0488253509109, 0.0 ], [ 117.448661270346349, 0.048823779586654, 0.0 ], [ 117.448659251828261, 0.048822531586652, 0.0 ], [ 117.448657053903489, 0.048821642308431, 0.0 ], [ 117.448654738912637, 0.048821136974984, 0.0 ], [ 117.44834333963486, 0.048566483731834, 0.0 ], [ 117.448226305292664, 0.048476153964898, 0.0 ] ] } },
{ "type": "Feature", "properties": { "Kl_Dat_Das": "Jalan non tol", "Nm_Ruas": "Jl. Sultan Hasanuddin", "Thn_Data": 2015, "Status": "Jalan Kota", "Fungsi": "Jalan Arteri Primer", "Mendukung": null, "Ura_Dukung": null, "Kd_Bd_PU": null, "Kd_Jns_Inf": null, "Kd_Inf": "001 00 K 016", "Propinsi": "Kalimantan Timur", "Kab_Kota": "Bontang", "Kecamatan": "Bontang Selatan", "Desa_Kel": "Berbas Pantai", "Tk_Ruas_Aw": "Sp. 3 Jl. Hayam Wuruk û Jl. WR. Soepratman", "Tk_Ruas_Ak": "Jl. Teuku Umar", "Kd_Patok": null, "Km_Awal": 0.0, "Km_Akhir": 0.0, "Nm_Lintas": "-", "Kon_Baik": 1.2352906873, "Kon_Sdg": 0.0, "Kon_Rgn": 0.0, "Kon_Rusak": 0.0, "Kon_Mntp": 0.0, "Kon_T_Mntp": 0.0, "Panjang": 1.2352906873, "Lbr_Keras": 10.0, "LHRT": 865.0, "VCR": 0.0, "Tipe_Jln": 2, "MST": 0.0, "Tipe_Keras": "Aspal", "Tanah_Kri": 0.0, "Macadam": 0.0, "Aspal": 100.0, "Rigid": 0.0, "Thn_Pen_Ak": 2013, "Jns_Pen": "Peningkatan", "Koord_X_Aw": 117.48061909819999, "Koord_Y_Aw": 0.1162605688, "Koord_X_Ak": 117.48489103830001, "Koord_Y_Ak": 0.1068852992 }, "geometry": { "type": "LineString", "coordinates": [ [ 117.480619098196826, 0.116260568765351, 0.0 ], [ 117.480694558360312, 0.116203162585574, 0.0 ], [ 117.4809686768738, 0.115965468031104, 0.0 ], [ 117.481050594009503, 0.115891185973272, 0.0 ], [ 117.481128428507915, 0.115812944541484, 0.0 ], [ 117.481202164687886, 0.115730778217561, 0.0 ], [ 117.481271607544471, 0.1156449043014, 0.0 ], [ 117.481336573426915, 0.115555549898197, 0.0 ], [ 117.481396840813673, 0.115463027633342, 0.0 ], [ 117.481437438585743, 0.115386160044846, 0.0 ], [ 117.481472742232683, 0.115306629644142, 0.0 ], [ 117.481502561903611, 0.115224855272704, 0.0 ], [ 117.481511782318918, 0.115192984262089, 0.0 ], [ 117.481526758031393, 0.115141219665114, 0.0 ], [ 117.481545217369231, 0.115056114267335, 0.0 ], [ 117.481557864004486, 0.114969865905989, 0.0 ], [ 117.481575895264555, 0.114805605274537, 0.0 ], [ 117.481588259244177, 0.11464086505489, 0.0 ], [ 117.48159490685272, 0.114234126276505, 0.0 ], [ 117.481594433570891, 0.114173268566562, 0.0 ], [ 117.481592046938829, 0.113866378557889, 0.0 ], [ 117.481601453557829, 0.113679429348941, 0.0 ], [ 117.481603702987442, 0.113634723705508, 0.0 ], [ 117.481626290381143, 0.113328268712801, 0.0 ], [ 117.481666711593945, 0.11280991418107, 0.0 ], [ 117.481682418508456, 0.112686525676452, 0.0 ], [ 117.481704767705821, 0.112510957547816, 0.0 ], [ 117.481720274186642, 0.112402151500832, 0.0 ], [ 117.48174165584642, 0.112294268673098, 0.0 ], [ 117.481768836757738, 0.112187716947952, 0.0 ], [ 117.481801698154953, 0.112082933950238, 0.0 ], [ 117.481829365382197, 0.111994072098688, 0.0 ], [ 117.481863297630866, 0.111907260963651, 0.0 ], [ 117.481903273979356, 0.111823097893429, 0.0 ], [ 117.481949251425206, 0.11174172686163, 0.0 ], [ 117.482001162227036, 0.111683440125328, 0.0 ], [ 117.482056222838551, 0.111628655470657, 0.0 ], [ 117.482071252426067, 0.111615406071702, 0.0 ], [ 117.482114464220061, 0.111577312524935, 0.0 ], [ 117.482175540509559, 0.11152970251541, 0.0 ], [ 117.482299482055609, 0.111430045365654, 0.0 ], [ 117.482600674474199, 0.11118786687107, 0.0 ], [ 117.482672955116954, 0.111132345975954, 0.0 ], [ 117.482793449184953, 0.111039790927101, 0.0 ], [ 117.482858534803526, 0.110997806886261, 0.0 ], [ 117.483031959163583, 0.110885938005276, 0.0 ], [ 117.483351636431834, 0.110706337862007, 0.0 ], [ 117.483679730185926, 0.110522509280726, 0.0 ], [ 117.483822157658338, 0.110440429432237, 0.0 ], [ 117.483886513736564, 0.110403341523534, 0.0 ], [ 117.484089140624718, 0.110279792471507, 0.0 ], [ 117.484143279088698, 0.110250507253766, 0.0 ], [ 117.484194577219625, 0.110216986155326, 0.0 ], [ 117.484242950235625, 0.110179314475463, 0.0 ], [ 117.484288067640051, 0.11013774959668, 0.0 ], [ 117.484329621179441, 0.110092575500765, 0.0 ], [ 117.484367324626476, 0.110044103815405, 0.0 ], [ 117.484475521619416, 0.10987784248251, 0.0 ], [ 117.484590980900904, 0.109656839603588, 0.0 ], [ 117.484675068747805, 0.109499003236893, 0.0 ], [ 117.484700605174936, 0.109439823420109, 0.0 ], [ 117.484721711857262, 0.109378880456075, 0.0 ], [ 117.48473826493148, 0.109316527819981, 0.0 ], [ 117.484750172988996, 0.109253109832612, 0.0 ], [ 117.484757370665889, 0.109188973185571, 0.0 ], [ 117.484767343434527, 0.108936437442219, 0.0 ], [ 117.484768336328798, 0.108800196112764, 0.0 ], [ 117.484770189546666, 0.108545905307167, 0.0 ], [ 117.484765905750479, 0.108194164592726, 0.0 ], [ 117.484750206863708, 0.107882480084402, 0.0 ], [ 117.484750164859136, 0.107784664394311, 0.0 ], [ 117.484755168501025, 0.107686974591304, 0.0 ], [ 117.484765204289346, 0.107589678169348, 0.0 ], [ 117.484780245144009, 0.107493037668349, 0.0 ], [ 117.484800212235655, 0.107397496851556, 0.0 ], [ 117.484835352722399, 0.107199328197308, 0.0 ], [ 117.484888998091549, 0.106896804541598, 0.0 ], [ 117.484891038298656, 0.10688529915271, 0.0 ] ] } },
{ "type": "Feature", "properties": { "Kl_Dat_Das": "Jalan non tol", "Nm_Ruas": "Jl. P. Diponegoro", "Thn_Data": 2015, "Status": "Jalan Kota", "Fungsi": "Jalan Kolektor", "Mendukung": null, "Ura_Dukung": null, "Kd_Bd_PU": null, "Kd_Jns_Inf": null, "Kd_Inf": "001 00 K 027", "Propinsi": "Kalimantan Timur", "Kab_Kota": "Bontang", "Kecamatan": "Bontang Selatan", "Desa_Kel": "Berbas Pantai", "Tk_Ruas_Aw": "Jl. Sultan Hasanuddin", "Tk_Ruas_Ak": "Jl. Teuku Umar", "Kd_Patok": null, "Km_Awal": 0.0, "Km_Akhir": 0.0, "Nm_Lintas": "-", "Kon_Baik": 0.5858033852, "Kon_Sdg": 0.0, "Kon_Rgn": 0.0, "Kon_Rusak": 0.0, "Kon_Mntp": 0.0, "Kon_T_Mntp": 0.0, "Panjang": 0.5858033852, "Lbr_Keras": 4.0, "LHRT": 0.0, "VCR": 0.0, "Tipe_Jln": 2, "MST": 0.0, "Tipe_Keras": "Beton", "Tanah_Kri": 0.0, "Macadam": 0.0, "Aspal": 0.0, "Rigid": 100.0, "Thn_Pen_Ak": 0, "Jns_Pen": null, "Koord_X_Aw": 117.48476833629999, "Koord_Y_Aw": 0.1088001961, "Koord_X_Ak": 117.48993400880001, "Koord_Y_Ak": 0.1089134638 }, "geometry": { "type": "LineString", "coordinates": [ [ 117.484768336328798, 0.108800196112764, 0.0 ], [ 117.484774884928271, 0.108800023374194, 0.0 ], [ 117.484881161095046, 0.108804346368161, 0.0 ], [ 117.484986916124541, 0.108815777872382, 0.0 ], [ 117.485091681414218, 0.108834267233249, 0.0 ], [ 117.48519499274714, 0.108859732523738, 0.0 ], [ 117.4852963923489, 0.108892060906293, 0.0 ], [ 117.485395430916029, 0.108931109133066, 0.0 ], [ 117.485985993198881, 0.109153705514645, 0.0 ], [ 117.486211716299238, 0.109238785684899, 0.0 ], [ 117.486299244492841, 0.109260599573197, 0.0 ], [ 117.486388044928788, 0.109276362810057, 0.0 ], [ 117.486477705417627, 0.109286002226714, 0.0 ], [ 117.486567809777853, 0.109289473079596, 0.0 ], [ 117.486657939767554, 0.109286759258239, 0.0 ], [ 117.48674767702596, 0.109277873359643, 0.0 ], [ 117.486913864686059, 0.109257231639943, 0.0 ], [ 117.487472685485557, 0.109187822017126, 0.0 ], [ 117.488231667352281, 0.109103548301596, 0.0 ], [ 117.488813779406996, 0.109032678315683, 0.0 ], [ 117.489934008835817, 0.108913463831667, 0.0 ] ] } },
{ "type": "Feature", "properties": { "Kl_Dat_Das": "Jalan non tol", "Nm_Ruas": "Jl. Sutan Agung", "Thn_Data": 2015, "Status": "Jalan Kota", "Fungsi": "Jalan Kolektor", "Mendukung": null, "Ura_Dukung": null, "Kd_Bd_PU": null, "Kd_Jns_Inf": null, "Kd_Inf": "001 00 K 124", "Propinsi": "Kalimantan Timur", "Kab_Kota": "Bontang", "Kecamatan": "Bontang Selatan", "Desa_Kel": "Berbas Pantai", "Tk_Ruas_Aw": "Jl. Sultan Hasanuddin", "Tk_Ruas_Ak": "Jl. Sultan Hasanuddin", "Kd_Patok": null, "Km_Awal": 0.0, "Km_Akhir": 0.0, "Nm_Lintas": "-", "Kon_Baik": 0.369, "Kon_Sdg": 0.075, "Kon_Rgn": 0.0, "Kon_Rusak": 0.0, "Kon_Mntp": 0.0, "Kon_T_Mntp": 0.0, "Panjang": 0.4441933916, "Lbr_Keras": 0.0, "LHRT": 0.0, "VCR": 0.0, "Tipe_Jln": 2, "MST": 0.0, "Tipe_Keras": "Beton", "Tanah_Kri": 0.0, "Macadam": 0.0, "Aspal": 0.0, "Rigid": 100.0, "Thn_Pen_Ak": 0, "Jns_Pen": null, "Koord_X_Aw": 117.4848353527, "Koord_Y_Aw": 0.1071993282, "Koord_X_Ak": 117.4838221577, "Koord_Y_Ak": 0.1104404294 }, "geometry": { "type": "LineString", "coordinates": [ [ 117.484835352722399, 0.107199328197308, 0.0 ], [ 117.484827913370211, 0.107198447120328, 0.0 ], [ 117.484751767535073, 0.107195575358015, 0.0 ], [ 117.484675636176945, 0.107198812869123, 0.0 ], [ 117.484600002144632, 0.10720813912056, 0.0 ], [ 117.484525345132724, 0.107223494962542, 0.0 ], [ 117.484452138639327, 0.107244783003733, 0.0 ], [ 117.484380846962921, 0.107271868228955, 0.0 ], [ 117.484311922257618, 0.107304578855323, 0.0 ], [ 117.484245801665594, 0.107342707422097, 0.0 ], [ 117.484182904544298, 0.107386012106174, 0.0 ], [ 117.484123629807172, 0.107434218255723, 0.0 ], [ 117.484094224448711, 0.107468550057811, 0.0 ], [ 117.484069565392787, 0.107506480892664, 0.0 ], [ 117.484050082035012, 0.107547350259239, 0.0 ], [ 117.484036113645118, 0.107590446486936, 0.0 ], [ 117.484027903458994, 0.107635019127944, 0.0 ], [ 117.48400655254963, 0.108099465949874, 0.0 ], [ 117.483990874873058, 0.108517182894537, 0.0 ], [ 117.483978027455919, 0.109001779705215, 0.0 ], [ 117.483967653485038, 0.109085563945631, 0.0 ], [ 117.48395163272852, 0.109168441798033, 0.0 ], [ 117.483930039659441, 0.109250028001412, 0.0 ], [ 117.483902974653915, 0.109329943299143, 0.0 ], [ 117.483870563524547, 0.109407816201839, 0.0 ], [ 117.483832956935657, 0.109483284714177, 0.0 ], [ 117.483790329702785, 0.1095559980178, 0.0 ], [ 117.483722754068708, 0.10966828669645, 0.0 ], [ 117.483649480119254, 0.109776892822701, 0.0 ], [ 117.483570705401448, 0.109881523593143, 0.0 ], [ 117.483556504723168, 0.109896747891438, 0.0 ], [ 117.483545003047269, 0.10991412856782, 0.0 ], [ 117.483540839806025, 0.109923478927428, 0.0 ], [ 117.483536517685991, 0.109933186118189, 0.0 ], [ 117.483531282736436, 0.109953394776263, 0.0 ], [ 117.483529442622228, 0.10997419701861, 0.0 ], [ 117.483531048109086, 0.109995018945714, 0.0 ], [ 117.483536054904263, 0.110015286115071, 0.0 ], [ 117.483546962581556, 0.110057090667917, 0.0 ], [ 117.48356263196483, 0.110097331908223, 0.0 ], [ 117.483582849809977, 0.110135462194402, 0.0 ], [ 117.483607340973109, 0.110170962612896, 0.0 ], [ 117.483635772154855, 0.110203350039855, 0.0 ], [ 117.483822157658338, 0.110440429432237, 0.0 ] ] } },
{ "type": "Feature", "properties": { "Kl_Dat_Das": "Jalan non tol", "Nm_Ruas": "Jl. Pangandaran", "Thn_Data": 2015, "Status": "Jalan Kota", "Fungsi": "Jalan Lingkungan", "Mendukung": null, "Ura_Dukung": null, "Kd_Bd_PU": null, "Kd_Jns_Inf": null, "Kd_Inf": "001 00 K 235", "Propinsi": "Kalimantan Timur", "Kab_Kota": "Bontang", "Kecamatan": "Bontang Selatan", "Desa_Kel": "Berbas Pantai", "Tk_Ruas_Aw": "Jl. P. Antasari", "Tk_Ruas_Ak": "Gg. Pangandaran 2", "Kd_Patok": null, "Km_Awal": 0.0, "Km_Akhir": 0.0, "Nm_Lintas": "-", "Kon_Baik": 0.2602009159, "Kon_Sdg": 0.0, "Kon_Rgn": 0.0, "Kon_Rusak": 0.0, "Kon_Mntp": 0.0, "Kon_T_Mntp": 0.0, "Panjang": 0.2602009159, "Lbr_Keras": 0.0, "LHRT": 0.0, "VCR": 0.0, "Tipe_Jln": 2, "MST": 0.0, "Tipe_Keras": "Beton", "Tanah_Kri": 0.0, "Macadam": 0.0, "Aspal": 0.0, "Rigid": 100.0, "Thn_Pen_Ak": 0, "Jns_Pen": null, "Koord_X_Aw": 554010.69189973071, "Koord_Y_Aw": 12141.206096330699, "Koord_X_Ak": 554196.78852040553, "Koord_Y_Ak": 12322.9936967101 }, "geometry": { "type": "LineString", "coordinates": [ [ 117.485375493897195, 0.10984133081561, 0.0 ], [ 117.485754089926729, 0.110234270316005, 0.0 ], [ 117.486174308790311, 0.110624484792011, 0.0 ], [ 117.486195227259245, 0.110643909642804, 0.0 ], [ 117.486519325236699, 0.110963972430295, 0.0 ], [ 117.486849194435095, 0.111289734542023, 0.0 ], [ 117.487047866497818, 0.111485932987502, 0.0 ] ] } },
{ "type": "Feature", "properties": { "Kl_Dat_Das": "Jalan non tol", "Nm_Ruas": "Jl. Ruby 1", "Thn_Data": 2015, "Status": "Jalan Kota", "Fungsi": "Jalan Lingkungan", "Mendukung": null, "Ura_Dukung": null, "Kd_Bd_PU": null, "Kd_Jns_Inf": null, "Kd_Inf": "001 00 K 149", "Propinsi": "Kalimantan Timur", "Kab_Kota": "Bontang", "Kecamatan": "Bontang Selatan", "Desa_Kel": "Berbas Tengah", "Tk_Ruas_Aw": "Jl. Emerald", "Tk_Ruas_Ak": "Sp. 4 Jl. Ruby 1 - Jl. Safir", "Kd_Patok": null, "Km_Awal": 0.0, "Km_Akhir": 0.0, "Nm_Lintas": "-", "Kon_Baik": 0.0765834034, "Kon_Sdg": 0.0, "Kon_Rgn": 0.0, "Kon_Rusak": 0.0, "Kon_Mntp": 0.0, "Kon_T_Mntp": 0.0, "Panjang": 0.0765834034, "Lbr_Keras": 0.0, "LHRT": 0.0, "VCR": 0.0, "Tipe_Jln": 2, "MST": 0.0, "Tipe_Keras": "Beton", "Tanah_Kri": 0.0, "Macadam": 0.0, "Aspal": 0.0, "Rigid": 100.0, "Thn_Pen_Ak": 0, "Jns_Pen": null, "Koord_X_Aw": 553201.52421357203, "Koord_Y_Aw": 12780.9290432464, "Koord_X_Ak": 553244.17763121612, "Koord_Y_Ak": 12717.659843465301 }, "geometry": { "type": "LineString", "coordinates": [ [ 117.47810404807106, 0.115629019911285, 0.0 ], [ 117.47813028935829, 0.115574238489607, 0.0 ], [ 117.478180680429503, 0.115479765685859, 0.0 ], [ 117.478235100355519, 0.115387585791097, 0.0 ], [ 117.478245600039244, 0.115371441461702, 0.0 ], [ 117.478293446396009, 0.11529787283304, 0.0 ], [ 117.478487341337754, 0.11505661723097, 0.0 ] ] } },
{ "type": "Feature", "properties": { "Kl_Dat_Das": "Jalan non tol", "Nm_Ruas": "Jl. Ruby", "Thn_Data": 2015, "Status": "Jalan Kota", "Fungsi": "Jalan Lingkungan", "Mendukung": null, "Ura_Dukung": null, "Kd_Bd_PU": null, "Kd_Jns_Inf": null, "Kd_Inf": "001 00 K 148", "Propinsi": "Kalimantan Timur", "Kab_Kota": "Bontang", "Kecamatan": "Bontang Selatan", "Desa_Kel": "Berbas Tengah", "Tk_Ruas_Aw": "Jl. Berlian", "Tk_Ruas_Ak": "Jl. Zamrut", "Kd_Patok": null, "Km_Awal": 0.0, "Km_Akhir": 0.0, "Nm_Lintas": "-", "Kon_Baik": 0.305017569, "Kon_Sdg": 0.0, "Kon_Rgn": 0.0, "Kon_Rusak": 0.0, "Kon_Mntp": 0.0, "Kon_T_Mntp": 0.0, "Panjang": 0.305017569, "Lbr_Keras": 0.0, "LHRT": 0.0, "VCR": 0.0, "Tipe_Jln": 2, "MST": 0.0, "Tipe_Keras": "Beton", "Tanah_Kri": 0.0, "Macadam": 0.0, "Aspal": 0.0, "Rigid": 100.0, "Thn_Pen_Ak": 0, "Jns_Pen": null, "Koord_X_Aw": 552973.86912116874, "Koord_Y_Aw": 12749.7007165831, "Koord_X_Ak": 553251.69753896911, "Koord_Y_Ak": 12871.9792881589 }, "geometry": { "type": "LineString", "coordinates": [ [ 117.476058231792265, 0.115346531883723, 0.0 ], [ 117.476182139324919, 0.115433103705559, 0.0 ], [ 117.476288345518313, 0.115504771115942, 0.0 ], [ 117.476397117920101, 0.115572425225395, 0.0 ], [ 117.476508306972136, 0.115635973012086, 0.0 ], [ 117.476621759793446, 0.115695327100425, 0.0 ], [ 117.47673732039037, 0.115750405880904, 0.0 ], [ 117.476906546236862, 0.115829738340778, 0.0 ], [ 117.477078560255819, 0.11590274065828, 0.0 ], [ 117.477253128912437, 0.115969313722408, 0.0 ], [ 117.477756882679898, 0.116119729591851, 0.0 ], [ 117.477826890275495, 0.116137203247753, 0.0 ], [ 117.477895020269088, 0.116161040249657, 0.0 ], [ 117.477895378627139, 0.116161203932002, 0.0 ], [ 117.477960703277148, 0.116191041384261, 0.0 ], [ 117.478023390366388, 0.116226955922517, 0.0 ], [ 117.478247116833359, 0.116324164421848, 0.0 ], [ 117.478554942014327, 0.116452743430364, 0.0 ] ] } },
{ "type": "Feature", "properties": { "Kl_Dat_Das": "Jalan non tol", "Nm_Ruas": "Jl. Selat Makasar", "Thn_Data": 2015, "Status": "Jalan Kota", "Fungsi": "Jalan Lokal", "Mendukung": null, "Ura_Dukung": null, "Kd_Bd_PU": null, "Kd_Jns_Inf": null, "Kd_Inf": "001 00 K 220", "Propinsi": "Kalimantan Timur", "Kab_Kota": "Bontang", "Kecamatan": "Bontang Selatan", "Desa_Kel": "Tanjung Laut", "Tk_Ruas_Aw": "Sp 4. Jl. Selat Malaka û Jl. Selat Bone", "Tk_Ruas_Ak": "Jl. WR. Soepratman", "Kd_Patok": null, "Km_Awal": 0.0, "Km_Akhir": 0.0, "Nm_Lintas": "-", "Kon_Baik": 0.4853737572, "Kon_Sdg": 0.0, "Kon_Rgn": 0.0, "Kon_Rusak": 0.0, "Kon_Mntp": 0.0, "Kon_T_Mntp": 0.0, "Panjang": 0.4853737572, "Lbr_Keras": 5.0, "LHRT": 0.0, "VCR": 0.0, "Tipe_Jln": 2, "MST": 0.0, "Tipe_Keras": "Beton", "Tanah_Kri": 0.0, "Macadam": 0.0, "Aspal": 0.0, "Rigid": 100.0, "Thn_Pen_Ak": 2013, "Jns_Pen": "Peningkatan", "Koord_X_Aw": 553938.24891993962, "Koord_Y_Aw": 13007.344416514001, "Koord_X_Ak": 553570.32538635703, "Koord_Y_Ak": 13311.3399550021 }, "geometry": { "type": "LineString", "coordinates": [ [ 117.484724620168649, 0.117677283912596, 0.0 ], [ 117.484722038751329, 0.117682148197356, 0.0 ], [ 117.484366514304497, 0.118352079518627, 0.0 ], [ 117.484356584016339, 0.118369257275483, 0.0 ], [ 117.484344494805299, 0.118384970143065, 0.0 ], [ 117.484330456917434, 0.118398944855582, 0.0 ], [ 117.484314714488718, 0.118410938375749, 0.0 ], [ 117.483753860054094, 0.118809306592501, 0.0 ], [ 117.48328042368351, 0.1191422387249, 0.0 ], [ 117.482808212224754, 0.119455986057884, 0.0 ], [ 117.482417403023206, 0.119715500407814, 0.0 ], [ 117.48216518683212, 0.119895512903845, 0.0 ], [ 117.482006578029598, 0.120024300625858, 0.0 ], [ 117.481985688747159, 0.120040334341102, 0.0 ], [ 117.48184453404437, 0.120148678624236, 0.0 ], [ 117.481621768768335, 0.120294610828979, 0.0 ], [ 117.481497055455705, 0.120376309778337, 0.0 ], [ 117.481418343337907, 0.12042758669334, 0.0 ] ] } },
{ "type": "Feature", "properties": { "Kl_Dat_Das": "Jalan non tol", "Nm_Ruas": "Jl. Kakap Merah 2", "Thn_Data": 2015, "Status": "Jalan Kota", "Fungsi": "Jalan Lingkungan", "Mendukung": null, "Ura_Dukung": null, "Kd_Bd_PU": null, "Kd_Jns_Inf": null, "Kd_Inf": "001 00 K 213", "Propinsi": "Kalimantan Timur", "Kab_Kota": "Bontang", "Kecamatan": "Bontang Selatan", "Desa_Kel": "Tanjung Laut Indah", "Tk_Ruas_Aw": "Jl. Ir. H.  Juanda", "Tk_Ruas_Ak": "Jl. Haruan", "Kd_Patok": null, "Km_Awal": 0.0, "Km_Akhir": 0.0, "Nm_Lintas": "-", "Kon_Baik": 0.1217650226, "Kon_Sdg": 0.0, "Kon_Rgn": 0.0, "Kon_Rusak": 0.0, "Kon_Mntp": 0.0, "Kon_T_Mntp": 0.0, "Panjang": 0.1217650226, "Lbr_Keras": 0.0, "LHRT": 0.0, "VCR": 0.0, "Tipe_Jln": 2, "MST": 0.0, "Tipe_Keras": "Beton", "Tanah_Kri": 0.0, "Macadam": 0.0, "Aspal": 0.0, "Rigid": 100.0, "Thn_Pen_Ak": 2011, "Jns_Pen": "Peningkatan", "Koord_X_Aw": 554937.32381444366, "Koord_Y_Aw": 13424.440685075801, "Koord_X_Ak": 554850.71201234695, "Koord_Y_Ak": 13338.8753525745 }, "geometry": { "type": "LineString", "coordinates": [ [ 117.4937028107327, 0.121450584985441, 0.0 ], [ 117.493450041948591, 0.121192267041348, 0.0 ], [ 117.493262160369795, 0.121000260783727, 0.0 ], [ 117.493192643924644, 0.120933611025633, 0.0 ], [ 117.492924465662981, 0.120676491758052, 0.0 ] ] } },
{ "type": "Feature", "properties": { "Kl_Dat_Das": "Jalan non tol", "Nm_Ruas": "Jl. Tongkol", "Thn_Data": 2015, "Status": "Jalan Kota", "Fungsi": "Jalan Lingkungan", "Mendukung": null, "Ura_Dukung": null, "Kd_Bd_PU": null, "Kd_Jns_Inf": null, "Kd_Inf": "001 00 K 246", "Propinsi": "Kalimantan Timur", "Kab_Kota": "Bontang", "Kecamatan": "Bontang Selatan", "Desa_Kel": "Tanjung Laut indah", "Tk_Ruas_Aw": "Jl. Selat Banda", "Tk_Ruas_Ak": "Jl. Kakap Putih 1", "Kd_Patok": null, "Km_Awal": 0.0, "Km_Akhir": 0.0, "Nm_Lintas": "-", "Kon_Baik": 0.4178878451, "Kon_Sdg": 0.0, "Kon_Rgn": 0.0, "Kon_Rusak": 0.0, "Kon_Mntp": 0.0, "Kon_T_Mntp": 0.0, "Panjang": 0.4178878451, "Lbr_Keras": 4.0, "LHRT": 0.0, "VCR": 0.0, "Tipe_Jln": 2, "MST": 0.0, "Tipe_Keras": "Beton", "Tanah_Kri": 0.0, "Macadam": 0.0, "Aspal": 0.0, "Rigid": 100.0, "Thn_Pen_Ak": 0, "Jns_Pen": null, "Koord_X_Aw": 554815.96896742983, "Koord_Y_Aw": 13672.1793663874, "Koord_X_Ak": 555107.15268678055, "Koord_Y_Ak": 13372.510080570401 }, "geometry": { "type": "LineString", "coordinates": [ [ 117.492612304544565, 0.123691891078849, 0.0 ], [ 117.492772122597771, 0.123525053041255, 0.0 ], [ 117.493228573048839, 0.123060723501006, 0.0 ], [ 117.493785732302129, 0.122472580383412, 0.0 ], [ 117.493865761528767, 0.122388100702706, 0.0 ], [ 117.494269542456436, 0.121976164263205, 0.0 ], [ 117.494578978060318, 0.121660478743324, 0.0 ], [ 117.49473014461789, 0.121498539296501, 0.0 ], [ 117.495110811390049, 0.12109074431805, 0.0 ], [ 117.495228957588196, 0.120980742098344, 0.0 ] ] } },
{ "type": "Feature", "properties": { "Kl_Dat_Das": "Jalan non tol", "Nm_Ruas": "Jl. Selat Bali", "Thn_Data": 2015, "Status": "Jalan Kota", "Fungsi": "Jalan Lokal", "Mendukung": null, "Ura_Dukung": null, "Kd_Bd_PU": null, "Kd_Jns_Inf": null, "Kd_Inf": "001 00 K 230", "Propinsi": "Kalimantan Timur", "Kab_Kota": "Bontang", "Kecamatan": "Bontang Selatan", "Desa_Kel": "Tanjung Laut", "Tk_Ruas_Aw": "Jl. Jenderal Sudirman", "Tk_Ruas_Ak": "Jl. Selat Selayar", "Kd_Patok": null, "Km_Awal": 0.0, "Km_Akhir": 0.0, "Nm_Lintas": "-", "Kon_Baik": 0.4391231199, "Kon_Sdg": 0.0, "Kon_Rgn": 0.0, "Kon_Rusak": 0.0, "Kon_Mntp": 0.0, "Kon_T_Mntp": 0.0, "Panjang": 0.4391231199, "Lbr_Keras": 3.0, "LHRT": 0.0, "VCR": 0.0, "Tipe_Jln": 2, "MST": 0.0, "Tipe_Keras": "Beton", "Tanah_Kri": 0.0, "Macadam": 0.0, "Aspal": 0.0, "Rigid": 100.0, "Thn_Pen_Ak": 0, "Jns_Pen": null, "Koord_X_Aw": 553704.58029526623, "Koord_Y_Aw": 13825.503300340801, "Koord_X_Ak": 553339.69020143687, "Koord_Y_Ak": 13709.8798755892 }, "geometry": { "type": "LineString", "coordinates": [ [ 117.482624901360381, 0.125079195935275, 0.0 ], [ 117.482583181189469, 0.125093384309596, 0.0 ], [ 117.482401422159825, 0.125147681844202, 0.0 ], [ 117.482217777589113, 0.125195115230587, 0.0 ], [ 117.482032503148858, 0.125235618431085, 0.0 ], [ 117.481861283000228, 0.125274903519623, 0.0 ], [ 117.48168891045546, 0.125308697185322, 0.0 ], [ 117.48151555924197, 0.125336965368398, 0.0 ], [ 117.481341404073632, 0.125359679578035, 0.0 ], [ 117.481166620474568, 0.125376816921079, 0.0 ], [ 117.480694718971037, 0.125425625574413, 0.0 ], [ 117.480627594022252, 0.125432972175094, 0.0 ], [ 117.480589662392347, 0.12542887838142, 0.0 ], [ 117.480552828466088, 0.125418881425146, 0.0 ], [ 117.480517992941444, 0.125403225761013, 0.0 ], [ 117.480514254178729, 0.12540077907147, 0.0 ], [ 117.480486007649645, 0.125382294216161, 0.0 ], [ 117.480457654725313, 0.125356598628392, 0.0 ], [ 117.480433627480977, 0.125326767330468, 0.0 ], [ 117.480008967206302, 0.124861962652535, 0.0 ], [ 117.479761732407226, 0.124542576409032, 0.0 ], [ 117.479485238459176, 0.124199665151193, 0.0 ], [ 117.479345815872151, 0.124033211945111, 0.0 ] ] } },
{ "type": "Feature", "properties": { "Kl_Dat_Das": "Jalan non tol", "Nm_Ruas": "Jl. Selat Badung", "Thn_Data": 2015, "Status": "Jalan Kota", "Fungsi": "Jalan Lokal", "Mendukung": null, "Ura_Dukung": null, "Kd_Bd_PU": null, "Kd_Jns_Inf": null, "Kd_Inf": "001 00 K 219", "Propinsi": "Kalimantan Timur", "Kab_Kota": "Bontang", "Kecamatan": "Bontang Selatan", "Desa_Kel": "Tanjung Laut", "Tk_Ruas_Aw": "Jl.  Selat Selayar", "Tk_Ruas_Ak": "Sp. 3 Jl. Selat Bone û Jl. Mangkunegoro", "Kd_Patok": null, "Km_Awal": 0.0, "Km_Akhir": 0.0, "Nm_Lintas": "-", "Kon_Baik": 0.2693109703, "Kon_Sdg": 0.0, "Kon_Rgn": 0.0, "Kon_Rusak": 0.0, "Kon_Mntp": 0.0, "Kon_T_Mntp": 0.0, "Panjang": 0.2693109703, "Lbr_Keras": 0.0, "LHRT": 0.0, "VCR": 0.0, "Tipe_Jln": 2, "MST": 0.0, "Tipe_Keras": "Beton", "Tanah_Kri": 0.0, "Macadam": 0.0, "Aspal": 0.0, "Rigid": 100.0, "Thn_Pen_Ak": 0, "Jns_Pen": null, "Koord_X_Aw": 553398.61429267284, "Koord_Y_Aw": 13657.7715207655, "Koord_X_Ak": 553249.63572920673, "Koord_Y_Ak": 13556.2842996195 }, "geometry": { "type": "MultiLineString", "coordinates": [ [ [ 117.479875325885089, 0.123561778321192, 0.0 ], [ 117.479743794145705, 0.123476655916358, 0.0 ], [ 117.479555752980431, 0.123341269894801, 0.0 ], [ 117.479162415471706, 0.123070908225437, 0.0 ], [ 117.478797481560179, 0.122820803740873, 0.0 ], [ 117.478536520830062, 0.122643648189035, 0.0 ] ], [ [ 117.479004977181233, 0.121990636048175, 0.000000000000227 ], [ 117.478985845436938, 0.122017279007889, 0.000000000000227 ], [ 117.478714444274942, 0.122395233597511, 0.000000000000227 ], [ 117.478536520830062, 0.12264364818912, 0.000000000000227 ] ] ] } },
{ "type": "Feature", "properties": { "Kl_Dat_Das": "Jalan non tol", "Nm_Ruas": "Jl. Selat Banda 3 (Jl. Selat Banda 1)", "Thn_Data": 2015, "Status": "Jalan Kota", "Fungsi": "Jalan Lingkungan", "Mendukung": null, "Ura_Dukung": null, "Kd_Bd_PU": null, "Kd_Jns_Inf": null, "Kd_Inf": "001 00 K 125", "Propinsi": "Kalimantan Timur", "Kab_Kota": "Bontang", "Kecamatan": "Bontang Selatan", "Desa_Kel": "Tanjung Laut", "Tk_Ruas_Aw": "Jl. Selat Banda", "Tk_Ruas_Ak": "Jl. Selat Bengkalis 3", "Kd_Patok": null, "Km_Awal": 0.0, "Km_Akhir": 0.0, "Nm_Lintas": "-", "Kon_Baik": 0.3116056375, "Kon_Sdg": 0.0, "Kon_Rgn": 0.0, "Kon_Rusak": 0.0, "Kon_Mntp": 0.0, "Kon_T_Mntp": 0.0, "Panjang": 0.3116056375, "Lbr_Keras": 4.0, "LHRT": 0.0, "VCR": 0.0, "Tipe_Jln": 2, "MST": 0.0, "Tipe_Keras": "Beton", "Tanah_Kri": 0.0, "Macadam": 0.0, "Aspal": 0.0, "Rigid": 100.0, "Thn_Pen_Ak": 0, "Jns_Pen": null, "Koord_X_Aw": 117.492868276, "Koord_Y_Aw": 0.1239426751, "Koord_X_Ak": 117.490910591, "Koord_Y_Ak": 0.125482267 }, "geometry": { "type": "LineString", "coordinates": [ [ 117.490910590990339, 0.125482266994878, 0.0 ], [ 117.491174568241931, 0.125719626799526, 0.0 ], [ 117.491319322267486, 0.125567967897305, 0.0 ], [ 117.49158567116541, 0.125292631839133, 0.0 ], [ 117.491905334548477, 0.124962428061549, 0.0 ], [ 117.492239299850596, 0.124605859023001, 0.0 ], [ 117.492544937994353, 0.124282668064843, 0.0 ], [ 117.49261740659523, 0.124206037591404, 0.0 ], [ 117.492868275972953, 0.123942675120975, 0.0 ] ] } },
{ "type": "Feature", "properties": { "Kl_Dat_Das": "Jalan non tol", "Nm_Ruas": "Jl. Selat Alor", "Thn_Data": 2015, "Status": "Jalan Kota", "Fungsi": "Jalan Lingkungan", "Mendukung": null, "Ura_Dukung": null, "Kd_Bd_PU": null, "Kd_Jns_Inf": null, "Kd_Inf": "001 00 K 227", "Propinsi": "Kalimantan Timur", "Kab_Kota": "Bontang", "Kecamatan": "Bontang Selatan", "Desa_Kel": "Tanjung Laut", "Tk_Ruas_Aw": "Jl. Ir. H. Juanda", "Tk_Ruas_Ak": "Sp 3 Jl Selat Alor - Jl. Selat Rote - Jl. Selat Alor 2", "Kd_Patok": null, "Km_Awal": 0.0, "Km_Akhir": 0.0, "Nm_Lintas": "-", "Kon_Baik": 0.1007188644, "Kon_Sdg": 0.0, "Kon_Rgn": 0.0, "Kon_Rusak": 0.0, "Kon_Mntp": 0.0, "Kon_T_Mntp": 0.0, "Panjang": 0.1007188644, "Lbr_Keras": 4.0, "LHRT": 0.0, "VCR": 0.0, "Tipe_Jln": 2, "MST": 0.0, "Tipe_Keras": "Beton", "Tanah_Kri": 0.0, "Macadam": 0.0, "Aspal": 0.0, "Rigid": 100.0, "Thn_Pen_Ak": 2013, "Jns_Pen": "Peningkatan", "Koord_X_Aw": 554543.47219271865, "Koord_Y_Aw": 13718.2266924139, "Koord_X_Ak": 554543.47219271585, "Koord_Y_Ak": 13718.2266924139 }, "geometry": { "type": "MultiLineString", "coordinates": [ [ [ 117.49016353747983, 0.124108525960229, 0.0 ], [ 117.490415351931972, 0.124358406052098, 0.0 ], [ 117.490451125657458, 0.124393904972854, 0.0 ], [ 117.490666811763973, 0.124622378755157, 0.0 ] ], [ [ 117.489993515605491, 0.124189779664683, 0.0 ], [ 117.490163537479802, 0.124108525960229, 0.0 ] ] ] } },
{ "type": "Feature", "properties": { "Kl_Dat_Das": "Jalan non tol", "Nm_Ruas": "Jl. Selat Bangka (Jl. Mawar 2)", "Thn_Data": 2015, "Status": "Jalan Kota", "Fungsi": "Jalan Lingkungan", "Mendukung": null, "Ura_Dukung": null, "Kd_Bd_PU": null, "Kd_Jns_Inf": null, "Kd_Inf": "001 00 K 229", "Propinsi": "Kalimantan Timur", "Kab_Kota": "Bontang", "Kecamatan": "Bontang Selatan", "Desa_Kel": "Tanjung Laut", "Tk_Ruas_Aw": "Jl. Ir. H. Juanda", "Tk_Ruas_Ak": "Sp. 3 Jl. Selat Bangka 3 - Jl. Selat Bengkalis 3", "Kd_Patok": null, "Km_Awal": 0.0, "Km_Akhir": 0.0, "Nm_Lintas": "-", "Kon_Baik": 0.1214322576, "Kon_Sdg": 0.0, "Kon_Rgn": 0.0, "Kon_Rusak": 0.0, "Kon_Mntp": 0.0, "Kon_T_Mntp": 0.0, "Panjang": 0.1214322576, "Lbr_Keras": 4.0, "LHRT": 0.0, "VCR": 0.0, "Tipe_Jln": 2, "MST": 0.0, "Tipe_Keras": "Beton", "Tanah_Kri": 0.0, "Macadam": 0.0, "Aspal": 0.0, "Rigid": 100.0, "Thn_Pen_Ak": 0, "Jns_Pen": null, "Koord_X_Aw": 554392.0005129925, "Koord_Y_Aw": 13910.7716348618, "Koord_X_Ak": 554408.26281880634, "Koord_Y_Ak": 13790.4453410972 }, "geometry": { "type": "LineString", "coordinates": [ [ 117.488802378771794, 0.125850501911215, 0.0 ], [ 117.488853124911643, 0.125502129102897, 0.0 ], [ 117.48889862225154, 0.125189789463168, 0.0 ], [ 117.488903552005482, 0.125147498183251, 0.0 ], [ 117.488948498821685, 0.124761909387195, 0.0 ] ] } },
{ "type": "Feature", "properties": { "Kl_Dat_Das": "Jalan non tol", "Nm_Ruas": "Jl. Selat Bangka 1 (Jl. Anggrek 01)", "Thn_Data": 2015, "Status": "Jalan Kota", "Fungsi": "Jalan Lingkungan", "Mendukung": null, "Ura_Dukung": null, "Kd_Bd_PU": null, "Kd_Jns_Inf": null, "Kd_Inf": "001 00 K 175", "Propinsi": "Kalimantan Timur", "Kab_Kota": "Bontang", "Kecamatan": "Bontang Selatan", "Desa_Kel": "Tanjung Laut", "Tk_Ruas_Aw": "Sp. 4 Jl. Selat Bangka - Jl. Selat Bengkalis 1", "Tk_Ruas_Ak": "Gg. Selat Timor 3", "Kd_Patok": null, "Km_Awal": 0.0, "Km_Akhir": 0.0, "Nm_Lintas": "-", "Kon_Baik": 0.2324403612, "Kon_Sdg": 0.0, "Kon_Rgn": 0.0, "Kon_Rusak": 0.0, "Kon_Mntp": 0.0, "Kon_T_Mntp": 0.0, "Panjang": 0.2324403612, "Lbr_Keras": 0.0, "LHRT": 0.0, "VCR": 0.0, "Tipe_Jln": 2, "MST": 0.0, "Tipe_Keras": "Beton", "Tanah_Kri": 0.0, "Macadam": 0.0, "Aspal": 0.0, "Rigid": 100.0, "Thn_Pen_Ak": 0, "Jns_Pen": null, "Koord_X_Aw": 554176.77639974921, "Koord_Y_Aw": 13862.02956581, "Koord_X_Ak": 554403.26039878279, "Koord_Y_Ak": 13833.0659596771 }, "geometry": { "type": "LineString", "coordinates": [ [ 117.486868271785426, 0.12540956958749, 0.0 ], [ 117.486868057605747, 0.125410560419533, 0.0 ], [ 117.48727650526881, 0.125303194771866, 0.0 ], [ 117.487673653137009, 0.125190661576432, 0.0 ], [ 117.488039009234726, 0.12509750570306, 0.0 ], [ 117.488101873681615, 0.125077945150507, 0.0 ], [ 117.48816629605605, 0.125064468113873, 0.0 ], [ 117.488231696890139, 0.125057195816476, 0.0 ], [ 117.488297487915077, 0.125056193671183, 0.0 ], [ 117.488363077352403, 0.125061470691893, 0.0 ], [ 117.488427875236852, 0.125072979412606, 0.0 ], [ 117.488903552005482, 0.125147498183251, 0.0 ] ] } },
{ "type": "Feature", "properties": { "Kl_Dat_Das": "Jalan non tol", "Nm_Ruas": "Jl. Selat Bangka 2 (Jl. Anggrek 02)", "Thn_Data": 2015, "Status": "Jalan Kota", "Fungsi": "Jalan Lingkungan", "Mendukung": null, "Ura_Dukung": null, "Kd_Bd_PU": null, "Kd_Jns_Inf": null, "Kd_Inf": "001 00 K 176", "Propinsi": "Kalimantan Timur", "Kab_Kota": "Bontang", "Kecamatan": "Bontang Selatan", "Desa_Kel": "Tanjung Laut", "Tk_Ruas_Aw": "Sp. 4 Jl. Selat Bangka - Jl. Selat Bengkalis 2", "Tk_Ruas_Ak": "Gg. Selat Timor 3", "Kd_Patok": null, "Km_Awal": 0.0, "Km_Akhir": 0.0, "Nm_Lintas": "-", "Kon_Baik": 0.2201360643, "Kon_Sdg": 0.0, "Kon_Rgn": 0.0, "Kon_Rusak": 0.0, "Kon_Mntp": 0.0, "Kon_T_Mntp": 0.0, "Panjang": 0.2201360643, "Lbr_Keras": 0.0, "LHRT": 0.0, "VCR": 0.0, "Tipe_Jln": 2, "MST": 0.0, "Tipe_Keras": "Beton", "Tanah_Kri": 0.0, "Macadam": 0.0, "Aspal": 0.0, "Rigid": 100.0, "Thn_Pen_Ak": 0, "Jns_Pen": null, "Koord_X_Aw": 554397.64820186887, "Koord_Y_Aw": 13872.264665242301, "Koord_X_Ak": 554184.48614705447, "Koord_Y_Ak": 13890.2703261562 }, "geometry": { "type": "LineString", "coordinates": [ [ 117.488853124911643, 0.125502129102897, 0.0 ], [ 117.488531758461846, 0.125452639795322, 0.0 ], [ 117.488383949371254, 0.125426241792926, 0.0 ], [ 117.488323449060587, 0.125418055846889, 0.0 ], [ 117.488262425224804, 0.125416465653586, 0.0 ], [ 117.488201585272776, 0.125421489647233, 0.0 ], [ 117.488141634481835, 0.125433069588257, 0.0 ], [ 117.487426276686804, 0.125629278470424, 0.0 ], [ 117.487068890099096, 0.125729953547401, 0.0 ], [ 117.486937559710057, 0.125665062006339, 0.0 ] ] } },
{ "type": "Feature", "properties": { "Kl_Dat_Das": "Jalan non tol", "Nm_Ruas": "Jl. Selat Bengkalis 2", "Thn_Data": 2015, "Status": "Jalan Kota", "Fungsi": "Jalan Lingkungan", "Mendukung": null, "Ura_Dukung": null, "Kd_Bd_PU": null, "Kd_Jns_Inf": null, "Kd_Inf": "001 00 K 228", "Propinsi": "Kalimantan Timur", "Kab_Kota": "Bontang", "Kecamatan": "Bontang Selatan", "Desa_Kel": "Tanjung Laut", "Tk_Ruas_Aw": "Jl. Selat Bangka", "Tk_Ruas_Ak": "Jl. Selat Bengkalis 3", "Kd_Patok": null, "Km_Awal": 0.0, "Km_Akhir": 0.0, "Nm_Lintas": "-", "Kon_Baik": 0.1997004629, "Kon_Sdg": 0.0, "Kon_Rgn": 0.0, "Kon_Rusak": 0.0, "Kon_Mntp": 0.0, "Kon_T_Mntp": 0.0, "Panjang": 0.1997004629, "Lbr_Keras": 4.0, "LHRT": 0.0, "VCR": 0.0, "Tipe_Jln": 2, "MST": 0.0, "Tipe_Keras": "Beton", "Tanah_Kri": 0.0, "Macadam": 0.0, "Aspal": 0.0, "Rigid": 100.0, "Thn_Pen_Ak": 0, "Jns_Pen": null, "Koord_X_Aw": 554594.91375359148, "Koord_Y_Aw": 13903.3261455912, "Koord_X_Ak": 554397.64820186887, "Koord_Y_Ak": 13872.264665242301 }, "geometry": { "type": "LineString", "coordinates": [ [ 117.490625844892747, 0.125783108258846, 0.0 ], [ 117.490260444413536, 0.125721326011698, 0.0 ], [ 117.490101124098331, 0.125694387984307, 0.0 ], [ 117.489169238298999, 0.125550809450861, 0.0 ], [ 117.488853124911643, 0.125502129102897, 0.0 ] ] } },
{ "type": "Feature", "properties": { "Kl_Dat_Das": "Jalan non tol", "Nm_Ruas": "Jl. Poltik", "Thn_Data": 2015, "Status": "Jalan Kota", "Fungsi": "Jalan Lingkungan", "Mendukung": null, "Ura_Dukung": null, "Kd_Bd_PU": null, "Kd_Jns_Inf": null, "Kd_Inf": "001 00 K 253", "Propinsi": "Kalimantan Timur", "Kab_Kota": "Bontang", "Kecamatan": "Bontang Barat", "Desa_Kel": "Kanaan", "Tk_Ruas_Aw": "Sp. 3 Jl. Pongtiku", "Tk_Ruas_Ak": "Jl. Pendidikan 4", "Kd_Patok": null, "Km_Awal": 0.0, "Km_Akhir": 0.0, "Nm_Lintas": "-", "Kon_Baik": 0.5453193583, "Kon_Sdg": 0.0, "Kon_Rgn": 0.0, "Kon_Rusak": 0.0, "Kon_Mntp": 0.0, "Kon_T_Mntp": 0.0, "Panjang": 0.5453193583, "Lbr_Keras": 0.0, "LHRT": 0.0, "VCR": 0.0, "Tipe_Jln": 2, "MST": 0.0, "Tipe_Keras": "Beton", "Tanah_Kri": 0.0, "Macadam": 0.0, "Aspal": 0.0, "Rigid": 100.0, "Thn_Pen_Ak": 0, "Jns_Pen": null, "Koord_X_Aw": 550047.28000676678, "Koord_Y_Aw": 13915.2221181523, "Koord_X_Ak": 550436.32134090492, "Koord_Y_Ak": 14012.2962501198 }, "geometry": { "type": "LineString", "coordinates": [ [ 117.449758698810058, 0.12589147274228, 0.0 ], [ 117.44976278454034, 0.125853605475592, 0.0 ], [ 117.449776227015931, 0.125774022928732, 0.0 ], [ 117.449794404222388, 0.125695399477764, 0.0 ], [ 117.449817250216412, 0.125618020352457, 0.0 ], [ 117.449817769827092, 0.125617072776427, 0.0 ], [ 117.449818426074785, 0.125616215418598, 0.0 ], [ 117.449819203800899, 0.125615468083012, 0.0 ], [ 117.449820085040827, 0.125614848032212, 0.0 ], [ 117.449821049438896, 0.125614369588733, 0.0 ], [ 117.449822074718639, 0.125614043804083, 0.0 ], [ 117.449823137197185, 0.125613878203519, 0.0 ], [ 117.450171008274111, 0.125514324359202, 0.0 ], [ 117.450285725070273, 0.125488128740422, 0.0 ], [ 117.450346179302969, 0.125475253094505, 0.0 ], [ 117.450392470146326, 0.125474822429062, 0.0 ], [ 117.450408951872674, 0.125476574165832, 0.0 ], [ 117.450438507123891, 0.125479715403544, 0.0 ], [ 117.450483688141404, 0.125489868025066, 0.0 ], [ 117.450836145335344, 0.125651797255666, 0.0 ], [ 117.450909968559898, 0.12569579698873, 0.0 ], [ 117.450914107573254, 0.125698657380133, 0.0 ], [ 117.450980698040794, 0.125744676753686, 0.0 ], [ 117.451034017496013, 0.125787083470356, 0.0 ], [ 117.451048015993251, 0.125798216935545, 0.0 ], [ 117.451273827282265, 0.126051725600971, 0.0 ], [ 117.451443337673084, 0.126272448341609, 0.0 ], [ 117.45156767156513, 0.126434345882297, 0.0 ], [ 117.451649631685157, 0.126536409470786, 0.0 ], [ 117.451808950298343, 0.126795921858964, 0.0 ], [ 117.451944482279572, 0.12704007668521, 0.0 ], [ 117.452044347823673, 0.127212421188465, 0.0 ], [ 117.452071319852777, 0.127252450834432, 0.0 ], [ 117.45210343014368, 0.127288432606259, 0.0 ], [ 117.452140086583611, 0.127319703001336, 0.0 ], [ 117.452180613229004, 0.127345685394703, 0.0 ], [ 117.45222426276986, 0.127365900672, 0.0 ], [ 117.452270230310091, 0.127379976064312, 0.0 ], [ 117.452431912189581, 0.127360823623637, 0.0 ], [ 117.45250324232623, 0.127346460175493, 0.0 ], [ 117.45262688032652, 0.127269859657866, 0.0 ], [ 117.45268394363319, 0.127212409900831, 0.0 ], [ 117.452783803835786, 0.127078361058226, 0.0 ], [ 117.45287890834652, 0.126925162720407, 0.0 ], [ 117.452983524490733, 0.126824625569639, 0.0 ], [ 117.453045342988602, 0.12675760094347, 0.0 ], [ 117.45305760581239, 0.126746126471281, 0.0 ], [ 117.453071407442394, 0.126736586391103, 0.0 ], [ 117.453086449480352, 0.126729186964291, 0.0 ], [ 117.453102406709817, 0.126724088170185, 0.0 ], [ 117.453121438285748, 0.126721013544788, 0.0 ], [ 117.453140712414552, 0.126720822361702, 0.0 ], [ 117.453159800471596, 0.126723518872497, 0.0 ], [ 117.453178277970267, 0.126729043111234, 0.0 ], [ 117.453195734001724, 0.126737272228011, 0.0 ], [ 117.453211780372854, 0.126748023220937, 0.0 ], [ 117.453254829374629, 0.126769644213723, 0.0 ] ] } },
{ "type": "Feature", "properties": { "Kl_Dat_Das": "Jalan non tol", "Nm_Ruas": "Jl. Timtim KCY", "Thn_Data": 2015, "Status": "Jalan Kota", "Fungsi": "Jalan Lingkungan", "Mendukung": null, "Ura_Dukung": null, "Kd_Bd_PU": null, "Kd_Jns_Inf": null, "Kd_Inf": "001 00 K 305", "Propinsi": "Kalimantan Timur", "Kab_Kota": "Bontang", "Kecamatan": "Bontang Utara", "Desa_Kel": "Api-api", "Tk_Ruas_Aw": "Jl. Madura KCY", "Tk_Ruas_Ak": "Jl. Ternate KCY", "Kd_Patok": null, "Km_Awal": 0.0, "Km_Akhir": 0.0, "Nm_Lintas": "-", "Kon_Baik": 0.107189753, "Kon_Sdg": 0.0, "Kon_Rgn": 0.0, "Kon_Rusak": 0.0, "Kon_Mntp": 0.0, "Kon_T_Mntp": 0.0, "Panjang": 0.107189753, "Lbr_Keras": 0.0, "LHRT": 0.0, "VCR": 0.0, "Tipe_Jln": 2, "MST": 0.0, "Tipe_Keras": "Beton", "Tanah_Kri": 0.0, "Macadam": 0.0, "Aspal": 0.0, "Rigid": 100.0, "Thn_Pen_Ak": 0, "Jns_Pen": null, "Koord_X_Aw": 554425.52015052829, "Koord_Y_Aw": 14051.7834338062, "Koord_X_Ak": 554327.59038623981, "Koord_Y_Ak": 14095.359905397499 }, "geometry": { "type": "LineString", "coordinates": [ [ 117.489103624852447, 0.127126227347401, 0.0 ], [ 117.489010280241871, 0.127168148178401, 0.0 ], [ 117.488707430961057, 0.127301940329702, 0.0 ], [ 117.488495589485879, 0.127395527235482, 0.0 ], [ 117.488223592271567, 0.12752047969259, 0.0 ] ] } },
{ "type": "Feature", "properties": { "Kl_Dat_Das": "Jalan non tol", "Nm_Ruas": "Jl. Ambon KCY", "Thn_Data": 2015, "Status": "Jalan Kota", "Fungsi": "Jalan Lingkungan", "Mendukung": null, "Ura_Dukung": null, "Kd_Bd_PU": null, "Kd_Jns_Inf": null, "Kd_Inf": "001 00 K 311", "Propinsi": "Kalimantan Timur", "Kab_Kota": "Bontang", "Kecamatan": "Bontang Utara", "Desa_Kel": "Api-api", "Tk_Ruas_Aw": "Jl. Halmahera", "Tk_Ruas_Ak": "Sp. 3 Jl. Ternate KCY - Jl. Bintan KCY", "Kd_Patok": null, "Km_Awal": 0.0, "Km_Akhir": 0.0, "Nm_Lintas": "-", "Kon_Baik": 0.0607109875, "Kon_Sdg": 0.0, "Kon_Rgn": 0.0, "Kon_Rusak": 0.0, "Kon_Mntp": 0.0, "Kon_T_Mntp": 0.0, "Panjang": 0.0607109875, "Lbr_Keras": 0.0, "LHRT": 0.0, "VCR": 0.0, "Tipe_Jln": 2, "MST": 0.0, "Tipe_Keras": "Beton", "Tanah_Kri": 0.0, "Macadam": 0.0, "Aspal": 0.0, "Rigid": 100.0, "Thn_Pen_Ak": 0, "Jns_Pen": null, "Koord_X_Aw": 554440.19468228985, "Koord_Y_Aw": 14084.7595005073, "Koord_X_Ak": 554495.50618077931, "Koord_Y_Ak": 14059.7302749349 }, "geometry": { "type": "LineString", "coordinates": [ [ 117.489235502269423, 0.127424558688099, 0.0 ], [ 117.489732551430066, 0.127198110263979, 0.0 ] ] } },
{ "type": "Feature", "properties": { "Kl_Dat_Das": "Jalan non tol", "Nm_Ruas": "Jl. Pendidikan KN-1", "Thn_Data": 2015, "Status": "Jalan Kota", "Fungsi": "Jalan Lingkungan", "Mendukung": null, "Ura_Dukung": null, "Kd_Bd_PU": null, "Kd_Jns_Inf": null, "Kd_Inf": "001 00 K 298", "Propinsi": "Kalimantan Timur", "Kab_Kota": "Bontang", "Kecamatan": "Bontang Utara", "Desa_Kel": "Kanaan", "Tk_Ruas_Aw": "Jl. Pendidikan 2", "Tk_Ruas_Ak": "Buntu", "Kd_Patok": null, "Km_Awal": 0.0, "Km_Akhir": 0.0, "Nm_Lintas": "-", "Kon_Baik": 0.1748793956, "Kon_Sdg": 0.0, "Kon_Rgn": 0.0, "Kon_Rusak": 0.0, "Kon_Mntp": 0.0, "Kon_T_Mntp": 0.0, "Panjang": 0.1748793956, "Lbr_Keras": 0.0, "LHRT": 0.0, "VCR": 0.0, "Tipe_Jln": 2, "MST": 0.0, "Tipe_Keras": "Beton", "Tanah_Kri": 0.0, "Macadam": 0.0, "Aspal": 0.0, "Rigid": 100.0, "Thn_Pen_Ak": 0, "Jns_Pen": null, "Koord_X_Aw": 550655.97795516532, "Koord_Y_Aw": 14032.160113342101, "Koord_X_Ak": 550551.3891645344, "Koord_Y_Ak": 14167.426627425501 }, "geometry": { "type": "LineString", "coordinates": [ [ 117.455228773397906, 0.126949318236956, 0.0 ], [ 117.455221527534292, 0.126986322697058, 0.0 ], [ 117.455205445590366, 0.127041462268672, 0.0 ], [ 117.455184454923582, 0.127094903198263, 0.0 ], [ 117.455158729095146, 0.127146203609565, 0.0 ], [ 117.455128480818971, 0.12719493932521, 0.0 ], [ 117.455076636331782, 0.12726385523092, 0.0 ], [ 117.455020466803489, 0.127329245760487, 0.0 ], [ 117.45496020813134, 0.127390836290543, 0.0 ], [ 117.454896113386084, 0.127448368156738, 0.0 ], [ 117.454675725387943, 0.127649969367538, 0.0 ], [ 117.454611433997897, 0.127717379153937, 0.0 ], [ 117.454447230579149, 0.12788954711607, 0.0 ], [ 117.454320452819829, 0.128047005199353, 0.0 ], [ 117.45430760435346, 0.128065265906951, 0.0 ], [ 117.4542975677887, 0.128085232726264, 0.0 ], [ 117.454290562077986, 0.128106470071421, 0.0 ], [ 117.454286740054343, 0.128128514639642, 0.0 ], [ 117.454288909312652, 0.128173094675021, 0.0 ] ] } },
{ "type": "Feature", "properties": { "Kl_Dat_Das": "Jalan non tol", "Nm_Ruas": "Jl. Pendidikan", "Thn_Data": 2015, "Status": "Jalan Kota", "Fungsi": "Jalan Lingkungan", "Mendukung": null, "Ura_Dukung": null, "Kd_Bd_PU": null, "Kd_Jns_Inf": null, "Kd_Inf": "001 00 K 295", "Propinsi": "Kalimantan Timur", "Kab_Kota": "Bontang", "Kecamatan": "Bontang Utara", "Desa_Kel": "Kanaan", "Tk_Ruas_Aw": "Jl. Pongtiku", "Tk_Ruas_Ak": "Sp. 4 Jl. Taman Siswa - Jl. Pendidikan 2", "Kd_Patok": null, "Km_Awal": 0.0, "Km_Akhir": 0.0, "Nm_Lintas": "-", "Kon_Baik": 0.2270502261, "Kon_Sdg": 0.0, "Kon_Rgn": 0.0, "Kon_Rusak": 0.0, "Kon_Mntp": 0.0, "Kon_T_Mntp": 0.0, "Panjang": 0.2270502261, "Lbr_Keras": 0.0, "LHRT": 0.0, "VCR": 0.0, "Tipe_Jln": 2, "MST": 0.0, "Tipe_Keras": "Beton", "Tanah_Kri": 0.0, "Macadam": 0.0, "Aspal": 0.0, "Rigid": 100.0, "Thn_Pen_Ak": 0, "Jns_Pen": null, "Koord_X_Aw": 550261.57228447404, "Koord_Y_Aw": 14214.972529258601, "Koord_X_Ak": 550466.63145332783, "Koord_Y_Ak": 14132.1109752096 }, "geometry": { "type": "LineString", "coordinates": [ [ 117.451684481201355, 0.128603290259463, 0.0 ], [ 117.451759826678355, 0.128592834821003, 0.0 ], [ 117.451886313995928, 0.128568613366234, 0.0 ], [ 117.452011410617359, 0.128537932995939, 0.0 ], [ 117.452276179664949, 0.128449076828168, 0.0 ], [ 117.452369460181103, 0.128419232272563, 0.0 ], [ 117.452464088632212, 0.128394053235795, 0.0 ], [ 117.452559834931975, 0.128373600939767, 0.0 ], [ 117.452656466276281, 0.128357925113426, 0.0 ], [ 117.452753747709039, 0.128347063871814, 0.0 ], [ 117.452807155708939, 0.12834616516157, 0.0 ], [ 117.452860097394648, 0.12833901880172, 0.0 ], [ 117.452911854127834, 0.128325721798085, 0.0 ], [ 117.452961723355003, 0.128306454646322, 0.0 ], [ 117.453009028143825, 0.128281478881769, 0.0 ], [ 117.453366795645223, 0.127972827584299, 0.0 ], [ 117.453441762728147, 0.127925887275054, 0.0 ], [ 117.45348218275096, 0.127895965335961, 0.0 ], [ 117.453527229717466, 0.127853606573922, 0.0 ] ] } },
{ "type": "Feature", "properties": { "Kl_Dat_Das": "Jalan non tol", "Nm_Ruas": "Jl. Lombok KCY", "Thn_Data": 2015, "Status": "Jalan Kota", "Fungsi": "Jalan Lingkungan", "Mendukung": null, "Ura_Dukung": null, "Kd_Bd_PU": null, "Kd_Jns_Inf": null, "Kd_Inf": "001 00 K 307", "Propinsi": "Kalimantan Timur", "Kab_Kota": "Bontang", "Kecamatan": "Bontang Utara", "Desa_Kel": "Api-api", "Tk_Ruas_Aw": "Sp. 3 Jl. Madura KCY - Jl. Flores KCY", "Tk_Ruas_Ak": "Buntu", "Kd_Patok": null, "Km_Awal": 0.0, "Km_Akhir": 0.0, "Nm_Lintas": "-", "Kon_Baik": 0.1328993516, "Kon_Sdg": 0.0, "Kon_Rgn": 0.0, "Kon_Rusak": 0.0, "Kon_Mntp": 0.0, "Kon_T_Mntp": 0.0, "Panjang": 0.1328993516, "Lbr_Keras": 0.0, "LHRT": 0.0, "VCR": 0.0, "Tipe_Jln": 2, "MST": 0.0, "Tipe_Keras": "Beton", "Tanah_Kri": 0.0, "Macadam": 0.0, "Aspal": 0.0, "Rigid": 100.0, "Thn_Pen_Ak": 0, "Jns_Pen": null, "Koord_X_Aw": 554249.22467318573, "Koord_Y_Aw": 14241.193229603001, "Koord_X_Ak": 554370.94041440135, "Koord_Y_Ak": 14193.5476028268 }, "geometry": { "type": "LineString", "coordinates": [ [ 117.487519388309934, 0.128839844810145, 0.0 ], [ 117.487890823246374, 0.128664852627583, 0.0 ], [ 117.487905736629799, 0.128660272287724, 0.0 ], [ 117.487921186894368, 0.12865816101885, 0.0 ], [ 117.487936773451125, 0.128658573561164, 0.0 ], [ 117.487952092177395, 0.128661499218384, 0.0 ], [ 117.487966745894795, 0.12866686213515, 0.0 ], [ 117.487980354666931, 0.128674523263608, 0.0 ], [ 117.48798669644755, 0.128677125128632, 0.0 ], [ 117.487993364320403, 0.128678696752408, 0.0 ], [ 117.488000194270754, 0.128679199476519, 0.0 ], [ 117.488007018297196, 0.128678620935071, 0.0 ], [ 117.488013668543942, 0.128676975358893, 0.0 ], [ 117.488019981429886, 0.128674303225484, 0.0 ], [ 117.488025801672194, 0.128670670263326, 0.0 ], [ 117.488030986105926, 0.128666165835107, 0.0 ], [ 117.48852733854882, 0.128448078892374, 0.0 ], [ 117.488613171544898, 0.128408774587163, 0.0 ] ] } },
{ "type": "Feature", "properties": { "Kl_Dat_Das": "Jalan non tol", "Nm_Ruas": "Jl. Sumatra KCY", "Thn_Data": 2015, "Status": "Jalan Kota", "Fungsi": "Jalan Lingkungan", "Mendukung": null, "Ura_Dukung": null, "Kd_Bd_PU": null, "Kd_Jns_Inf": null, "Kd_Inf": "001 00 K 313", "Propinsi": "Kalimantan Timur", "Kab_Kota": "Bontang", "Kecamatan": "Bontang Utara", "Desa_Kel": "Api-api", "Tk_Ruas_Aw": "Jl. Kalimantan KCY", "Tk_Ruas_Ak": "Buntu", "Kd_Patok": null, "Km_Awal": 0.0, "Km_Akhir": 0.0, "Nm_Lintas": "-", "Kon_Baik": 0.0529294219, "Kon_Sdg": 0.0, "Kon_Rgn": 0.0, "Kon_Rusak": 0.0, "Kon_Mntp": 0.0, "Kon_T_Mntp": 0.0, "Panjang": 0.0529294219, "Lbr_Keras": 0.0, "LHRT": 0.0, "VCR": 0.0, "Tipe_Jln": 2, "MST": 0.0, "Tipe_Keras": "Beton", "Tanah_Kri": 0.0, "Macadam": 0.0, "Aspal": 0.0, "Rigid": 100.0, "Thn_Pen_Ak": 0, "Jns_Pen": null, "Koord_X_Aw": 554635.91734131146, "Koord_Y_Aw": 14299.174496100701, "Koord_X_Ak": 554682.38076038158, "Koord_Y_Ak": 14273.8590633249 }, "geometry": { "type": "LineString", "coordinates": [ [ 117.490994388931284, 0.129364332921741, 0.0 ], [ 117.491050983082403, 0.129337956548575, 0.0 ], [ 117.491411925155731, 0.12913529661571, 0.0 ] ] } },
{ "type": "Feature", "properties": { "Kl_Dat_Das": "Jalan non tol", "Nm_Ruas": "Jl. Tomat", "Thn_Data": 2015, "Status": "Jalan Kota", "Fungsi": "Jalan Lingkungan", "Mendukung": null, "Ura_Dukung": null, "Kd_Bd_PU": null, "Kd_Jns_Inf": null, "Kd_Inf": "001 00 K 223", "Propinsi": "Kalimantan Timur", "Kab_Kota": "Bontang", "Kecamatan": "Bontang Utara", "Desa_Kel": "Gunung Elai", "Tk_Ruas_Aw": "Jl. Imam Bonjol", "Tk_Ruas_Ak": "Sp.3  Jl. Durian û Jl. Sawi", "Kd_Patok": null, "Km_Awal": 0.0, "Km_Akhir": 0.0, "Nm_Lintas": "-", "Kon_Baik": 0.4029710501, "Kon_Sdg": 0.0, "Kon_Rgn": 0.0, "Kon_Rusak": 0.0, "Kon_Mntp": 0.0, "Kon_T_Mntp": 0.0, "Panjang": 0.5139199492, "Lbr_Keras": 6.0, "LHRT": 0.0, "VCR": 0.0, "Tipe_Jln": 2, "MST": 0.0, "Tipe_Keras": "Beton", "Tanah_Kri": 0.0, "Macadam": 0.0, "Aspal": 0.0, "Rigid": 100.0, "Thn_Pen_Ak": 2013, "Jns_Pen": "Pembangunan", "Koord_X_Aw": 553353.09385604318, "Koord_Y_Aw": 14504.651702642401, "Koord_X_Ak": 552893.44647738151, "Koord_Y_Ak": 14485.452238559699 }, "geometry": { "type": "LineString", "coordinates": [ [ 117.479466400305213, 0.131223505961508, 0.000000000000227 ], [ 117.479022531724922, 0.131098050978402, 0.000000000000227 ], [ 117.478849230297087, 0.131047955199469, 0.000000000000227 ], [ 117.478400885704886, 0.130918353417905, 0.000000000000227 ], [ 117.478267540443554, 0.130879807653479, 0.000000000000227 ], [ 117.477408948613871, 0.13062716174888, 0.000000000000227 ], [ 117.477402032482402, 0.130625126634593, 0.000000000000227 ], [ 117.477047767051317, 0.130523507291059, 0.000000000000227 ], [ 117.476969117122621, 0.130506353021927, 0.000000000000227 ], [ 117.476889348620048, 0.130495644577881, 0.000000000000227 ], [ 117.476872585016054, 0.130494770013968, 0.000000000000227 ], [ 117.476808981894578, 0.130491451813166, 0.000000000000227 ], [ 117.476742869130931, 0.13049338345395, 0.000000000000227 ], [ 117.47672854119935, 0.130493802078355, 0.000000000000227 ], [ 117.476665809565802, 0.130500820428549, 0.000000000000227 ], [ 117.476201324470026, 0.130552786536409, 0.000000000000227 ], [ 117.476118389357467, 0.130561387544846, 0.000000000000227 ], [ 117.476052390387494, 0.13059283312668, 0.000000000000227 ], [ 117.476016726209778, 0.13064070760481, 0.000000000000227 ], [ 117.476004839517358, 0.130729274358267, 0.000000000000227 ], [ 117.475964424418422, 0.131011730540849, 0.000000000000227 ], [ 117.475912116809653, 0.131073967479609, 0.000000000000227 ], [ 117.475690993583044, 0.131088333848957, 0.000000000000227 ], [ 117.475457981536962, 0.131078763543518, 0.000000000000227 ], [ 117.475335795675164, 0.131049887771944, 0.000000000000227 ] ] } },
{ "type": "Feature", "properties": { "Kl_Dat_Das": "Jalan non tol", "Nm_Ruas": "Jl. Kacang Panjang", "Thn_Data": 2015, "Status": "Jalan Kota", "Fungsi": "Jalan Lingkungan", "Mendukung": null, "Ura_Dukung": null, "Kd_Bd_PU": null, "Kd_Jns_Inf": null, "Kd_Inf": "001 00 K 209", "Propinsi": "Kalimantan Timur", "Kab_Kota": "Bontang", "Kecamatan": "Bontang Barat", "Desa_Kel": "Gunung Telihan", "Tk_Ruas_Aw": "Jl. Ir. Simon Tampubolon", "Tk_Ruas_Ak": "Gg. Sukun 2", "Kd_Patok": null, "Km_Awal": 0.0, "Km_Akhir": 0.0, "Nm_Lintas": "-", "Kon_Baik": 0.320851128, "Kon_Sdg": 0.0, "Kon_Rgn": 0.0, "Kon_Rusak": 0.0, "Kon_Mntp": 0.0, "Kon_T_Mntp": 0.0, "Panjang": 0.320851128, "Lbr_Keras": 0.0, "LHRT": 0.0, "VCR": 0.0, "Tipe_Jln": 2, "MST": 0.0, "Tipe_Keras": "Beton", "Tanah_Kri": 0.0, "Macadam": 0.0, "Aspal": 0.0, "Rigid": 100.0, "Thn_Pen_Ak": 2013, "Jns_Pen": "Pembangunan", "Koord_X_Aw": 551662.30037794821, "Koord_Y_Aw": 14390.6954594608, "Koord_X_Ak": 551963.7456064811, "Koord_Y_Ak": 14424.468259938099 }, "geometry": { "type": "MultiLineString", "coordinates": [ [ [ 117.464272126477113, 0.130192830742936, 0.0 ], [ 117.464440536707968, 0.130093580822692, 0.0 ], [ 117.464490875011364, 0.130065989887049, 0.0 ], [ 117.464543890772191, 0.130044062906496, 0.0 ], [ 117.464598957473882, 0.130028059004205, 0.0 ], [ 117.464647962329011, 0.130018108781077, 0.0 ], [ 117.464697669062133, 0.130012743452335, 0.0 ], [ 117.464747655352795, 0.130012008602946, 0.0 ], [ 117.465185668515133, 0.130029974544739, 0.0 ], [ 117.465250390126187, 0.130038452824216, 0.0 ], [ 117.4653142241621, 0.130052146856225, 0.0 ], [ 117.465376756597294, 0.130070967821623, 0.0 ], [ 117.465437581848349, 0.130094793648029, 0.0 ], [ 117.465870600966184, 0.13027274181797, 0.0 ], [ 117.465956720058685, 0.130303339204943, 0.0 ], [ 117.46604037159824, 0.130340227974468, 0.0 ], [ 117.466121102811485, 0.130383208461712, 0.0 ], [ 117.46636242294106, 0.13053714804898, 0.0 ], [ 117.466390177495583, 0.130556529409749, 0.0 ], [ 117.466420439724899, 0.130571635138854, 0.0 ], [ 117.466452564418901, 0.130582143172625, 0.0 ], [ 117.466485866658516, 0.130587829473036, 0.0 ], [ 117.466519636418639, 0.130588572804661, 0.0 ], [ 117.466553153706343, 0.130584357319264, 0.0 ], [ 117.466555298318383, 0.130583987575991, 0.0 ] ], [ [ 117.466555298318326, 0.130583987576025, 0.0 ], [ 117.466645810365804, 0.130573730865867, 0.0 ], [ 117.466981061158322, 0.130498323268392, 0.0 ] ] ] } },
{ "type": "Feature", "properties": { "Kl_Dat_Das": "Jalan non tol", "Nm_Ruas": "Jl. Banjarmasin", "Thn_Data": 2015, "Status": "Jalan Kota", "Fungsi": "Jalan Lingkungan", "Mendukung": null, "Ura_Dukung": null, "Kd_Bd_PU": null, "Kd_Jns_Inf": null, "Kd_Inf": "001 00 K 210", "Propinsi": "Kalimantan Timur", "Kab_Kota": "Bontang", "Kecamatan": "Bontang Barat", "Desa_Kel": "Gunung Telihan", "Tk_Ruas_Aw": "Jl. Asmawarman", "Tk_Ruas_Ak": "Sp. 4 Jl. Damai - Gg. Damai 5", "Kd_Patok": null, "Km_Awal": 0.0, "Km_Akhir": 0.0, "Nm_Lintas": "-", "Kon_Baik": 0.4608903607, "Kon_Sdg": 0.0, "Kon_Rgn": 0.0, "Kon_Rusak": 0.0, "Kon_Mntp": 0.0, "Kon_T_Mntp": 0.0, "Panjang": 0.4608903607, "Lbr_Keras": 3.0, "LHRT": 0.0, "VCR": 0.0, "Tipe_Jln": 2, "MST": 0.0, "Tipe_Keras": "Beton", "Tanah_Kri": 0.0, "Macadam": 0.0, "Aspal": 0.0, "Rigid": 100.0, "Thn_Pen_Ak": 0, "Jns_Pen": null, "Koord_X_Aw": 550574.4578538863, "Koord_Y_Aw": 14581.673277784101, "Koord_X_Ak": 550920.3291956177, "Koord_Y_Ak": 14405.7535643969 }, "geometry": { "type": "LineString", "coordinates": [ [ 117.454496282777768, 0.131920791464032, 0.0 ], [ 117.455244468873573, 0.131828323702159, 0.0 ], [ 117.455914917625918, 0.131720794428023, 0.0 ], [ 117.456011674450494, 0.131694918936022, 0.0 ], [ 117.456107012893256, 0.131664166884678, 0.0 ], [ 117.456200690620591, 0.131628616440513, 0.0 ], [ 117.456242112099233, 0.131615585970957, 0.0 ], [ 117.456285096953422, 0.131609581775221, 0.0 ], [ 117.456287729738094, 0.131609653703361, 0.0 ], [ 117.456328477609063, 0.131610766941964, 0.0 ], [ 117.456371075741188, 0.131619109278873, 0.0 ], [ 117.45641173428011, 0.131634382187619, 0.0 ], [ 117.456744278475554, 0.131753123625252, 0.0 ], [ 117.456781279645071, 0.131762376302468, 0.0 ], [ 117.456819250783767, 0.131765827110688, 0.0 ], [ 117.456857299702108, 0.131763394968022, 0.0 ], [ 117.456894532382819, 0.131755137021474, 0.0 ], [ 117.456930073987607, 0.131741247304133, 0.0 ], [ 117.456963089412469, 0.131722052176057, 0.0 ], [ 117.456992802909923, 0.131698002656079, 0.0 ], [ 117.457018516316268, 0.131669663824112, 0.0 ], [ 117.45703962545609, 0.131637701544198, 0.0 ], [ 117.457261320733735, 0.131389865895872, 0.0 ], [ 117.457316096143174, 0.131330146965338, 0.0 ], [ 117.457366587108879, 0.13126671625041, 0.0 ], [ 117.457412546176442, 0.131199884623127, 0.0 ], [ 117.45745374810204, 0.131129979623024, 0.0 ], [ 117.457489990956461, 0.131057343852483, 0.0 ], [ 117.457521097114849, 0.130982333296941, 0.0 ], [ 117.457629718240526, 0.130780660749045, 0.0 ], [ 117.457634941233565, 0.130722948934484, 0.0 ], [ 117.457635284184917, 0.130664999104554, 0.0 ], [ 117.457630744623899, 0.130607228733401, 0.0 ], [ 117.457621355253863, 0.130550054002206, 0.0 ], [ 117.457607183716391, 0.130493886801199, 0.0 ], [ 117.457600965990807, 0.130448339904408, 0.0 ], [ 117.457598831370134, 0.130402415135855, 0.0 ], [ 117.457600797062909, 0.130356482724742, 0.0 ], [ 117.457604421369211, 0.130329184472419, 0.0 ] ] } },
{ "type": "Feature", "properties": { "Kl_Dat_Das": "Jalan non tol", "Nm_Ruas": "Jl. Surabaya 1", "Thn_Data": 2015, "Status": "Jalan Kota", "Fungsi": "Jalan Lingkungan", "Mendukung": null, "Ura_Dukung": null, "Kd_Bd_PU": null, "Kd_Jns_Inf": null, "Kd_Inf": "001 00 K 248", "Propinsi": "Kalimantan Timur", "Kab_Kota": "Bontang", "Kecamatan": "Bontang Barat", "Desa_Kel": "Gunung Telihan", "Tk_Ruas_Aw": "Jl. Asmawarman", "Tk_Ruas_Ak": "Jl. Pontianak  4", "Kd_Patok": null, "Km_Awal": 0.0, "Km_Akhir": 0.0, "Nm_Lintas": "-", "Kon_Baik": 0.4057497703, "Kon_Sdg": 0.0, "Kon_Rgn": 0.0, "Kon_Rusak": 0.0, "Kon_Mntp": 0.0, "Kon_T_Mntp": 0.0, "Panjang": 0.4057497703, "Lbr_Keras": 0.0, "LHRT": 0.0, "VCR": 0.0, "Tipe_Jln": 2, "MST": 0.0, "Tipe_Keras": "Beton", "Tanah_Kri": 0.0, "Macadam": 0.0, "Aspal": 0.0, "Rigid": 100.0, "Thn_Pen_Ak": 0, "Jns_Pen": null, "Koord_X_Aw": 550578.59198066464, "Koord_Y_Aw": 14639.9787208902, "Koord_X_Ak": 550271.68601290125, "Koord_Y_Ak": 14817.037802077901 }, "geometry": { "type": "LineString", "coordinates": [ [ 117.454533443642177, 0.13244828167575, 0.000000000000227 ], [ 117.453766642858454, 0.13251610380587, 0.000000000000227 ], [ 117.453286984920851, 0.132591107030862, 0.000000000000227 ], [ 117.452980142722254, 0.132639087375878, 0.000000000000227 ], [ 117.452955093865953, 0.132647133586318, 0.000000000000227 ], [ 117.452931743289355, 0.132659301103786, 0.000000000000227 ], [ 117.452910754459381, 0.132675244209338, 0.000000000000227 ], [ 117.452892723737918, 0.132694509906628, 0.000000000000227 ], [ 117.452878163437163, 0.132716550793589, 0.000000000000227 ], [ 117.452867487263234, 0.132740740616214, 0.000000000000227 ], [ 117.452860998561619, 0.132766392061967, 0.000000000000227 ], [ 117.452591738312648, 0.133466456971803, 0.000000000000227 ], [ 117.452455039492065, 0.133793320647669, 0.000000000000227 ], [ 117.452426002676134, 0.133862751246738, 0.000000000000227 ], [ 117.452400056379247, 0.133903753093421, 0.000000000000227 ], [ 117.45236917673175, 0.133941129813991, 0.000000000000227 ], [ 117.452333857717576, 0.13397428349009, 0.000000000000227 ], [ 117.452294664337956, 0.134002683759263, 0.000000000000227 ], [ 117.452252223572614, 0.134025876300257, 0.000000000000227 ], [ 117.452207214349642, 0.134043490100112, 0.000000000000227 ], [ 117.452160356685553, 0.134055243388786, 0.000000000000227 ], [ 117.452112400166115, 0.13406094814826, 0.000000000000227 ], [ 117.452064111955693, 0.134060513118698, 0.000000000000227 ], [ 117.452016264525128, 0.134053945259154, 0.000000000000227 ], [ 117.451775465894102, 0.134050191271456, 0.000000000000227 ] ] } },
{ "type": "Feature", "properties": { "Kl_Dat_Das": "Jalan non tol", "Nm_Ruas": "Jl. Sungai Mahakam", "Thn_Data": 2015, "Status": "Jalan Kota", "Fungsi": "Jalan Lingkungan", "Mendukung": null, "Ura_Dukung": null, "Kd_Bd_PU": null, "Kd_Jns_Inf": null, "Kd_Inf": "001 00 K 244", "Propinsi": "Kalimantan Timur", "Kab_Kota": "Bontang", "Kecamatan": "Bontang Selatan", "Desa_Kel": "Satimpo", "Tk_Ruas_Aw": "Jl. Kawasan PT. Badak Bontang", "Tk_Ruas_Ak": "Jl. Kawasan PT. Badak Bontang", "Kd_Patok": null, "Km_Awal": 0.0, "Km_Akhir": 0.0, "Nm_Lintas": "-", "Kon_Baik": 0.3453110074, "Kon_Sdg": 0.0, "Kon_Rgn": 0.0, "Kon_Rusak": 0.0, "Kon_Mntp": 0.0, "Kon_T_Mntp": 0.0, "Panjang": 0.3453110074, "Lbr_Keras": 0.0, "LHRT": 0.0, "VCR": 0.0, "Tipe_Jln": 2, "MST": 0.0, "Tipe_Keras": "Beton", "Tanah_Kri": 0.0, "Macadam": 0.0, "Aspal": 0.0, "Rigid": 100.0, "Thn_Pen_Ak": 0, "Jns_Pen": null, "Koord_X_Aw": 551402.41692847549, "Koord_Y_Aw": 14726.680278915899, "Koord_X_Ak": 551575.94023480115, "Koord_Y_Ak": 14615.883542837601 }, "geometry": { "type": "LineString", "coordinates": [ [ 117.461936746301802, 0.133232534364518, 0.0 ], [ 117.461700289452693, 0.133097227748317, 0.0 ], [ 117.461675302112596, 0.133080376504824, 0.0 ], [ 117.461653282453582, 0.133059752438707, 0.0 ], [ 117.461634786757415, 0.133035876575047, 0.0 ], [ 117.461620282280222, 0.13300935208884, 0.0 ], [ 117.461610135448012, 0.132980849067088, 0.0 ], [ 117.461604602599877, 0.132951087580574, 0.0 ], [ 117.461603823511894, 0.132920819492568, 0.0 ], [ 117.461607817866167, 0.132890809464654, 0.0 ], [ 117.461616484753407, 0.13286181563894, 0.0 ], [ 117.461629605222356, 0.132834570485412, 0.0 ], [ 117.461646847811068, 0.132809762297239, 0.0 ], [ 117.461707598000061, 0.132716082629646, 0.0 ], [ 117.461773994848912, 0.132626370769718, 0.0 ], [ 117.461803193534081, 0.132591636050686, 0.0 ], [ 117.461845783412059, 0.132540971185869, 0.0 ], [ 117.461922688041213, 0.132460211788464, 0.0 ], [ 117.462004413443921, 0.13238440267092, 0.0 ], [ 117.462090645817241, 0.1323138349189, 0.0 ], [ 117.462181054052806, 0.13224877949257, 0.0 ], [ 117.462277847519275, 0.132183475857559, 0.0 ], [ 117.462377923796794, 0.132123396401621, 0.0 ], [ 117.462481004955066, 0.132068707976154, 0.0 ], [ 117.462586804718725, 0.132019562460654, 0.0 ], [ 117.462695029262321, 0.131976096341028, 0.0 ], [ 117.462805378026403, 0.131938430330275, 0.0 ], [ 117.462991087566763, 0.13189911702842, 0.0 ], [ 117.463313330739382, 0.131805201154871, 0.0 ], [ 117.463322378711453, 0.131802012240169, 0.0 ], [ 117.463331823401646, 0.131800358873412, 0.0 ], [ 117.463341409540334, 0.131800285741582, 0.0 ], [ 117.463350878034746, 0.13180179482122, 0.0 ], [ 117.463359972971844, 0.131804845325147, 0.0 ], [ 117.463368448535036, 0.131809354804738, 0.0 ], [ 117.463376075648057, 0.131815201378557, 0.0 ], [ 117.463382648166473, 0.131822227026201, 0.0 ], [ 117.463387988449171, 0.131830241859529, 0.0 ], [ 117.463391952159853, 0.131839029254847, 0.0 ], [ 117.463394432167931, 0.131848351707729, 0.0 ], [ 117.463496090780993, 0.13223012512915, 0.0 ] ] } },
{ "type": "Feature", "properties": { "Kl_Dat_Das": "Jalan non tol", "Nm_Ruas": "Jl. Tenis", "Thn_Data": 2015, "Status": "Jalan Kota", "Fungsi": "Jalan Lingkungan", "Mendukung": null, "Ura_Dukung": null, "Kd_Bd_PU": null, "Kd_Jns_Inf": null, "Kd_Inf": "001 00 K 221", "Propinsi": "Kalimantan Timur", "Kab_Kota": "Bontang", "Kecamatan": "Bontang Utara", "Desa_Kel": "Api-api", "Tk_Ruas_Aw": "Jl. Imam Bonjol", "Tk_Ruas_Ak": "Buntu", "Kd_Patok": null, "Km_Awal": 0.0, "Km_Akhir": 0.0, "Nm_Lintas": "-", "Kon_Baik": 0.4824681036, "Kon_Sdg": 0.0, "Kon_Rgn": 0.0, "Kon_Rusak": 0.0, "Kon_Mntp": 0.0, "Kon_T_Mntp": 0.0, "Panjang": 0.4824681036, "Lbr_Keras": 6.0, "LHRT": 0.0, "VCR": 0.0, "Tipe_Jln": 2, "MST": 0.0, "Tipe_Keras": "Beton", "Tanah_Kri": 0.0, "Macadam": 0.0, "Aspal": 0.0, "Rigid": 100.0, "Thn_Pen_Ak": 0, "Jns_Pen": null, "Koord_X_Aw": 553760.51602728292, "Koord_Y_Aw": 14880.275568127599, "Koord_X_Ak": 553764.9248794273, "Koord_Y_Ak": 14883.585903609201 }, "geometry": { "type": "MultiLineString", "coordinates": [ [ [ 117.483127746021083, 0.134621700176855, 0.0 ], [ 117.48304944771472, 0.134565160317375, 0.0 ], [ 117.482947657080146, 0.134498321772206, 0.0 ], [ 117.482871378466157, 0.134452949295464, 0.0 ], [ 117.482843027188395, 0.134436085227777, 0.0 ], [ 117.482735856484155, 0.134378622734898, 0.0 ], [ 117.482735763183257, 0.134378572709059, 0.0 ], [ 117.482626075373219, 0.134325896979038, 0.0 ], [ 117.48246065886967, 0.134238825855514, 0.0 ], [ 117.482379550490265, 0.134192053541833, 0.0 ], [ 117.482298686624432, 0.134145422229193, 0.0 ], [ 117.482140397711404, 0.13404582396485, 0.0 ], [ 117.481921060372073, 0.13389151089057, 0.0 ], [ 117.48172368076672, 0.13375264599904, 0.0 ], [ 117.481641085876575, 0.133684285333562, 0.0 ], [ 117.481592178945391, 0.133647883447001, 0.0 ], [ 117.481555108214522, 0.133620291354639, 0.0 ], [ 117.481465975319978, 0.13356083342218, 0.0 ], [ 117.481418703061138, 0.133532709792346, 0.0 ], [ 117.481373923082614, 0.133506068891491, 0.0 ], [ 117.481279195118162, 0.13345614269689, 0.0 ], [ 117.481245217946324, 0.133440420397052, 0.0 ], [ 117.481182042123663, 0.133411186968012, 0.0 ], [ 117.480954591575795, 0.133307109266906, 0.0 ], [ 117.480633706110197, 0.133160277242639, 0.0 ], [ 117.480351967096482, 0.133016685526737, 0.0 ], [ 117.480103474241176, 0.13289003810954, 0.0 ], [ 117.480066755031217, 0.132871323715147, 0.0 ], [ 117.480005272788986, 0.132839209348175, 0.0 ], [ 117.479941362185272, 0.132812325951926, 0.0 ], [ 117.479875461422722, 0.132790857852393, 0.0 ], [ 117.47980802234953, 0.13277495224561, 0.0 ], [ 117.479739507361302, 0.132764718188514, 0.0 ], [ 117.479694813147916, 0.132761813411291, 0.0 ] ], [ [ 117.48350633339696, 0.134891296177999, 0.0 ], [ 117.483243718862397, 0.134712110451401, 0.0 ], [ 117.483167366542204, 0.134651647956362, 0.0 ] ] ] } },
{ "type": "Feature", "properties": { "Kl_Dat_Das": "Jalan non tol", "Nm_Ruas": "Jl. Tarakan", "Thn_Data": 2015, "Status": "Jalan Kota", "Fungsi": "Jalan Lokal", "Mendukung": null, "Ura_Dukung": null, "Kd_Bd_PU": null, "Kd_Jns_Inf": null, "Kd_Inf": "001 00 K 216", "Propinsi": "Kalimantan Timur", "Kab_Kota": "Bontang", "Kecamatan": "Bontang Barat", "Desa_Kel": "Gunung Telihan", "Tk_Ruas_Aw": "Jl. Asmawarman", "Tk_Ruas_Ak": "Jl. Damai", "Kd_Patok": null, "Km_Awal": 0.0, "Km_Akhir": 0.0, "Nm_Lintas": "-", "Kon_Baik": 0.7881023609, "Kon_Sdg": 0.0, "Kon_Rgn": 0.0, "Kon_Rusak": 0.0, "Kon_Mntp": 0.0, "Kon_T_Mntp": 0.0, "Panjang": 0.7881023609, "Lbr_Keras": 4.0, "LHRT": 0.0, "VCR": 0.0, "Tipe_Jln": 2, "MST": 0.0, "Tipe_Keras": "Beton", "Tanah_Kri": 0.0, "Macadam": 0.0, "Aspal": 0.0, "Rigid": 100.0, "Thn_Pen_Ak": 0, "Jns_Pen": null, "Koord_X_Aw": 550603.45227471646, "Koord_Y_Aw": 14980.0954904426, "Koord_X_Ak": 551132.4602703955, "Koord_Y_Ak": 14453.5377036929 }, "geometry": { "type": "LineString", "coordinates": [ [ 117.454756907071854, 0.13552532291187, 0.0 ], [ 117.454766326113841, 0.135523797060425, 0.0 ], [ 117.454887344530079, 0.135497493941256, 0.0 ], [ 117.455006806149598, 0.135464763326184, 0.0 ], [ 117.455124374401777, 0.135425697430659, 0.0 ], [ 117.45523971805045, 0.135380406319033, 0.0 ], [ 117.455276849267733, 0.135363489420982, 0.0 ], [ 117.455352512127106, 0.135329017594635, 0.0 ], [ 117.455462438846368, 0.13527167604005, 0.0 ], [ 117.455569188501386, 0.135208543209368, 0.0 ], [ 117.45560775859667, 0.135182894039392, 0.0 ], [ 117.455676459532057, 0.135137207816728, 0.0 ], [ 117.455780675842178, 0.135061421894878, 0.0 ], [ 117.4558816553659, 0.134981317842094, 0.0 ], [ 117.45597922169209, 0.134897035600332, 0.0 ], [ 117.456073204372416, 0.134808722411083, 0.0 ], [ 117.456163439219253, 0.134716532557636, 0.0 ], [ 117.456226910334479, 0.134655542657401, 0.0 ], [ 117.45630258274393, 0.13458282843714, 0.0 ], [ 117.456318009670298, 0.134568004580937, 0.0 ], [ 117.456476540991616, 0.134423769922496, 0.0 ], [ 117.456638915563843, 0.134283935593899, 0.0 ], [ 117.456849204109915, 0.134102616865426, 0.0 ], [ 117.457023964237393, 0.133951932085299, 0.0 ], [ 117.457060173492536, 0.133926248141348, 0.0 ], [ 117.457191949537275, 0.133832776775827, 0.0 ], [ 117.457249703987998, 0.133791220391497, 0.0 ], [ 117.457310066885, 0.133753608358337, 0.0 ], [ 117.457342674628904, 0.133736186805518, 0.0 ], [ 117.457372772862783, 0.133720106025079, 0.0 ], [ 117.45743754625525, 0.133690860673479, 0.0 ], [ 117.45750410230761, 0.133666000870898, 0.0 ], [ 117.457585750968789, 0.133638234116296, 0.0 ], [ 117.457665370272849, 0.133605027383873, 0.0 ], [ 117.457742603064418, 0.133566529632248, 0.0 ], [ 117.4578171028935, 0.133522913554437, 0.0 ], [ 117.457888535569623, 0.133474374803154, 0.0 ], [ 117.457954227478837, 0.133425995388172, 0.0 ], [ 117.458017106887439, 0.133373965943824, 0.0 ], [ 117.458076973949247, 0.133318451832627, 0.0 ], [ 117.458082531566461, 0.13331268257, 0.0 ], [ 117.458133638392098, 0.13325962949215, 0.0 ], [ 117.4584012447486, 0.132980656449727, 0.0 ], [ 117.458575706723664, 0.132763010683347, 0.0 ], [ 117.458642017526842, 0.132690074435119, 0.0 ], [ 117.458713374191035, 0.132622135828594, 0.0 ], [ 117.458789406064568, 0.132559547760603, 0.0 ], [ 117.458864309293844, 0.132498953093772, 0.0 ], [ 117.458895563867742, 0.132470619363926, 0.0 ], [ 117.45893571515289, 0.132434220350359, 0.0 ], [ 117.459003398387168, 0.132365553734317, 0.0 ], [ 117.459067145485392, 0.132293169859425, 0.0 ], [ 117.459126755353111, 0.13221729706566, 0.0 ], [ 117.459182039947052, 0.132138174698996, 0.0 ], [ 117.459385692411701, 0.131764515691991, 0.0 ], [ 117.459404289778178, 0.131733428303893, 0.0 ], [ 117.45941872751105, 0.131700176276864, 0.0 ], [ 117.459428761991418, 0.131665320697725, 0.0 ], [ 117.459434223899947, 0.131629449711116, 0.0 ], [ 117.459435021073716, 0.131593168595507, 0.0 ], [ 117.459430069063671, 0.131525505183512, 0.0 ], [ 117.459429437101036, 0.131457661344657, 0.0 ], [ 117.459433127787094, 0.131389916337905, 0.0 ], [ 117.459436442280364, 0.131338419266641, 0.0 ], [ 117.459446447229439, 0.131182973041482, 0.0 ], [ 117.459465116582862, 0.131022889496342, 0.0 ], [ 117.459490280499466, 0.130863709677436, 0.0 ], [ 117.459510741063255, 0.130761453611909, 0.0 ] ] } },
{ "type": "Feature", "properties": { "Kl_Dat_Das": "Jalan non tol", "Nm_Ruas": "Jl. Surabaya 2", "Thn_Data": 2015, "Status": "Jalan Kota", "Fungsi": "Jalan Lingkungan", "Mendukung": null, "Ura_Dukung": null, "Kd_Bd_PU": null, "Kd_Jns_Inf": null, "Kd_Inf": "001 00 K 211", "Propinsi": "Kalimantan Timur", "Kab_Kota": "Bontang", "Kecamatan": "Bontang Barat", "Desa_Kel": "Gunung Telihan", "Tk_Ruas_Aw": "Jl. Surabaya 1", "Tk_Ruas_Ak": "Buntu", "Kd_Patok": null, "Km_Awal": 0.0, "Km_Akhir": 0.0, "Nm_Lintas": "-", "Kon_Baik": 0.3862532301, "Kon_Sdg": 0.0, "Kon_Rgn": 0.0, "Kon_Rusak": 0.0, "Kon_Mntp": 0.0, "Kon_T_Mntp": 0.0, "Panjang": 0.3862532301, "Lbr_Keras": 0.0, "LHRT": 0.0, "VCR": 0.0, "Tipe_Jln": 2, "MST": 0.0, "Tipe_Keras": "Beton", "Tanah_Kri": 0.0, "Macadam": 0.0, "Aspal": 0.0, "Rigid": 100.0, "Thn_Pen_Ak": 0, "Jns_Pen": null, "Koord_X_Aw": 550308.50061799679, "Koord_Y_Aw": 14444.016699723899, "Koord_X_Ak": 550271.68601290602, "Koord_Y_Ak": 14817.0378020685 }, "geometry": { "type": "LineString", "coordinates": [ [ 117.452106238886358, 0.130675452150179, 0.0 ], [ 117.452125766459005, 0.130785468554166, 0.0 ], [ 117.452141053157689, 0.130896162944385, 0.0 ], [ 117.452152076110195, 0.131007369698555, 0.0 ], [ 117.452185229149791, 0.131271925195387, 0.0 ], [ 117.452204816414735, 0.131426576823373, 0.0 ], [ 117.452219405812514, 0.131581787150113, 0.0 ], [ 117.45222898195982, 0.131737392520066, 0.0 ], [ 117.452233534759358, 0.131893228861231, 0.0 ], [ 117.452233059410574, 0.132049131858023, 0.0 ], [ 117.452233062509492, 0.132220521508369, 0.0 ], [ 117.452232512971833, 0.132270384816481, 0.0 ], [ 117.452225903307294, 0.132319805230201, 0.0 ], [ 117.452213332974296, 0.132368039099385, 0.0 ], [ 117.452194991124017, 0.132414360628143, 0.0 ], [ 117.452149324532442, 0.132511421081897, 0.0 ], [ 117.452097780134949, 0.132605450970712, 0.0 ], [ 117.452040555450793, 0.132696089969501, 0.0 ], [ 117.451938107945665, 0.132847204580339, 0.0 ], [ 117.451897339077092, 0.132909649712736, 0.0 ], [ 117.451862114011163, 0.132975424977406, 0.0 ], [ 117.45183269920237, 0.133044032827822, 0.0 ], [ 117.451809317154527, 0.133114954290774, 0.0 ], [ 117.451792144737539, 0.133187652892029, 0.0 ], [ 117.451781311849558, 0.13326157871456, 0.0 ], [ 117.451775465894158, 0.134050191271371, 0.0 ] ] } },
{ "type": "Feature", "properties": { "Kl_Dat_Das": "Jalan non tol", "Nm_Ruas": "Jl. Denpasar", "Thn_Data": 2015, "Status": "Jalan Kota", "Fungsi": "Jalan Lingkungan", "Mendukung": null, "Ura_Dukung": null, "Kd_Bd_PU": null, "Kd_Jns_Inf": null, "Kd_Inf": "001 00 K 138", "Propinsi": "Kalimantan Timur", "Kab_Kota": "Bontang", "Kecamatan": "Bontang Barat", "Desa_Kel": "Gunung Telihan", "Tk_Ruas_Aw": "Jl. Letjen S. Parman", "Tk_Ruas_Ak": "Jl. Tarakan", "Kd_Patok": null, "Km_Awal": 0.0, "Km_Akhir": 0.0, "Nm_Lintas": "-", "Kon_Baik": 0.9206479226, "Kon_Sdg": 0.0, "Kon_Rgn": 0.0, "Kon_Rusak": 0.0, "Kon_Mntp": 0.0, "Kon_T_Mntp": 0.0, "Panjang": 0.9206479226, "Lbr_Keras": 4.3, "LHRT": 0.0, "VCR": 0.0, "Tipe_Jln": 2, "MST": 0.0, "Tipe_Keras": "Beton", "Tanah_Kri": 0.0, "Macadam": 0.0, "Aspal": 0.0, "Rigid": 100.0, "Thn_Pen_Ak": 2011, "Jns_Pen": "Perbaikan / penebalan", "Koord_X_Aw": 550836.28227056889, "Koord_Y_Aw": 14822.8430654319, "Koord_X_Ak": 551263.99763786385, "Koord_Y_Ak": 15539.845279381299 }, "geometry": { "type": "LineString", "coordinates": [ [ 117.456849204109858, 0.134102616865448, 0.000000000000227 ], [ 117.457097118757346, 0.13440408403244, 0.000000000000227 ], [ 117.457165054766392, 0.134483251589586, 0.000000000000227 ], [ 117.457227918430931, 0.134566557844437, 0.000000000000227 ], [ 117.457256547705143, 0.134609900450414, 0.000000000000227 ], [ 117.457285461601487, 0.134653673952016, 0.000000000000227 ], [ 117.457333824750563, 0.134737928012441, 0.000000000000227 ], [ 117.457337457130748, 0.134744256028227, 0.000000000000227 ], [ 117.457383699770844, 0.134837946507446, 0.000000000000227 ], [ 117.457492342510832, 0.135066840917887, 0.000000000000227 ], [ 117.457570169237442, 0.135230810466794, 0.000000000000227 ], [ 117.457650354385919, 0.135399748854127, 0.000000000000227 ], [ 117.457696314681016, 0.135527004963592, 0.000000000000227 ], [ 117.457701115339546, 0.135542362933961, 0.000000000000227 ], [ 117.457736688793588, 0.135656167329387, 0.000000000000227 ], [ 117.457752682796354, 0.135716447419099, 0.000000000000227 ], [ 117.457771399078069, 0.135786987552308, 0.000000000000227 ], [ 117.45780037878113, 0.135919214044293, 0.000000000000227 ], [ 117.457813824826431, 0.135996538362804, 0.000000000000227 ], [ 117.457823572170255, 0.136052592513977, 0.000000000000227 ], [ 117.457829491476673, 0.136118502020452, 0.000000000000227 ], [ 117.457854045814429, 0.136391906317158, 0.000000000000227 ], [ 117.457859705801752, 0.136437484203896, 0.000000000000227 ], [ 117.457878756655646, 0.136590894005337, 0.000000000000227 ], [ 117.457888561168716, 0.136662768923657, 0.000000000000227 ], [ 117.457903196675048, 0.136733806506243, 0.000000000000227 ], [ 117.457905872615925, 0.136743444851447, 0.000000000000227 ], [ 117.457922595452942, 0.13680367804568, 0.000000000000227 ], [ 117.457946667739861, 0.136872060230076, 0.000000000000227 ], [ 117.457975302147247, 0.136938636638831, 0.000000000000227 ], [ 117.458097413137367, 0.137204306669503, 0.000000000000227 ], [ 117.458096577575475, 0.137219433609914, 0.000000000000227 ], [ 117.458093534898808, 0.137234271025306, 0.000000000000227 ], [ 117.458088351666348, 0.137248494345613, 0.000000000000227 ], [ 117.458083178523694, 0.137258035129037, 0.000000000000227 ], [ 117.458096605009914, 0.137279902166313, 0.000000000000227 ], [ 117.458140759732274, 0.137338234735296, 0.000000000000227 ], [ 117.458190345935009, 0.137391962322113, 0.000000000000227 ], [ 117.458244892473672, 0.137440574433413, 0.000000000000227 ], [ 117.458303881073448, 0.13748360918072, 0.000000000000227 ], [ 117.45836675125328, 0.137520657668915, 0.000000000000227 ], [ 117.45839536435426, 0.137538740573348, 0.000000000000227 ], [ 117.458749920409005, 0.137762812854987, 0.000000000000227 ], [ 117.459224203504846, 0.138062550174936, 0.000000000000227 ], [ 117.459801457644744, 0.138469500867245, 0.000000000000227 ], [ 117.460049488626154, 0.138644356894872, 0.000000000000227 ], [ 117.460146784835857, 0.13870859518687, 0.000000000000227 ], [ 117.460296981277224, 0.13880776002128, 0.000000000000227 ], [ 117.460296168565378, 0.138808642709705, 0.000000000000227 ], [ 117.460290612776703, 0.138817094479805, 0.000000000000227 ], [ 117.46028649191156, 0.138826341391848, 0.000000000000227 ], [ 117.460283915056621, 0.138836138663294, 0.000000000000227 ], [ 117.460282950425963, 0.138846226942633, 0.000000000000227 ], [ 117.460283623554815, 0.138856339175106, 0.000000000000227 ], [ 117.460285916624571, 0.138866207671754, 0.000000000000227 ], [ 117.460289768933308, 0.138875571195399, 0.000000000000227 ], [ 117.460295078503691, 0.13888418187662, 0.000000000000227 ], [ 117.460463779445732, 0.139255046993526, 0.000000000000227 ], [ 117.460469707156221, 0.139258442121957, 0.000000000000227 ], [ 117.46046726612532, 0.139284451905439, 0.000000000000227 ], [ 117.460469729786936, 0.139319502791409, 0.000000000000227 ], [ 117.460477873459581, 0.139353671495712, 0.000000000000227 ], [ 117.460539070324543, 0.13950294684372, 0.000000000000227 ], [ 117.460552789604094, 0.139536411795234, 0.000000000000227 ], [ 117.460553534864516, 0.139541284367226, 0.000000000000227 ], [ 117.460555059474473, 0.139545969345704, 0.000000000000227 ], [ 117.460557322610612, 0.139550341285485, 0.000000000000227 ], [ 117.460560263675234, 0.139554283123459, 0.000000000000227 ], [ 117.460563803918618, 0.139557689313108, 0.000000000000227 ], [ 117.46056784854683, 0.139560468650188, 0.000000000000227 ], [ 117.460572289261336, 0.13956254671541, 0.000000000000227 ], [ 117.460577007157198, 0.139563867866229, 0.000000000000227 ], [ 117.460581875908346, 0.139564396727621, 0.000000000000227 ], [ 117.460586765148832, 0.13956411913864, 0.000000000000227 ], [ 117.460591543964611, 0.139563042532302, 0.000000000000227 ], [ 117.460596084397807, 0.13956119573561, 0.000000000000227 ], [ 117.460791589162227, 0.139509663169122, 0.000000000000455 ], [ 117.46073717571835, 0.14018829545995, 0.000000000000455 ], [ 117.460692984737989, 0.14058927681441, 0.000000000000455 ] ] } },
{ "type": "Feature", "properties": { "Kl_Dat_Das": "Jalan non tol", "Nm_Ruas": "Jl. Pontianak 3", "Thn_Data": 2015, "Status": "Jalan Kota", "Fungsi": "Jalan Lingkungan", "Mendukung": null, "Ura_Dukung": null, "Kd_Bd_PU": null, "Kd_Jns_Inf": null, "Kd_Inf": "001 00 K 103", "Propinsi": "Kalimantan Timur", "Kab_Kota": "Bontang", "Kecamatan": "Bontang Barat", "Desa_Kel": "Gunung Telihan", "Tk_Ruas_Aw": "Jl. Pontianak", "Tk_Ruas_Ak": "Buntu", "Kd_Patok": null, "Km_Awal": 0.0, "Km_Akhir": 0.0, "Nm_Lintas": "-", "Kon_Baik": 0.185197029, "Kon_Sdg": 0.0, "Kon_Rgn": 0.0, "Kon_Rusak": 0.0, "Kon_Mntp": 0.0, "Kon_T_Mntp": 0.0, "Panjang": 0.185197029, "Lbr_Keras": 0.0, "LHRT": 0.0, "VCR": 0.0, "Tipe_Jln": 2, "MST": 0.0, "Tipe_Keras": "Beton", "Tanah_Kri": 0.0, "Macadam": 0.0, "Aspal": 0.0, "Rigid": 100.0, "Thn_Pen_Ak": 0, "Jns_Pen": null, "Koord_X_Aw": 117.45268043590001, "Koord_Y_Aw": 0.1362221001, "Koord_X_Ak": 117.4525523515, "Koord_Y_Ak": 0.134551653 }, "geometry": { "type": "LineString", "coordinates": [ [ 117.452680435935989, 0.136222100127792, 0.0 ], [ 117.452635155652544, 0.13563767676324, 0.0 ], [ 117.452630592945454, 0.13557001874001, 0.0 ], [ 117.452602113132315, 0.135147706101688, 0.0 ], [ 117.452590552396629, 0.134976277734453, 0.0 ], [ 117.452570063840838, 0.134748535687849, 0.0 ], [ 117.452552351514299, 0.134551652953905, 0.0 ] ] } },
{ "type": "Feature", "properties": { "Kl_Dat_Das": "Jalan non tol", "Nm_Ruas": "Jl. Pontianak 4", "Thn_Data": 2015, "Status": "Jalan Kota", "Fungsi": "Jalan Lingkungan", "Mendukung": null, "Ura_Dukung": null, "Kd_Bd_PU": null, "Kd_Jns_Inf": null, "Kd_Inf": "001 00 K 249", "Propinsi": "Kalimantan Timur", "Kab_Kota": "Bontang", "Kecamatan": "Bontang Barat", "Desa_Kel": "Gunung Telihan", "Tk_Ruas_Aw": "Jl. Pontianak", "Tk_Ruas_Ak": "Jl. Surabaya 1", "Kd_Patok": null, "Km_Awal": 0.0, "Km_Akhir": 0.0, "Nm_Lintas": "-", "Kon_Baik": 0.2332115314, "Kon_Sdg": 0.0, "Kon_Rgn": 0.0, "Kon_Rusak": 0.0, "Kon_Mntp": 0.0, "Kon_T_Mntp": 0.0, "Panjang": 0.2332115314, "Lbr_Keras": 0.0, "LHRT": 0.0, "VCR": 0.0, "Tipe_Jln": 2, "MST": 0.0, "Tipe_Keras": "Beton", "Tanah_Kri": 0.0, "Macadam": 0.0, "Aspal": 0.0, "Rigid": 100.0, "Thn_Pen_Ak": 0, "Jns_Pen": null, "Koord_X_Aw": 550271.68601290602, "Koord_Y_Aw": 14817.0378020685, "Koord_X_Ak": 550298.49503373634, "Koord_Y_Ak": 15048.069387100601 }, "geometry": { "type": "LineString", "coordinates": [ [ 117.451775465894158, 0.134050191271371, 0.0 ], [ 117.451774215626585, 0.1342188523893, 0.0 ], [ 117.45178450533767, 0.134313689218485, 0.0 ], [ 117.451789981157958, 0.134350792391489, 0.0 ], [ 117.451798432069182, 0.134408054242576, 0.0 ], [ 117.451815974965569, 0.134501806148903, 0.0 ], [ 117.451836997663264, 0.134562440195042, 0.0 ], [ 117.451838384123562, 0.134567655178342, 0.0 ], [ 117.451853491124055, 0.134624478120527, 0.0 ], [ 117.451865364322359, 0.134687577545065, 0.0 ], [ 117.451872551731356, 0.134751390230094, 0.0 ], [ 117.451876782984414, 0.134794315997633, 0.0 ], [ 117.451917129885217, 0.135203632359186, 0.0 ], [ 117.451926703477938, 0.135300755721683, 0.0 ], [ 117.451967539655868, 0.135620691285866, 0.0 ], [ 117.45201232369736, 0.135971556686814, 0.0 ], [ 117.452021899224761, 0.136075647818926, 0.0 ], [ 117.452022084555352, 0.136105208236164, 0.0 ], [ 117.45201808822209, 0.136134494179853, 0.0 ], [ 117.452016423527752, 0.136140336417923, 0.0 ] ] } },
{ "type": "Feature", "properties": { "Kl_Dat_Das": "Jalan non tol", "Nm_Ruas": "Jl. Pontianak 8", "Thn_Data": 2015, "Status": "Jalan Kota", "Fungsi": "Jalan Lingkungan", "Mendukung": null, "Ura_Dukung": null, "Kd_Bd_PU": null, "Kd_Jns_Inf": null, "Kd_Inf": "001 00 K 101", "Propinsi": "Kalimantan Timur", "Kab_Kota": "Bontang", "Kecamatan": "Bontang Barat", "Desa_Kel": "Gunung Telihan", "Tk_Ruas_Aw": "Jl. Ir. Soekarno Hatta", "Tk_Ruas_Ak": "Jl. Pontianak 6", "Kd_Patok": null, "Km_Awal": 0.0, "Km_Akhir": 0.0, "Nm_Lintas": "-", "Kon_Baik": 0.2072032083, "Kon_Sdg": 0.0, "Kon_Rgn": 0.0, "Kon_Rusak": 0.0, "Kon_Mntp": 0.0, "Kon_T_Mntp": 0.0, "Panjang": 0.2232039798, "Lbr_Keras": 0.0, "LHRT": 0.0, "VCR": 0.0, "Tipe_Jln": 2, "MST": 0.0, "Tipe_Keras": "Beton", "Tanah_Kri": 0.0, "Macadam": 0.0, "Aspal": 0.0, "Rigid": 100.0, "Thn_Pen_Ak": 0, "Jns_Pen": null, "Koord_X_Aw": 117.44848522629999, "Koord_Y_Aw": 0.1354782694, "Koord_X_Ak": 117.4504221107, "Koord_Y_Ak": 0.1350373403 }, "geometry": { "type": "LineString", "coordinates": [ [ 117.448485226342967, 0.135478269415677, 0.0 ], [ 117.448684450906427, 0.135387992753774, 0.0 ], [ 117.449023633994699, 0.135314083559139, 0.0 ], [ 117.4493910205654, 0.135320986629948, 0.0 ], [ 117.449829462560388, 0.135247751302076, 0.0 ], [ 117.45042211070313, 0.135037340306632, 0.0 ] ] } },
{ "type": "Feature", "properties": { "Kl_Dat_Das": "Jalan non tol", "Nm_Ruas": "Jl. Pontianak", "Thn_Data": 2015, "Status": "Jalan Kota", "Fungsi": "Jalan Lokal", "Mendukung": null, "Ura_Dukung": null, "Kd_Bd_PU": null, "Kd_Jns_Inf": null, "Kd_Inf": "001 00 K 098", "Propinsi": "Kalimantan Timur", "Kab_Kota": "Bontang", "Kecamatan": "Bontang Barat", "Desa_Kel": "Gunung Telihan", "Tk_Ruas_Aw": "Jl. Ir. Soekarno Hatta", "Tk_Ruas_Ak": "Jl. Asmawarman", "Kd_Patok": null, "Km_Awal": 0.0, "Km_Akhir": 0.0, "Nm_Lintas": "-", "Kon_Baik": 0.7046860241, "Kon_Sdg": 0.0, "Kon_Rgn": 0.0, "Kon_Rusak": 0.0, "Kon_Mntp": 0.0, "Kon_T_Mntp": 0.0, "Panjang": 0.7046860241, "Lbr_Keras": 6.0, "LHRT": 0.0, "VCR": 0.0, "Tipe_Jln": 2, "MST": 0.0, "Tipe_Keras": "Beton", "Tanah_Kri": 0.0, "Macadam": 0.0, "Aspal": 0.0, "Rigid": 100.0, "Thn_Pen_Ak": 2016, "Jns_Pen": "Peningkatan", "Koord_X_Aw": 117.4488349824, "Koord_Y_Aw": 0.1374361991, "Koord_X_Ak": 117.4547862642, "Koord_Y_Ak": 0.1361411931 }, "geometry": { "type": "MultiLineString", "coordinates": [ [ [ 117.45478626421567, 0.136141193099557, 0.0 ], [ 117.453965989358551, 0.136221125011169, 0.0 ], [ 117.45365535364536, 0.136251394989535, 0.0 ], [ 117.453614590401344, 0.136242174910153, 0.0 ], [ 117.453574964484488, 0.136228845444841, 0.0 ], [ 117.453536883507866, 0.136211543707485, 0.0 ], [ 117.453450729376272, 0.13619265734154, 0.0 ], [ 117.453363683200735, 0.136178511527464, 0.0 ], [ 117.453276002149593, 0.136169148057741, 0.0 ], [ 117.453237177477291, 0.136167833600277, 0.0 ], [ 117.453186441254502, 0.136166115862404, 0.0 ], [ 117.453096844890936, 0.136167775401936, 0.0 ], [ 117.453093630857893, 0.136168003602999, 0.0 ], [ 117.453007455397724, 0.13617412218772, 0.0 ], [ 117.452918514554085, 0.136185139053365, 0.0 ], [ 117.452830262925886, 0.136200796200742, 0.0 ], [ 117.452757825048991, 0.136212794785339, 0.0 ], [ 117.45274844263858, 0.136214348884522, 0.0 ], [ 117.452680435935989, 0.136222100127792, 0.0 ], [ 117.452666048652134, 0.136223739956347, 0.0 ], [ 117.452583289679794, 0.136228945627529, 0.0 ], [ 117.452408231638913, 0.136233777359686, 0.0 ], [ 117.452372509081428, 0.136236017911029, 0.0 ], [ 117.452336841142468, 0.136233022575065, 0.0 ], [ 117.452301981016689, 0.136224854603812, 0.0 ], [ 117.452268664840332, 0.136211686479134, 0.0 ], [ 117.452016423527752, 0.136140336417923, 0.0 ], [ 117.451920825296881, 0.136113295090152, 0.0 ], [ 117.451865360624794, 0.136100111624795, 0.0 ], [ 117.451809051631642, 0.136091271084186, 0.0 ], [ 117.451752233317791, 0.136086826063666, 0.0 ], [ 117.45169524371363, 0.136086803008178, 0.0 ], [ 117.451561588982131, 0.136096354612698, 0.0 ], [ 117.451326767419346, 0.136113136079935, 0.0 ], [ 117.451255213543831, 0.136117992847182, 0.0 ], [ 117.451251564863114, 0.136118487654542, 0.0 ], [ 117.45118413916336, 0.136127631434458, 0.0 ], [ 117.451113859223312, 0.136142009131302, 0.0 ], [ 117.451044685148801, 0.136161062227331, 0.0 ], [ 117.450976923464594, 0.136184706294432, 0.0 ], [ 117.450559357516454, 0.136352866990088, 0.0 ], [ 117.450402072703696, 0.136432859107487, 0.0 ], [ 117.450122089456869, 0.136575253357853, 0.0 ], [ 117.449865496082566, 0.136705751957543, 0.0 ], [ 117.449635591599076, 0.13683836114596, 0.0 ], [ 117.449503262314764, 0.136929105806197, 0.0 ] ], [ [ 117.44948993392633, 0.136938245733889, 0.0 ], [ 117.449399792793187, 0.137000059916797, 0.0 ], [ 117.449203606314583, 0.137140088168262, 0.0 ], [ 117.449167047526018, 0.137166182032291, 0.0 ], [ 117.448937437657776, 0.137336669065318, 0.0 ], [ 117.44883498239534, 0.137436199127191, 0.0 ] ] ] } },
{ "type": "Feature", "properties": { "Kl_Dat_Das": "Jalan non tol", "Nm_Ruas": "Jl. Pontianak 1", "Thn_Data": 2015, "Status": "Jalan Kota", "Fungsi": "Jalan Lingkungan", "Mendukung": null, "Ura_Dukung": null, "Kd_Bd_PU": null, "Kd_Jns_Inf": null, "Kd_Inf": "001 00 K 104", "Propinsi": "Kalimantan Timur", "Kab_Kota": "Bontang", "Kecamatan": "Bontang Barat", "Desa_Kel": "Gunung Telihan", "Tk_Ruas_Aw": "Jl. Pontianak", "Tk_Ruas_Ak": "Jl. Surabaya 1", "Kd_Patok": null, "Km_Awal": 0.0, "Km_Akhir": 0.0, "Nm_Lintas": "-", "Kon_Baik": 0.3998481868, "Kon_Sdg": 0.0, "Kon_Rgn": 0.0, "Kon_Rusak": 0.0, "Kon_Mntp": 0.0, "Kon_T_Mntp": 0.0, "Panjang": 0.3998481868, "Lbr_Keras": 0.0, "LHRT": 0.0, "VCR": 0.0, "Tipe_Jln": 2, "MST": 0.0, "Tipe_Keras": "Beton", "Tanah_Kri": 0.0, "Macadam": 0.0, "Aspal": 0.0, "Rigid": 100.0, "Thn_Pen_Ak": 0, "Jns_Pen": null, "Koord_X_Aw": 117.4532371775, "Koord_Y_Aw": 0.1361678336, "Koord_X_Ak": 117.45330502589999, "Koord_Y_Ak": 0.132588286 }, "geometry": { "type": "MultiLineString", "coordinates": [ [ [ 117.453237177477291, 0.136167833600277, 0.0 ], [ 117.453180448925394, 0.135633164673537, 0.0 ], [ 117.453138882087444, 0.135304417010623, 0.0 ], [ 117.45310802421686, 0.134906034905882, 0.0 ], [ 117.45310607109505, 0.134832930957589, 0.0 ], [ 117.453110365338972, 0.13475992846661, 0.0 ], [ 117.453120875177703, 0.134687567541043, 0.0 ], [ 117.453137522854192, 0.134616383542188, 0.0 ], [ 117.453160185200773, 0.134546903123976, 0.0 ], [ 117.453199966892797, 0.134404410836398, 0.0 ], [ 117.453200017996224, 0.13440419888348, 0.0 ] ], [ [ 117.453200017996238, 0.13440419888348, 0.0 ], [ 117.45324546728132, 0.134216115148131, 0.0 ], [ 117.453272569134214, 0.134015044039094, 0.0 ], [ 117.453295392372354, 0.133879560326754, 0.0 ], [ 117.453322018170951, 0.13364976485738, 0.0 ], [ 117.453323918840823, 0.133569336581205, 0.0 ], [ 117.453304895543113, 0.13346784415408, 0.0 ], [ 117.453301091185196, 0.13346401430843, 0.0 ], [ 117.45327636061694, 0.133316562991419, 0.0 ], [ 117.453263043404803, 0.133195920875908, 0.0 ], [ 117.45326304123688, 0.133077193471754, 0.0 ], [ 117.453272549929878, 0.132966125724367, 0.0 ], [ 117.453287764288476, 0.132812928793071, 0.0 ], [ 117.453299174954793, 0.13269228622065, 0.0 ], [ 117.453305025880212, 0.132588285999514, 0.0 ] ] ] } },
{ "type": "Feature", "properties": { "Kl_Dat_Das": "Jalan non tol", "Nm_Ruas": "Jl. Pontianak 2", "Thn_Data": 2015, "Status": "Jalan Kota", "Fungsi": "Jalan Lingkungan", "Mendukung": null, "Ura_Dukung": null, "Kd_Bd_PU": null, "Kd_Jns_Inf": null, "Kd_Inf": "001 00 K 108", "Propinsi": "Kalimantan Timur", "Kab_Kota": "Bontang", "Kecamatan": "Bontang Barat", "Desa_Kel": "Gunung Telihan", "Tk_Ruas_Aw": "Jl. Pontianak", "Tk_Ruas_Ak": "Buntu", "Kd_Patok": null, "Km_Awal": 0.0, "Km_Akhir": 0.0, "Nm_Lintas": "-", "Kon_Baik": 0.094745401, "Kon_Sdg": 0.0, "Kon_Rgn": 0.0, "Kon_Rusak": 0.0, "Kon_Mntp": 0.0, "Kon_T_Mntp": 0.0, "Panjang": 0.094745401, "Lbr_Keras": 6.0, "LHRT": 0.0, "VCR": 0.0, "Tipe_Jln": 2, "MST": 0.0, "Tipe_Keras": "Beton", "Tanah_Kri": 0.0, "Macadam": 0.0, "Aspal": 0.0, "Rigid": 100.0, "Thn_Pen_Ak": 0, "Jns_Pen": null, "Koord_X_Aw": 117.45275782500001, "Koord_Y_Aw": 0.1362127948, "Koord_X_Ak": 117.45287849589999, "Koord_Y_Ak": 0.1370613067 }, "geometry": { "type": "LineString", "coordinates": [ [ 117.452757825048991, 0.136212794785339, 0.0 ], [ 117.452878495928786, 0.137061306681218, 0.0 ] ] } },
{ "type": "Feature", "properties": { "Kl_Dat_Das": "Jalan non tol", "Nm_Ruas": "Jl. Balikpapan 3", "Thn_Data": 2015, "Status": "Jalan Kota", "Fungsi": "Jalan Lingkungan", "Mendukung": null, "Ura_Dukung": null, "Kd_Bd_PU": null, "Kd_Jns_Inf": null, "Kd_Inf": "001 00 K 207", "Propinsi": "Kalimantan Timur", "Kab_Kota": "Bontang", "Kecamatan": "Bontang Barat", "Desa_Kel": "Gunung Telihan", "Tk_Ruas_Aw": "Jl.Letjen. S.Parman", "Tk_Ruas_Ak": "Jl. Balikpapan", "Kd_Patok": null, "Km_Awal": 0.0, "Km_Akhir": 0.0, "Nm_Lintas": "-", "Kon_Baik": 0.3658213547, "Kon_Sdg": 0.0, "Kon_Rgn": 0.0, "Kon_Rusak": 0.0, "Kon_Mntp": 0.0, "Kon_T_Mntp": 0.0, "Panjang": 0.3658213547, "Lbr_Keras": 0.0, "LHRT": 0.0, "VCR": 0.0, "Tipe_Jln": 2, "MST": 0.0, "Tipe_Keras": "Beton", "Tanah_Kri": 0.0, "Macadam": 0.0, "Aspal": 0.0, "Rigid": 100.0, "Thn_Pen_Ak": 0, "Jns_Pen": null, "Koord_X_Aw": 550774.69603323587, "Koord_Y_Aw": 15255.3980635882, "Koord_X_Ak": 550795.2508276283, "Koord_Y_Ak": 15162.1979223664 }, "geometry": { "type": "MultiLineString", "coordinates": [ [ [ 117.456295833841878, 0.138015962857253, 0.000000000000227 ], [ 117.456333567288766, 0.138131799061, 0.000000000000227 ], [ 117.456357198660498, 0.138196065142893, 0.000000000000227 ], [ 117.456383559031238, 0.13826775280063, 0.000000000000227 ], [ 117.456401216197278, 0.13834142099239, 0.000000000000227 ], [ 117.45642355399626, 0.138413789977676, 0.000000000000227 ], [ 117.456450479497221, 0.138484558681455, 0.000000000000227 ], [ 117.456481880682304, 0.138553432686081, 0.000000000000227 ], [ 117.456576576282146, 0.138756972410704, 0.000000000000227 ], [ 117.456657663006808, 0.138931261060179, 0.000000000000227 ], [ 117.456721819391419, 0.139083155659478, 0.000000000000227 ], [ 117.456738517189251, 0.139125846907518, 0.000000000000227 ], [ 117.456740516601698, 0.13913095880423, 0.000000000000227 ], [ 117.456754733488083, 0.139180300469548, 0.000000000000227 ], [ 117.456763855380487, 0.139221543861879, 0.000000000000227 ], [ 117.456776610874272, 0.139261798663881, 0.000000000000227 ], [ 117.456792897381888, 0.139300741122554, 0.000000000000227 ], [ 117.456889899373323, 0.139498914531089, 0.000000000000227 ], [ 117.456903470164548, 0.139533629360301, 0.000000000000227 ], [ 117.456912501729576, 0.13956981089575, 0.000000000000227 ], [ 117.456918840428216, 0.139599674982094, 0.000000000000227 ], [ 117.456929830662702, 0.139628138429146, 0.000000000000227 ], [ 117.457160601738238, 0.140120451275266, 0.000000000000227 ] ], [ [ 117.456295833841978, 0.138015962857253, 0.000000000000455 ], [ 117.456492507350632, 0.137958767329849, 0.000000000000227 ], [ 117.456480242175417, 0.137949541824298, 0.000000000000227 ], [ 117.456469546885288, 0.137938512657399, 0.000000000000227 ], [ 117.456460680381269, 0.137925946812174, 0.000000000000227 ], [ 117.456453857294491, 0.137912148469411, 0.000000000000227 ], [ 117.456449242791564, 0.137897451645927, 0.000000000000227 ], [ 117.456383383529896, 0.137636049693583, 0.000000000000227 ], [ 117.45639595817056, 0.137537797582411, 0.000000000000227 ], [ 117.456415011370837, 0.137440608054021, 0.000000000000227 ], [ 117.456480533197706, 0.137172775365173, 0.000000000000227 ] ] ] } },
{ "type": "Feature", "properties": { "Kl_Dat_Das": "Jalan non tol", "Nm_Ruas": "Jl. Bandung 5", "Thn_Data": 2015, "Status": "Jalan Kota", "Fungsi": "Jalan Lingkungan", "Mendukung": null, "Ura_Dukung": null, "Kd_Bd_PU": null, "Kd_Jns_Inf": null, "Kd_Inf": "001 00 K 324", "Propinsi": "Kalimantan Timur", "Kab_Kota": "Bontang", "Kecamatan": "Bontang Barat", "Desa_Kel": "Gunung Telihan", "Tk_Ruas_Aw": "Jl. Ir. Soekarno Hatta", "Tk_Ruas_Ak": "Buntu", "Kd_Patok": null, "Km_Awal": 0.0, "Km_Akhir": 0.0, "Nm_Lintas": "-", "Kon_Baik": 0.1635726246, "Kon_Sdg": 0.0, "Kon_Rgn": 0.0, "Kon_Rusak": 0.0, "Kon_Mntp": 0.0, "Kon_T_Mntp": 0.0, "Panjang": 0.131385795, "Lbr_Keras": 0.0, "LHRT": 0.0, "VCR": 0.0, "Tipe_Jln": 2, "MST": 0.0, "Tipe_Keras": "Beton", "Tanah_Kri": 0.0, "Macadam": 0.0, "Aspal": 0.0, "Rigid": 100.0, "Thn_Pen_Ak": 0, "Jns_Pen": null, "Koord_X_Aw": 549912.45817757025, "Koord_Y_Aw": 15367.460522769001, "Koord_X_Ak": 549787.6362357093, "Koord_Y_Ak": 15379.7781283893 }, "geometry": { "type": "LineString", "coordinates": [ [ 117.448547359846202, 0.139029944119698, 0.0 ], [ 117.448535176409592, 0.139035774361506, 0.0 ], [ 117.448117836303751, 0.139235487613888, 0.0 ], [ 117.448096132423615, 0.139241926952371, 0.0 ], [ 117.448073687713617, 0.139244810760905, 0.0 ], [ 117.448065786320342, 0.139244550438467, 0.0 ], [ 117.448051073056604, 0.139244065689421, 0.0 ], [ 117.448028863658109, 0.139239710688986, 0.0 ], [ 117.448007624415808, 0.139231856529276, 0.0 ], [ 117.447920867283926, 0.139203336087008, 0.0 ], [ 117.447832185007726, 0.139181631160007, 0.0 ], [ 117.447742105013745, 0.139166870835822, 0.0 ], [ 117.447671063259349, 0.139154062234427, 0.0 ], [ 117.447599366532557, 0.139145737165333, 0.0 ], [ 117.447527293743065, 0.139141928014305, 0.0 ], [ 117.447455125263431, 0.139142649599502, 0.0 ], [ 117.447425649904773, 0.139141403359978, 0.0 ] ] } },
{ "type": "Feature", "properties": { "Kl_Dat_Das": "Jalan non tol", "Nm_Ruas": "Jl. Bandung 3", "Thn_Data": 2015, "Status": "Jalan Kota", "Fungsi": "Jalan Lingkungan", "Mendukung": null, "Ura_Dukung": null, "Kd_Bd_PU": null, "Kd_Jns_Inf": null, "Kd_Inf": "001 00 K 323", "Propinsi": "Kalimantan Timur", "Kab_Kota": "Bontang", "Kecamatan": "Bontang Barat", "Desa_Kel": "Gunung Telihan", "Tk_Ruas_Aw": "Jl. Ir. Soekarno Hatta", "Tk_Ruas_Ak": "Buntu", "Kd_Patok": null, "Km_Awal": 0.0, "Km_Akhir": 0.0, "Nm_Lintas": "-", "Kon_Baik": 0.1795900539, "Kon_Sdg": 0.0, "Kon_Rgn": 0.0, "Kon_Rusak": 0.0, "Kon_Mntp": 0.0, "Kon_T_Mntp": 0.0, "Panjang": 0.3393932572, "Lbr_Keras": 0.0, "LHRT": 0.0, "VCR": 0.0, "Tipe_Jln": 2, "MST": 0.0, "Tipe_Keras": "Beton", "Tanah_Kri": 0.0, "Macadam": 0.0, "Aspal": 0.0, "Rigid": 100.0, "Thn_Pen_Ak": 0, "Jns_Pen": null, "Koord_X_Aw": 549954.25083942711, "Koord_Y_Aw": 15419.5583460946, "Koord_X_Ak": 549787.6362357093, "Koord_Y_Ak": 15379.7781283893 }, "geometry": { "type": "LineString", "coordinates": [ [ 117.448922938365641, 0.139501267691156, 0.0 ], [ 117.448703493353761, 0.139662306056177, 0.0 ], [ 117.448458967610406, 0.139906686929437, 0.0 ], [ 117.448399213687196, 0.139963291687737, 0.0 ], [ 117.448345975295226, 0.140013724298251, 0.0 ], [ 117.448228510358007, 0.140115765060097, 0.0 ], [ 117.448106790622091, 0.140212619993262, 0.0 ], [ 117.447981041800944, 0.140304109492285, 0.0 ], [ 117.447729609872169, 0.140465605992898, 0.0 ], [ 117.447694865009495, 0.14048411829744, 0.0 ], [ 117.447665144025009, 0.140486512570173, 0.0 ], [ 117.447618778990147, 0.140474544966787, 0.0 ], [ 117.447575980205499, 0.140448215097221, 0.0 ], [ 117.44752723641831, 0.140379995599792, 0.0 ], [ 117.44742380314004, 0.140164564630051, 0.0 ], [ 117.447389324905501, 0.140067620459625, 0.0 ], [ 117.447366732478045, 0.139833038332935, 0.0 ], [ 117.447375048912292, 0.139544597371803, 0.0 ], [ 117.447411422050237, 0.139258310204752, 0.0 ], [ 117.447425649904773, 0.139141403359978, 0.0 ] ] } },
{ "type": "Feature", "properties": { "Kl_Dat_Das": "Jalan non tol", "Nm_Ruas": "Jl. Denpasar 6", "Thn_Data": 2015, "Status": "Jalan Kota", "Fungsi": "Jalan Lingkungan", "Mendukung": null, "Ura_Dukung": null, "Kd_Bd_PU": null, "Kd_Jns_Inf": null, "Kd_Inf": "001 00 K 206", "Propinsi": "Kalimantan Timur", "Kab_Kota": "Bontang", "Kecamatan": "Bontang Barat", "Desa_Kel": "Gunung Telihan", "Tk_Ruas_Aw": "Jl. Brigjen. Katamso", "Tk_Ruas_Ak": "Buntu", "Kd_Patok": null, "Km_Awal": 0.0, "Km_Akhir": 0.0, "Nm_Lintas": "-", "Kon_Baik": 0.3541043709, "Kon_Sdg": 0.0, "Kon_Rgn": 0.0, "Kon_Rusak": 0.0, "Kon_Mntp": 0.0, "Kon_T_Mntp": 0.0, "Panjang": 0.3541043709, "Lbr_Keras": 0.0, "LHRT": 0.0, "VCR": 0.0, "Tipe_Jln": 2, "MST": 0.0, "Tipe_Keras": "Beton", "Tanah_Kri": 0.0, "Macadam": 0.0, "Aspal": 0.0, "Rigid": 100.0, "Thn_Pen_Ak": 0, "Jns_Pen": null, "Koord_X_Aw": 551384.58325314953, "Koord_Y_Aw": 15537.9929824752, "Koord_X_Ak": 551226.13306400541, "Koord_Y_Ak": 15271.283765918301 }, "geometry": { "type": "LineString", "coordinates": [ [ 117.461776624781365, 0.140572497502603, 0.000000000000455 ], [ 117.461690317215584, 0.140397900696939, 0.000000000000455 ], [ 117.461664542193589, 0.140323732446575, 0.000000000000455 ], [ 117.461644735200139, 0.140247728225688, 0.000000000000455 ], [ 117.461631022853112, 0.140170373899537, 0.000000000000455 ], [ 117.461594112839066, 0.139946250652997, 0.000000000000455 ], [ 117.461576158432194, 0.139831020963015, 0.000000000000455 ], [ 117.461561939371208, 0.139715263954258, 0.000000000000455 ], [ 117.461551470727159, 0.139599102316765, 0.000000000000455 ], [ 117.461520629201246, 0.13937104292711, 0.000000000000455 ], [ 117.461517154391245, 0.139333747624107, 0.000000000000455 ], [ 117.461508584187655, 0.139299556429648, 0.000000000000455 ], [ 117.461508050477164, 0.139297427168628, 0.000000000000455 ], [ 117.461493531990186, 0.139262937442538, 0.000000000000455 ], [ 117.461473941054706, 0.139231091186787, 0.000000000000455 ], [ 117.461294527258715, 0.138891052737279, 0.000000000000455 ], [ 117.461203060937819, 0.138745168570154, 0.000000000000455 ], [ 117.461173337533978, 0.13861950016593, 0.000000000000455 ], [ 117.461036617823893, 0.138451944192752, 0.000000000000455 ], [ 117.460888009843401, 0.138290372682434, 0.000000000000455 ], [ 117.46060862785545, 0.138039040146509, 0.000000000000455 ], [ 117.460588234889215, 0.138010886099039, 0.000000000000455 ], [ 117.460352668249584, 0.138159602411918, 0.000000000000455 ] ] } },
{ "type": "Feature", "properties": { "Kl_Dat_Das": "Jalan non tol", "Nm_Ruas": "Jl. Keladi", "Thn_Data": 2015, "Status": "Jalan Kota", "Fungsi": "Jalan Lingkungan", "Mendukung": null, "Ura_Dukung": null, "Kd_Bd_PU": null, "Kd_Jns_Inf": null, "Kd_Inf": "001 00 K 074", "Propinsi": "Kalimantan Timur", "Kab_Kota": "Bontang", "Kecamatan": "Bontang Utara", "Desa_Kel": "Gunung Elai", "Tk_Ruas_Aw": "Jl. MH. Thamrin", "Tk_Ruas_Ak": "Jl. Keladi 2", "Kd_Patok": null, "Km_Awal": 0.0, "Km_Akhir": 0.0, "Nm_Lintas": "-", "Kon_Baik": 0.3777726311, "Kon_Sdg": 0.0, "Kon_Rgn": 0.0, "Kon_Rusak": 0.0, "Kon_Mntp": 0.0, "Kon_T_Mntp": 0.0, "Panjang": 0.4377955473, "Lbr_Keras": 4.5, "LHRT": 0.0, "VCR": 0.0, "Tipe_Jln": 2, "MST": 0.0, "Tipe_Keras": "Beton", "Tanah_Kri": 0.0, "Macadam": 0.0, "Aspal": 0.0, "Rigid": 100.0, "Thn_Pen_Ak": 2013, "Jns_Pen": "Peningkatan", "Koord_X_Aw": 117.48952764960001, "Koord_Y_Aw": 0.1409086466, "Koord_X_Ak": 117.4884430172, "Koord_Y_Ak": 0.1439719979 }, "geometry": { "type": "LineString", "coordinates": [ [ 117.4895276496283, 0.140908646589877, 0.0 ], [ 117.488818123176571, 0.140770518034397, 0.0 ], [ 117.488815812157455, 0.140801916676425, 0.0 ], [ 117.488817976909374, 0.140870173161483, 0.0 ], [ 117.488826991338627, 0.14089989288477, 0.0 ], [ 117.488832073337974, 0.140930543244039, 0.0 ], [ 117.488833135862976, 0.140961599260411, 0.0 ], [ 117.488830160714699, 0.140992529006765, 0.0 ], [ 117.488828880476589, 0.141017512465619, 0.0 ], [ 117.488828166779726, 0.141031440043208, 0.0 ], [ 117.488819521938794, 0.141200141543367, 0.0 ], [ 117.488803235101486, 0.141407382543619, 0.0 ], [ 117.488781312439002, 0.141614096305483, 0.0 ], [ 117.488762183093954, 0.141757195559712, 0.0 ], [ 117.488753770421823, 0.141820127522997, 0.0 ], [ 117.488720629742318, 0.142025321402948, 0.0 ], [ 117.488697018422343, 0.142210919073737, 0.0 ], [ 117.488634688613743, 0.142700865065665, 0.0 ], [ 117.488616167917371, 0.142866250962225, 0.0 ], [ 117.488591505966937, 0.143030822267194, 0.0 ], [ 117.488560737385185, 0.143194347938179, 0.0 ], [ 117.488523905368098, 0.143356598400727, 0.0 ], [ 117.48849429969404, 0.143498173286603, 0.0 ], [ 117.488469040096305, 0.143640599128732, 0.0 ], [ 117.488448150550752, 0.143783740740541, 0.0 ], [ 117.48844565471434, 0.14380548090069, 0.0 ], [ 117.488447770397755, 0.143871463013891, 0.0 ], [ 117.488444918131819, 0.143915506888263, 0.0 ], [ 117.48844682069462, 0.143935613805309, 0.0 ], [ 117.488445911350894, 0.143949978378632, 0.0 ], [ 117.488443017198577, 0.143971997906657, 0.0 ] ] } },
{ "type": "Feature", "properties": { "Kl_Dat_Das": "Jalan non tol", "Nm_Ruas": "Jl. Gn. Puri", "Thn_Data": 2015, "Status": "Jalan Kota", "Fungsi": "Jalan Lingkungan", "Mendukung": null, "Ura_Dukung": null, "Kd_Bd_PU": null, "Kd_Jns_Inf": null, "Kd_Inf": "001 00 K 257", "Propinsi": "Kalimantan Timur", "Kab_Kota": "Bontang", "Kecamatan": "Bontang Utara", "Desa_Kel": "Gunung Elai", "Tk_Ruas_Aw": "Jl. Dr. Cipto Mangunkusumo", "Tk_Ruas_Ak": "Jl. Gn. Slamet", "Kd_Patok": null, "Km_Awal": 0.0, "Km_Akhir": 0.0, "Nm_Lintas": "-", "Kon_Baik": 0.3413994318, "Kon_Sdg": 0.0, "Kon_Rgn": 0.0, "Kon_Rusak": 0.0, "Kon_Mntp": 0.0, "Kon_T_Mntp": 0.0, "Panjang": 0.3413994318, "Lbr_Keras": 0.0, "LHRT": 0.0, "VCR": 0.0, "Tipe_Jln": 2, "MST": 0.0, "Tipe_Keras": "Aspal", "Tanah_Kri": 0.0, "Macadam": 0.0, "Aspal": 100.0, "Rigid": 0.0, "Thn_Pen_Ak": 0, "Jns_Pen": null, "Koord_X_Aw": 552691.27449755406, "Koord_Y_Aw": 16262.0170508996, "Koord_X_Ak": 552948.08471305156, "Koord_Y_Ak": 16486.965882532299 }, "geometry": { "type": "LineString", "coordinates": [ [ 117.473519305416616, 0.147122508014328, 0.0 ], [ 117.474023189028259, 0.147565983355595, 0.0 ], [ 117.474695988742099, 0.148158124095715, 0.0 ], [ 117.475378641325079, 0.148761279044278, 0.0 ], [ 117.475827165219059, 0.149157570442364, 0.0 ] ] } },
{ "type": "Feature", "properties": { "Kl_Dat_Das": "Jalan non tol", "Nm_Ruas": "Jl. Gn. Semeru", "Thn_Data": 2015, "Status": "Jalan Kota", "Fungsi": "Jalan Lingkungan", "Mendukung": null, "Ura_Dukung": null, "Kd_Bd_PU": null, "Kd_Jns_Inf": null, "Kd_Inf": "001 00 K 269", "Propinsi": "Kalimantan Timur", "Kab_Kota": "Bontang", "Kecamatan": "Bontang Utara", "Desa_Kel": "Gunung Elai", "Tk_Ruas_Aw": "Jl. Gn. Krakatau", "Tk_Ruas_Ak": "Jl. Gn. Tengger", "Kd_Patok": null, "Km_Awal": 0.0, "Km_Akhir": 0.0, "Nm_Lintas": "-", "Kon_Baik": 0.2632421693, "Kon_Sdg": 0.0, "Kon_Rgn": 0.0, "Kon_Rusak": 0.0, "Kon_Mntp": 0.0, "Kon_T_Mntp": 0.0, "Panjang": 0.2632421693, "Lbr_Keras": 0.0, "LHRT": 0.0, "VCR": 0.0, "Tipe_Jln": 2, "MST": 0.0, "Tipe_Keras": "Aspal", "Tanah_Kri": 0.0, "Macadam": 0.0, "Aspal": 100.0, "Rigid": 0.0, "Thn_Pen_Ak": 0, "Jns_Pen": null, "Koord_X_Aw": 552714.42015004624, "Koord_Y_Aw": 16365.3903434034, "Koord_X_Ak": 552540.15702546295, "Koord_Y_Ak": 16562.662442868601 }, "geometry": { "type": "LineString", "coordinates": [ [ 117.473727322864391, 0.148057721929469, 0.0 ], [ 117.473723465703259, 0.148063370083054, 0.0 ], [ 117.473701247981225, 0.14808617821759, 0.0 ], [ 117.473431870723843, 0.148386678352911, 0.0 ], [ 117.473116228734014, 0.148738788499825, 0.0 ], [ 117.47308631040309, 0.148772163489758, 0.0 ], [ 117.472859921098234, 0.149032482939924, 0.0 ], [ 117.472621647569738, 0.149306467776337, 0.0 ], [ 117.472380459876192, 0.149583803551645, 0.0 ], [ 117.472337208399438, 0.149633537358482, 0.0 ], [ 117.47216135065581, 0.149842476994173, 0.0 ] ] } },
{ "type": "Feature", "properties": { "Kl_Dat_Das": "Jalan non tol", "Nm_Ruas": "Jl. Gn. Gede", "Thn_Data": 2015, "Status": "Jalan Kota", "Fungsi": "Jalan Lingkungan", "Mendukung": null, "Ura_Dukung": null, "Kd_Bd_PU": null, "Kd_Jns_Inf": null, "Kd_Inf": "001 00 K 258", "Propinsi": "Kalimantan Timur", "Kab_Kota": "Bontang", "Kecamatan": "Bontang Utara", "Desa_Kel": "Gunung Elai", "Tk_Ruas_Aw": "Jl. Gn. Slamet", "Tk_Ruas_Ak": "Buntu", "Kd_Patok": null, "Km_Awal": 0.0, "Km_Akhir": 0.0, "Nm_Lintas": "-", "Kon_Baik": 0.1568093138, "Kon_Sdg": 0.0, "Kon_Rgn": 0.0, "Kon_Rusak": 0.0, "Kon_Mntp": 0.0, "Kon_T_Mntp": 0.0, "Panjang": 0.1568093138, "Lbr_Keras": 0.0, "LHRT": 0.0, "VCR": 0.0, "Tipe_Jln": 2, "MST": 0.0, "Tipe_Keras": "Aspal", "Tanah_Kri": 0.0, "Macadam": 0.0, "Aspal": 100.0, "Rigid": 0.0, "Thn_Pen_Ak": 0, "Jns_Pen": null, "Koord_X_Aw": 553020.83404460363, "Koord_Y_Aw": 16316.7340528201, "Koord_X_Ak": 552993.22163662873, "Koord_Y_Ak": 16471.080793950699 }, "geometry": { "type": "LineString", "coordinates": [ [ 117.476480891619062, 0.147617469157829, 0.0 ], [ 117.476387030442879, 0.148178445996288, 0.0 ], [ 117.476340196436865, 0.148458357270251, 0.0 ], [ 117.476317205465747, 0.148577256380151, 0.0 ], [ 117.47627779206735, 0.148781085025995, 0.0 ], [ 117.476232783539544, 0.149013849238108, 0.0 ] ] } },
{ "type": "Feature", "properties": { "Kl_Dat_Das": "Jalan non tol", "Nm_Ruas": "Jl. Gn. Papandayan", "Thn_Data": 2015, "Status": "Jalan Kota", "Fungsi": "Jalan Lingkungan", "Mendukung": null, "Ura_Dukung": null, "Kd_Bd_PU": null, "Kd_Jns_Inf": null, "Kd_Inf": "001 00 K 287", "Propinsi": "Kalimantan Timur", "Kab_Kota": "Bontang", "Kecamatan": "Bontang Utara", "Desa_Kel": "Gunung Elai", "Tk_Ruas_Aw": "Sp. 4 Jl. Gn. Jayawijaya - Jl. Gn. Slamet", "Tk_Ruas_Ak": "Buntu", "Kd_Patok": null, "Km_Awal": 0.0, "Km_Akhir": 0.0, "Nm_Lintas": "-", "Kon_Baik": 0.1598483804, "Kon_Sdg": 0.0, "Kon_Rgn": 0.0, "Kon_Rusak": 0.0, "Kon_Mntp": 0.0, "Kon_T_Mntp": 0.0, "Panjang": 0.1598483804, "Lbr_Keras": 0.0, "LHRT": 0.0, "VCR": 0.0, "Tipe_Jln": 2, "MST": 0.0, "Tipe_Keras": "Aspal", "Tanah_Kri": 0.0, "Macadam": 0.0, "Aspal": 100.0, "Rigid": 0.0, "Thn_Pen_Ak": 0, "Jns_Pen": null, "Koord_X_Aw": 553002.61702042725, "Koord_Y_Aw": 16422.822686266201, "Koord_X_Ak": 552874.003699027, "Koord_Y_Ak": 16337.683688875301 }, "geometry": { "type": "LineString", "coordinates": [ [ 117.476317205465747, 0.148577256380151, 0.0 ], [ 117.476287734973468, 0.148571718427163, 0.0 ], [ 117.476011024484649, 0.148537763612317, 0.0 ], [ 117.475985021159417, 0.148535296935398, 0.0 ], [ 117.475959632507113, 0.148529124353691, 0.0 ], [ 117.47593537690237, 0.148519371896322, 0.0 ], [ 117.475912749585788, 0.148506238684747, 0.0 ], [ 117.475892212552253, 0.148489992867209, 0.0 ], [ 117.475161409855787, 0.147807028935431, 0.0 ] ] } },
{ "type": "Feature", "properties": { "Kl_Dat_Das": "Jalan non tol", "Nm_Ruas": "Jl. Gn. Slamet", "Thn_Data": 2015, "Status": "Jalan Kota", "Fungsi": "Jalan Lingkungan", "Mendukung": null, "Ura_Dukung": null, "Kd_Bd_PU": null, "Kd_Jns_Inf": null, "Kd_Inf": "001 00 K 290", "Propinsi": "Kalimantan Timur", "Kab_Kota": "Bontang", "Kecamatan": "Bontang Utara", "Desa_Kel": "Gunung Elai", "Tk_Ruas_Aw": "Sp. 3 Jl. Gn. Puri", "Tk_Ruas_Ak": "Sp. 3 Jl. Gn. Puri", "Kd_Patok": null, "Km_Awal": 0.0, "Km_Akhir": 0.0, "Nm_Lintas": "-", "Kon_Baik": 0.3026332508, "Kon_Sdg": 0.0, "Kon_Rgn": 0.0, "Kon_Rusak": 0.0, "Kon_Mntp": 0.0, "Kon_T_Mntp": 0.0, "Panjang": 0.3026332508, "Lbr_Keras": 0.0, "LHRT": 0.0, "VCR": 0.0, "Tipe_Jln": 2, "MST": 0.0, "Tipe_Keras": "Aspal", "Tanah_Kri": 0.0, "Macadam": 0.0, "Aspal": 100.0, "Rigid": 0.0, "Thn_Pen_Ak": 0, "Jns_Pen": null, "Koord_X_Aw": 552993.22163662873, "Koord_Y_Aw": 16471.080793950699, "Koord_X_Ak": 552993.22163662873, "Koord_Y_Ak": 16471.080793950699 }, "geometry": { "type": "LineString", "coordinates": [ [ 117.476232783539544, 0.149013849238108, 0.0 ], [ 117.476269924203464, 0.149021672261513, 0.0 ], [ 117.476321239587961, 0.14903947627723, 0.0 ], [ 117.476369934490052, 0.149063613400593, 0.0 ], [ 117.476415241297858, 0.14909370314097, 0.0 ], [ 117.476456445808424, 0.149129271172525, 0.0 ], [ 117.47649328093641, 0.14916971852204, 0.0 ], [ 117.476524767796576, 0.149214510615999, 0.0 ], [ 117.476550405851867, 0.149262935408116, 0.0 ], [ 117.476569787542019, 0.149314223104156, 0.0 ], [ 117.476582604762214, 0.149367558399169, 0.0 ], [ 117.476588653760913, 0.149422093438247, 0.0 ], [ 117.476587838379061, 0.149476961294451, 0.0 ], [ 117.476580171578462, 0.149531289750103, 0.0 ], [ 117.476565775235883, 0.149584215162329, 0.0 ], [ 117.476544878205416, 0.149634896191956, 0.0 ], [ 117.476517812680797, 0.14968252717795, 0.0 ], [ 117.476485008914324, 0.149726350944923, 0.0 ], [ 117.476468404147923, 0.149743523181856, 0.0 ], [ 117.476446988377404, 0.149765670839721, 0.0 ], [ 117.476404355470933, 0.149799861805854, 0.0 ], [ 117.476357787917195, 0.149828380319665, 0.0 ], [ 117.476308025986455, 0.149850773030867, 0.0 ], [ 117.476255860729083, 0.1498666839692, 0.0 ], [ 117.476202121400334, 0.149875860203063, 0.0 ], [ 117.476147662278194, 0.149878155860459, 0.0 ], [ 117.476093349082944, 0.149873534447903, 0.0 ], [ 117.4760400452151, 0.149862069430439, 0.0 ], [ 117.475988598030412, 0.14984394306378, 0.0 ], [ 117.475939825369352, 0.149819443497297, 0.0 ], [ 117.475894502556358, 0.149788960193056, 0.0 ], [ 117.475853350074757, 0.149752977735004, 0.0 ], [ 117.475816925046004, 0.149712466874649, 0.0 ], [ 117.475785829401175, 0.14966768029662, 0.0 ], [ 117.475760553322985, 0.149619324003364, 0.0 ], [ 117.475741495256159, 0.149568160269296, 0.0 ], [ 117.475728955626508, 0.149514995624583, 0.0 ], [ 117.475723132105102, 0.149460668141229, 0.0 ], [ 117.475724116492202, 0.149406034221724, 0.0 ], [ 117.475731893270137, 0.1493519550993, 0.0 ], [ 117.475746339848016, 0.149299283261297, 0.0 ], [ 117.475767228494078, 0.14924884901129, 0.0 ], [ 117.475794229925768, 0.149201447380004, 0.0 ], [ 117.47582691850026, 0.149157825592742, 0.0 ], [ 117.475827165219059, 0.149157570442364, 0.0 ], [ 117.475864778924389, 0.149118671290631, 0.0 ], [ 117.475907214377443, 0.149084601690389, 0.0 ], [ 117.475953555919276, 0.149056153855169, 0.0 ], [ 117.4760030730354, 0.149033776228114, 0.0 ], [ 117.476054985152501, 0.149017821563458, 0.0 ], [ 117.476108473943256, 0.149008541365649, 0.0 ], [ 117.476162696226126, 0.14900608192478, 0.0 ], [ 117.476216797257067, 0.149010482010679, 0.0 ], [ 117.476232783539544, 0.149013849238108, 0.0 ] ] } },
{ "type": "Feature", "properties": { "Kl_Dat_Das": "Jalan non tol", "Nm_Ruas": "Jl. Gn. Tengger", "Thn_Data": 2015, "Status": "Jalan Kota", "Fungsi": "Jalan Lingkungan", "Mendukung": null, "Ura_Dukung": null, "Kd_Bd_PU": null, "Kd_Jns_Inf": null, "Kd_Inf": "001 00 K 275", "Propinsi": "Kalimantan Timur", "Kab_Kota": "Bontang", "Kecamatan": "Bontang Utara", "Desa_Kel": "Gunung Elai", "Tk_Ruas_Aw": "Jl. Dr. Cipto Mangunkusumo", "Tk_Ruas_Ak": "Sp. 4 Jl. Gn. Tambora", "Kd_Patok": null, "Km_Awal": 0.0, "Km_Akhir": 0.0, "Nm_Lintas": "-", "Kon_Baik": 0.278378766, "Kon_Sdg": 0.0, "Kon_Rgn": 0.0, "Kon_Rusak": 0.0, "Kon_Mntp": 0.0, "Kon_T_Mntp": 0.0, "Panjang": 0.278378766, "Lbr_Keras": 5.0, "LHRT": 0.0, "VCR": 0.0, "Tipe_Jln": 2, "MST": 0.0, "Tipe_Keras": "Aspal", "Tanah_Kri": 0.0, "Macadam": 0.0, "Aspal": 100.0, "Rigid": 0.0, "Thn_Pen_Ak": 0, "Jns_Pen": null, "Koord_X_Aw": 552648.39070156775, "Koord_Y_Aw": 16306.155349086999, "Koord_X_Ak": 552856.63438545447, "Koord_Y_Ak": 16490.880103588101 }, "geometry": { "type": "LineString", "coordinates": [ [ 117.473133939967738, 0.14752183554056, 0.0 ], [ 117.473727322864391, 0.148057721929469, 0.0 ], [ 117.474745544386082, 0.148953250647887, 0.0 ], [ 117.475005350687923, 0.149193000272555, 0.0 ] ] } },
{ "type": "Feature", "properties": { "Kl_Dat_Das": "Jalan non tol", "Nm_Ruas": "Jl. Gn. Tambora", "Thn_Data": 2015, "Status": "Jalan Kota", "Fungsi": "Jalan Lingkungan", "Mendukung": null, "Ura_Dukung": null, "Kd_Bd_PU": null, "Kd_Jns_Inf": null, "Kd_Inf": "001 00 K 267", "Propinsi": "Kalimantan Timur", "Kab_Kota": "Bontang", "Kecamatan": "Bontang Utara", "Desa_Kel": "Gunung Elai", "Tk_Ruas_Aw": "Jl. Gn. Puri", "Tk_Ruas_Ak": "Jl. Gn. Krakatau", "Kd_Patok": null, "Km_Awal": 0.0, "Km_Akhir": 0.0, "Nm_Lintas": "-", "Kon_Baik": 0.3681270611, "Kon_Sdg": 0.0, "Kon_Rgn": 0.0, "Kon_Rusak": 0.0, "Kon_Mntp": 0.0, "Kon_T_Mntp": 0.0, "Panjang": 0.3681270611, "Lbr_Keras": 5.0, "LHRT": 0.0, "VCR": 0.0, "Tipe_Jln": 2, "MST": 0.0, "Tipe_Keras": "Aspal", "Tanah_Kri": 0.0, "Macadam": 0.0, "Aspal": 100.0, "Rigid": 0.0, "Thn_Pen_Ak": 0, "Jns_Pen": null, "Koord_X_Aw": 552606.97658405919, "Koord_Y_Aw": 16621.3428219538, "Koord_X_Ak": 552898.17461513914, "Koord_Y_Ak": 16443.161176649901 }, "geometry": { "type": "LineString", "coordinates": [ [ 117.472761834045883, 0.150373345523715, 0.0 ], [ 117.472772414978124, 0.150370423940307, 0.0 ], [ 117.472782410459544, 0.150365869450887, 0.0 ], [ 117.472827766933918, 0.150343536029851, 0.0 ], [ 117.472875064876021, 0.150325746579965, 0.0 ], [ 117.472923856386302, 0.150312669562787, 0.0 ], [ 117.472973679421614, 0.150304428814139, 0.0 ], [ 117.473024062170495, 0.15030110237174, 0.0 ], [ 117.473184186982209, 0.150285986029638, 0.0 ], [ 117.473251677504734, 0.150279614688089, 0.0 ], [ 117.473356275230714, 0.150275188416195, 0.0 ], [ 117.473460965247625, 0.150275311253505, 0.0 ], [ 117.473565552437762, 0.150279982970776, 0.0 ], [ 117.47365839640635, 0.150288183882163, 0.0 ], [ 117.473669841875008, 0.15028919486082, 0.0 ], [ 117.473929242313247, 0.150305960129295, 0.0 ], [ 117.473944510299404, 0.15030680676285, 0.0 ], [ 117.473959731175853, 0.150305332814637, 0.0 ], [ 117.473974558920034, 0.150301571792586, 0.0 ], [ 117.473988656446551, 0.150295609197581, 0.0 ], [ 117.474001703270403, 0.150287580579838, 0.0 ], [ 117.47409695962979, 0.15020533593262, 0.0 ], [ 117.474147443377191, 0.150158248754056, 0.0 ], [ 117.474189013883546, 0.150119475130038, 0.0 ], [ 117.474277730674359, 0.150030124423001, 0.0 ], [ 117.474362979552239, 0.149937415193796, 0.0 ], [ 117.4744184572493, 0.149872238354432, 0.0 ], [ 117.474444635166506, 0.149841483763217, 0.0 ], [ 117.474713013361338, 0.149531096718738, 0.0 ], [ 117.475005350687923, 0.149193000272555, 0.0 ], [ 117.475378641325079, 0.148761279044278, 0.0 ] ] } },
{ "type": "Feature", "properties": { "Kl_Dat_Das": "Jalan non tol", "Nm_Ruas": "Jl. Gn. Merbabu", "Thn_Data": 2015, "Status": "Jalan Kota", "Fungsi": "Jalan Lingkungan", "Mendukung": null, "Ura_Dukung": null, "Kd_Bd_PU": null, "Kd_Jns_Inf": null, "Kd_Inf": "001 00 K 277", "Propinsi": "Kalimantan Timur", "Kab_Kota": "Bontang", "Kecamatan": "Bontang Utara", "Desa_Kel": "Gunung Elai", "Tk_Ruas_Aw": "Jl. Gn. Semeru", "Tk_Ruas_Ak": "Jl. Gn. Tambora", "Kd_Patok": null, "Km_Awal": 0.0, "Km_Akhir": 0.0, "Nm_Lintas": "-", "Kon_Baik": 0.1905965404, "Kon_Sdg": 0.0, "Kon_Rgn": 0.0, "Kon_Rusak": 0.0, "Kon_Mntp": 0.0, "Kon_T_Mntp": 0.0, "Panjang": 0.1905965404, "Lbr_Keras": 0.0, "LHRT": 0.0, "VCR": 0.0, "Tipe_Jln": 2, "MST": 0.0, "Tipe_Keras": "Aspal", "Tanah_Kri": 0.0, "Macadam": 0.0, "Aspal": 100.0, "Rigid": 0.0, "Thn_Pen_Ak": 0, "Jns_Pen": null, "Koord_X_Aw": 552681.54192518536, "Koord_Y_Aw": 16401.750461889402, "Koord_X_Ak": 552824.10273785796, "Koord_Y_Ak": 16528.250511180599 }, "geometry": { "type": "LineString", "coordinates": [ [ 117.473431870723843, 0.148386678352911, 0.0 ], [ 117.474314818387256, 0.149181499950116, 0.0 ], [ 117.474713013361338, 0.149531096718738, 0.0 ] ] } },
{ "type": "Feature", "properties": { "Kl_Dat_Das": "Jalan non tol", "Nm_Ruas": "Jl. Gn. Pangrango", "Thn_Data": 2015, "Status": "Jalan Kota", "Fungsi": "Jalan Lingkungan", "Mendukung": null, "Ura_Dukung": null, "Kd_Bd_PU": null, "Kd_Jns_Inf": null, "Kd_Inf": "001 00 K 279", "Propinsi": "Kalimantan Timur", "Kab_Kota": "Bontang", "Kecamatan": "Bontang Utara", "Desa_Kel": "Gunung Elai", "Tk_Ruas_Aw": "Sp. 4 Jl. Gn. Pangrango - Jl. Gn. Tambora", "Tk_Ruas_Ak": "Buntu", "Kd_Patok": null, "Km_Awal": 0.0, "Km_Akhir": 0.0, "Nm_Lintas": "-", "Kon_Baik": 0.1915603525, "Kon_Sdg": 0.0, "Kon_Rgn": 0.0, "Kon_Rusak": 0.0, "Kon_Mntp": 0.0, "Kon_T_Mntp": 0.0, "Panjang": 0.1915603525, "Lbr_Keras": 0.0, "LHRT": 0.0, "VCR": 0.0, "Tipe_Jln": 2, "MST": 0.0, "Tipe_Keras": "Aspal", "Tanah_Kri": 0.0, "Macadam": 0.0, "Aspal": 100.0, "Rigid": 0.0, "Thn_Pen_Ak": 0, "Jns_Pen": null, "Koord_X_Aw": 552646.41695179231, "Koord_Y_Aw": 16440.6697996855, "Koord_X_Ak": 552791.32418057509, "Koord_Y_Ak": 16565.957507265699 }, "geometry": { "type": "LineString", "coordinates": [ [ 117.473116228734014, 0.148738788499825, 0.0 ], [ 117.474133510247896, 0.149626710911014, 0.0 ], [ 117.4744184572493, 0.149872238354432, 0.0 ] ] } },
{ "type": "Feature", "properties": { "Kl_Dat_Das": "Jalan non tol", "Nm_Ruas": "Jl. Gn. Ciremai", "Thn_Data": 2015, "Status": "Jalan Kota", "Fungsi": "Jalan Lingkungan", "Mendukung": null, "Ura_Dukung": null, "Kd_Bd_PU": null, "Kd_Jns_Inf": null, "Kd_Inf": "001 00 K 285", "Propinsi": "Kalimantan Timur", "Kab_Kota": "Bontang", "Kecamatan": "Bontang Utara", "Desa_Kel": "Gunung Elai", "Tk_Ruas_Aw": "Jl. Gn. Ciremai", "Tk_Ruas_Ak": "Sp. 4 Jl. Tangkuban Perahu - Jl. Gn. Dempo", "Kd_Patok": null, "Km_Awal": 0.0, "Km_Akhir": 0.0, "Nm_Lintas": "-", "Kon_Baik": 0.1756368644, "Kon_Sdg": 0.0, "Kon_Rgn": 0.0, "Kon_Rusak": 0.0, "Kon_Mntp": 0.0, "Kon_T_Mntp": 0.0, "Panjang": 0.1756368644, "Lbr_Keras": 5.0, "LHRT": 0.0, "VCR": 0.0, "Tipe_Jln": 2, "MST": 0.0, "Tipe_Keras": "Aspal", "Tanah_Kri": 0.0, "Macadam": 0.0, "Aspal": 100.0, "Rigid": 0.0, "Thn_Pen_Ak": 0, "Jns_Pen": null, "Koord_X_Aw": 553019.43938658666, "Koord_Y_Aw": 16551.735068591301, "Koord_X_Ak": 553151.98379827756, "Koord_Y_Ak": 16666.9727858119 }, "geometry": { "type": "LineString", "coordinates": [ [ 117.476468404147923, 0.149743523181856, 0.0 ], [ 117.476655229934337, 0.149906292301513, 0.0 ], [ 117.476827054056528, 0.150055991439405, 0.0 ], [ 117.477128111827483, 0.15031828339267, 0.0 ], [ 117.477395795694633, 0.150551498819686, 0.0 ], [ 117.477659532429001, 0.150786052317694, 0.0 ] ] } },
{ "type": "Feature", "properties": { "Kl_Dat_Das": "Jalan non tol", "Nm_Ruas": "Jl. Gn._GE-01", "Thn_Data": 2015, "Status": "Jalan Kota", "Fungsi": "Jalan Lingkungan", "Mendukung": null, "Ura_Dukung": null, "Kd_Bd_PU": null, "Kd_Jns_Inf": null, "Kd_Inf": "001 00 K 259", "Propinsi": "Kalimantan Timur", "Kab_Kota": "Bontang", "Kecamatan": "Bontang Utara", "Desa_Kel": "Gunung Elai", "Tk_Ruas_Aw": "Jl. Gn. Slamet", "Tk_Ruas_Ak": "Sp. 3 Jl. Gn. Pangrango - Jl. Gn. Buranngrang", "Kd_Patok": null, "Km_Awal": 0.0, "Km_Akhir": 0.0, "Nm_Lintas": "-", "Kon_Baik": 0.1138650059, "Kon_Sdg": 0.0, "Kon_Rgn": 0.0, "Kon_Rusak": 0.0, "Kon_Mntp": 0.0, "Kon_T_Mntp": 0.0, "Panjang": 0.1138650059, "Lbr_Keras": 0.0, "LHRT": 0.0, "VCR": 0.0, "Tipe_Jln": 2, "MST": 0.0, "Tipe_Keras": "Aspal", "Tanah_Kri": 0.0, "Macadam": 0.0, "Aspal": 100.0, "Rigid": 0.0, "Thn_Pen_Ak": 0, "Jns_Pen": null, "Koord_X_Aw": 552952.0604738174, "Koord_Y_Aw": 16553.7022333518, "Koord_X_Ak": 552877.20512043126, "Koord_Y_Ak": 16639.465769344901 }, "geometry": { "type": "LineString", "coordinates": [ [ 117.475862906250455, 0.149761333359689, 0.0 ], [ 117.47586250847904, 0.149761803790481, 0.0 ], [ 117.475701781564055, 0.149951890060293, 0.0 ], [ 117.475560657273434, 0.150118792976323, 0.0 ], [ 117.475474465825172, 0.150220728683614, 0.0 ], [ 117.475353839785328, 0.15036338901928, 0.0 ], [ 117.475190237880838, 0.150537250745886, 0.0 ] ] } },
{ "type": "Feature", "properties": { "Kl_Dat_Das": "Jalan non tol", "Nm_Ruas": "Jl. Gn. Tangkuban Perahu", "Thn_Data": 2015, "Status": "Jalan Kota", "Fungsi": "Jalan Lingkungan", "Mendukung": null, "Ura_Dukung": null, "Kd_Bd_PU": null, "Kd_Jns_Inf": null, "Kd_Inf": "001 00 K 261", "Propinsi": "Kalimantan Timur", "Kab_Kota": "Bontang", "Kecamatan": "Bontang Utara", "Desa_Kel": "Gunung Elai", "Tk_Ruas_Aw": "Jl. Gn. Tinombala", "Tk_Ruas_Ak": "Buntu", "Kd_Patok": null, "Km_Awal": 0.0, "Km_Akhir": 0.0, "Nm_Lintas": "-", "Kon_Baik": 0.3223595329, "Kon_Sdg": 0.0, "Kon_Rgn": 0.0, "Kon_Rusak": 0.0, "Kon_Mntp": 0.0, "Kon_T_Mntp": 0.0, "Panjang": 0.3223595329, "Lbr_Keras": 5.0, "LHRT": 0.0, "VCR": 0.0, "Tipe_Jln": 2, "MST": 0.0, "Tipe_Keras": "Aspal", "Tanah_Kri": 0.0, "Macadam": 0.0, "Aspal": 100.0, "Rigid": 0.0, "Thn_Pen_Ak": 0, "Jns_Pen": null, "Koord_X_Aw": 553258.48468839843, "Koord_Y_Aw": 16545.253166077699, "Koord_X_Ak": 553045.09054107498, "Koord_Y_Ak": 16786.852608647201 }, "geometry": { "type": "LineString", "coordinates": [ [ 117.478616574823391, 0.149684834330774, 0.0 ], [ 117.478374925186841, 0.149961768663909, 0.0 ], [ 117.478131498170157, 0.150240739916002, 0.0 ], [ 117.478040701450126, 0.150344794411762, 0.0 ], [ 117.477904131483669, 0.150502893765698, 0.0 ], [ 117.477659532429001, 0.150786052317694, 0.0 ], [ 117.477419581455891, 0.151063830060412, 0.0 ], [ 117.477263077709154, 0.151245005650606, 0.0 ], [ 117.477182331300739, 0.151334555966657, 0.0 ], [ 117.476944377636798, 0.151598454099587, 0.0 ], [ 117.476698963621544, 0.151870626009683, 0.0 ] ] } },
{ "type": "Feature", "properties": { "Kl_Dat_Das": "Jalan non tol", "Nm_Ruas": "Jl. Gn. Jayawijaya", "Thn_Data": 2015, "Status": "Jalan Kota", "Fungsi": "Jalan Lingkungan", "Mendukung": null, "Ura_Dukung": null, "Kd_Bd_PU": null, "Kd_Jns_Inf": null, "Kd_Inf": "001 00 K 288", "Propinsi": "Kalimantan Timur", "Kab_Kota": "Bontang", "Kecamatan": "Bontang Utara", "Desa_Kel": "Gunung Elai", "Tk_Ruas_Aw": "Sp. 4 Jl. Gn. Ciremai - Jl. Gn. Jayawijaya", "Tk_Ruas_Ak": "Sp. 4 Jl. Gn. Slamet - Jl. Gn. Papandayan", "Kd_Patok": null, "Km_Awal": 0.0, "Km_Akhir": 0.0, "Nm_Lintas": "-", "Kon_Baik": 0.2105882958, "Kon_Sdg": 0.0, "Kon_Rgn": 0.0, "Kon_Rusak": 0.0, "Kon_Mntp": 0.0, "Kon_T_Mntp": 0.0, "Panjang": 0.2105882958, "Lbr_Keras": 5.0, "LHRT": 0.0, "VCR": 0.0, "Tipe_Jln": 2, "MST": 0.0, "Tipe_Keras": "Aspal", "Tanah_Kri": 0.0, "Macadam": 0.0, "Aspal": 100.0, "Rigid": 0.0, "Thn_Pen_Ak": 0, "Jns_Pen": null, "Koord_X_Aw": 553059.34864479303, "Koord_Y_Aw": 16586.2742737066, "Koord_X_Ak": 553002.61702044029, "Koord_Y_Ak": 16422.822686269301 }, "geometry": { "type": "LineString", "coordinates": [ [ 117.476827054056471, 0.150055991439388, 0.0 ], [ 117.476839156344781, 0.150043013371146, 0.0 ], [ 117.476888108267772, 0.149980123444493, 0.0 ], [ 117.476931302641333, 0.149913094711167, 0.0 ], [ 117.476968396234057, 0.149842459794911, 0.0 ], [ 117.476999094293205, 0.149768779975886, 0.0 ], [ 117.477023152885863, 0.149692640728802, 0.0 ], [ 117.47704038083738, 0.149614647071417, 0.0 ], [ 117.477050641251026, 0.149535418757523, 0.0 ], [ 117.477053852596001, 0.149455585351689, 0.0 ], [ 117.477049989353986, 0.149375781225899, 0.0 ], [ 117.477039082223314, 0.149296640520561, 0.0 ], [ 117.47702121787438, 0.149218792103397, 0.0 ], [ 117.476996538260892, 0.149142854574052, 0.0 ], [ 117.47696523949196, 0.149069431347641, 0.0 ], [ 117.476927570274015, 0.148999105860184, 0.0 ], [ 117.476883829934437, 0.148932436932171, 0.0 ], [ 117.476834366042809, 0.148869954328575, 0.0 ], [ 117.476779571649118, 0.148812154549205, 0.0 ], [ 117.476719882160523, 0.148759496883031, 0.0 ], [ 117.476655771882406, 0.148712399758608, 0.0 ], [ 117.47658775024729, 0.148671237419478, 0.0 ], [ 117.476516357769583, 0.14863633695029, 0.0 ], [ 117.476442161748196, 0.148607975677521, 0.0 ], [ 117.476365751759673, 0.148586378965717, 0.0 ], [ 117.476317205465875, 0.148577256380179, 0.0 ] ] } },
{ "type": "Feature", "properties": { "Kl_Dat_Das": "Jalan non tol", "Nm_Ruas": "Jl. Gn. Bowokraeng", "Thn_Data": 2015, "Status": "Jalan Kota", "Fungsi": "Jalan Lingkungan", "Mendukung": null, "Ura_Dukung": null, "Kd_Bd_PU": null, "Kd_Jns_Inf": null, "Kd_Inf": "001 00 K 272", "Propinsi": "Kalimantan Timur", "Kab_Kota": "Bontang", "Kecamatan": "Bontang Utara", "Desa_Kel": "Gunung Elai", "Tk_Ruas_Aw": "Jl. Gn. Tambora", "Tk_Ruas_Ak": "Jl. Gn. Semeru", "Kd_Patok": null, "Km_Awal": 0.0, "Km_Akhir": 0.0, "Nm_Lintas": "-", "Kon_Baik": 0.1897670622, "Kon_Sdg": 0.0, "Kon_Rgn": 0.0, "Kon_Rusak": 0.0, "Kon_Mntp": 0.0, "Kon_T_Mntp": 0.0, "Panjang": 0.1897670622, "Lbr_Keras": 0.0, "LHRT": 0.0, "VCR": 0.0, "Tipe_Jln": 2, "MST": 0.0, "Tipe_Keras": "Aspal", "Tanah_Kri": 0.0, "Macadam": 0.0, "Aspal": 100.0, "Rigid": 0.0, "Thn_Pen_Ak": 0, "Jns_Pen": null, "Koord_X_Aw": 552617.89474997576, "Koord_Y_Aw": 16473.132363639801, "Koord_X_Ak": 552761.16549928114, "Koord_Y_Ak": 16597.570688858599 }, "geometry": { "type": "LineString", "coordinates": [ [ 117.472859921098234, 0.149032482939924, 0.0 ], [ 117.473624764537078, 0.149703385476955, 0.0 ], [ 117.474147443377191, 0.150158248754056, 0.0 ] ] } },
{ "type": "Feature", "properties": { "Kl_Dat_Das": "Jalan non tol", "Nm_Ruas": "Jl. Gn. Sundoro", "Thn_Data": 2015, "Status": "Jalan Kota", "Fungsi": "Jalan Lingkungan", "Mendukung": null, "Ura_Dukung": null, "Kd_Bd_PU": null, "Kd_Jns_Inf": null, "Kd_Inf": "001 00 K 270", "Propinsi": "Kalimantan Timur", "Kab_Kota": "Bontang", "Kecamatan": "Bontang Utara", "Desa_Kel": "Gunung Elai", "Tk_Ruas_Aw": "Jl. Gn. Tambora", "Tk_Ruas_Ak": "Jl. Gn. Semeru", "Kd_Patok": null, "Km_Awal": 0.0, "Km_Akhir": 0.0, "Nm_Lintas": "-", "Kon_Baik": 0.1184193273, "Kon_Sdg": 0.0, "Kon_Rgn": 0.0, "Kon_Rusak": 0.0, "Kon_Mntp": 0.0, "Kon_T_Mntp": 0.0, "Panjang": 0.1184193273, "Lbr_Keras": 0.0, "LHRT": 0.0, "VCR": 0.0, "Tipe_Jln": 2, "MST": 0.0, "Tipe_Keras": "Aspal", "Tanah_Kri": 0.0, "Macadam": 0.0, "Aspal": 100.0, "Rigid": 0.0, "Thn_Pen_Ak": 0, "Jns_Pen": null, "Koord_X_Aw": 552564.53976285586, "Koord_Y_Aw": 16534.070800703401, "Koord_X_Ak": 552653.97555198579, "Koord_Y_Ak": 16611.687659121701 }, "geometry": { "type": "LineString", "coordinates": [ [ 117.472380459876192, 0.149583803551648, 0.0 ], [ 117.473184186982209, 0.150285986029618, 0.0 ] ] } },
{ "type": "Feature", "properties": { "Kl_Dat_Das": "Jalan non tol", "Nm_Ruas": "Jl. Gn. Krakatau", "Thn_Data": 2015, "Status": "Jalan Kota", "Fungsi": "Jalan Lingkungan", "Mendukung": null, "Ura_Dukung": null, "Kd_Bd_PU": null, "Kd_Jns_Inf": null, "Kd_Inf": "001 00 K 268", "Propinsi": "Kalimantan Timur", "Kab_Kota": "Bontang", "Kecamatan": "Bontang Utara", "Desa_Kel": "Gunung Elai", "Tk_Ruas_Aw": "Jl. Dr. Cipto Mangunkusumo", "Tk_Ruas_Ak": "Jl. Gn. Tambora", "Kd_Patok": null, "Km_Awal": 0.0, "Km_Akhir": 0.0, "Nm_Lintas": "-", "Kon_Baik": 0.1899793822, "Kon_Sdg": 0.0, "Kon_Rgn": 0.0, "Kon_Rusak": 0.0, "Kon_Mntp": 0.0, "Kon_T_Mntp": 0.0, "Panjang": 0.0889290002, "Lbr_Keras": 5.0, "LHRT": 0.0, "VCR": 0.0, "Tipe_Jln": 2, "MST": 0.0, "Tipe_Keras": "Aspal", "Tanah_Kri": 0.0, "Macadam": 0.0, "Aspal": 100.0, "Rigid": 0.0, "Thn_Pen_Ak": 0, "Jns_Pen": null, "Koord_X_Aw": 552540.15702546295, "Koord_Y_Aw": 16562.662442868601, "Koord_X_Ak": 552606.97658405919, "Koord_Y_Ak": 16621.3428219538 }, "geometry": { "type": "LineString", "coordinates": [ [ 117.47216135065581, 0.149842476994173, 0.0 ], [ 117.472248576231962, 0.149918085185621, 0.0 ], [ 117.472761834045883, 0.150373345523715, 0.0 ] ] } },
{ "type": "Feature", "properties": { "Kl_Dat_Das": "Jalan non tol", "Nm_Ruas": "Jl. Gn. Rinjani", "Thn_Data": 2015, "Status": "Jalan Kota", "Fungsi": "Jalan Lingkungan", "Mendukung": null, "Ura_Dukung": null, "Kd_Bd_PU": null, "Kd_Jns_Inf": null, "Kd_Inf": "001 00 K 271", "Propinsi": "Kalimantan Timur", "Kab_Kota": "Bontang", "Kecamatan": "Bontang Utara", "Desa_Kel": "Gunung Elai", "Tk_Ruas_Aw": "Jl. Gn. Tambora", "Tk_Ruas_Ak": "Jl. Gn. Semeru", "Kd_Patok": null, "Km_Awal": 0.0, "Km_Akhir": 0.0, "Nm_Lintas": "-", "Kon_Baik": 0.1687207609, "Kon_Sdg": 0.0, "Kon_Rgn": 0.0, "Kon_Rusak": 0.0, "Kon_Mntp": 0.0, "Kon_T_Mntp": 0.0, "Panjang": 0.1687207609, "Lbr_Keras": 0.0, "LHRT": 0.0, "VCR": 0.0, "Tipe_Jln": 2, "MST": 0.0, "Tipe_Keras": "Aspal", "Tanah_Kri": 0.0, "Macadam": 0.0, "Aspal": 100.0, "Rigid": 0.0, "Thn_Pen_Ak": 0, "Jns_Pen": null, "Koord_X_Aw": 552591.37940201815, "Koord_Y_Aw": 16503.4163904954, "Koord_X_Ak": 552719.77480940055, "Koord_Y_Ak": 16612.7985106669 }, "geometry": { "type": "LineString", "coordinates": [ [ 117.472621647569738, 0.149306467776337, 0.0 ], [ 117.473239617720921, 0.149859064556224, 0.0 ], [ 117.473389254851853, 0.149975809286958, 0.0 ], [ 117.473775490207274, 0.150296023001843, 0.0 ] ] } },
{ "type": "Feature", "properties": { "Kl_Dat_Das": "Jalan non tol", "Nm_Ruas": "Jl. Gn. Sewu", "Thn_Data": 2015, "Status": "Jalan Kota", "Fungsi": "Jalan Lingkungan", "Mendukung": null, "Ura_Dukung": null, "Kd_Bd_PU": null, "Kd_Jns_Inf": null, "Kd_Inf": "001 00 K 283", "Propinsi": "Kalimantan Timur", "Kab_Kota": "Bontang", "Kecamatan": "Bontang Utara", "Desa_Kel": "Gunung Elai", "Tk_Ruas_Aw": "Jl. Gn. Slamet", "Tk_Ruas_Ak": "Sp. 4 Jl. Gn. Tangkuban Perahu - Jl. Singalang", "Kd_Patok": null, "Km_Awal": 0.0, "Km_Akhir": 0.0, "Nm_Lintas": "-", "Kon_Baik": 0.226733528, "Kon_Sdg": 0.0, "Kon_Rgn": 0.0, "Kon_Rusak": 0.0, "Kon_Mntp": 0.0, "Kon_T_Mntp": 0.0, "Panjang": 0.226733528, "Lbr_Keras": 0.0, "LHRT": 0.0, "VCR": 0.0, "Tipe_Jln": 2, "MST": 0.0, "Tipe_Keras": "Aspal", "Tanah_Kri": 0.0, "Macadam": 0.0, "Aspal": 100.0, "Rigid": 0.0, "Thn_Pen_Ak": 0, "Jns_Pen": null, "Koord_X_Aw": 552908.83432376198, "Koord_Y_Aw": 16604.480045411699, "Koord_X_Ak": 553072.40049650799, "Koord_Y_Ak": 16756.7689858638 }, "geometry": { "type": "LineString", "coordinates": [ [ 117.475474465825172, 0.150220728683614, 0.0 ], [ 117.475476056480389, 0.150226384621894, 0.0 ], [ 117.475477797878725, 0.15024039768009, 0.0 ], [ 117.475477419325188, 0.150254514833469, 0.0 ], [ 117.475474929485969, 0.150268412896762, 0.0 ], [ 117.4754750996902, 0.150286073331591, 0.0 ], [ 117.475478069616315, 0.150303479670355, 0.0 ], [ 117.47548376300756, 0.150320184982502, 0.0 ], [ 117.475492033678648, 0.150335760337334, 0.0 ], [ 117.475502669269304, 0.150349805817162, 0.0 ], [ 117.475515396696821, 0.150361960785964, 0.0 ], [ 117.47594976760243, 0.150732711102195, 0.0 ], [ 117.476416023869021, 0.151130676587921, 0.0 ], [ 117.476944377636798, 0.151598454099587, 0.0 ] ] } },
{ "type": "Feature", "properties": { "Kl_Dat_Das": "Jalan non tol", "Nm_Ruas": "Jl. Gn. Welirang", "Thn_Data": 2015, "Status": "Jalan Kota", "Fungsi": "Jalan Lingkungan", "Mendukung": null, "Ura_Dukung": null, "Kd_Bd_PU": null, "Kd_Jns_Inf": null, "Kd_Inf": "001 00 K 273", "Propinsi": "Kalimantan Timur", "Kab_Kota": "Bontang", "Kecamatan": "Bontang Utara", "Desa_Kel": "Gunung Elai", "Tk_Ruas_Aw": "Jl. Gn. Malabar", "Tk_Ruas_Ak": "Sp. 4 Jl. Gn. Tangkuban Perahu - Jl. Gn. Dieng", "Kd_Patok": null, "Km_Awal": 0.0, "Km_Akhir": 0.0, "Nm_Lintas": "-", "Kon_Baik": 0.0833380284, "Kon_Sdg": 0.0, "Kon_Rgn": 0.0, "Kon_Rusak": 0.0, "Kon_Mntp": 0.0, "Kon_T_Mntp": 0.0, "Panjang": 0.0833380284, "Lbr_Keras": 0.0, "LHRT": 0.0, "VCR": 0.0, "Tipe_Jln": 2, "MST": 0.0, "Tipe_Keras": "Aspal", "Tanah_Kri": 0.0, "Macadam": 0.0, "Aspal": 100.0, "Rigid": 0.0, "Thn_Pen_Ak": 0, "Jns_Pen": null, "Koord_X_Aw": 553062.77212717815, "Koord_Y_Aw": 16642.560053268899, "Koord_X_Ak": 553125.28174687794, "Koord_Y_Ak": 16697.676062036 }, "geometry": { "type": "LineString", "coordinates": [ [ 117.476857830104635, 0.150565208077817, 0.0 ], [ 117.477419581455891, 0.151063830060392, 0.0 ] ] } },
{ "type": "Feature", "properties": { "Kl_Dat_Das": "Jalan non tol", "Nm_Ruas": "Jl. Gn. Arjuna", "Thn_Data": 2015, "Status": "Jalan Kota", "Fungsi": "Jalan Lingkungan", "Mendukung": null, "Ura_Dukung": null, "Kd_Bd_PU": null, "Kd_Jns_Inf": null, "Kd_Inf": "001 00 K 262", "Propinsi": "Kalimantan Timur", "Kab_Kota": "Bontang", "Kecamatan": "Bontang Utara", "Desa_Kel": "Gunung Elai", "Tk_Ruas_Aw": "Jl. Gn. Tangkuban Perahu", "Tk_Ruas_Ak": "Buntu", "Kd_Patok": null, "Km_Awal": 0.0, "Km_Akhir": 0.0, "Nm_Lintas": "-", "Kon_Baik": 0.1575937798, "Kon_Sdg": 0.0, "Kon_Rgn": 0.0, "Kon_Rusak": 0.0, "Kon_Mntp": 0.0, "Kon_T_Mntp": 0.0, "Panjang": 0.1575937798, "Lbr_Keras": 0.0, "LHRT": 0.0, "VCR": 0.0, "Tipe_Jln": 2, "MST": 0.0, "Tipe_Keras": "Aspal", "Tanah_Kri": 0.0, "Macadam": 0.0, "Aspal": 100.0, "Rigid": 0.0, "Thn_Pen_Ak": 0, "Jns_Pen": null, "Koord_X_Aw": 553349.26406702597, "Koord_Y_Aw": 16680.424312089701, "Koord_X_Ak": 553231.59361282573, "Koord_Y_Ak": 16575.863220184601 }, "geometry": { "type": "LineString", "coordinates": [ [ 117.479432386905358, 0.150907708966142, 0.0 ], [ 117.479425728752261, 0.150894132044249, 0.0 ], [ 117.479416995690684, 0.150881804604652, 0.0 ], [ 117.479406413401563, 0.150871045214703, 0.0 ], [ 117.478925169977742, 0.150438283244391, 0.0 ], [ 117.478374925186841, 0.149961768663922, 0.0 ] ] } },
{ "type": "Feature", "properties": { "Kl_Dat_Das": "Jalan non tol", "Nm_Ruas": "Jl. Gn. Agung", "Thn_Data": 2015, "Status": "Jalan Kota", "Fungsi": "Jalan Lingkungan", "Mendukung": null, "Ura_Dukung": null, "Kd_Bd_PU": null, "Kd_Jns_Inf": null, "Kd_Inf": "001 00 K 274", "Propinsi": "Kalimantan Timur", "Kab_Kota": "Bontang", "Kecamatan": "Bontang Utara", "Desa_Kel": "Gunung Elai", "Tk_Ruas_Aw": "Jl. Gn. Malabar", "Tk_Ruas_Ak": "Sp. 4 Jl. Gn. Tangkuban Perahu - Jl. Gn. Wilis", "Kd_Patok": null, "Km_Awal": 0.0, "Km_Akhir": 0.0, "Nm_Lintas": "-", "Kon_Baik": 0.1043960202, "Kon_Sdg": 0.0, "Kon_Rgn": 0.0, "Kon_Rusak": 0.0, "Kon_Mntp": 0.0, "Kon_T_Mntp": 0.0, "Panjang": 0.1043960202, "Lbr_Keras": 0.0, "LHRT": 0.0, "VCR": 0.0, "Tipe_Jln": 2, "MST": 0.0, "Tipe_Keras": "Aspal", "Tanah_Kri": 0.0, "Macadam": 0.0, "Aspal": 100.0, "Rigid": 0.0, "Thn_Pen_Ak": 0, "Jns_Pen": null, "Koord_X_Aw": 553020.2187741677, "Koord_Y_Aw": 16658.963877200302, "Koord_X_Ak": 553098.88025587006, "Koord_Y_Ak": 16727.599875939901 }, "geometry": { "type": "LineString", "coordinates": [ [ 117.476475429098841, 0.150713621858777, 0.0 ], [ 117.477182331300739, 0.151334555966639, 0.0 ] ] } },
{ "type": "Feature", "properties": { "Kl_Dat_Das": "Jalan non tol", "Nm_Ruas": "Jl. Gn. galunggung", "Thn_Data": 2015, "Status": "Jalan Kota", "Fungsi": "Jalan Lingkungan", "Mendukung": null, "Ura_Dukung": null, "Kd_Bd_PU": null, "Kd_Jns_Inf": null, "Kd_Inf": "001 00 K 264", "Propinsi": "Kalimantan Timur", "Kab_Kota": "Bontang", "Kecamatan": "Bontang Utara", "Desa_Kel": "Gunung Elai", "Tk_Ruas_Aw": "Jl. Gn. Tangkuban Perahu", "Tk_Ruas_Ak": "Buntu", "Kd_Patok": null, "Km_Awal": 0.0, "Km_Akhir": 0.0, "Nm_Lintas": "-", "Kon_Baik": 0.1516171468, "Kon_Sdg": 0.0, "Kon_Rgn": 0.0, "Kon_Rusak": 0.0, "Kon_Mntp": 0.0, "Kon_T_Mntp": 0.0, "Panjang": 0.1516171468, "Lbr_Keras": 0.0, "LHRT": 0.0, "VCR": 0.0, "Tipe_Jln": 2, "MST": 0.0, "Tipe_Keras": "Aspal", "Tanah_Kri": 0.0, "Macadam": 0.0, "Aspal": 100.0, "Rigid": 0.0, "Thn_Pen_Ak": 0, "Jns_Pen": null, "Koord_X_Aw": 553179.20309452736, "Koord_Y_Aw": 16635.674757095199, "Koord_X_Ak": 553292.28824199317, "Koord_Y_Ak": 16736.6665979426 }, "geometry": { "type": "LineString", "coordinates": [ [ 117.477904131483669, 0.150502893765699, 0.0 ], [ 117.478727590342672, 0.151241326860525, 0.0 ], [ 117.478920386958933, 0.15141654399243, 0.0 ] ] } },
{ "type": "Feature", "properties": { "Kl_Dat_Das": "Jalan non tol", "Nm_Ruas": "Jl. Gn. Dempo", "Thn_Data": 2015, "Status": "Jalan Kota", "Fungsi": "Jalan Lingkungan", "Mendukung": null, "Ura_Dukung": null, "Kd_Bd_PU": null, "Kd_Jns_Inf": null, "Kd_Inf": "001 00 K 286", "Propinsi": "Kalimantan Timur", "Kab_Kota": "Bontang", "Kecamatan": "Bontang Utara", "Desa_Kel": "Gunung Elai", "Tk_Ruas_Aw": "Sp. 4 Jl. Gn. Ciremai - Jl. Gn. Tangkuban Perahu", "Tk_Ruas_Ak": "Buntu", "Kd_Patok": null, "Km_Awal": 0.0, "Km_Akhir": 0.0, "Nm_Lintas": "-", "Kon_Baik": 0.1733570201, "Kon_Sdg": 0.0, "Kon_Rgn": 0.0, "Kon_Rusak": 0.0, "Kon_Mntp": 0.0, "Kon_T_Mntp": 0.0, "Panjang": 0.1733570201, "Lbr_Keras": 5.0, "LHRT": 0.0, "VCR": 0.0, "Tipe_Jln": 2, "MST": 0.0, "Tipe_Keras": "Aspal", "Tanah_Kri": 0.0, "Macadam": 0.0, "Aspal": 100.0, "Rigid": 0.0, "Thn_Pen_Ak": 0, "Jns_Pen": null, "Koord_X_Aw": 553151.98379827722, "Koord_Y_Aw": 16666.9727858107, "Koord_X_Ak": 553281.90364934236, "Koord_Y_Ak": 16781.748605157602 }, "geometry": { "type": "LineString", "coordinates": [ [ 117.477659532429001, 0.150786052317683, 0.0 ], [ 117.478827075163977, 0.15182440276121, 0.0 ] ] } },
{ "type": "Feature", "properties": { "Kl_Dat_Das": "Jalan non tol", "Nm_Ruas": "Jl. Gn. Burangrang", "Thn_Data": 2015, "Status": "Jalan Kota", "Fungsi": "Jalan Lingkungan", "Mendukung": null, "Ura_Dukung": null, "Kd_Bd_PU": null, "Kd_Jns_Inf": null, "Kd_Inf": "001 00 K 282", "Propinsi": "Kalimantan Timur", "Kab_Kota": "Bontang", "Kecamatan": "Bontang Utara", "Desa_Kel": "Gunung Elai", "Tk_Ruas_Aw": "Sp. 3 Jl. Gn. Pangrango - Jl. Gn. Slamet", "Tk_Ruas_Ak": "Sp. 3 Jl. Gn. Tinombala - Jl. Gn. Tangkuban Perahu", "Kd_Patok": null, "Km_Awal": 0.0, "Km_Akhir": 0.0, "Nm_Lintas": "-", "Kon_Baik": 0.2234070291, "Kon_Sdg": 0.0, "Kon_Rgn": 0.0, "Kon_Rusak": 0.0, "Kon_Mntp": 0.0, "Kon_T_Mntp": 0.0, "Panjang": 0.2234070291, "Lbr_Keras": 0.0, "LHRT": 0.0, "VCR": 0.0, "Tipe_Jln": 2, "MST": 0.0, "Tipe_Keras": "Aspal", "Tanah_Kri": 0.0, "Macadam": 0.0, "Aspal": 100.0, "Rigid": 0.0, "Thn_Pen_Ak": 0, "Jns_Pen": null, "Koord_X_Aw": 552877.20512043056, "Koord_Y_Aw": 16639.4657693427, "Koord_X_Ak": 553045.09054107475, "Koord_Y_Ak": 16786.8526086456 }, "geometry": { "type": "LineString", "coordinates": [ [ 117.475190237880838, 0.150537250745866, 0.0 ], [ 117.475536465073304, 0.150835580756067, 0.0 ], [ 117.476698963621544, 0.151870626009668, 0.0 ] ] } },
{ "type": "Feature", "properties": { "Kl_Dat_Das": "Jalan non tol", "Nm_Ruas": "Jl. Gn. Dieng", "Thn_Data": 2015, "Status": "Jalan Kota", "Fungsi": "Jalan Lingkungan", "Mendukung": null, "Ura_Dukung": null, "Kd_Bd_PU": null, "Kd_Jns_Inf": null, "Kd_Inf": "001 00 K 265", "Propinsi": "Kalimantan Timur", "Kab_Kota": "Bontang", "Kecamatan": "Bontang Utara", "Desa_Kel": "Gunung Elai", "Tk_Ruas_Aw": "Jl. Gn. Tangkuban Perahu", "Tk_Ruas_Ak": "Buntu", "Kd_Patok": null, "Km_Awal": 0.0, "Km_Akhir": 0.0, "Nm_Lintas": "-", "Kon_Baik": 0.1720892817, "Kon_Sdg": 0.0, "Kon_Rgn": 0.0, "Kon_Rusak": 0.0, "Kon_Mntp": 0.0, "Kon_T_Mntp": 0.0, "Panjang": 0.1720892817, "Lbr_Keras": 0.0, "LHRT": 0.0, "VCR": 0.0, "Tipe_Jln": 2, "MST": 0.0, "Tipe_Keras": "Aspal", "Tanah_Kri": 0.0, "Macadam": 0.0, "Aspal": 100.0, "Rigid": 0.0, "Thn_Pen_Ak": 0, "Jns_Pen": null, "Koord_X_Aw": 553125.28174687794, "Koord_Y_Aw": 16697.676062036, "Koord_X_Ak": 553254.55868575827, "Koord_Y_Ak": 16811.263803944701 }, "geometry": { "type": "LineString", "coordinates": [ [ 117.477419581455891, 0.151063830060392, 0.0 ], [ 117.477621543961007, 0.151243096081392, 0.0 ], [ 117.478581346533574, 0.152091432103601, 0.0 ] ] } },
{ "type": "Feature", "properties": { "Kl_Dat_Das": "Jalan non tol", "Nm_Ruas": "Jl. Gn. Wilis", "Thn_Data": 2015, "Status": "Jalan Kota", "Fungsi": "Jalan Lingkungan", "Mendukung": null, "Ura_Dukung": null, "Kd_Bd_PU": null, "Kd_Jns_Inf": null, "Kd_Inf": "001 00 K 266", "Propinsi": "Kalimantan Timur", "Kab_Kota": "Bontang", "Kecamatan": "Bontang Utara", "Desa_Kel": "Gunung Elai", "Tk_Ruas_Aw": "Jl. Gn. Tangkuban Perahu", "Tk_Ruas_Ak": "Buntu", "Kd_Patok": null, "Km_Awal": 0.0, "Km_Akhir": 0.0, "Nm_Lintas": "-", "Kon_Baik": 0.171433941, "Kon_Sdg": 0.0, "Kon_Rgn": 0.0, "Kon_Rusak": 0.0, "Kon_Mntp": 0.0, "Kon_T_Mntp": 0.0, "Panjang": 0.171433941, "Lbr_Keras": 0.0, "LHRT": 0.0, "VCR": 0.0, "Tipe_Jln": 2, "MST": 0.0, "Tipe_Keras": "Aspal", "Tanah_Kri": 0.0, "Macadam": 0.0, "Aspal": 100.0, "Rigid": 0.0, "Thn_Pen_Ak": 0, "Jns_Pen": null, "Koord_X_Aw": 553098.88025587006, "Koord_Y_Aw": 16727.599875939901, "Koord_X_Ak": 553228.15227514796, "Koord_Y_Ak": 16840.1978009583 }, "geometry": { "type": "LineString", "coordinates": [ [ 117.477182331300739, 0.151334555966639, 0.0 ], [ 117.47737204577858, 0.151501198776695, 0.0 ], [ 117.478287511715763, 0.152303102881393, 0.0 ], [ 117.478344052054979, 0.152353203143958, 0.0 ] ] } },
{ "type": "Feature", "properties": { "Kl_Dat_Das": "Jalan non tol", "Nm_Ruas": "Jl. Singgalang", "Thn_Data": 2015, "Status": "Jalan Kota", "Fungsi": "Jalan Lingkungan", "Mendukung": null, "Ura_Dukung": null, "Kd_Bd_PU": null, "Kd_Jns_Inf": null, "Kd_Inf": "001 00 K 284", "Propinsi": "Kalimantan Timur", "Kab_Kota": "Bontang", "Kecamatan": "Bontang Utara", "Desa_Kel": "Gunung Elai", "Tk_Ruas_Aw": "Sp. 4 Jl. Gn. Sewu - Jl. Gn. Tangkuban Perahu", "Tk_Ruas_Ak": "Buntu", "Kd_Patok": null, "Km_Awal": 0.0, "Km_Akhir": 0.0, "Nm_Lintas": "-", "Kon_Baik": 0.1724025223, "Kon_Sdg": 0.0, "Kon_Rgn": 0.0, "Kon_Rusak": 0.0, "Kon_Mntp": 0.0, "Kon_T_Mntp": 0.0, "Panjang": 0.1724025223, "Lbr_Keras": 0.0, "LHRT": 0.0, "VCR": 0.0, "Tipe_Jln": 2, "MST": 0.0, "Tipe_Keras": "Aspal", "Tanah_Kri": 0.0, "Macadam": 0.0, "Aspal": 100.0, "Rigid": 0.0, "Thn_Pen_Ak": 0, "Jns_Pen": null, "Koord_X_Aw": 553072.40049650718, "Koord_Y_Aw": 16756.768985862502, "Koord_X_Ak": 553201.93229741615, "Koord_Y_Ak": 16870.539076007299 }, "geometry": { "type": "LineString", "coordinates": [ [ 117.476944377636798, 0.151598454099576, 0.0 ], [ 117.477055361357912, 0.151696713420365, 0.0 ], [ 117.477765753430333, 0.152328568743753, 0.0 ], [ 117.478108433225813, 0.152627705801028, 0.0 ] ] } },
{ "type": "Feature", "properties": { "Kl_Dat_Das": "Jalan non tol", "Nm_Ruas": "Jl. Gn. Tinombala", "Thn_Data": 2015, "Status": "Jalan Kota", "Fungsi": "Jalan Lingkungan", "Mendukung": null, "Ura_Dukung": null, "Kd_Bd_PU": null, "Kd_Jns_Inf": null, "Kd_Inf": "001 00 K 280", "Propinsi": "Kalimantan Timur", "Kab_Kota": "Bontang", "Kecamatan": "Bontang Utara", "Desa_Kel": "Gunung Elai", "Tk_Ruas_Aw": "Sp. 3 Jl. Gn. Burangrang - Jl. Gn. Tangkuban Perahu", "Tk_Ruas_Ak": "Buntu", "Kd_Patok": null, "Km_Awal": 0.0, "Km_Akhir": 0.0, "Nm_Lintas": "-", "Kon_Baik": 0.1733936799, "Kon_Sdg": 0.0, "Kon_Rgn": 0.0, "Kon_Rusak": 0.0, "Kon_Mntp": 0.0, "Kon_T_Mntp": 0.0, "Panjang": 0.1733936799, "Lbr_Keras": 0.0, "LHRT": 0.0, "VCR": 0.0, "Tipe_Jln": 2, "MST": 0.0, "Tipe_Keras": "Aspal", "Tanah_Kri": 0.0, "Macadam": 0.0, "Aspal": 100.0, "Rigid": 0.0, "Thn_Pen_Ak": 0, "Jns_Pen": null, "Koord_X_Aw": 553045.09054107475, "Koord_Y_Aw": 16786.8526086456, "Koord_X_Ak": 553175.43786354922, "Koord_Y_Ak": 16901.197946634398 }, "geometry": { "type": "LineString", "coordinates": [ [ 117.476698963621544, 0.151870626009668, 0.0 ], [ 117.476874048276244, 0.152026514800408, 0.0 ], [ 117.477870348066617, 0.152905081815668, 0.0 ] ] } },
{ "type": "Feature", "properties": { "Kl_Dat_Das": "Jalan non tol", "Nm_Ruas": "Jl. Kapal Selam 2", "Thn_Data": 2015, "Status": "Jalan Kota", "Fungsi": "Jalan Lingkungan", "Mendukung": null, "Ura_Dukung": null, "Kd_Bd_PU": null, "Kd_Jns_Inf": null, "Kd_Inf": "001 00 K 425", "Propinsi": "Kalimantan Timur", "Kab_Kota": "Bontang", "Kecamatan": "Bontang Utara", "Desa_Kel": "Lok Tuan", "Tk_Ruas_Aw": "Jl. Brigjen. Slamet Riyadi", "Tk_Ruas_Ak": "Buntu", "Kd_Patok": null, "Km_Awal": 0.0, "Km_Akhir": 0.0, "Nm_Lintas": "-", "Kon_Baik": 0.5238363733, "Kon_Sdg": 0.0, "Kon_Rgn": 0.0, "Kon_Rusak": 0.0, "Kon_Mntp": 0.0, "Kon_T_Mntp": 0.0, "Panjang": 0.5238363733, "Lbr_Keras": 0.0, "LHRT": 0.0, "VCR": 0.0, "Tipe_Jln": 2, "MST": 0.0, "Tipe_Keras": "Beton", "Tanah_Kri": 0.0, "Macadam": 0.0, "Aspal": 0.0, "Rigid": 100.0, "Thn_Pen_Ak": 0, "Jns_Pen": null, "Koord_X_Aw": 553215.26437971089, "Koord_Y_Aw": 18874.8814816419, "Koord_X_Ak": 553398.20902822074, "Koord_Y_Ak": 18438.547842513799 }, "geometry": { "type": "LineString", "coordinates": [ [ 117.478228665788322, 0.170760980246877, 0.0 ], [ 117.478228908392083, 0.170740339564314, 0.0 ], [ 117.478233175985366, 0.17037725434546, 0.0 ], [ 117.478228895096905, 0.170147706371469, 0.0 ], [ 117.478226725881683, 0.170005623246788, 0.0 ], [ 117.478227343808598, 0.169999649027117, 0.0 ], [ 117.478226945282429, 0.169993655920645, 0.0 ], [ 117.478225541873996, 0.169987817931281, 0.0 ], [ 117.478223174329855, 0.169982304559121, 0.0 ], [ 117.478219911389345, 0.169977275879486, 0.0 ], [ 117.478215847788647, 0.169972877895068, 0.0 ], [ 117.478211101510354, 0.169969238296989, 0.0 ], [ 117.478205810357906, 0.169966462757308, 0.0 ], [ 117.478200127954679, 0.169964631861079, 0.0 ], [ 117.478184165374969, 0.169954651166663, 0.0 ], [ 117.478169888823189, 0.169942351274396, 0.0 ], [ 117.478160662304916, 0.169931563910028, 0.0 ], [ 117.478157627815449, 0.169928016077225, 0.0 ], [ 117.478147665347336, 0.169911976444926, 0.0 ], [ 117.47814023136192, 0.169894602587207, 0.0 ], [ 117.478135497442494, 0.169876295508873, 0.0 ], [ 117.478133572852371, 0.169857477754474, 0.0 ], [ 117.47810349185248, 0.169683372580411, 0.0 ], [ 117.478094092522127, 0.169655286000564, 0.0 ], [ 117.478080862306427, 0.169628809726128, 0.0 ], [ 117.478069374423995, 0.169600280398075, 0.0 ], [ 117.47805637690206, 0.169568001988633, 0.0 ], [ 117.478037113815532, 0.169505319157425, 0.0 ], [ 117.478023212455184, 0.169441214872547, 0.0 ], [ 117.478014773426196, 0.169376153061531, 0.0 ], [ 117.478012287258963, 0.169320259540168, 0.0 ], [ 117.478011857802386, 0.169310604581396, 0.0 ], [ 117.478014486684287, 0.169245043811326, 0.0 ], [ 117.478022641046437, 0.169179945219293, 0.0 ], [ 117.478034131722353, 0.169067129199426, 0.0 ], [ 117.478062264627837, 0.168972091002808, 0.0 ], [ 117.478096767008395, 0.168879204444197, 0.0 ], [ 117.478137478364332, 0.16878890161658, 0.0 ], [ 117.478184209312957, 0.168701602593892, 0.0 ], [ 117.478333784101508, 0.168363128825209, 0.0 ], [ 117.478486791541528, 0.168060793010524, 0.0 ], [ 117.478520015249998, 0.168004699829558, 0.0 ], [ 117.478527675293506, 0.167991767010676, 0.0 ], [ 117.478572466577447, 0.167925244188309, 0.0 ], [ 117.478621014617303, 0.16786144847173, 0.0 ], [ 117.478673155991103, 0.167800594609364, 0.0 ], [ 117.478728715181035, 0.167742887446698, 0.0 ], [ 117.479033318505671, 0.167476530862303, 0.0 ], [ 117.479455918940062, 0.167144493228679, 0.0 ], [ 117.479872595810988, 0.166813431427172, 0.0 ] ] } },
{ "type": "Feature", "properties": { "Kl_Dat_Das": "Jalan non tol", "Nm_Ruas": "Jl. Kapal Layar 2", "Thn_Data": 2015, "Status": "Jalan Kota", "Fungsi": "Jalan Lingkungan", "Mendukung": null, "Ura_Dukung": null, "Kd_Bd_PU": null, "Kd_Jns_Inf": null, "Kd_Inf": "001 00 K 240", "Propinsi": "Kalimantan Timur", "Kab_Kota": "Bontang", "Kecamatan": "Bontang Utara", "Desa_Kel": "Lok Tuan", "Tk_Ruas_Aw": "Jl. Brigjen. Slamet Riyadi", "Tk_Ruas_Ak": "Buntu", "Kd_Patok": null, "Km_Awal": 0.0, "Km_Akhir": 0.0, "Nm_Lintas": "-", "Kon_Baik": 0.2285249167, "Kon_Sdg": 0.0, "Kon_Rgn": 0.0, "Kon_Rusak": 0.0, "Kon_Mntp": 0.0, "Kon_T_Mntp": 0.0, "Panjang": 0.2285249167, "Lbr_Keras": 0.0, "LHRT": 0.0, "VCR": 0.0, "Tipe_Jln": 2, "MST": 0.0, "Tipe_Keras": "Beton", "Tanah_Kri": 0.0, "Macadam": 0.0, "Aspal": 0.0, "Rigid": 100.0, "Thn_Pen_Ak": 0, "Jns_Pen": null, "Koord_X_Aw": 552523.69718231785, "Koord_Y_Aw": 18853.502991540401, "Koord_X_Ak": 552542.15272793663, "Koord_Y_Ak": 18626.196743545301 }, "geometry": { "type": "LineString", "coordinates": [ [ 117.472013908972826, 0.170567723596435, 0.000000000000227 ], [ 117.472094832203993, 0.16996277161013, 0.000000000000227 ], [ 117.472120071694462, 0.169833703691666, 0.000000000000227 ], [ 117.47214038101481, 0.169703757064326, 0.000000000000227 ], [ 117.472155730344994, 0.169573122525435, 0.000000000000227 ], [ 117.472166097148701, 0.169441991881285, 0.000000000000227 ], [ 117.472171466204713, 0.169310557667586, 0.000000000000227 ], [ 117.472171498289413, 0.169298944289039, 0.000000000000227 ], [ 117.472171829629701, 0.169179012865129, 0.000000000000227 ], [ 117.472173117688598, 0.169069864137384, 0.000000000000227 ], [ 117.472173728318694, 0.169018120047838, 0.000000000000227 ], [ 117.472177653040603, 0.168685544431753, 0.000000000000227 ], [ 117.472179709550929, 0.168511279055736, 0.000000000000227 ] ] } },
{ "type": "Feature", "properties": { "Kl_Dat_Das": "Jalan non tol", "Nm_Ruas": "Jl. Kapal Selam 3", "Thn_Data": 2015, "Status": "Jalan Kota", "Fungsi": "Jalan Lingkungan", "Mendukung": null, "Ura_Dukung": null, "Kd_Bd_PU": null, "Kd_Jns_Inf": null, "Kd_Inf": "001 00 K 239", "Propinsi": "Kalimantan Timur", "Kab_Kota": "Bontang", "Kecamatan": "Bontang Utara", "Desa_Kel": "Lok Tuan", "Tk_Ruas_Aw": "Jl. Kapal Selam 2", "Tk_Ruas_Ak": "Buntu (Kuburan)", "Kd_Patok": null, "Km_Awal": 0.0, "Km_Akhir": 0.0, "Nm_Lintas": "-", "Kon_Baik": 0.170259588, "Kon_Sdg": 0.0, "Kon_Rgn": 0.0, "Kon_Rusak": 0.0, "Kon_Mntp": 0.0, "Kon_T_Mntp": 0.0, "Panjang": 0.170259588, "Lbr_Keras": 0.0, "LHRT": 0.0, "VCR": 0.0, "Tipe_Jln": 2, "MST": 0.0, "Tipe_Keras": "Beton", "Tanah_Kri": 0.0, "Macadam": 0.0, "Aspal": 0.0, "Rigid": 100.0, "Thn_Pen_Ak": 0, "Jns_Pen": null, "Koord_X_Aw": 553154.26121798891, "Koord_Y_Aw": 18723.285762416199, "Koord_X_Ak": 553321.80918445205, "Koord_Y_Ak": 18704.144744701702 }, "geometry": { "type": "LineString", "coordinates": [ [ 117.477680428844621, 0.169389508049453, 0.0 ], [ 117.477925208954488, 0.169370545883357, 0.0 ], [ 117.477939438234159, 0.169368794255637, 0.0 ], [ 117.47795325374851, 0.169364943412251, 0.0 ], [ 117.477966351680493, 0.169359078037018, 0.0 ], [ 117.477978443993536, 0.169351327115528, 0.0 ], [ 117.477989264765512, 0.169341861098295, 0.0 ], [ 117.477998576036839, 0.16933088815245, 0.0 ], [ 117.478012287258963, 0.169320259540168, 0.0 ], [ 117.478015307375884, 0.169317918417578, 0.0 ], [ 117.478034013210959, 0.169308054454023, 0.0 ], [ 117.4780541307492, 0.169301593033695, 0.0 ], [ 117.478075054724613, 0.169298728557979, 0.0 ], [ 117.478930738328785, 0.169236491599585, 0.0 ], [ 117.479186089557629, 0.169216301949108, 0.0 ] ] } },
{ "type": "Feature", "properties": { "Kl_Dat_Das": "Jalan non tol", "Nm_Ruas": "Jl. Brigjen. Slamet Riyadi", "Thn_Data": 2015, "Status": "Jalan Kota", "Fungsi": "Jalan Kolektor", "Mendukung": null, "Ura_Dukung": null, "Kd_Bd_PU": null, "Kd_Jns_Inf": null, "Kd_Inf": "001 00 K 001", "Propinsi": "Kalimantan Timur", "Kab_Kota": "Bontang", "Kecamatan": "Bontang Utara", "Desa_Kel": "Loktuan", "Tk_Ruas_Aw": "Sp. 4 Jl. Dr. Cipto Mangunkusomo - Jl. Arief Rahman Hakim - Jl. Pupuk Raya", "Tk_Ruas_Ak": "Jl. Laks. RE Martadinata", "Kd_Patok": null, "Km_Awal": 0.0, "Km_Akhir": 0.0, "Nm_Lintas": "-", "Kon_Baik": 1.3100146516, "Kon_Sdg": 0.0, "Kon_Rgn": 0.0, "Kon_Rusak": 0.0, "Kon_Mntp": 0.0, "Kon_T_Mntp": 0.0, "Panjang": 1.3100146516, "Lbr_Keras": 14.0, "LHRT": 1377.0, "VCR": 0.0, "Tipe_Jln": 4, "MST": 0.0, "Tipe_Keras": "Aspal", "Tanah_Kri": 0.0, "Macadam": 0.0, "Aspal": 100.0, "Rigid": 0.0, "Thn_Pen_Ak": 2019, "Jns_Pen": "Rehabilitasi / Pemeliharaan", "Koord_X_Aw": 117.4675525742, "Koord_Y_Aw": 0.1695157194, "Koord_X_Ak": 117.4791388948, "Koord_Y_Ak": 0.1706464977 }, "geometry": { "type": "LineString", "coordinates": [ [ 117.467552574187678, 0.169515719420743, 0.0 ], [ 117.468126404649396, 0.169695553621469, 0.0 ], [ 117.468234603976484, 0.169731304296169, 0.0 ], [ 117.46854580467209, 0.169834129649274, 0.0 ], [ 117.468787804785791, 0.169912176173163, 0.0 ], [ 117.469077885077567, 0.170005728841179, 0.0 ], [ 117.469336942141894, 0.170095686410648, 0.0 ], [ 117.469459113192343, 0.170133027928649, 0.0 ], [ 117.469582956917932, 0.170164107123768, 0.0 ], [ 117.469708200195242, 0.170188857762124, 0.0 ], [ 117.469834524153299, 0.170207216828616, 0.0 ], [ 117.469961607169864, 0.170219137581072, 0.0 ], [ 117.47008926089606, 0.170224595450309, 0.0 ], [ 117.470410714773365, 0.170234995994771, 0.0 ], [ 117.470915889653554, 0.17025013013155, 0.0 ], [ 117.470984155789878, 0.17025322500496, 0.0 ], [ 117.471052190250532, 0.170261617174506, 0.0 ], [ 117.471119610782466, 0.170275293803277, 0.0 ], [ 117.471601491429908, 0.170449351551706, 0.0 ], [ 117.471704605924103, 0.170485951855325, 0.0 ], [ 117.47201271952585, 0.170567383242918, 0.0 ], [ 117.472013908972826, 0.170567723596434, 0.0 ], [ 117.472176095130138, 0.170614132245183, 0.0 ], [ 117.472342367392358, 0.170637097546725, 0.0 ], [ 117.472509739504559, 0.170653612120013, 0.0 ], [ 117.472677620434695, 0.170663604192734, 0.0 ], [ 117.472845873332759, 0.170667061183352, 0.0 ], [ 117.47302177011268, 0.170669814346742, 0.0 ], [ 117.473197571217099, 0.170666855269892, 0.0 ], [ 117.473373186007024, 0.170658188478625, 0.0 ], [ 117.473548648189947, 0.170643805247186, 0.0 ], [ 117.47383273993718, 0.170629763161997, 0.0 ], [ 117.474163647129672, 0.170613407078668, 0.0 ], [ 117.47427139167695, 0.170612143428934, 0.0 ], [ 117.47455628357028, 0.170608802156687, 0.0 ], [ 117.475076429585727, 0.17059251493366, 0.0 ], [ 117.475524138727735, 0.170599202463102, 0.0 ], [ 117.475684284233125, 0.170605927356033, 0.0 ], [ 117.476093814581517, 0.170623124508418, 0.0 ], [ 117.476578936539568, 0.170632688671761, 0.0 ], [ 117.476766385576283, 0.170636311009867, 0.0 ], [ 117.476789308140653, 0.170636753974296, 0.0 ], [ 117.477130577738563, 0.170636745456415, 0.0 ], [ 117.477370665994286, 0.170636141179958, 0.0 ], [ 117.477518478999201, 0.170644545464449, 0.0 ], [ 117.477665804329504, 0.170658808631301, 0.0 ], [ 117.477702666567609, 0.17066410919151, 0.0 ], [ 117.477927691992633, 0.17069646644363, 0.0 ], [ 117.478154812211145, 0.170745414255843, 0.0 ], [ 117.478211716295391, 0.17075851561187, 0.0 ], [ 117.478269171888186, 0.170766870260805, 0.0 ], [ 117.478327111949667, 0.170770495029666, 0.0 ], [ 117.478385152939723, 0.170769365923909, 0.0 ], [ 117.478442996119185, 0.170763481723354, 0.0 ], [ 117.478695035856404, 0.170723411478977, 0.0 ], [ 117.47877045555947, 0.170711420964843, 0.0 ], [ 117.479005961725036, 0.170672498237785, 0.0 ], [ 117.479138894768468, 0.170646497718934, 0.0 ] ] } },
{ "type": "Feature", "properties": { "Kl_Dat_Das": "Jalan non tol", "Nm_Ruas": "Jl. Tari Gantar", "Thn_Data": 2015, "Status": "Jalan Kota", "Fungsi": "Jalan Lingkungan", "Mendukung": null, "Ura_Dukung": null, "Kd_Bd_PU": null, "Kd_Jns_Inf": null, "Kd_Inf": "001 00 K 318", "Propinsi": "Kalimantan Timur", "Kab_Kota": "Bontang", "Kecamatan": "Bontang Utara", "Desa_Kel": "Guntung", "Tk_Ruas_Aw": "Jl. Tari Jepen", "Tk_Ruas_Ak": "Jl. Pabrik PKT Bontang", "Kd_Patok": null, "Km_Awal": 0.0, "Km_Akhir": 0.0, "Nm_Lintas": "-", "Kon_Baik": 0.2413156349, "Kon_Sdg": 0.0, "Kon_Rgn": 0.0, "Kon_Rusak": 0.0, "Kon_Mntp": 0.0, "Kon_T_Mntp": 0.0, "Panjang": 0.2413156349, "Lbr_Keras": 0.0, "LHRT": 0.0, "VCR": 0.0, "Tipe_Jln": 2, "MST": 0.0, "Tipe_Keras": "Beton", "Tanah_Kri": 0.0, "Macadam": 0.0, "Aspal": 0.0, "Rigid": 100.0, "Thn_Pen_Ak": 0, "Jns_Pen": null, "Koord_X_Aw": 553035.65339817666, "Koord_Y_Aw": 21095.8207192216, "Koord_X_Ak": 553164.52133839298, "Koord_Y_Ak": 20949.811955243302 }, "geometry": { "type": "LineString", "coordinates": [ [ 117.476615120465723, 0.190853852680586, 0.0 ], [ 117.476907255631872, 0.190738494529993, 0.0 ], [ 117.477032939749066, 0.190696173117613, 0.0 ], [ 117.477156300047184, 0.190647411905358, 0.0 ], [ 117.477277011206411, 0.190592339484443, 0.0 ], [ 117.477706452160234, 0.190376158136693, 0.0 ], [ 117.477863059933171, 0.190292572501242, 0.0 ], [ 117.477883514746026, 0.190276757214003, 0.0 ], [ 117.477901149988668, 0.190257810653267, 0.0 ], [ 117.477915498416166, 0.19023623480734, 0.0 ], [ 117.477919815357239, 0.190226683264451, 0.0 ], [ 117.477926268359539, 0.190211407551641, 0.0 ], [ 117.477931295154036, 0.190185393404964, 0.0 ], [ 117.477933898294182, 0.190159561087509, 0.0 ], [ 117.477932304133631, 0.190133645824701, 0.0 ], [ 117.477853980372558, 0.189837986728298, 0.0 ], [ 117.477773153735086, 0.18953287962762, 0.0 ] ] } },
{ "type": "Feature", "properties": { "Kl_Dat_Das": "Jalan non tol", "Nm_Ruas": "Jl. Tari Jepen", "Thn_Data": 2015, "Status": "Jalan Kota", "Fungsi": "Jalan Lokal", "Mendukung": null, "Ura_Dukung": null, "Kd_Bd_PU": null, "Kd_Jns_Inf": null, "Kd_Inf": "001 00 K 291", "Propinsi": "Kalimantan Timur", "Kab_Kota": "Bontang", "Kecamatan": "Bontang Utara", "Desa_Kel": "Guntung", "Tk_Ruas_Aw": "Jl. PT. Pupuk Kaltim Bontang", "Tk_Ruas_Ak": "Sp. 4 Gg. Tari Jepen 3 - Gg. Tari Jepen 4 - Gg. Tari Jepen 5", "Kd_Patok": null, "Km_Awal": 0.0, "Km_Akhir": 0.0, "Nm_Lintas": "-", "Kon_Baik": 0.6908608725, "Kon_Sdg": 0.0, "Kon_Rgn": 0.0, "Kon_Rusak": 0.0, "Kon_Mntp": 0.0, "Kon_T_Mntp": 0.0, "Panjang": 0.6908608725, "Lbr_Keras": 0.0, "LHRT": 0.0, "VCR": 0.0, "Tipe_Jln": 2, "MST": 0.0, "Tipe_Keras": "Beton", "Tanah_Kri": 0.0, "Macadam": 0.0, "Aspal": 0.0, "Rigid": 100.0, "Thn_Pen_Ak": 2019, "Jns_Pen": "Rehabilitasi / Pemeliharaan", "Koord_X_Aw": 553230.38138984796, "Koord_Y_Aw": 21362.781488172699, "Koord_X_Ak": 552927.61016782839, "Koord_Y_Ak": 20793.420292951199 }, "geometry": { "type": "LineString", "coordinates": [ [ 117.478365107373634, 0.193268996576087, 0.0 ], [ 117.478237327984772, 0.193050811429143, 0.0 ], [ 117.478119508311991, 0.192865250914246, 0.0 ], [ 117.478069044721977, 0.192781943543687, 0.0 ], [ 117.478013757793391, 0.192701798955084, 0.0 ], [ 117.477953842530226, 0.192625099828788, 0.0 ], [ 117.477889510261235, 0.19255211669242, 0.0 ], [ 117.477561520435003, 0.192193308504489, 0.0 ], [ 117.477438934062619, 0.192026128015241, 0.0 ], [ 117.47740199126207, 0.19197574626686, 0.0 ], [ 117.477337466669582, 0.191887749097154, 0.0 ], [ 117.477119150233705, 0.191578009079165, 0.0 ], [ 117.477087088639266, 0.19153376924348, 0.0 ], [ 117.476953505815203, 0.191349446454791, 0.0 ], [ 117.47668641301334, 0.190977046524593, 0.0 ], [ 117.476658551535039, 0.190937754857857, 0.0 ], [ 117.476634461932306, 0.190896012361333, 0.0 ], [ 117.476615120465723, 0.190853852680586, 0.0 ], [ 117.4766143553326, 0.19085218487697, 0.0 ], [ 117.476598407955407, 0.190806656520211, 0.0 ], [ 117.476544278177741, 0.190731409180303, 0.0 ], [ 117.47649522339708, 0.190671026675505, 0.0 ], [ 117.476485852502577, 0.190659491854953, 0.0 ], [ 117.476441014795981, 0.190610480785896, 0.0 ], [ 117.476423332589434, 0.190591152771041, 0.0 ], [ 117.475910934044208, 0.19015698021067, 0.0 ], [ 117.47563595312856, 0.189946981282157, 0.0 ], [ 117.475593951717556, 0.18990093933712, 0.0 ], [ 117.475557228376005, 0.18985053110016, 0.0 ], [ 117.47552622759143, 0.189796366696311, 0.0 ], [ 117.475501324587427, 0.18973910171412, 0.0 ], [ 117.475482820781977, 0.189679429270412, 0.0 ], [ 117.475470940139161, 0.189618071621375, 0.0 ], [ 117.475465826458461, 0.189555771420197, 0.0 ], [ 117.475455853075104, 0.189319254711281, 0.0 ], [ 117.47545726560277, 0.188923781964948, 0.0 ], [ 117.475461949127549, 0.188820714330777, 0.0 ], [ 117.475471815071714, 0.188718018095042, 0.0 ], [ 117.475486838079405, 0.188615957189715, 0.0 ], [ 117.475506979540981, 0.18851479391372, 0.0 ], [ 117.475532187692352, 0.188414788259275, 0.0 ], [ 117.475562397747737, 0.1883161972432, 0.0 ], [ 117.475644117022114, 0.188118063429216, 0.0 ] ] } },
{ "type": "Feature", "properties": { "Kl_Dat_Das": "Jalan non tol", "Nm_Ruas": "Jl. Tari Dewa-dewa", "Thn_Data": 2015, "Status": "Jalan Kota", "Fungsi": "Jalan Lingkungan", "Mendukung": null, "Ura_Dukung": null, "Kd_Bd_PU": null, "Kd_Jns_Inf": null, "Kd_Inf": "001 00 K 294", "Propinsi": "Kalimantan Timur", "Kab_Kota": "Bontang", "Kecamatan": "Bontang Utara", "Desa_Kel": "Guntung", "Tk_Ruas_Aw": "Jl. Tari Gong", "Tk_Ruas_Ak": "Batas Bontang - Sangata", "Kd_Patok": null, "Km_Awal": 0.0, "Km_Akhir": 0.0, "Nm_Lintas": "-", "Kon_Baik": 1.2187146731, "Kon_Sdg": 0.0, "Kon_Rgn": 0.0, "Kon_Rusak": 0.0, "Kon_Mntp": 0.0, "Kon_T_Mntp": 0.0, "Panjang": 1.2187146731, "Lbr_Keras": 0.0, "LHRT": 0.0, "VCR": 0.0, "Tipe_Jln": 2, "MST": 0.0, "Tipe_Keras": "Beton", "Tanah_Kri": 0.0, "Macadam": 0.0, "Aspal": 0.0, "Rigid": 100.0, "Thn_Pen_Ak": 2015, "Jns_Pen": "Pembangunan", "Koord_X_Aw": 552652.81696687918, "Koord_Y_Aw": 21374.704177139301, "Koord_X_Ak": 551619.58642388321, "Koord_Y_Ak": 20817.6003565434 }, "geometry": { "type": "LineString", "coordinates": [ [ 117.473174835523807, 0.193377007529777, 0.0 ], [ 117.472620569935145, 0.193161495410548, 0.0 ], [ 117.472068157986754, 0.192946840550518, 0.0 ], [ 117.471364645423392, 0.192759722368262, 0.0 ], [ 117.471301394695303, 0.192742149511837, 0.0 ], [ 117.471008804043493, 0.192660859477042, 0.0 ], [ 117.470783731454517, 0.192588683222941, 0.0 ], [ 117.470712436074777, 0.192563899387799, 0.0 ], [ 117.470643495013604, 0.192533095796334, 0.0 ], [ 117.47057740871557, 0.192496496052198, 0.0 ], [ 117.470514656902438, 0.19245436583355, 0.0 ], [ 117.470455695091033, 0.192407010964291, 0.0 ], [ 117.470400951286265, 0.1923547751942, 0.0 ], [ 117.469846276904178, 0.191900013690516, 0.0 ], [ 117.469767336569291, 0.191827238766346, 0.0 ], [ 117.469692588502966, 0.19175010771386, 0.0 ], [ 117.469622269518396, 0.19166886489569, 0.0 ], [ 117.469556602396665, 0.1915837677011, 0.0 ], [ 117.469145177882424, 0.191057903914867, 0.0 ], [ 117.46906526647065, 0.190962803808232, 0.0 ], [ 117.469053679833664, 0.190949014908544, 0.0 ], [ 117.46895850854176, 0.190843365163405, 0.0 ], [ 117.468859777078322, 0.190741080200588, 0.0 ], [ 117.468757602744674, 0.190642281543495, 0.0 ], [ 117.468572885488385, 0.190477890150163, 0.0 ], [ 117.46832638294012, 0.190200509489333, 0.0 ], [ 117.468215817077734, 0.190064072038349, 0.0 ], [ 117.468123083925533, 0.189931224634828, 0.0 ], [ 117.468037484302982, 0.18981632972697, 0.0 ], [ 117.467916218399324, 0.189661939859197, 0.0 ], [ 117.467812786170015, 0.189547045428446, 0.0 ], [ 117.467702220897792, 0.189432151187494, 0.0 ], [ 117.467634455145543, 0.189363932787351, 0.0 ], [ 117.467555989922957, 0.189299305215108, 0.0 ], [ 117.467495357889206, 0.189256220391729, 0.0 ], [ 117.467431159429182, 0.189216726203234, 0.0 ], [ 117.467349128356986, 0.189177232497288, 0.0 ], [ 117.467242131627131, 0.189137739466654, 0.0 ], [ 117.467067370968167, 0.189098248269732, 0.0 ], [ 117.466482457508704, 0.188958233058135, 0.0 ], [ 117.465779848176098, 0.188796677738232, 0.0 ], [ 117.465280531387549, 0.18866384120843, 0.0 ], [ 117.464995207415242, 0.188584856998941, 0.0 ], [ 117.464656384723696, 0.188473559350574, 0.0 ], [ 117.464453091541145, 0.188423297240186, 0.0 ], [ 117.464235532353868, 0.18837662604785, 0.0 ], [ 117.464032239731878, 0.188347907171835, 0.0 ], [ 117.463889578487809, 0.188337139372235, 0.0 ] ] } },
{ "type": "Feature", "properties": { "Kl_Dat_Das": "Jalan non tol", "Nm_Ruas": "Jl. Tari Dewa-dewa 2", "Thn_Data": 2015, "Status": "Jalan Kota", "Fungsi": "Jalan Lingkungan", "Mendukung": null, "Ura_Dukung": null, "Kd_Bd_PU": null, "Kd_Jns_Inf": null, "Kd_Inf": "001 00 K 255", "Propinsi": "Kalimantan Timur", "Kab_Kota": "Bontang", "Kecamatan": "Bontang Utara", "Desa_Kel": "Guntung", "Tk_Ruas_Aw": "Jl. Tari Dewa - Dewa", "Tk_Ruas_Ak": "Buntu", "Kd_Patok": null, "Km_Awal": 0.0, "Km_Akhir": 0.0, "Nm_Lintas": "-", "Kon_Baik": 0.7230496033, "Kon_Sdg": 0.0, "Kon_Rgn": 0.0, "Kon_Rusak": 0.0, "Kon_Mntp": 0.0, "Kon_T_Mntp": 0.0, "Panjang": 0.7230496033, "Lbr_Keras": 0.0, "LHRT": 0.0, "VCR": 0.0, "Tipe_Jln": 2, "MST": 0.0, "Tipe_Keras": "Beton", "Tanah_Kri": 0.0, "Macadam": 0.0, "Aspal": 0.0, "Rigid": 100.0, "Thn_Pen_Ak": 0, "Jns_Pen": null, "Koord_X_Aw": 552272.92376675736, "Koord_Y_Aw": 21202.656024240001, "Koord_X_Ak": 552780.2895907741, "Koord_Y_Ak": 20978.9526358433 }, "geometry": { "type": "LineString", "coordinates": [ [ 117.469760885677502, 0.191820582218726, 0.0 ], [ 117.469771806065054, 0.191806579733008, 0.0 ], [ 117.469898202006945, 0.19164451063617, 0.0 ], [ 117.470087565801506, 0.191384750159758, 0.0 ], [ 117.470119610061801, 0.191345469305638, 0.0 ], [ 117.470147555512312, 0.191303134986924, 0.0 ], [ 117.470171117139643, 0.191258178968005, 0.0 ], [ 117.470190054640767, 0.19121105975175, 0.0 ], [ 117.470358291906948, 0.190791805578916, 0.0 ], [ 117.470381743019686, 0.190685015621012, 0.0 ], [ 117.470398933783414, 0.190577025040279, 0.0 ], [ 117.470426024633696, 0.190400309648058, 0.0 ], [ 117.470434552734432, 0.190372741907594, 0.0 ], [ 117.470447549836976, 0.190347003138567, 0.0 ], [ 117.470464648224237, 0.190323821548197, 0.0 ], [ 117.470485364144636, 0.19030385299535, 0.0 ], [ 117.470509111498487, 0.190287662435007, 0.0 ], [ 117.47053521842011, 0.190275707934173, 0.0 ], [ 117.470562946286393, 0.190268327712332, 0.0 ], [ 117.470733133233892, 0.190235973291593, 0.0 ], [ 117.470800119177426, 0.190225482385968, 0.0 ], [ 117.470867613741504, 0.190219099975128, 0.0 ], [ 117.470935368529069, 0.190216849548059, 0.0 ], [ 117.471003134185409, 0.190218739386567, 0.0 ], [ 117.471050244007472, 0.190212905255643, 0.0 ], [ 117.471096185462628, 0.190200895917575, 0.0 ], [ 117.471098195418918, 0.190200074316128, 0.0 ], [ 117.471184743069855, 0.190174331952425, 0.0 ], [ 117.471220407367738, 0.190140819292177, 0.0 ], [ 117.471310756887092, 0.190054643918727, 0.0 ], [ 117.471565160769757, 0.189762606587372, 0.0 ], [ 117.471607958106802, 0.18972909373455, 0.0 ], [ 117.471638867560898, 0.189714730738591, 0.0 ], [ 117.471676910249897, 0.189707548620814, 0.0 ], [ 117.471731596959273, 0.189709940811277, 0.0 ], [ 117.471879014556094, 0.189762597971429, 0.0 ], [ 117.471906595704098, 0.189764751536065, 0.0 ], [ 117.471935127826754, 0.18976331453774, 0.0 ], [ 117.471957953166736, 0.189748951763743, 0.0 ], [ 117.471982204764458, 0.189721663018289, 0.0 ], [ 117.472034987316988, 0.189649850834039, 0.0 ], [ 117.472080637957333, 0.1896196890723, 0.0 ], [ 117.472139127330465, 0.189562238879638, 0.0 ], [ 117.472209029294916, 0.189494734871949, 0.0 ], [ 117.472437278989773, 0.189214666757711, 0.0 ], [ 117.472551404554224, 0.189101202676245, 0.0 ], [ 117.472691209058567, 0.188987737894293, 0.0 ], [ 117.472910902161431, 0.188821130990616, 0.0 ], [ 117.472972245636697, 0.188796713664132, 0.0 ], [ 117.473035016146014, 0.188788094658129, 0.0 ], [ 117.473106347193962, 0.188812508350453, 0.0 ], [ 117.473159132767918, 0.188852720909284, 0.0 ], [ 117.473237597980557, 0.188918784623326, 0.0 ], [ 117.474320268420854, 0.189796610924724, 0.0 ] ] } },
{ "type": "Feature", "properties": { "Kl_Dat_Das": "Jalan non tol", "Nm_Ruas": "Jl. Tari Gong", "Thn_Data": 2015, "Status": "Jalan Kota", "Fungsi": "Jalan Lingkungan", "Mendukung": null, "Ura_Dukung": null, "Kd_Bd_PU": null, "Kd_Jns_Inf": null, "Kd_Inf": "001 00 K 293", "Propinsi": "Kalimantan Timur", "Kab_Kota": "Bontang", "Kecamatan": "Bontang Utara", "Desa_Kel": "Guntung", "Tk_Ruas_Aw": "Jl. Tari Enggang", "Tk_Ruas_Ak": "Batas Bontang - Sangata", "Kd_Patok": null, "Km_Awal": 0.0, "Km_Akhir": 0.0, "Nm_Lintas": "-", "Kon_Baik": 0.9321870338, "Kon_Sdg": 0.0, "Kon_Rgn": 0.0, "Kon_Rusak": 0.0, "Kon_Mntp": 0.0, "Kon_T_Mntp": 0.0, "Panjang": 0.9321870338, "Lbr_Keras": 0.0, "LHRT": 0.0, "VCR": 0.0, "Tipe_Jln": 2, "MST": 0.0, "Tipe_Keras": "Beton", "Tanah_Kri": 0.0, "Macadam": 0.0, "Aspal": 0.0, "Rigid": 100.0, "Thn_Pen_Ak": 0, "Jns_Pen": null, "Koord_X_Aw": 552824.74084455147, "Koord_Y_Aw": 21282.744675183701, "Koord_X_Ak": 552059.69096540671, "Koord_Y_Ak": 21702.646681328599 }, "geometry": { "type": "LineString", "coordinates": [ [ 117.47471980447375, 0.192545006487524, 0.0 ], [ 117.474693469534373, 0.192564521506589, 0.0 ], [ 117.474626464077502, 0.192606765552689, 0.0 ], [ 117.474556501388619, 0.19264383359389, 0.0 ], [ 117.474483975231635, 0.192675517003709, 0.0 ], [ 117.474409293798189, 0.192701637461361, 0.0 ], [ 117.474332877410262, 0.192722047955499, 0.0 ], [ 117.47425515615457, 0.1927366336116, 0.0 ], [ 117.474225992299054, 0.192739854242058, 0.0 ], [ 117.474176567461896, 0.192745312338455, 0.0 ], [ 117.473883894969262, 0.192767985454968, 0.0 ], [ 117.473829377863765, 0.192772035204529, 0.0 ], [ 117.473775787922179, 0.192782897428082, 0.0 ], [ 117.473723961743772, 0.192800402554203, 0.0 ], [ 117.473674708393546, 0.192824277308425, 0.0 ], [ 117.473628796771763, 0.192854148979046, 0.0 ], [ 117.473586943610599, 0.19288955123579, 0.0 ], [ 117.473549802285163, 0.192929931409693, 0.0 ], [ 117.473517952613463, 0.192974659120825, 0.0 ], [ 117.473361679553165, 0.193192325012456, 0.0 ], [ 117.473258295789421, 0.193298096208002, 0.0 ], [ 117.473174835523807, 0.193377007529777, 0.0 ], [ 117.473150852082341, 0.193399683770498, 0.0 ], [ 117.473039515346912, 0.193496929882006, 0.0 ], [ 117.472924458546075, 0.193589683469111, 0.0 ], [ 117.472716994309806, 0.193752677041377, 0.0 ], [ 117.472671105150994, 0.193804120459099, 0.0 ], [ 117.472629436539435, 0.193859083724138, 0.0 ], [ 117.472592253817368, 0.193917216835233, 0.0 ], [ 117.472559793761221, 0.193978149605941, 0.0 ], [ 117.472532263073916, 0.194041494021665, 0.0 ], [ 117.4725098370686, 0.194106846710777, 0.0 ], [ 117.472397614750903, 0.194383984677018, 0.0 ], [ 117.472320474828763, 0.194574485131756, 0.0 ], [ 117.47230339374083, 0.194633347663032, 0.0 ], [ 117.472280207395883, 0.194690054211284, 0.0 ], [ 117.472251177382731, 0.194743965011811, 0.0 ], [ 117.472216631218458, 0.194794471841697, 0.0 ], [ 117.472176958653677, 0.194841004881554, 0.0 ], [ 117.472034081981192, 0.194987209837216, 0.0 ], [ 117.471967859514592, 0.195030141459475, 0.0 ], [ 117.47189847897306, 0.195067679349863, 0.0 ], [ 117.471826372901475, 0.195099589482646, 0.0 ], [ 117.471751990836751, 0.195125672917629, 0.0 ], [ 117.471675796505167, 0.195145767040382, 0.0 ], [ 117.471598264931501, 0.195159746576274, 0.0 ], [ 117.471519879477441, 0.19516752437127, 0.0 ], [ 117.471441128828033, 0.195169051935343, 0.0 ], [ 117.471362503945215, 0.195164319744933, 0.0 ], [ 117.471166234603132, 0.19514022890711, 0.0 ], [ 117.471117053542201, 0.195142346059857, 0.0 ], [ 117.471068495520242, 0.19515048242711, 0.0 ], [ 117.471021284661006, 0.195164516675004, 0.0 ], [ 117.47097612499887, 0.195184239517276, 0.0 ], [ 117.470933689979475, 0.195209356836151, 0.0 ], [ 117.470894612417268, 0.195239494068521, 0.0 ], [ 117.470859475058361, 0.195274201791454, 0.0 ], [ 117.470828801890491, 0.195312962424388, 0.0 ], [ 117.470724681648647, 0.195437812924095, 0.0 ], [ 117.470684856392566, 0.195473911327396, 0.0 ], [ 117.470641010279593, 0.195504929356959, 0.0 ], [ 117.470593778966446, 0.195530417330367, 0.0 ], [ 117.470543847186676, 0.195550005736879, 0.0 ], [ 117.470491938823699, 0.195563410594464, 0.0 ], [ 117.470438806416382, 0.195570437566677, 0.0 ], [ 117.470385220249199, 0.195570984780183, 0.0 ], [ 117.469760395220419, 0.195655194421986, 0.0 ], [ 117.469240354042981, 0.195733836727405, 0.0 ], [ 117.469161278638538, 0.195751131359652, 0.0 ], [ 117.469083478725295, 0.195773534513484, 0.0 ], [ 117.469007279568117, 0.19580095252625, 0.0 ], [ 117.468932999739451, 0.195833270769246, 0.0 ], [ 117.468860949787441, 0.195870354127034, 0.0 ], [ 117.468653527005657, 0.195953316570584, 0.0 ], [ 117.468271639580237, 0.196137639670695, 0.0 ], [ 117.467844794515102, 0.196344055044372, 0.0 ] ] } },
{ "type": "Feature", "properties": { "Kl_Dat_Das": "Jalan non tol", "Nm_Ruas": "Jl. Tari Dewa-dewa 1", "Thn_Data": 2015, "Status": "Jalan Kota", "Fungsi": "Jalan Lingkungan", "Mendukung": null, "Ura_Dukung": null, "Kd_Bd_PU": null, "Kd_Jns_Inf": null, "Kd_Inf": "001 00 K 256", "Propinsi": "Kalimantan Timur", "Kab_Kota": "Bontang", "Kecamatan": "Bontang Utara", "Desa_Kel": "Guntung", "Tk_Ruas_Aw": "Jl. Tari Dewa - Dewa", "Tk_Ruas_Ak": "Buntu", "Kd_Patok": null, "Km_Awal": 0.0, "Km_Akhir": 0.0, "Nm_Lintas": "-", "Kon_Baik": 0.2792560741, "Kon_Sdg": 0.0, "Kon_Rgn": 0.0, "Kon_Rusak": 0.0, "Kon_Mntp": 0.0, "Kon_T_Mntp": 0.0, "Panjang": 0.2792560741, "Lbr_Keras": 0.0, "LHRT": 0.0, "VCR": 0.0, "Tipe_Jln": 2, "MST": 0.0, "Tipe_Keras": "Beton", "Tanah_Kri": 0.0, "Macadam": 0.0, "Aspal": 0.0, "Rigid": 100.0, "Thn_Pen_Ak": 0, "Jns_Pen": null, "Koord_X_Aw": 552536.03789567295, "Koord_Y_Aw": 21077.5345986336, "Koord_X_Ak": 552401.9721874455, "Koord_Y_Ak": 21292.412167552899 }, "geometry": { "type": "LineString", "coordinates": [ [ 117.47212532774985, 0.190688542743111, 0.0 ], [ 117.472005493762708, 0.190728760062794, 0.0 ], [ 117.471803867101627, 0.190751745064036, 0.0 ], [ 117.471601289388133, 0.190775687567072, 0.0 ], [ 117.471593222206891, 0.19082963812533, 0.0 ], [ 117.471583437219095, 0.19090431320203, 0.0 ], [ 117.471553701004154, 0.191048591548805, 0.0 ], [ 117.471518397752675, 0.191191592498878, 0.0 ], [ 117.471477581189561, 0.19133309843062, 0.0 ], [ 117.471363393530197, 0.191651651377361, 0.0 ], [ 117.471312766050843, 0.191798876025513, 0.0 ], [ 117.471256758301408, 0.191944112448007, 0.0 ], [ 117.471195447099205, 0.192087161445539, 0.0 ], [ 117.471128916535378, 0.192227826819013, 0.0 ], [ 117.470925525834403, 0.192623004949659, 0.0 ], [ 117.470920600613937, 0.192632574411316, 0.0 ] ] } },
{ "type": "Feature", "properties": { "Kl_Dat_Das": "Jalan non tol", "Nm_Ruas": "Jl. Tari Dewa-dewa 3", "Thn_Data": 2015, "Status": "Jalan Kota", "Fungsi": "Jalan Lingkungan", "Mendukung": null, "Ura_Dukung": null, "Kd_Bd_PU": null, "Kd_Jns_Inf": null, "Kd_Inf": "001 00 K 254", "Propinsi": "Kalimantan Timur", "Kab_Kota": "Bontang", "Kecamatan": "Bontang Utara", "Desa_Kel": "Guntung", "Tk_Ruas_Aw": "Jl. Tari Dewa - Dewa", "Tk_Ruas_Ak": "Buntu", "Kd_Patok": null, "Km_Awal": 0.0, "Km_Akhir": 0.0, "Nm_Lintas": "-", "Kon_Baik": 0.1683673073, "Kon_Sdg": 0.0, "Kon_Rgn": 0.0, "Kon_Rusak": 0.0, "Kon_Mntp": 0.0, "Kon_T_Mntp": 0.0, "Panjang": 0.1683673073, "Lbr_Keras": 0.0, "LHRT": 0.0, "VCR": 0.0, "Tipe_Jln": 2, "MST": 0.0, "Tipe_Keras": "Beton", "Tanah_Kri": 0.0, "Macadam": 0.0, "Aspal": 0.0, "Rigid": 100.0, "Thn_Pen_Ak": 0, "Jns_Pen": null, "Koord_X_Aw": 552274.2977722612, "Koord_Y_Aw": 21203.992737705601, "Koord_X_Ak": 552138.39439482277, "Koord_Y_Ak": 21301.895349475901 }, "geometry": { "type": "LineString", "coordinates": [ [ 117.469773233498756, 0.191832675132954, 0.0 ], [ 117.46976271182757, 0.191844249081741, 0.0 ], [ 117.469609146059597, 0.192013173040898, 0.0 ], [ 117.469531781356125, 0.192080595222558, 0.0 ], [ 117.469451643349302, 0.192144650242707, 0.0 ], [ 117.469368876524825, 0.192205222612373, 0.0 ], [ 117.469236451373916, 0.1922919088691, 0.0 ], [ 117.469102104107392, 0.19237554386102, 0.0 ], [ 117.468965904080761, 0.192456084412097, 0.0 ], [ 117.468551962722643, 0.192718434564732, 0.0 ] ] } },
{ "type": "Feature", "properties": { "Kl_Dat_Das": "Jalan non tol", "Nm_Ruas": "Jl. Bintan KCY", "Thn_Data": 2015, "Status": "Jalan Kota", "Fungsi": "Jalan Lingkungan", "Mendukung": null, "Ura_Dukung": null, "Kd_Bd_PU": null, "Kd_Jns_Inf": null, "Kd_Inf": "001 00 K 309", "Propinsi": "Kalimantan Timur", "Kab_Kota": "Bontang", "Kecamatan": "Bontang Utara", "Desa_Kel": "Api-api", "Tk_Ruas_Aw": "Sp. 3 Jl. Ambon KCY - Jl. Ternate KCY", "Tk_Ruas_Ak": "Sp. 3 Jl. Madura KCY - Jl. Batam KCY", "Kd_Patok": null, "Km_Awal": 0.0, "Km_Akhir": 0.0, "Nm_Lintas": "-", "Kon_Baik": 0.1077918558, "Kon_Sdg": 0.0, "Kon_Rgn": 0.0, "Kon_Rusak": 0.0, "Kon_Mntp": 0.0, "Kon_T_Mntp": 0.0, "Panjang": 0.1077918558, "Lbr_Keras": 4.0, "LHRT": 0.0, "VCR": 0.0, "Tipe_Jln": 2, "MST": 0.0, "Tipe_Keras": "Beton", "Tanah_Kri": 0.0, "Macadam": 0.0, "Aspal": 0.0, "Rigid": 100.0, "Thn_Pen_Ak": 0, "Jns_Pen": null, "Koord_X_Aw": 554440.19468228985, "Koord_Y_Aw": 14084.7595005073, "Koord_X_Ak": 554341.63632704131, "Koord_Y_Ak": 14128.409177875101 }, "geometry": { "type": "LineString", "coordinates": [ [ 117.489235502269423, 0.127424558688099, 0.0 ], [ 117.489214966115668, 0.127433824201906, 0.0 ], [ 117.488376027088847, 0.127808105219609, 0.0 ], [ 117.488349820932058, 0.127819473468797, 0.0 ] ] } },
{ "type": "Feature", "properties": { "Kl_Dat_Das": "Jalan non tol", "Nm_Ruas": "Jl. Selat Banda 1", "Thn_Data": 2015, "Status": "Jalan Kota", "Fungsi": "Jalan Lingkungan", "Mendukung": null, "Ura_Dukung": null, "Kd_Bd_PU": null, "Kd_Jns_Inf": null, "Kd_Inf": "001 00 K 303", "Propinsi": "Kalimantan Timur", "Kab_Kota": "Bontang", "Kecamatan": "Bontang Selatan", "Desa_Kel": "Tanjung Laut", "Tk_Ruas_Aw": "Jl. Selat Banda 2", "Tk_Ruas_Ak": "Buntu", "Kd_Patok": null, "Km_Awal": 0.0, "Km_Akhir": 0.0, "Nm_Lintas": "-", "Kon_Baik": 0.1413247875, "Kon_Sdg": 0.0, "Kon_Rgn": 0.0, "Kon_Rusak": 0.0, "Kon_Mntp": 0.0, "Kon_T_Mntp": 0.0, "Panjang": 0.1413247875, "Lbr_Keras": 4.0, "LHRT": 0.0, "VCR": 0.0, "Tipe_Jln": 2, "MST": 0.0, "Tipe_Keras": "Beton", "Tanah_Kri": 0.0, "Macadam": 0.0, "Aspal": 0.0, "Rigid": 100.0, "Thn_Pen_Ak": 2015, "Jns_Pen": "Pembangunan", "Koord_X_Aw": 554644.55204712227, "Koord_Y_Aw": 13791.0809180457, "Koord_X_Ak": 554744.20925015304, "Koord_Y_Ak": 13690.885825138501 }, "geometry": { "type": "LineString", "coordinates": [ [ 117.491071897389844, 0.124767619627626, 0.0 ], [ 117.491088212640989, 0.124752031449163, 0.0 ], [ 117.491125900486622, 0.124717209773441, 0.0 ], [ 117.491256969851676, 0.124583877905403, 0.0 ], [ 117.491336368064822, 0.124503109131911, 0.0 ], [ 117.491530165876043, 0.124305966016116, 0.0 ], [ 117.491635127082191, 0.124199192990697, 0.0 ], [ 117.491873955180537, 0.123956242297514, 0.0 ], [ 117.491926783025107, 0.123902502552577, 0.0 ], [ 117.491967443671768, 0.123861140032824, 0.0 ] ] } },
{ "type": "Feature", "properties": { "Kl_Dat_Das": "Jalan non tol", "Nm_Ruas": "Jl. Sam Ratulangi", "Thn_Data": 2015, "Status": "Jalan Kota", "Fungsi": "Jalan Kolektor", "Mendukung": null, "Ura_Dukung": null, "Kd_Bd_PU": null, "Kd_Jns_Inf": null, "Kd_Inf": "001 00 K 010", "Propinsi": "Kalimantan Timur", "Kab_Kota": "Bontang", "Kecamatan": "Bontang Selatan", "Desa_Kel": "Tanjung Laut Indah", "Tk_Ruas_Aw": "Sp. 3 Jl.  AIP II Ks. Tubun - Jl. Ir. H. Juanda", "Tk_Ruas_Ak": "Sp. 3  Jl. St. Syahrir - Pelabuhan I", "Kd_Patok": null, "Km_Awal": 0.0, "Km_Akhir": 0.0, "Nm_Lintas": "-", "Kon_Baik": 0.3974238503, "Kon_Sdg": 0.0, "Kon_Rgn": 0.0, "Kon_Rusak": 0.0, "Kon_Mntp": 0.0, "Kon_T_Mntp": 0.0, "Panjang": 0.3974238503, "Lbr_Keras": 0.0, "LHRT": 0.0, "VCR": 0.0, "Tipe_Jln": 2, "MST": 0.0, "Tipe_Keras": "Beton", "Tanah_Kri": 0.0, "Macadam": 0.0, "Aspal": 0.0, "Rigid": 100.0, "Thn_Pen_Ak": 0, "Jns_Pen": null, "Koord_X_Aw": 117.4950028916, "Koord_Y_Aw": 0.1191354544, "Koord_X_Ak": 117.49231239949999, "Koord_Y_Ak": 0.1177001335 }, "geometry": { "type": "LineString", "coordinates": [ [ 117.492312399480625, 0.117700133533176, 0.0 ], [ 117.492580850511388, 0.117868901306203, 0.0 ], [ 117.493040763765123, 0.118167978075085, 0.0 ], [ 117.493086603400059, 0.118191213413009, 0.0 ], [ 117.493135372451277, 0.118208414079575, 0.0 ], [ 117.493140491878549, 0.118209499198941, 0.0 ], [ 117.493185939138002, 0.118219132249593, 0.0 ], [ 117.493237457120685, 0.118223188532249, 0.0 ], [ 117.493289064137812, 0.118220515037289, 0.0 ], [ 117.493339896437703, 0.118211156511402, 0.0 ], [ 117.493389103235273, 0.118195269589275, 0.0 ], [ 117.493432968352323, 0.118174490414104, 0.0 ], [ 117.493524474009391, 0.11813916203069, 0.0 ], [ 117.494106528809752, 0.117914443084811, 0.0 ], [ 117.494130590838864, 0.117905022988508, 0.0 ], [ 117.494153342915425, 0.117900019177, 0.0 ], [ 117.494176590659478, 0.117898630204863, 0.0 ], [ 117.494199770905553, 0.117900889719326, 0.0 ], [ 117.494222322123193, 0.117906742984566, 0.0 ], [ 117.494227118542952, 0.117908830932425, 0.0 ], [ 117.494243698019972, 0.117916048208112, 0.0 ], [ 117.494263380775067, 0.117928579975271, 0.0 ], [ 117.494280040677026, 0.117943282035906, 0.0 ], [ 117.494445400916973, 0.118174595245713, 0.0 ], [ 117.494637256845706, 0.118501300845853, 0.0 ], [ 117.494821930232547, 0.118812748068672, 0.0 ], [ 117.495002891603349, 0.119135454398833, 0.0 ] ] } },
{ "type": "Feature", "properties": { "Kl_Dat_Das": "Jalan non tol", "Nm_Ruas": "Jl. Selat Selayar", "Thn_Data": 2015, "Status": "Jalan Kota", "Fungsi": "Jalan Lokal", "Mendukung": null, "Ura_Dukung": null, "Kd_Bd_PU": null, "Kd_Jns_Inf": null, "Kd_Inf": "001 00 K 212", "Propinsi": "Kalimantan Timur", "Kab_Kota": "Bontang", "Kecamatan": "Bontang Selatan", "Desa_Kel": "Tanjung Laut", "Tk_Ruas_Aw": "Sp. 3 Jl. Selat Selayar - Jl. Jenderal Sudirman", "Tk_Ruas_Ak": "Sp 3 Jl. Selat Madura dan Bandara", "Kd_Patok": null, "Km_Awal": 0.0, "Km_Akhir": 0.0, "Nm_Lintas": "-", "Kon_Baik": 0.3948889818, "Kon_Sdg": 0.0, "Kon_Rgn": 0.0, "Kon_Rusak": 0.0, "Kon_Mntp": 0.0, "Kon_T_Mntp": 0.0, "Panjang": 0.3948889818, "Lbr_Keras": 5.0, "LHRT": 0.0, "VCR": 0.0, "Tipe_Jln": 2, "MST": 0.0, "Tipe_Keras": "Beton", "Tanah_Kri": 0.0, "Macadam": 0.0, "Aspal": 0.0, "Rigid": 100.0, "Thn_Pen_Ak": 2012, "Jns_Pen": "Peningkatan", "Koord_X_Aw": 553339.69020145386, "Koord_Y_Aw": 13709.879875590001, "Koord_X_Ak": 553677.91578436422, "Koord_Y_Ak": 13530.2302348132 }, "geometry": { "type": "LineString", "coordinates": [ [ 117.479345815872293, 0.124033211945118, 0.000000000000227 ], [ 117.479404422102689, 0.124019464663377, 0.000000000000227 ], [ 117.479462801467221, 0.123999261739073, 0.000000000000227 ], [ 117.479518829458129, 0.123973169413091, 0.000000000000227 ], [ 117.479520186431273, 0.123972358954347, 0.000000000000227 ], [ 117.479571921644265, 0.123941459855985, 0.000000000000227 ], [ 117.479621524218388, 0.123904463832162, 0.000000000000227 ], [ 117.479667119773254, 0.123862567249034, 0.000000000000227 ], [ 117.479708232698954, 0.123816207132791, 0.000000000000227 ], [ 117.479744434144678, 0.123765867068016, 0.000000000000227 ], [ 117.479775346491124, 0.123712072155342, 0.000000000000227 ], [ 117.479817932141145, 0.123642015214443, 0.000000000000227 ], [ 117.479864885959955, 0.123574847041198, 0.000000000000227 ], [ 117.479875325885132, 0.123561778321232, 0.000000000000227 ], [ 117.479916015262006, 0.123510843275199, 0.000000000000227 ], [ 117.479971110226856, 0.123450266570103, 0.000000000000227 ], [ 117.480029944759508, 0.123393365515767, 0.000000000000227 ], [ 117.480092277419431, 0.123340373618646, 0.000000000000227 ], [ 117.480387501308996, 0.123141822869513, 0.000000000000227 ], [ 117.480618724654718, 0.123005964653601, 0.000000000000227 ], [ 117.48075051745117, 0.122928528121918, 0.000000000000227 ], [ 117.480923662996148, 0.122821071157375, 0.000000000000227 ], [ 117.480931203944124, 0.122816605357002, 0.000000000000227 ], [ 117.481006813295721, 0.122771828987368, 0.000000000000227 ], [ 117.481093035951403, 0.122728270041932, 0.000000000000227 ], [ 117.481128294644122, 0.122713326874361, 0.000000000000227 ], [ 117.481181948254402, 0.122690587662419, 0.000000000000227 ], [ 117.481273155557133, 0.122658949105585, 0.000000000000227 ], [ 117.481366253026181, 0.122633494802756, 0.000000000000227 ], [ 117.481463428116967, 0.122605452517632, 0.000000000000227 ], [ 117.481552903128886, 0.122579632281543, 0.000000000000227 ], [ 117.481841815349085, 0.122511118727573, 0.000000000000227 ], [ 117.482385233870119, 0.122407867762661, 0.000000000000227 ] ] } },
{ "type": "Feature", "properties": { "Kl_Dat_Das": "Jalan non tol", "Nm_Ruas": "Jl. Kakap Putih 1", "Thn_Data": 2015, "Status": "Jalan Kota", "Fungsi": "Jalan Lingkungan", "Mendukung": null, "Ura_Dukung": null, "Kd_Bd_PU": null, "Kd_Jns_Inf": null, "Kd_Inf": "001 00 K 337", "Propinsi": "Kalimantan Timur", "Kab_Kota": "Bontang", "Kecamatan": "Bontang Selatan", "Desa_Kel": "Tanjung Laut Indah", "Tk_Ruas_Aw": "Sp. 4 Jl. Ir. H. Juanda - Jl. Kakap Putih 1", "Tk_Ruas_Ak": "Sp. 3 Jl. Tongkol", "Kd_Patok": null, "Km_Awal": 0.0, "Km_Akhir": 0.0, "Nm_Lintas": "-", "Kon_Baik": 0.0839520672, "Kon_Sdg": 0.0, "Kon_Rgn": 0.0, "Kon_Rusak": 0.0, "Kon_Mntp": 0.0, "Kon_T_Mntp": 0.0, "Panjang": 0.0839520672, "Lbr_Keras": 0.0, "LHRT": 0.0, "VCR": 0.0, "Tipe_Jln": 2, "MST": 0.0, "Tipe_Keras": "Beton", "Tanah_Kri": 0.0, "Macadam": 0.0, "Aspal": 0.0, "Rigid": 100.0, "Thn_Pen_Ak": 0, "Jns_Pen": null, "Koord_X_Aw": 555107.15268678044, "Koord_Y_Aw": 13372.510080570601, "Koord_X_Ak": 555043.92278791405, "Koord_Y_Ak": 13317.327745406001 }, "geometry": { "type": "LineString", "coordinates": [ [ 117.495228957588196, 0.120980742098346, 0.0 ], [ 117.495059588472969, 0.12084389789122, 0.0 ], [ 117.494660737514479, 0.12048151938977, 0.0 ] ] } },
{ "type": "Feature", "properties": { "Kl_Dat_Das": "Jalan non tol", "Nm_Ruas": "Jl. Selat Bangka 3 (Jl. Anggrek 03)", "Thn_Data": 2015, "Status": "Jalan Kota", "Fungsi": "Jalan Lingkungan", "Mendukung": null, "Ura_Dukung": null, "Kd_Bd_PU": null, "Kd_Jns_Inf": null, "Kd_Inf": "001 00 K 316", "Propinsi": "Kalimantan Timur", "Kab_Kota": "Bontang", "Kecamatan": "Bontang Selatan", "Desa_Kel": "Tanjung Laut", "Tk_Ruas_Aw": "Sp. 3 Jl. Selat Bangka - Jl. Selat Bengkalis 3", "Tk_Ruas_Ak": "Gg. Selat Timor", "Kd_Patok": null, "Km_Awal": 0.0, "Km_Akhir": 0.0, "Nm_Lintas": "-", "Kon_Baik": 0.2605438863, "Kon_Sdg": 0.0, "Kon_Rgn": 0.0, "Kon_Rusak": 0.0, "Kon_Mntp": 0.0, "Kon_T_Mntp": 0.0, "Panjang": 0.2605438863, "Lbr_Keras": 0.0, "LHRT": 0.0, "VCR": 0.0, "Tipe_Jln": 2, "MST": 0.0, "Tipe_Keras": "Beton", "Tanah_Kri": 0.0, "Macadam": 0.0, "Aspal": 0.0, "Rigid": 100.0, "Thn_Pen_Ak": 0, "Jns_Pen": null, "Koord_X_Aw": 554139.79744175449, "Koord_Y_Aw": 13959.6497433558, "Koord_X_Ak": 554392.00051299296, "Koord_Y_Ak": 13910.7716348618 }, "geometry": { "type": "LineString", "coordinates": [ [ 117.486535978868432, 0.126292744076997, 0.0 ], [ 117.486739653446563, 0.126227406542168, 0.0 ], [ 117.486861389499154, 0.126198680015073, 0.0 ], [ 117.487133393465868, 0.126133566629522, 0.0 ], [ 117.487243716706629, 0.126104840319058, 0.0 ], [ 117.487470069584262, 0.126047387592028, 0.0 ], [ 117.487667890160438, 0.125974615815381, 0.0 ], [ 117.487871416811657, 0.125884609396876, 0.0 ], [ 117.487980662133111, 0.125847895243825, 0.0 ], [ 117.488244233538083, 0.125804174536453, 0.0 ], [ 117.488546673078517, 0.125819488424745, 0.0 ], [ 117.488603311046404, 0.125826507167666, 0.0 ], [ 117.488802378771794, 0.125850501911215, 0.0 ] ] } },
{ "type": "Feature", "properties": { "Kl_Dat_Das": "Jalan non tol", "Nm_Ruas": "Jl. Selat Bone", "Thn_Data": 2015, "Status": "Jalan Kota", "Fungsi": "Jalan Lingkungan", "Mendukung": null, "Ura_Dukung": null, "Kd_Bd_PU": null, "Kd_Jns_Inf": null, "Kd_Inf": "001 00 K 218", "Propinsi": "Kalimantan Timur", "Kab_Kota": "Bontang", "Kecamatan": "Bontang Selatan", "Desa_Kel": "Tanjung Laut", "Tk_Ruas_Aw": "Sp. 4 Jl. Selat Malaka - Jl. Selat Makasar", "Tk_Ruas_Ak": "Sp. 3 Jl. AP. Mangkunegoro û Jl. Selat Badung", "Kd_Patok": null, "Km_Awal": 0.0, "Km_Akhir": 0.0, "Nm_Lintas": "-", "Kon_Baik": 0.3199612073, "Kon_Sdg": 0.0, "Kon_Rgn": 0.0, "Kon_Rusak": 0.0, "Kon_Mntp": 0.0, "Kon_T_Mntp": 0.0, "Panjang": 0.3199612073, "Lbr_Keras": 0.0, "LHRT": 0.0, "VCR": 0.0, "Tipe_Jln": 2, "MST": 0.0, "Tipe_Keras": "Beton", "Tanah_Kri": 0.0, "Macadam": 0.0, "Aspal": 0.0, "Rigid": 100.0, "Thn_Pen_Ak": 2019, "Jns_Pen": "Rehabilitasi / Pemeliharaan", "Koord_X_Aw": 553570.32538636262, "Koord_Y_Aw": 13311.339955006601, "Koord_X_Ak": 553301.76619419781, "Koord_Y_Ak": 13484.1052272914 }, "geometry": { "type": "LineString", "coordinates": [ [ 117.48141834333795, 0.120427586693381, 0.000000000000227 ], [ 117.481388787866862, 0.120446840569741, 0.000000000000227 ], [ 117.481276896366012, 0.12051138489079, 0.000000000000227 ], [ 117.481161707223009, 0.120569754533221, 0.000000000000227 ], [ 117.480949196956317, 0.120695272256, 0.000000000000227 ], [ 117.48091153524831, 0.120720743145398, 0.000000000000227 ], [ 117.480575807865648, 0.120947798042266, 0.000000000000227 ], [ 117.480480860390585, 0.121009186680965, 0.000000000000227 ], [ 117.480264402521016, 0.121149138313797, 0.000000000000227 ], [ 117.480224036224854, 0.121173952690526, 0.000000000000227 ], [ 117.480107127339807, 0.121245820100114, 0.000000000000227 ], [ 117.479806638177934, 0.121430539834023, 0.000000000000227 ], [ 117.47938493395101, 0.121713940131769, 0.000000000000227 ], [ 117.479245066305239, 0.121807936186599, 0.000000000000227 ], [ 117.479056967217389, 0.121938040162036, 0.000000000000227 ], [ 117.479036912549077, 0.121946162700397, 0.000000000000227 ], [ 117.479032101200119, 0.12195286300846, 0.000000000000227 ], [ 117.479004977181233, 0.121990636048156, 0.000000000000227 ] ] } },
{ "type": "Feature", "properties": { "Kl_Dat_Das": "Jalan non tol", "Nm_Ruas": "Jl. Selat Bengkalis 4 (Jl. Mawar 4)", "Thn_Data": 2015, "Status": "Jalan Kota", "Fungsi": "Jalan Lingkungan", "Mendukung": null, "Ura_Dukung": null, "Kd_Bd_PU": null, "Kd_Jns_Inf": null, "Kd_Inf": "001 00 K 203", "Propinsi": "Kalimantan Timur", "Kab_Kota": "Bontang", "Kecamatan": "Bontang Selatan", "Desa_Kel": "Tanjung Laut", "Tk_Ruas_Aw": "Jl. Selat Banda 3", "Tk_Ruas_Ak": "Buntu", "Kd_Patok": null, "Km_Awal": 0.0, "Km_Akhir": 0.0, "Nm_Lintas": "-", "Kon_Baik": 0.2837423417, "Kon_Sdg": 0.0, "Kon_Rgn": 0.0, "Kon_Rusak": 0.0, "Kon_Mntp": 0.0, "Kon_T_Mntp": 0.0, "Panjang": 0.2837423417, "Lbr_Keras": 0.0, "LHRT": 0.0, "VCR": 0.0, "Tipe_Jln": 2, "MST": 0.0, "Tipe_Keras": "Beton", "Tanah_Kri": 0.0, "Macadam": 0.0, "Aspal": 0.0, "Rigid": 100.0, "Thn_Pen_Ak": 0, "Jns_Pen": null, "Koord_X_Aw": 554616.72363875783, "Koord_Y_Aw": 14125.262132964001, "Koord_X_Ak": 554655.97516610508, "Koord_Y_Ak": 13896.310425613799 }, "geometry": { "type": "LineString", "coordinates": [ [ 117.490821875864185, 0.127790954777197, 0.000000000000227 ], [ 117.490678969155525, 0.127484465466637, 0.000000000000227 ], [ 117.490530790884236, 0.127177520895373, 0.000000000000227 ], [ 117.49037090982381, 0.126867115968537, 0.000000000000227 ], [ 117.490280940847597, 0.126671598481551, 0.000000000000227 ], [ 117.490278392997098, 0.12666504190247, 0.000000000000227 ], [ 117.490276949389909, 0.126658153081223, 0.000000000000227 ], [ 117.490276649233238, 0.126651119112068, 0.000000000000227 ], [ 117.490277500679099, 0.126644131031185, 0.000000000000227 ], [ 117.490279480602808, 0.1266373786288, 0.000000000000227 ], [ 117.4902825352316, 0.126631045293891, 0.000000000000227 ], [ 117.490286581604551, 0.126625303034245, 0.000000000000227 ], [ 117.490291509825639, 0.126620307804444, 0.000000000000227 ], [ 117.490297186048778, 0.126616195270458, 0.000000000000227 ], [ 117.490700120037104, 0.126214100275661, 0.000000000000227 ], [ 117.491026852617551, 0.125874388571049, 0.000000000000227 ], [ 117.491174568242059, 0.125719626799651, 0.000000000000227 ] ] } },
{ "type": "Feature", "properties": { "Kl_Dat_Das": "Jalan non tol", "Nm_Ruas": "Jl. Gn. Karano", "Thn_Data": 2015, "Status": "Jalan Kota", "Fungsi": "Jalan Lingkungan", "Mendukung": null, "Ura_Dukung": null, "Kd_Bd_PU": null, "Kd_Jns_Inf": null, "Kd_Inf": "001 00 K 263", "Propinsi": "Kalimantan Timur", "Kab_Kota": "Bontang", "Kecamatan": "Bontang Utara", "Desa_Kel": "Gunung Elai", "Tk_Ruas_Aw": "Jl. Gn. Tangkuban Perahu", "Tk_Ruas_Ak": "Buntu", "Kd_Patok": null, "Km_Awal": 0.0, "Km_Akhir": 0.0, "Nm_Lintas": "-", "Kon_Baik": 0.1508657127, "Kon_Sdg": 0.0, "Kon_Rgn": 0.0, "Kon_Rusak": 0.0, "Kon_Mntp": 0.0, "Kon_T_Mntp": 0.0, "Panjang": 0.1508657127, "Lbr_Keras": 0.0, "LHRT": 0.0, "VCR": 0.0, "Tipe_Jln": 2, "MST": 0.0, "Tipe_Keras": "Aspal", "Tanah_Kri": 0.0, "Macadam": 0.0, "Aspal": 100.0, "Rigid": 0.0, "Thn_Pen_Ak": 0, "Jns_Pen": null, "Koord_X_Aw": 553204.50474855688, "Koord_Y_Aw": 16606.698416748201, "Koord_X_Ak": 553320.45210717444, "Koord_Y_Ak": 16702.241883536299 }, "geometry": { "type": "LineString", "coordinates": [ [ 117.478131498170157, 0.150240739915995, 0.0 ], [ 117.478829359805459, 0.150837802033665, 0.0 ], [ 117.479104759632648, 0.151082762962101, 0.0 ], [ 117.479138244802883, 0.151096649013824, 0.0 ], [ 117.479173473646455, 0.151105098159201, 0.0 ] ] } },
{ "type": "Feature", "properties": { "Kl_Dat_Das": "Jalan non tol", "Nm_Ruas": "Jl. Pendidikan KN-2", "Thn_Data": 2015, "Status": "Jalan Kota", "Fungsi": null, "Mendukung": null, "Ura_Dukung": null, "Kd_Bd_PU": null, "Kd_Jns_Inf": null, "Kd_Inf": "001 00 K 300", "Propinsi": "Kalimantan Timur", "Kab_Kota": "Bontang", "Kecamatan": "Bontang Utara", "Desa_Kel": "Kanaan", "Tk_Ruas_Aw": "Sp. 3 Gg. Taman Siswa - Jl. Pendidikan 4", "Tk_Ruas_Ak": "Kawasan PT. Badak Bontang", "Kd_Patok": null, "Km_Awal": 0.0, "Km_Akhir": 0.0, "Nm_Lintas": "-", "Kon_Baik": 0.3895826943, "Kon_Sdg": 0.0, "Kon_Rgn": 0.0, "Kon_Rusak": 0.0, "Kon_Mntp": 0.0, "Kon_T_Mntp": 0.0, "Panjang": 0.3895826943, "Lbr_Keras": 0.0, "LHRT": 0.0, "VCR": 0.0, "Tipe_Jln": 2, "MST": 0.0, "Tipe_Keras": "Beton", "Tanah_Kri": 0.0, "Macadam": 0.0, "Aspal": 0.0, "Rigid": 100.0, "Thn_Pen_Ak": 0, "Jns_Pen": null, "Koord_X_Aw": 550535.70450413786, "Koord_Y_Aw": 14074.9342409745, "Koord_X_Ak": 550886.95326055493, "Koord_Y_Ak": 13936.149907844099 }, "geometry": { "type": "LineString", "coordinates": [ [ 117.454147944647772, 0.12733631606291, 0.0 ], [ 117.454190975222289, 0.127271251640317, 0.0 ], [ 117.454221408743024, 0.127227207069437, 0.0 ], [ 117.454265157868633, 0.127217631504669, 0.0 ], [ 117.454383089906926, 0.127169755468251, 0.0 ], [ 117.45448580412895, 0.127083580546179, 0.0 ], [ 117.454552377832144, 0.127008896012783, 0.0 ], [ 117.454714058018439, 0.126895910642188, 0.0 ], [ 117.454809163698215, 0.126811650818966, 0.0 ], [ 117.454870031338118, 0.12675803092633, 0.0 ], [ 117.454928996300424, 0.126673771744924, 0.0 ], [ 117.455067851198748, 0.126585681238186, 0.0 ], [ 117.455221924271967, 0.126556954151562, 0.0 ], [ 117.455385507888906, 0.126518652109324, 0.0 ], [ 117.455534714840582, 0.126478897529497, 0.0 ], [ 117.455667864291243, 0.126447777117122, 0.0 ], [ 117.455829347515177, 0.126403770136601, 0.0 ], [ 117.455999866208415, 0.126376718349531, 0.0 ], [ 117.456344628458695, 0.126313877717183, 0.0 ], [ 117.456820162357289, 0.126215129326293, 0.0 ], [ 117.457304413751046, 0.126080674815391, 0.0 ] ] } },
{ "type": "Feature", "properties": { "Kl_Dat_Das": "Jalan non tol", "Nm_Ruas": "Jl. Nias KCY", "Thn_Data": 2015, "Status": "Jalan Kota", "Fungsi": "Jalan Lingkungan", "Mendukung": null, "Ura_Dukung": null, "Kd_Bd_PU": null, "Kd_Jns_Inf": null, "Kd_Inf": "001 00 K 308", "Propinsi": "Kalimantan Timur", "Kab_Kota": "Bontang", "Kecamatan": "Bontang Utara", "Desa_Kel": "Api-api", "Tk_Ruas_Aw": "Sp. 3 Jl. Madura KCY - Jl. Maluku", "Tk_Ruas_Ak": "Buntu", "Kd_Patok": null, "Km_Awal": 0.0, "Km_Akhir": 0.0, "Nm_Lintas": "-", "Kon_Baik": 0.0617124147, "Kon_Sdg": 0.0, "Kon_Rgn": 0.0, "Kon_Rusak": 0.0, "Kon_Mntp": 0.0, "Kon_T_Mntp": 0.0, "Panjang": 0.0617124147, "Lbr_Keras": 0.0, "LHRT": 0.0, "VCR": 0.0, "Tipe_Jln": 2, "MST": 0.0, "Tipe_Keras": "Beton", "Tanah_Kri": 0.0, "Macadam": 0.0, "Aspal": 0.0, "Rigid": 100.0, "Thn_Pen_Ak": 0, "Jns_Pen": null, "Koord_X_Aw": 554356.29403063934, "Koord_Y_Aw": 14161.5302443237, "Koord_X_Ak": 554299.89607830159, "Koord_Y_Ak": 14186.584038184999 }, "geometry": { "type": "LineString", "coordinates": [ [ 117.488481547188925, 0.128119116646271, 0.0 ], [ 117.488462266932672, 0.128127696628115, 0.0 ], [ 117.487974734587198, 0.12834578761338, 0.0 ] ] } },
{ "type": "Feature", "properties": { "Kl_Dat_Das": "Jalan non tol", "Nm_Ruas": "Jl. Timtim KCY", "Thn_Data": 2015, "Status": "Jalan Kota", "Fungsi": "Jalan Lingkungan", "Mendukung": null, "Ura_Dukung": null, "Kd_Bd_PU": null, "Kd_Jns_Inf": null, "Kd_Inf": "001 00 K 418", "Propinsi": "Kalimantan Timur", "Kab_Kota": "Bontang", "Kecamatan": "Bontang Utara", "Desa_Kel": "Bontang Baru", "Tk_Ruas_Aw": "Jl. Halmahera", "Tk_Ruas_Ak": "Sp. 3 Jl. Ternate KCY", "Kd_Patok": null, "Km_Awal": 0.0, "Km_Akhir": 0.0, "Nm_Lintas": "-", "Kon_Baik": 0.0607022144, "Kon_Sdg": 0.0, "Kon_Rgn": 0.0, "Kon_Rusak": 0.0, "Kon_Mntp": 0.0, "Kon_T_Mntp": 0.0, "Panjang": 0.0607022144, "Lbr_Keras": 0.0, "LHRT": 0.0, "VCR": 0.0, "Tipe_Jln": 2, "MST": 0.0, "Tipe_Keras": "Beton", "Tanah_Kri": 0.0, "Macadam": 0.0, "Aspal": 0.0, "Rigid": 100.0, "Thn_Pen_Ak": 0, "Jns_Pen": null, "Koord_X_Aw": 554480.95704997145, "Koord_Y_Aw": 14027.0547254626, "Koord_X_Ak": 554425.52015052829, "Koord_Y_Ak": 14051.7834338062 }, "geometry": { "type": "LineString", "coordinates": [ [ 117.489601800987501, 0.126902497695659, 0.0 ], [ 117.489103624852447, 0.127126227347401, 0.0 ] ] } },
{ "type": "Feature", "properties": { "Kl_Dat_Das": "Jalan non tol", "Nm_Ruas": "Jl. Tari Enggang", "Thn_Data": 2015, "Status": "Jalan Kota", "Fungsi": "Jalan Lingkungan", "Mendukung": null, "Ura_Dukung": null, "Kd_Bd_PU": null, "Kd_Jns_Inf": null, "Kd_Inf": "001 00 K 292", "Propinsi": "Kalimantan Timur", "Kab_Kota": "Bontang", "Kecamatan": "Bontang Utara", "Desa_Kel": "Guntung", "Tk_Ruas_Aw": "Jl. Tari Jepen", "Tk_Ruas_Ak": "Batas Bontang - Sangata", "Kd_Patok": null, "Km_Awal": 0.0, "Km_Akhir": 0.0, "Nm_Lintas": "-", "Kon_Baik": 0.8101159688, "Kon_Sdg": 0.0, "Kon_Rgn": 0.0, "Kon_Rusak": 0.0, "Kon_Mntp": 0.0, "Kon_T_Mntp": 0.0, "Panjang": 0.8101159688, "Lbr_Keras": 0.0, "LHRT": 0.0, "VCR": 0.0, "Tipe_Jln": 2, "MST": 0.0, "Tipe_Keras": "Beton", "Tanah_Kri": 0.0, "Macadam": 0.0, "Aspal": 0.0, "Rigid": 100.0, "Thn_Pen_Ak": 2011, "Jns_Pen": "Rehabilitasi / Pemeliharaan", "Koord_X_Aw": 553088.17109266762, "Koord_Y_Aw": 21170.976015571501, "Koord_X_Ak": 552915.89114655089, "Koord_Y_Ak": 21783.407444529199 }, "geometry": { "type": "LineString", "coordinates": [ [ 117.477087088639266, 0.19153376924348, 0.0 ], [ 117.476923284597802, 0.191633509725942, 0.0 ], [ 117.476878435888679, 0.191654755724452, 0.0 ], [ 117.476831067446085, 0.191669448918438, 0.0 ], [ 117.476782118544563, 0.191677297954596, 0.0 ], [ 117.476732559797824, 0.191678147193234, 0.0 ], [ 117.476663242498148, 0.191693530127511, 0.0 ], [ 117.476595328266797, 0.191714309488512, 0.0 ], [ 117.476529230945403, 0.191740358655468, 0.0 ], [ 117.47646535330415, 0.191771518895575, 0.0 ], [ 117.476404084587315, 0.191807600331193, 0.0 ], [ 117.476229284050277, 0.191915809528617, 0.0 ], [ 117.476173200101698, 0.191942692122625, 0.0 ], [ 117.476115248499156, 0.191965204719631, 0.0 ], [ 117.476055764631852, 0.191983217030114, 0.0 ], [ 117.475995092756847, 0.19199662480935, 0.0 ], [ 117.475933584006683, 0.192005350461137, 0.0 ], [ 117.475737272025597, 0.192042713786119, 0.0 ], [ 117.475645896332622, 0.192057955214672, 0.0 ], [ 117.475553868767847, 0.19206849705709, 0.0 ], [ 117.475491556535928, 0.192071229619676, 0.0 ], [ 117.475429628488456, 0.19207870244677, 0.0 ], [ 117.475368439909005, 0.192090872666473, 0.0 ], [ 117.475308341838755, 0.192107670458056, 0.0 ], [ 117.475241233954378, 0.192141453426581, 0.0 ], [ 117.475176634885358, 0.19217987454774, 0.0 ], [ 117.475114860421911, 0.192222746001478, 0.0 ], [ 117.475056212546249, 0.192269858212424, 0.0 ], [ 117.475000977956469, 0.192320980874403, 0.0 ], [ 117.474817119038633, 0.192465484225382, 0.0 ], [ 117.474757140639269, 0.192517339213674, 0.0 ], [ 117.47471980447375, 0.192545006487524, 0.0 ], [ 117.474723815402868, 0.19266504727499, 0.0 ], [ 117.474716687600093, 0.192854149002042, 0.0 ], [ 117.474707191888569, 0.193395123258087, 0.0 ], [ 117.474707838869804, 0.193860137459333, 0.0 ], [ 117.47470784273716, 0.193998971491771, 0.0 ], [ 117.474917120622436, 0.195502202988413, 0.0 ], [ 117.474941469947879, 0.195569225618724, 0.0 ], [ 117.475102173661512, 0.19600206004782, 0.0 ], [ 117.475331344090705, 0.196764395890231, 0.0 ], [ 117.475345612101293, 0.196832615645544, 0.0 ], [ 117.47539197879172, 0.196900834479184, 0.0 ], [ 117.475539052434257, 0.1970744790468, 0.0 ] ] } },
{ "type": "Feature", "properties": { "Kl_Dat_Das": "Jalan non tol", "Nm_Ruas": "Jl. Kakap Putih 2", "Thn_Data": 2015, "Status": "Jalan Kota", "Fungsi": "Jalan Lingkungan", "Mendukung": null, "Ura_Dukung": null, "Kd_Bd_PU": null, "Kd_Jns_Inf": null, "Kd_Inf": "001 00 K 251", "Propinsi": "Kalimantan Timur", "Kab_Kota": "Bontang", "Kecamatan": "Bontang Selatan", "Desa_Kel": "Tanjung Laut indah", "Tk_Ruas_Aw": "Jl. Ir. H. Juanda", "Tk_Ruas_Ak": "Jl. Tengiri", "Kd_Patok": null, "Km_Awal": 0.0, "Km_Akhir": 0.0, "Nm_Lintas": "-", "Kon_Baik": 0.0451695265, "Kon_Sdg": 0.0, "Kon_Rgn": 0.0, "Kon_Rusak": 0.0, "Kon_Mntp": 0.0, "Kon_T_Mntp": 0.0, "Panjang": 0.0451695265, "Lbr_Keras": 0.0, "LHRT": 0.0, "VCR": 0.0, "Tipe_Jln": 2, "MST": 0.0, "Tipe_Keras": "Beton", "Tanah_Kri": 0.0, "Macadam": 0.0, "Aspal": 0.0, "Rigid": 100.0, "Thn_Pen_Ak": 0, "Jns_Pen": null, "Koord_X_Aw": 554970.36445083295, "Koord_Y_Aw": 13455.2232099064, "Koord_X_Ak": 554937.32381444366, "Koord_Y_Ak": 13424.440685075801 }, "geometry": { "type": "LineString", "coordinates": [ [ 117.493999733210529, 0.12172906824866, 0.0 ], [ 117.493764584809625, 0.121513715219682, 0.0 ], [ 117.4937028107327, 0.121450584985441, 0.0 ] ] } },
{ "type": "Feature", "properties": { "Kl_Dat_Das": "Jalan non tol", "Nm_Ruas": "Gg. Atletik 10 (Gg. Bersama)", "Thn_Data": 2015, "Status": "Jalan Kota", "Fungsi": null, "Mendukung": null, "Ura_Dukung": null, "Kd_Bd_PU": null, "Kd_Jns_Inf": null, "Kd_Inf": "001 00 K 355", "Propinsi": "Kalimantan Timur", "Kab_Kota": "Bontang", "Kecamatan": "Bontang Utara", "Desa_Kel": "Api-api", "Tk_Ruas_Aw": "Jl. AIP II KS. Tubun", "Tk_Ruas_Ak": "Gg. Atletik _AP-4", "Kd_Patok": null, "Km_Awal": 0.0, "Km_Akhir": 0.0, "Nm_Lintas": "-", "Kon_Baik": 0.1891879317, "Kon_Sdg": 0.0, "Kon_Rgn": 0.0, "Kon_Rusak": 0.0, "Kon_Mntp": 0.0, "Kon_T_Mntp": 0.0, "Panjang": 0.1891879317, "Lbr_Keras": 0.0, "LHRT": 0.0, "VCR": 0.0, "Tipe_Jln": 2, "MST": 0.0, "Tipe_Keras": "Beton", "Tanah_Kri": 0.0, "Macadam": 0.0, "Aspal": 0.0, "Rigid": 100.0, "Thn_Pen_Ak": 0, "Jns_Pen": null, "Koord_X_Aw": 555642.76915419102, "Koord_Y_Aw": 14029.7869706601, "Koord_X_Ak": 555455.23012492526, "Koord_Y_Ak": 14052.9370607361 }, "geometry": { "type": "LineString", "coordinates": [ [ 117.500042346963994, 0.126927015167097, 0.0 ], [ 117.499968828306024, 0.126951616726961, 0.0 ], [ 117.499472492219255, 0.127008476319548, 0.0 ], [ 117.499048377200936, 0.127072619858552, 0.0 ], [ 117.498357045357849, 0.127136486055926, 0.0 ] ] } },
{ "type": "Feature", "properties": { "Kl_Dat_Das": "Jalan non tol", "Nm_Ruas": "Gg. Batu Sahasa", "Thn_Data": 2015, "Status": "Jalan Kota", "Fungsi": null, "Mendukung": null, "Ura_Dukung": null, "Kd_Bd_PU": null, "Kd_Jns_Inf": null, "Kd_Inf": "001 00 K 072", "Propinsi": "Kalimantan Timur", "Kab_Kota": "Bontang", "Kecamatan": "Bontang Barat", "Desa_Kel": "Bontang Kuala", "Tk_Ruas_Aw": "Sp. 3 Jl. Kapten Piere Tendean - Gg. Basalt", "Tk_Ruas_Ak": "Buntu", "Kd_Patok": null, "Km_Awal": 0.0, "Km_Akhir": 0.0, "Nm_Lintas": "-", "Kon_Baik": 0.6029732965, "Kon_Sdg": 0.0, "Kon_Rgn": 0.0, "Kon_Rusak": 0.0, "Kon_Mntp": 0.0, "Kon_T_Mntp": 0.0, "Panjang": 0.6029732965, "Lbr_Keras": 0.0, "LHRT": 0.0, "VCR": 0.0, "Tipe_Jln": 2, "MST": 0.0, "Tipe_Keras": "Beton", "Tanah_Kri": 0.0, "Macadam": 0.0, "Aspal": 0.0, "Rigid": 100.0, "Thn_Pen_Ak": 0, "Jns_Pen": null, "Koord_X_Aw": 117.5147858374, "Koord_Y_Aw": 0.1386283769, "Koord_X_Ak": 117.5173177608, "Koord_Y_Ak": 0.1422636989 }, "geometry": { "type": "LineString", "coordinates": [ [ 117.514785837378881, 0.138628376942389, 0.0 ], [ 117.515049872691748, 0.138727269680184, 0.0 ], [ 117.515204421377803, 0.138767958778899, 0.0 ], [ 117.515351836774613, 0.13879428597768, 0.0 ], [ 117.515458831508695, 0.138799070981443, 0.0 ], [ 117.515553937689873, 0.138791887867997, 0.0 ], [ 117.515649043921414, 0.138787098429823, 0.0 ], [ 117.515779814870754, 0.138775127182268, 0.0 ], [ 117.515908208055293, 0.138758368635931, 0.0 ], [ 117.515957939951932, 0.138741052913722, 0.0 ], [ 117.51603374771679, 0.13872635446156, 0.0 ], [ 117.516094615766704, 0.138726353125167, 0.0 ], [ 117.516151679770431, 0.138735926573273, 0.0 ], [ 117.516212548234222, 0.138755074638514, 0.0 ], [ 117.516265808399169, 0.138783797571295, 0.0 ], [ 117.516328579445542, 0.138824009935478, 0.0 ], [ 117.516372329227025, 0.138864222716954, 0.0 ], [ 117.516402764164866, 0.138906350730831, 0.0 ], [ 117.516427492973008, 0.138959968510727, 0.0 ], [ 117.516437004894698, 0.139019331445547, 0.0 ], [ 117.516431300346241, 0.139103588937158, 0.0 ], [ 117.516429399427125, 0.139159122242993, 0.0 ], [ 117.516417988334283, 0.13923572010008, 0.0 ], [ 117.516395164691701, 0.139321892909973, 0.0 ], [ 117.516370438881751, 0.13940615082231, 0.0 ], [ 117.516351420036614, 0.13951721777147, 0.0 ], [ 117.516340010743917, 0.139676158057084, 0.0 ], [ 117.516330507809911, 0.140028507257749, 0.0 ], [ 117.516336216117395, 0.140116594378689, 0.0 ], [ 117.516364749651615, 0.140191276411623, 0.0 ], [ 117.516408500283333, 0.140269787986125, 0.0 ], [ 117.516547361142599, 0.140525908139195, 0.0 ], [ 117.516899267674148, 0.141121925375059, 0.0 ], [ 117.517225018322449, 0.141641345531065, 0.0 ], [ 117.517094248985245, 0.141725127090735, 0.0 ], [ 117.517317760814905, 0.142263698902572, 0.0 ] ] } },
{ "type": "Feature", "properties": { "Kl_Dat_Das": "Jalan non tol", "Nm_Ruas": "Jl. Ambon KCY", "Thn_Data": 2015, "Status": "Jalan Kota", "Fungsi": "Jalan Lingkungan", "Mendukung": null, "Ura_Dukung": null, "Kd_Bd_PU": null, "Kd_Jns_Inf": null, "Kd_Inf": "001 00 K 312", "Propinsi": "Kalimantan Timur", "Kab_Kota": "Bontang", "Kecamatan": "Bontang Utara", "Desa_Kel": "Api-api", "Tk_Ruas_Aw": "Jl. Kalimantan KCY", "Tk_Ruas_Ak": "Jl. Halmahera", "Kd_Patok": null, "Km_Awal": 0.0, "Km_Akhir": 0.0, "Nm_Lintas": "-", "Kon_Baik": 0.0392739914, "Kon_Sdg": 0.0, "Kon_Rgn": 0.0, "Kon_Rusak": 0.0, "Kon_Mntp": 0.0, "Kon_T_Mntp": 0.0, "Panjang": 0.0392739914, "Lbr_Keras": 0.0, "LHRT": 0.0, "VCR": 0.0, "Tipe_Jln": 2, "MST": 0.0, "Tipe_Keras": "Beton", "Tanah_Kri": 0.0, "Macadam": 0.0, "Aspal": 0.0, "Rigid": 100.0, "Thn_Pen_Ak": 0, "Jns_Pen": null, "Koord_X_Aw": 554495.50618077931, "Koord_Y_Aw": 14059.7302749349, "Koord_X_Ak": 554531.28723803349, "Koord_Y_Ak": 14043.5388467927 }, "geometry": { "type": "LineString", "coordinates": [ [ 117.489732551430066, 0.127198110263979, 0.0 ], [ 117.490054092950999, 0.127051620591145, 0.0 ] ] } },
{ "type": "Feature", "properties": { "Kl_Dat_Das": "Jalan non tol", "Nm_Ruas": "Jl. Bandung 1", "Thn_Data": 2015, "Status": "Jalan Kota", "Fungsi": null, "Mendukung": null, "Ura_Dukung": null, "Kd_Bd_PU": null, "Kd_Jns_Inf": null, "Kd_Inf": "001 00 K 322", "Propinsi": "Kalimantan Timur", "Kab_Kota": "Bontang", "Kecamatan": "Bontang Barat", "Desa_Kel": "Gunung Telihan", "Tk_Ruas_Aw": "Jl. Ir. Soekarno Hatta", "Tk_Ruas_Ak": "Buntu", "Kd_Patok": null, "Km_Awal": 0.0, "Km_Akhir": 0.0, "Nm_Lintas": "-", "Kon_Baik": 0.1426051792, "Kon_Sdg": 0.0, "Kon_Rgn": 0.0, "Kon_Rusak": 0.0, "Kon_Mntp": 0.0, "Kon_T_Mntp": 0.0, "Panjang": 0.2093531156, "Lbr_Keras": 2.0, "LHRT": 0.0, "VCR": 0.0, "Tipe_Jln": 2, "MST": 0.0, "Tipe_Keras": "Beton", "Tanah_Kri": 0.0, "Macadam": 0.0, "Aspal": 0.0, "Rigid": 100.0, "Thn_Pen_Ak": 0, "Jns_Pen": null, "Koord_X_Aw": 550079.75478337612, "Koord_Y_Aw": 15348.3715379238, "Koord_X_Ak": 549993.42093688436, "Koord_Y_Ak": 15481.375662606801 }, "geometry": { "type": "LineString", "coordinates": [ [ 117.450050766798469, 0.138857216659039, 0.0 ], [ 117.450132223596512, 0.139230898161975, 0.0 ], [ 117.450202098027859, 0.139604050424728, 0.0 ], [ 117.450209708758166, 0.139717032854994, 0.0 ], [ 117.450194492362058, 0.139757247286139, 0.0 ], [ 117.450133624116191, 0.139778313009036, 0.0 ], [ 117.449631460419397, 0.13991811470638, 0.0 ], [ 117.44927495092, 0.140060524239112, 0.0 ] ] } },
{ "type": "Feature", "properties": { "Kl_Dat_Das": "Jalan non tol", "Nm_Ruas": "Jl. Bandung 8", "Thn_Data": 2015, "Status": "Jalan Kota", "Fungsi": null, "Mendukung": null, "Ura_Dukung": null, "Kd_Bd_PU": null, "Kd_Jns_Inf": null, "Kd_Inf": "001 00 K 096", "Propinsi": "Kalimantan Timur", "Kab_Kota": "Bontang", "Kecamatan": "Bontang Barat", "Desa_Kel": "Gunung Telihan", "Tk_Ruas_Aw": "Jl. Bandung 7", "Tk_Ruas_Ak": "Buntu", "Kd_Patok": null, "Km_Awal": 0.0, "Km_Akhir": 0.0, "Nm_Lintas": "-", "Kon_Baik": 0.2333660715, "Kon_Sdg": 0.0, "Kon_Rgn": 0.0, "Kon_Rusak": 0.0, "Kon_Mntp": 0.0, "Kon_T_Mntp": 0.0, "Panjang": 0.1961509452, "Lbr_Keras": 0.0, "LHRT": 0.0, "VCR": 0.0, "Tipe_Jln": 2, "MST": 0.0, "Tipe_Keras": "Beton", "Tanah_Kri": 0.0, "Macadam": 0.0, "Aspal": 0.0, "Rigid": 100.0, "Thn_Pen_Ak": 0, "Jns_Pen": null, "Koord_X_Aw": 117.4476629073, "Koord_Y_Aw": 0.137216643, "Koord_X_Ak": 117.4462259928, "Koord_Y_Ak": 0.1375411484 }, "geometry": { "type": "LineString", "coordinates": [ [ 117.447662907329672, 0.137216643045071, 0.0 ], [ 117.447489453916361, 0.137332549474769, 0.0 ], [ 117.447284500790872, 0.137498101603181, 0.0 ], [ 117.447235045534754, 0.137526826931666, 0.0 ], [ 117.44716656914089, 0.137572787256905, 0.0 ], [ 117.447117113848307, 0.137599597626359, 0.0 ], [ 117.446980160558539, 0.137664708842679, 0.0 ], [ 117.44693641170231, 0.137691519105389, 0.0 ], [ 117.446892662917151, 0.137722159287949, 0.0 ], [ 117.446769025500814, 0.137833229292022, 0.0 ], [ 117.446749766654406, 0.137853695789065, 0.0 ], [ 117.446728367846916, 0.137871648941809, 0.0 ], [ 117.446711724281627, 0.137883019330354, 0.0 ], [ 117.446689136298232, 0.137883019757015, 0.0 ], [ 117.446674870103053, 0.137877634201839, 0.0 ], [ 117.446643959885193, 0.137859083611857, 0.0 ], [ 117.446357389555686, 0.137638397866353, 0.0 ], [ 117.446302701922647, 0.137588131197627, 0.0 ], [ 117.446240881508757, 0.1375522268621, 0.0 ], [ 117.446225992768476, 0.13754114844045, 0.0 ] ] } },
{ "type": "Feature", "properties": { "Kl_Dat_Das": "Jalan non tol", "Nm_Ruas": "Jl. Belanak", "Thn_Data": 2015, "Status": "Jalan Kota", "Fungsi": "Jalan Lingkungan", "Mendukung": null, "Ura_Dukung": null, "Kd_Bd_PU": null, "Kd_Jns_Inf": null, "Kd_Inf": "001 00 K 130", "Propinsi": "Kalimantan Timur", "Kab_Kota": "Bontang", "Kecamatan": "Bontang Selatan", "Desa_Kel": "Tanjung Laut Indah", "Tk_Ruas_Aw": "Jl. H. Habibon", "Tk_Ruas_Ak": "Jl. Kakap Merah 2", "Kd_Patok": null, "Km_Awal": 0.0, "Km_Akhir": 0.0, "Nm_Lintas": "-", "Kon_Baik": 0.2650773417, "Kon_Sdg": 0.0, "Kon_Rgn": 0.0, "Kon_Rusak": 0.0, "Kon_Mntp": 0.0, "Kon_T_Mntp": 0.0, "Panjang": 0.2650773417, "Lbr_Keras": 0.0, "LHRT": 0.0, "VCR": 0.0, "Tipe_Jln": 2, "MST": 0.0, "Tipe_Keras": "Beton", "Tanah_Kri": 0.0, "Macadam": 0.0, "Aspal": 0.0, "Rigid": 100.0, "Thn_Pen_Ak": 2011, "Jns_Pen": "Rehabilitasi / Pemeliharaan", "Koord_X_Aw": 117.4915396001, "Koord_Y_Aw": 0.1226602913, "Koord_X_Ak": 117.4931926439, "Koord_Y_Ak": 0.120933611 }, "geometry": { "type": "LineString", "coordinates": [ [ 117.491539600064925, 0.122660291290332, 0.0 ], [ 117.491739165057297, 0.12244980694245, 0.0 ], [ 117.492229643098696, 0.121941042715961, 0.0 ], [ 117.492782326155279, 0.121369658093607, 0.0 ], [ 117.493192643924644, 0.120933611025633, 0.0 ] ] } },
{ "type": "Feature", "properties": { "Kl_Dat_Das": "Jalan non tol", "Nm_Ruas": "Jl. Bone_HOP_6", "Thn_Data": 2015, "Status": "Jalan Kota", "Fungsi": "Jalan Lingkungan", "Mendukung": null, "Ura_Dukung": null, "Kd_Bd_PU": null, "Kd_Jns_Inf": null, "Kd_Inf": "001 00 K 386", "Propinsi": "Kalimantan Timur", "Kab_Kota": "Bontang", "Kecamatan": "Bontang Utara", "Desa_Kel": "Gunung Elai", "Tk_Ruas_Aw": "Jl. Gowa_HOP_6", "Tk_Ruas_Ak": "Jl. Kalimantan_HOP_6", "Kd_Patok": null, "Km_Awal": 0.0, "Km_Akhir": 0.0, "Nm_Lintas": "-", "Kon_Baik": 0.1266504851, "Kon_Sdg": 0.0, "Kon_Rgn": 0.0, "Kon_Rusak": 0.0, "Kon_Mntp": 0.0, "Kon_T_Mntp": 0.0, "Panjang": 0.1266504851, "Lbr_Keras": 5.0, "LHRT": 0.0, "VCR": 0.0, "Tipe_Jln": 2, "MST": 0.0, "Tipe_Keras": "Aspal", "Tanah_Kri": 0.0, "Macadam": 0.0, "Aspal": 100.0, "Rigid": 0.0, "Thn_Pen_Ak": 0, "Jns_Pen": null, "Koord_X_Aw": 551775.69066743925, "Koord_Y_Aw": 15045.842507785201, "Koord_X_Ak": 551680.70858980156, "Koord_Y_Ak": 15129.592724992001 }, "geometry": { "type": "LineString", "coordinates": [ [ 117.465291216358636, 0.136119935610214, 0.0 ], [ 117.465051096136207, 0.136344877499492, 0.0 ], [ 117.464437676831466, 0.136877641556883, 0.0 ] ] } },
{ "type": "Feature", "properties": { "Kl_Dat_Das": "Jalan non tol", "Nm_Ruas": "Jl. Carita (Tidak Ada dilapangan)", "Thn_Data": 2015, "Status": "Jalan Kota", "Fungsi": null, "Mendukung": null, "Ura_Dukung": null, "Kd_Bd_PU": null, "Kd_Jns_Inf": null, "Kd_Inf": "001 00 K 334", "Propinsi": "Kalimantan Timur", "Kab_Kota": "Bontang", "Kecamatan": "Bontang Selatan", "Desa_Kel": "Berbas Pantai", "Tk_Ruas_Aw": "Jl. Sultan Hasanuddin", "Tk_Ruas_Ak": "Sp. 4 Jl. Carita - Jl. P. Antasari", "Kd_Patok": null, "Km_Awal": 0.0, "Km_Akhir": 0.0, "Nm_Lintas": "-", "Kon_Baik": 0.0527547144, "Kon_Sdg": 0.0, "Kon_Rgn": 0.0, "Kon_Rusak": 0.0, "Kon_Mntp": 0.0, "Kon_T_Mntp": 0.0, "Panjang": 0.0527547144, "Lbr_Keras": 0.0, "LHRT": 0.0, "VCR": 0.0, "Tipe_Jln": 2, "MST": 0.0, "Tipe_Keras": "Beton", "Tanah_Kri": 0.0, "Macadam": 0.0, "Aspal": 0.0, "Rigid": 100.0, "Thn_Pen_Ak": 0, "Jns_Pen": null, "Koord_X_Aw": 553930.36044830736, "Koord_Y_Aw": 12207.6805389654, "Koord_X_Ak": 553892.0916502215, "Koord_Y_Ak": 12171.368571499401 }, "geometry": { "type": "LineString", "coordinates": [ [ 117.484653609859649, 0.110442736062056, 0.0 ], [ 117.484309704266678, 0.110114227772512, 0.0 ] ] } },
{ "type": "Feature", "properties": { "Kl_Dat_Das": "Jalan non tol", "Nm_Ruas": "Jl. Catur 6", "Thn_Data": 2015, "Status": "Jalan Kota", "Fungsi": null, "Mendukung": null, "Ura_Dukung": null, "Kd_Bd_PU": null, "Kd_Jns_Inf": null, "Kd_Inf": "001 00 K 195", "Propinsi": "Kalimantan Timur", "Kab_Kota": "Bontang", "Kecamatan": "Bontang Utara", "Desa_Kel": "Api-api", "Tk_Ruas_Aw": "Sp. 4 Jl. Catur 6 - Jl. Catur 8", "Tk_Ruas_Ak": "Buntu", "Kd_Patok": null, "Km_Awal": 0.0, "Km_Akhir": 0.0, "Nm_Lintas": "-", "Kon_Baik": 0.0268624872, "Kon_Sdg": 0.0, "Kon_Rgn": 0.0, "Kon_Rusak": 0.0, "Kon_Mntp": 0.0, "Kon_T_Mntp": 0.0, "Panjang": 0.034892232, "Lbr_Keras": 0.0, "LHRT": 0.0, "VCR": 0.0, "Tipe_Jln": 2, "MST": 0.0, "Tipe_Keras": "Beton", "Tanah_Kri": 0.0, "Macadam": 0.0, "Aspal": 0.0, "Rigid": 100.0, "Thn_Pen_Ak": 0, "Jns_Pen": null, "Koord_X_Aw": 553868.54009676166, "Koord_Y_Aw": 14623.114392822599, "Koord_X_Ak": 553873.5671901498, "Koord_Y_Ak": 14588.586198765801 }, "geometry": { "type": "LineString", "coordinates": [ [ 117.484098453427137, 0.132295146702928, 0.0 ], [ 117.484143623095463, 0.131982769656749, 0.0 ] ] } },
{ "type": "Feature", "properties": { "Kl_Dat_Das": "Jalan non tol", "Nm_Ruas": "Jl. Denpasar 3", "Thn_Data": 2015, "Status": "Jalan Kota", "Fungsi": null, "Mendukung": null, "Ura_Dukung": null, "Kd_Bd_PU": null, "Kd_Jns_Inf": null, "Kd_Inf": "001 00 K 111", "Propinsi": "Kalimantan Timur", "Kab_Kota": "Bontang", "Kecamatan": "Bontang Barat", "Desa_Kel": "Gunung Telihan", "Tk_Ruas_Aw": "Jl. Denpasar", "Tk_Ruas_Ak": "Jl. Denpasar 6", "Kd_Patok": null, "Km_Awal": 0.0, "Km_Akhir": 0.0, "Nm_Lintas": "-", "Kon_Baik": 0.0901467739, "Kon_Sdg": 0.0, "Kon_Rgn": 0.0, "Kon_Rusak": 0.0, "Kon_Mntp": 0.0, "Kon_T_Mntp": 0.0, "Panjang": 0.0901467739, "Lbr_Keras": 0.0, "LHRT": 0.0, "VCR": 0.0, "Tipe_Jln": 2, "MST": 0.0, "Tipe_Keras": "Beton", "Tanah_Kri": 0.0, "Macadam": 0.0, "Aspal": 0.0, "Rigid": 100.0, "Thn_Pen_Ak": 0, "Jns_Pen": null, "Koord_X_Aw": 117.4602969813, "Koord_Y_Aw": 0.13880776, "Koord_X_Ak": 117.4610080903, "Koord_Y_Ak": 0.1384209281 }, "geometry": { "type": "LineString", "coordinates": [ [ 117.460296981277224, 0.138807760021295, 0.0 ], [ 117.460915092316469, 0.138493347008323, 0.0 ], [ 117.461008090276522, 0.1384209281008, 0.0 ] ] } },
{ "type": "Feature", "properties": { "Kl_Dat_Das": "Jalan non tol", "Nm_Ruas": "Jl. Denpasar 5", "Thn_Data": 2015, "Status": "Jalan Kota", "Fungsi": null, "Mendukung": null, "Ura_Dukung": null, "Kd_Bd_PU": null, "Kd_Jns_Inf": null, "Kd_Inf": "001 00 K 327", "Propinsi": "Kalimantan Timur", "Kab_Kota": "Bontang", "Kecamatan": "Bontang Barat", "Desa_Kel": "Gunung Telihan", "Tk_Ruas_Aw": "Jl. Denpasar", "Tk_Ruas_Ak": "Jl. Denpasar 6", "Kd_Patok": null, "Km_Awal": 0.0, "Km_Akhir": 0.0, "Nm_Lintas": "-", "Kon_Baik": 0.0853166275, "Kon_Sdg": 0.0, "Kon_Rgn": 0.0, "Kon_Rusak": 0.0, "Kon_Mntp": 0.0, "Kon_T_Mntp": 0.0, "Panjang": 0.0853166275, "Lbr_Keras": 0.0, "LHRT": 0.0, "VCR": 0.0, "Tipe_Jln": 2, "MST": 0.0, "Tipe_Keras": "Beton", "Tanah_Kri": 0.0, "Macadam": 0.0, "Aspal": 0.0, "Rigid": 100.0, "Thn_Pen_Ak": 0, "Jns_Pen": null, "Koord_X_Aw": 551274.97251178604, "Koord_Y_Aw": 15420.511857600901, "Koord_X_Ak": 551354.75892856438, "Koord_Y_Ak": 15397.2895538062 }, "geometry": { "type": "LineString", "coordinates": [ [ 117.460791589162227, 0.139509663169126, 0.0 ], [ 117.460922244280425, 0.139469974462318, 0.0 ], [ 117.461036372120944, 0.139434066786405, 0.0 ], [ 117.461057770476856, 0.139395767243918, 0.0 ], [ 117.461086302099105, 0.139369436036251, 0.0 ], [ 117.46114098850326, 0.139359860178446, 0.0 ], [ 117.461257494483263, 0.139347889407162, 0.0 ], [ 117.461366867241722, 0.139326343996581, 0.0 ], [ 117.461459596300912, 0.139307192609203, 0.0 ], [ 117.461508584187655, 0.139299556429654, 0.0 ] ] } },
{ "type": "Feature", "properties": { "Kl_Dat_Das": "Jalan non tol", "Nm_Ruas": "Jl. Denpasar 7", "Thn_Data": 2015, "Status": "Jalan Kota", "Fungsi": null, "Mendukung": null, "Ura_Dukung": null, "Kd_Bd_PU": null, "Kd_Jns_Inf": null, "Kd_Inf": "001 00 K 326", "Propinsi": "Kalimantan Timur", "Kab_Kota": "Bontang", "Kecamatan": "Bontang Barat", "Desa_Kel": "Gunung Telihan", "Tk_Ruas_Aw": "Jl. Denpasar", "Tk_Ruas_Ak": "Jl. Balikpapan", "Kd_Patok": null, "Km_Awal": 0.0, "Km_Akhir": 0.0, "Nm_Lintas": "-", "Kon_Baik": 0.1337817906, "Kon_Sdg": 0.0, "Kon_Rgn": 0.0, "Kon_Rusak": 0.0, "Kon_Mntp": 0.0, "Kon_T_Mntp": 0.0, "Panjang": 0.1337817906, "Lbr_Keras": 0.0, "LHRT": 0.0, "VCR": 0.0, "Tipe_Jln": 2, "MST": 0.0, "Tipe_Keras": "Beton", "Tanah_Kri": 0.0, "Macadam": 0.0, "Aspal": 0.0, "Rigid": 100.0, "Thn_Pen_Ak": 0, "Jns_Pen": null, "Koord_X_Aw": 551271.02226027288, "Koord_Y_Aw": 15469.4368734285, "Koord_X_Ak": 551149.1260338258, "Koord_Y_Ak": 15428.4002581071 }, "geometry": { "type": "LineString", "coordinates": [ [ 117.460756098923127, 0.139952289399335, 0.0 ], [ 117.460082549056139, 0.13975596578685, 0.0 ], [ 117.460051638680383, 0.139727242051834, 0.0 ], [ 117.459973173157707, 0.139617133610014, 0.0 ], [ 117.459956528991384, 0.139595590679152, 0.0 ], [ 117.459923241309752, 0.139586016552888, 0.0 ], [ 117.45966067342151, 0.139581051954874, 0.0 ] ] } },
{ "type": "Feature", "properties": { "Kl_Dat_Das": "Jalan non tol", "Nm_Ruas": "Jl. Gajah Mada", "Thn_Data": 2015, "Status": "Jalan Kota", "Fungsi": "Jalan Kolektor", "Mendukung": null, "Ura_Dukung": null, "Kd_Bd_PU": null, "Kd_Jns_Inf": null, "Kd_Inf": "001 00 K 022", "Propinsi": "Kalimantan Timur", "Kab_Kota": "Bontang", "Kecamatan": "Bontang Selatan", "Desa_Kel": "Berbas Tengah", "Tk_Ruas_Aw": "Sp. 3 Jl. AP. Mangkunegoro û Jl. Hayam Wuruk", "Tk_Ruas_Ak": "PT. Badak", "Kd_Patok": null, "Km_Awal": 0.0, "Km_Akhir": 0.0, "Nm_Lintas": "-", "Kon_Baik": 0.357, "Kon_Sdg": 0.0, "Kon_Rgn": 0.1, "Kon_Rusak": 0.0, "Kon_Mntp": 0.0, "Kon_T_Mntp": 0.0, "Panjang": 0.4572218477, "Lbr_Keras": 10.5, "LHRT": 532.0, "VCR": 0.0, "Tipe_Jln": 2, "MST": 0.0, "Tipe_Keras": "Aspal", "Tanah_Kri": 0.0, "Macadam": 0.0, "Aspal": 100.0, "Rigid": 0.0, "Thn_Pen_Ak": 0, "Jns_Pen": null, "Koord_X_Aw": 117.47838697180001, "Koord_Y_Aw": 0.1180382201, "Koord_X_Ak": 117.4745539254, "Koord_Y_Ak": 0.1168540046 }, "geometry": { "type": "LineString", "coordinates": [ [ 117.474553925449186, 0.116854004622779, 0.0 ], [ 117.474567015512719, 0.116848330019203, 0.0 ], [ 117.474844992499868, 0.116744240143229, 0.0 ], [ 117.474863386202756, 0.116749561595906, 0.0 ], [ 117.475324032483769, 0.116882830423104, 0.0 ], [ 117.475394021398728, 0.11690307880079, 0.0 ], [ 117.475472800209246, 0.116926097807475, 0.0 ], [ 117.475549865176092, 0.116954392285983, 0.0 ], [ 117.475624868172417, 0.116987834421154, 0.0 ], [ 117.475697470385995, 0.117026273143958, 0.0 ], [ 117.475765979325374, 0.117062232339302, 0.0 ], [ 117.475837350416086, 0.117092019801742, 0.0 ], [ 117.475911036365716, 0.117115407113267, 0.0 ], [ 117.476015429425203, 0.117137038561449, 0.0 ], [ 117.476120629562601, 0.117154256985754, 0.0 ], [ 117.476226452797263, 0.117167032273748, 0.0 ], [ 117.476332714058714, 0.117175342083284, 0.0 ], [ 117.476446785399133, 0.117187641829892, 0.0 ], [ 117.476559922991981, 0.11720678099144, 0.0 ], [ 117.476650593430577, 0.117227794379153, 0.0 ], [ 117.476671722602646, 0.117232691184404, 0.0 ], [ 117.476781784777103, 0.117265279832703, 0.0 ], [ 117.47688971626917, 0.117304430498482, 0.0 ], [ 117.477072451254827, 0.11737584903633, 0.0 ], [ 117.477404192038335, 0.117525157525583, 0.0 ], [ 117.477498631337056, 0.117571138712638, 0.0 ], [ 117.477743290954166, 0.117690260087052, 0.0 ], [ 117.477819679375898, 0.117727452548454, 0.0 ], [ 117.478069759472916, 0.117858018587741, 0.0 ], [ 117.478386971753423, 0.118038220061631, 0.0 ] ] } },
{ "type": "Feature", "properties": { "Kl_Dat_Das": "Jalan non tol", "Nm_Ruas": "Jl. Gendang 1", "Thn_Data": 2015, "Status": "Jalan Kota", "Fungsi": null, "Mendukung": null, "Ura_Dukung": null, "Kd_Bd_PU": null, "Kd_Jns_Inf": null, "Kd_Inf": "001 00 K 084", "Propinsi": "Kalimantan Timur", "Kab_Kota": "Bontang", "Kecamatan": "Bontang Utara", "Desa_Kel": "Bontang Baru", "Tk_Ruas_Aw": "Sp. 3 Jl. MH. Thamrin - Jl. Keladi 1", "Tk_Ruas_Ak": "Jl. Gendang", "Kd_Patok": null, "Km_Awal": 0.0, "Km_Akhir": 0.0, "Nm_Lintas": "-", "Kon_Baik": 0.1489719435, "Kon_Sdg": 0.0, "Kon_Rgn": 0.0, "Kon_Rusak": 0.0, "Kon_Mntp": 0.0, "Kon_T_Mntp": 0.0, "Panjang": 0.1489719435, "Lbr_Keras": 0.0, "LHRT": 0.0, "VCR": 0.0, "Tipe_Jln": 2, "MST": 0.0, "Tipe_Keras": "Beton", "Tanah_Kri": 0.0, "Macadam": 0.0, "Aspal": 0.0, "Rigid": 100.0, "Thn_Pen_Ak": 0, "Jns_Pen": null, "Koord_X_Aw": 117.4893708882, "Koord_Y_Aw": 0.1422911379, "Koord_X_Ak": 117.4905331959, "Koord_Y_Ak": 0.1429445877 }, "geometry": { "type": "LineString", "coordinates": [ [ 117.489370888205215, 0.142291137870471, 0.0 ], [ 117.4894668286627, 0.142331688912948, 0.0 ], [ 117.489613294240911, 0.142389134224863, 0.0 ], [ 117.489725521313801, 0.142442750369738, 0.0 ], [ 117.489852965988064, 0.142521260510268, 0.0 ], [ 117.490022258066517, 0.142620834177657, 0.0 ], [ 117.490075518926488, 0.142672536629907, 0.0 ], [ 117.49012687761163, 0.142722324174099, 0.0 ], [ 117.490299973754759, 0.142812323009247, 0.0 ], [ 117.490533195899687, 0.14294458773127, 0.0 ] ] } },
{ "type": "Feature", "properties": { "Kl_Dat_Das": "Jalan non tol", "Nm_Ruas": "Jl. Gendang 2", "Thn_Data": 2015, "Status": "Jalan Kota", "Fungsi": null, "Mendukung": null, "Ura_Dukung": null, "Kd_Bd_PU": null, "Kd_Jns_Inf": null, "Kd_Inf": "001 00 K 329", "Propinsi": "Kalimantan Timur", "Kab_Kota": "Bontang", "Kecamatan": "Bontang Utara", "Desa_Kel": "Bontang Baru", "Tk_Ruas_Aw": "Jl. Mulawarman", "Tk_Ruas_Ak": "Sp. 4 Jl. Gendang - Jl. Gendang 1", "Kd_Patok": null, "Km_Awal": 0.0, "Km_Akhir": 0.0, "Nm_Lintas": "-", "Kon_Baik": 0.1956030963, "Kon_Sdg": 0.0, "Kon_Rgn": 0.0, "Kon_Rusak": 0.0, "Kon_Mntp": 0.0, "Kon_T_Mntp": 0.0, "Panjang": 0.1956030963, "Lbr_Keras": 0.0, "LHRT": 0.0, "VCR": 0.0, "Tipe_Jln": 2, "MST": 0.0, "Tipe_Keras": "Beton", "Tanah_Kri": 0.0, "Macadam": 0.0, "Aspal": 0.0, "Rigid": 100.0, "Thn_Pen_Ak": 0, "Jns_Pen": null, "Koord_X_Aw": 554584.56579838134, "Koord_Y_Aw": 15800.2551619187, "Koord_X_Ak": 554766.15970894787, "Koord_Y_Ak": 15872.457463352001 }, "geometry": { "type": "LineString", "coordinates": [ [ 117.490533195899687, 0.14294458773127, 0.0 ], [ 117.491080195461763, 0.143179826581276, 0.0 ], [ 117.491386441497227, 0.143293759354233, 0.0 ], [ 117.491714562903368, 0.143446948062133, 0.0 ], [ 117.492165093098507, 0.14359776514842, 0.0 ] ] } },
{ "type": "Feature", "properties": { "Kl_Dat_Das": "Jalan non tol", "Nm_Ruas": "Jl. Gendang 4", "Thn_Data": 2015, "Status": "Jalan Kota", "Fungsi": null, "Mendukung": null, "Ura_Dukung": null, "Kd_Bd_PU": null, "Kd_Jns_Inf": null, "Kd_Inf": "001 00 K 330", "Propinsi": "Kalimantan Timur", "Kab_Kota": "Bontang", "Kecamatan": "Bontang Utara", "Desa_Kel": "Bontang Baru", "Tk_Ruas_Aw": "Sp. 4 Jl. Gendang 3 - Jl. Gendang", "Tk_Ruas_Ak": "Jl. Mulawarman", "Kd_Patok": null, "Km_Awal": 0.0, "Km_Akhir": 0.0, "Nm_Lintas": "-", "Kon_Baik": 0.2554467524, "Kon_Sdg": 0.0, "Kon_Rgn": 0.0, "Kon_Rusak": 0.0, "Kon_Mntp": 0.0, "Kon_T_Mntp": 0.0, "Panjang": 0.2554467524, "Lbr_Keras": 0.0, "LHRT": 0.0, "VCR": 0.0, "Tipe_Jln": 2, "MST": 0.0, "Tipe_Keras": "Beton", "Tanah_Kri": 0.0, "Macadam": 0.0, "Aspal": 0.0, "Rigid": 100.0, "Thn_Pen_Ak": 0, "Jns_Pen": null, "Koord_X_Aw": 554593.89897424728, "Koord_Y_Aw": 15721.5365517847, "Koord_X_Ak": 554830.53554870654, "Koord_Y_Ak": 15813.605623040299 }, "geometry": { "type": "LineString", "coordinates": [ [ 117.490617052884062, 0.142232420298059, 0.0 ], [ 117.490841329890856, 0.142287027260773, 0.0 ], [ 117.491006816358492, 0.142324365194948, 0.0 ], [ 117.491210820978765, 0.14235882987863, 0.0 ], [ 117.491314963309321, 0.142381807015768, 0.0 ], [ 117.492743591431804, 0.143065321397606, 0.0 ] ] } },
{ "type": "Feature", "properties": { "Kl_Dat_Das": "Jalan non tol", "Nm_Ruas": "Jl. Gendang 8", "Thn_Data": 2015, "Status": "Jalan Kota", "Fungsi": null, "Mendukung": null, "Ura_Dukung": null, "Kd_Bd_PU": null, "Kd_Jns_Inf": null, "Kd_Inf": "001 00 K 328", "Propinsi": "Kalimantan Timur", "Kab_Kota": "Bontang", "Kecamatan": "Bontang Utara", "Desa_Kel": "Bontang Baru", "Tk_Ruas_Aw": "Jl. Seruling", "Tk_Ruas_Ak": "Jl. Gendang 6", "Kd_Patok": null, "Km_Awal": 0.0, "Km_Akhir": 0.0, "Nm_Lintas": "-", "Kon_Baik": 0.1294079197, "Kon_Sdg": 0.0, "Kon_Rgn": 0.0, "Kon_Rusak": 0.0, "Kon_Mntp": 0.0, "Kon_T_Mntp": 0.0, "Panjang": 0.1294079197, "Lbr_Keras": 0.0, "LHRT": 0.0, "VCR": 0.0, "Tipe_Jln": 2, "MST": 0.0, "Tipe_Keras": "Beton", "Tanah_Kri": 0.0, "Macadam": 0.0, "Aspal": 0.0, "Rigid": 100.0, "Thn_Pen_Ak": 0, "Jns_Pen": null, "Koord_X_Aw": 554693.69891412556, "Koord_Y_Aw": 15693.108707699899, "Koord_X_Ak": 554710.19920566585, "Koord_Y_Ak": 15565.1617620867 }, "geometry": { "type": "LineString", "coordinates": [ [ 117.49151389389489, 0.141975215007785, 0.0 ], [ 117.491559751525941, 0.141788904785376, 0.0 ], [ 117.49157401601687, 0.141717093949602, 0.0 ], [ 117.491585902387101, 0.141623740005722, 0.0 ], [ 117.491626318098298, 0.141403520183216, 0.0 ], [ 117.49164533646848, 0.141262292401824, 0.0 ], [ 117.491652467006915, 0.1411450017176, 0.0 ], [ 117.491659595840275, 0.140946325766266, 0.0 ], [ 117.491662148457479, 0.140817678657834, 0.0 ] ] } },
{ "type": "Feature", "properties": { "Kl_Dat_Das": "Jalan non tol", "Nm_Ruas": "Jl. Gn. Malabar", "Thn_Data": 2015, "Status": "Jalan Kota", "Fungsi": null, "Mendukung": null, "Ura_Dukung": null, "Kd_Bd_PU": null, "Kd_Jns_Inf": null, "Kd_Inf": "001 00 K 260", "Propinsi": "Kalimantan Timur", "Kab_Kota": "Bontang", "Kecamatan": "Bontang Utara", "Desa_Kel": "Gunung Elai", "Tk_Ruas_Aw": "Jl. Gn. Sewu", "Tk_Ruas_Ak": "Jl. Gn. Papandayan", "Kd_Patok": null, "Km_Awal": 0.0, "Km_Akhir": 0.0, "Nm_Lintas": "-", "Kon_Baik": 0.5702097292, "Kon_Sdg": 0.0, "Kon_Rgn": 0.0, "Kon_Rusak": 0.0, "Kon_Mntp": 0.0, "Kon_T_Mntp": 0.0, "Panjang": 0.5702097292, "Lbr_Keras": 5.0, "LHRT": 0.0, "VCR": 0.0, "Tipe_Jln": 2, "MST": 0.0, "Tipe_Keras": "Aspal", "Tanah_Kri": 0.0, "Macadam": 0.0, "Aspal": 100.0, "Rigid": 0.0, "Thn_Pen_Ak": 0, "Jns_Pen": null, "Koord_X_Aw": 552894.77180990111, "Koord_Y_Aw": 16356.9632736817, "Koord_X_Ak": 552962.3794201361, "Koord_Y_Ak": 16661.628369649901 }, "geometry": { "type": "LineString", "coordinates": [ [ 117.475348045488445, 0.147981447311482, 0.0 ], [ 117.476034512416078, 0.148083537145261, 0.0 ], [ 117.476389864198964, 0.148161509580767, 0.0 ], [ 117.476547902195591, 0.148200816835267, 0.0 ], [ 117.476677724118119, 0.14824533665039, 0.0 ], [ 117.476797560056553, 0.148301346389717, 0.0 ], [ 117.476890290517531, 0.148357356714561, 0.0 ], [ 117.476991581032919, 0.14843347384368, 0.0 ], [ 117.477074325788777, 0.148513900014144, 0.0 ], [ 117.477168483685219, 0.148608688071013, 0.0 ], [ 117.477225549354856, 0.148679061299767, 0.0 ], [ 117.477274055493865, 0.148753743354494, 0.0 ], [ 117.477346131469872, 0.14888190889227, 0.0 ], [ 117.477396660117051, 0.149025529154254, 0.0 ], [ 117.477435300143199, 0.149157181226764, 0.0 ], [ 117.477453135401859, 0.149282849529101, 0.0 ], [ 117.477465026738102, 0.149420486407597, 0.0 ], [ 117.477468001931655, 0.149564107704242, 0.0 ], [ 117.477456116281672, 0.149689776656275, 0.0 ], [ 117.477417481549679, 0.149803477748594, 0.0 ], [ 117.47737290270031, 0.1499201710843, 0.0 ], [ 117.477325351501065, 0.150024896039647, 0.0 ], [ 117.477273956002776, 0.15011142904118, 0.0 ], [ 117.477199774999619, 0.150222497861631, 0.0 ], [ 117.477128111827483, 0.15031828339267, 0.0 ], [ 117.477024782676025, 0.15042740153061, 0.0 ], [ 117.476935383771561, 0.15050208661163, 0.0 ], [ 117.476857830104635, 0.150565208077813, 0.0 ], [ 117.476755634110049, 0.150615551455236, 0.0 ], [ 117.476655772720235, 0.150657203853904, 0.0 ], [ 117.476558764287702, 0.150687366480068, 0.0 ], [ 117.476475429098841, 0.150713621858818, 0.0 ], [ 117.476386146014264, 0.150726148054675, 0.0 ], [ 117.476274871066423, 0.150734767787914, 0.0 ], [ 117.476175008826559, 0.150737642414116, 0.0 ], [ 117.476043761227089, 0.150737645302798, 0.0 ], [ 117.475955658238107, 0.150737738959376, 0.0 ] ] } },
{ "type": "Feature", "properties": { "Kl_Dat_Das": "Jalan non tol", "Nm_Ruas": "Jl. Gn. Jayawijaya", "Thn_Data": 2015, "Status": "Jalan Kota", "Fungsi": "Jalan Lingkungan", "Mendukung": null, "Ura_Dukung": null, "Kd_Bd_PU": null, "Kd_Jns_Inf": null, "Kd_Inf": "001 00 K 289", "Propinsi": "Kalimantan Timur", "Kab_Kota": "Bontang", "Kecamatan": "Bontang Utara", "Desa_Kel": "Gunung Elai", "Tk_Ruas_Aw": "Sp. 3 Jl. Gn. Slamet", "Tk_Ruas_Ak": "Sp. 3 Jl. Gn. Ciremai - Jl. Gn. Jayawijaya", "Kd_Patok": null, "Km_Awal": 0.0, "Km_Akhir": 0.0, "Nm_Lintas": "-", "Kon_Baik": 0.1570364543, "Kon_Sdg": 0.0, "Kon_Rgn": 0.0, "Kon_Rusak": 0.0, "Kon_Mntp": 0.0, "Kon_T_Mntp": 0.0, "Panjang": 0.1570364543, "Lbr_Keras": 0.0, "LHRT": 0.0, "VCR": 0.0, "Tipe_Jln": 2, "MST": 0.0, "Tipe_Keras": "Aspal", "Tanah_Kri": 0.0, "Macadam": 0.0, "Aspal": 100.0, "Rigid": 0.0, "Thn_Pen_Ak": 0, "Jns_Pen": null, "Koord_X_Aw": 552918.42581889872, "Koord_Y_Aw": 16593.212904194799, "Koord_X_Ak": 553059.34864479303, "Koord_Y_Ak": 16586.2742737066 }, "geometry": { "type": "LineString", "coordinates": [ [ 117.475560657273505, 0.150118792976343, 0.0 ], [ 117.47556088859244, 0.150119027127005, 0.0 ], [ 117.475621643170143, 0.150170435440316, 0.0 ], [ 117.475686703792235, 0.150216192685434, 0.0 ], [ 117.475755553473391, 0.150255935266046, 0.0 ], [ 117.475827645119466, 0.150289347379669, 0.0 ], [ 117.475902405875118, 0.15031616352627, 0.0 ], [ 117.475979241675418, 0.150336170620051, 0.0 ], [ 117.476057541967506, 0.150349209680371, 0.0 ], [ 117.476136684560515, 0.150355177096287, 0.0 ], [ 117.476216040571003, 0.150354025449815, 0.0 ], [ 117.47629497941945, 0.150345763892517, 0.0 ], [ 117.47637287384191, 0.150330458072631, 0.0 ], [ 117.476449104872714, 0.150308229613586, 0.0 ], [ 117.476523066764329, 0.150279255147552, 0.0 ], [ 117.476594171800912, 0.150243764911693, 0.0 ], [ 117.476661854966665, 0.150202040919282, 0.0 ], [ 117.476725578437836, 0.150154414717804, 0.0 ], [ 117.476784835854346, 0.150101264754824, 0.0 ], [ 117.476827054056471, 0.150055991439388, 0.0 ] ] } },
{ "type": "Feature", "properties": { "Kl_Dat_Das": "Jalan non tol", "Nm_Ruas": "Jl. Gn. Merbabu", "Thn_Data": 2015, "Status": "Jalan Kota", "Fungsi": "Jalan Lingkungan", "Mendukung": null, "Ura_Dukung": null, "Kd_Bd_PU": null, "Kd_Jns_Inf": null, "Kd_Inf": "001 00 K 278", "Propinsi": "Kalimantan Timur", "Kab_Kota": "Bontang", "Kecamatan": "Bontang Utara", "Desa_Kel": "Gunung Elai", "Tk_Ruas_Aw": "Sp. 4 Jl. Tambora - Jl. Gn. Merbabu", "Tk_Ruas_Ak": "Jl. Gn. Slamet", "Kd_Patok": null, "Km_Awal": 0.0, "Km_Akhir": 0.0, "Nm_Lintas": "-", "Kon_Baik": 0.1143197976, "Kon_Sdg": 0.0, "Kon_Rgn": 0.0, "Kon_Rusak": 0.0, "Kon_Mntp": 0.0, "Kon_T_Mntp": 0.0, "Panjang": 0.1143197976, "Lbr_Keras": 0.0, "LHRT": 0.0, "VCR": 0.0, "Tipe_Jln": 2, "MST": 0.0, "Tipe_Keras": "Aspal", "Tanah_Kri": 0.0, "Macadam": 0.0, "Aspal": 100.0, "Rigid": 0.0, "Thn_Pen_Ak": 0, "Jns_Pen": null, "Koord_X_Aw": 552824.10273785796, "Koord_Y_Aw": 16528.250511180599, "Koord_X_Ak": 552908.83432376198, "Koord_Y_Ak": 16604.480045411699 }, "geometry": { "type": "LineString", "coordinates": [ [ 117.474713013361338, 0.149531096718738, 0.0 ], [ 117.475449389920854, 0.150177601134125, 0.0 ], [ 117.475458747329185, 0.150188122283085, 0.0 ], [ 117.47546642091163, 0.15019994427268, 0.0 ], [ 117.475472234996147, 0.150212796461047, 0.0 ], [ 117.475474465825172, 0.150220728683614, 0.0 ] ] } },
{ "type": "Feature", "properties": { "Kl_Dat_Das": "Jalan non tol", "Nm_Ruas": "Jl. Gn. Pangrango", "Thn_Data": 2015, "Status": "Jalan Kota", "Fungsi": "Jalan Lingkungan", "Mendukung": null, "Ura_Dukung": null, "Kd_Bd_PU": null, "Kd_Jns_Inf": null, "Kd_Inf": "001 00 K 281", "Propinsi": "Kalimantan Timur", "Kab_Kota": "Bontang", "Kecamatan": "Bontang Utara", "Desa_Kel": "Gunung Elai", "Tk_Ruas_Aw": "Sp. 4 Jl. Gn Pangrango - Jl. Gn. Tambora", "Tk_Ruas_Ak": "Sp. 3 Jl. Gn. Burangrang - Jl. Gn. Slamet", "Kd_Patok": null, "Km_Awal": 0.0, "Km_Akhir": 0.0, "Nm_Lintas": "-", "Kon_Baik": 0.113044241, "Kon_Sdg": 0.0, "Kon_Rgn": 0.0, "Kon_Rusak": 0.0, "Kon_Mntp": 0.0, "Kon_T_Mntp": 0.0, "Panjang": 0.113044241, "Lbr_Keras": 0.0, "LHRT": 0.0, "VCR": 0.0, "Tipe_Jln": 2, "MST": 0.0, "Tipe_Keras": "Aspal", "Tanah_Kri": 0.0, "Macadam": 0.0, "Aspal": 100.0, "Rigid": 0.0, "Thn_Pen_Ak": 0, "Jns_Pen": null, "Koord_X_Aw": 552791.32418057509, "Koord_Y_Aw": 16565.957507265699, "Koord_X_Ak": 552877.20512043126, "Koord_Y_Ak": 16639.465769344901 }, "geometry": { "type": "LineString", "coordinates": [ [ 117.4744184572493, 0.149872238354432, 0.0 ], [ 117.475190237880838, 0.150537250745886, 0.0 ] ] } },
{ "type": "Feature", "properties": { "Kl_Dat_Das": "Jalan non tol", "Nm_Ruas": "Jl. Gn. Tengger", "Thn_Data": 2015, "Status": "Jalan Kota", "Fungsi": "Jalan Lingkungan", "Mendukung": null, "Ura_Dukung": null, "Kd_Bd_PU": null, "Kd_Jns_Inf": null, "Kd_Inf": "001 00 K 276", "Propinsi": "Kalimantan Timur", "Kab_Kota": "Bontang", "Kecamatan": "Bontang Utara", "Desa_Kel": "Gunung Elai", "Tk_Ruas_Aw": "Sp. 4 Jl. Gn. Tambora", "Tk_Ruas_Ak": "Buntu", "Kd_Patok": null, "Km_Awal": 0.0, "Km_Akhir": 0.0, "Nm_Lintas": "-", "Kon_Baik": 0.0639767616, "Kon_Sdg": 0.0, "Kon_Rgn": 0.0, "Kon_Rusak": 0.0, "Kon_Mntp": 0.0, "Kon_T_Mntp": 0.0, "Panjang": 0.0639767616, "Lbr_Keras": 0.0, "LHRT": 0.0, "VCR": 0.0, "Tipe_Jln": 2, "MST": 0.0, "Tipe_Keras": "Aspal", "Tanah_Kri": 0.0, "Macadam": 0.0, "Aspal": 100.0, "Rigid": 0.0, "Thn_Pen_Ak": 0, "Jns_Pen": null, "Koord_X_Aw": 552856.63438545447, "Koord_Y_Aw": 16490.880103588101, "Koord_X_Ak": 552903.79512012284, "Koord_Y_Ak": 16534.1107770335 }, "geometry": { "type": "LineString", "coordinates": [ [ 117.475005350687923, 0.149193000272555, 0.0 ], [ 117.475429167460618, 0.149584098939193, 0.0 ] ] } },
{ "type": "Feature", "properties": { "Kl_Dat_Das": "Jalan non tol", "Nm_Ruas": "Jl. Jawa_GT-1_HOP_6", "Thn_Data": 2015, "Status": "Jalan Kota", "Fungsi": null, "Mendukung": null, "Ura_Dukung": null, "Kd_Bd_PU": null, "Kd_Jns_Inf": null, "Kd_Inf": "001 00 K 398", "Propinsi": "Kalimantan Timur", "Kab_Kota": "Bontang", "Kecamatan": "Bontang Utara", "Desa_Kel": "Gunung Elai", "Tk_Ruas_Aw": "Jl. Jawa_HOP_6", "Tk_Ruas_Ak": "Jl. Timor_HOP_6", "Kd_Patok": null, "Km_Awal": 0.0, "Km_Akhir": 0.0, "Nm_Lintas": "-", "Kon_Baik": 0.0485039899, "Kon_Sdg": 0.0, "Kon_Rgn": 0.0, "Kon_Rusak": 0.0, "Kon_Mntp": 0.0, "Kon_T_Mntp": 0.0, "Panjang": 0.0485039899, "Lbr_Keras": 0.0, "LHRT": 0.0, "VCR": 0.0, "Tipe_Jln": 2, "MST": 0.0, "Tipe_Keras": "Aspal", "Tanah_Kri": 0.0, "Macadam": 0.0, "Aspal": 100.0, "Rigid": 0.0, "Thn_Pen_Ak": 0, "Jns_Pen": null, "Koord_X_Aw": 551415.02868442517, "Koord_Y_Aw": 15161.7965975888, "Koord_X_Ak": 551450.74666628614, "Koord_Y_Ak": 15194.612185522899 }, "geometry": { "type": "LineString", "coordinates": [ [ 117.462050155972932, 0.137169036966988, 0.0 ], [ 117.462371140560876, 0.137465913894631, 0.0 ] ] } },
{ "type": "Feature", "properties": { "Kl_Dat_Das": "Jalan non tol", "Nm_Ruas": "Jl. Jawa_HOP_6", "Thn_Data": 2015, "Status": "Jalan Kota", "Fungsi": null, "Mendukung": null, "Ura_Dukung": null, "Kd_Bd_PU": null, "Kd_Jns_Inf": null, "Kd_Inf": "001 00 K 402", "Propinsi": "Kalimantan Timur", "Kab_Kota": "Bontang", "Kecamatan": "Bontang Barat", "Desa_Kel": "Gunung Telihan", "Tk_Ruas_Aw": "Jl. Bangka_HOP_6", "Tk_Ruas_Ak": "Buntu", "Kd_Patok": null, "Km_Awal": 0.0, "Km_Akhir": 0.0, "Nm_Lintas": "-", "Kon_Baik": 0.0486163379, "Kon_Sdg": 0.0, "Kon_Rgn": 0.0, "Kon_Rusak": 0.0, "Kon_Mntp": 0.0, "Kon_T_Mntp": 0.0, "Panjang": 0.0486163379, "Lbr_Keras": 0.0, "LHRT": 0.0, "VCR": 0.0, "Tipe_Jln": 2, "MST": 0.0, "Tipe_Keras": "Aspal", "Tanah_Kri": 0.0, "Macadam": 0.0, "Aspal": 100.0, "Rigid": 0.0, "Thn_Pen_Ak": 0, "Jns_Pen": null, "Koord_X_Aw": 551333.95436353236, "Koord_Y_Aw": 15236.729728901801, "Koord_X_Ak": 551340.25251649972, "Koord_Y_Ak": 15274.9084942508 }, "geometry": { "type": "LineString", "coordinates": [ [ 117.461321596270849, 0.137846972500127, 0.0 ], [ 117.461246948032596, 0.137916624273246, 0.0 ], [ 117.461226025464626, 0.137968328493043, 0.0 ], [ 117.461229830818382, 0.138023862142332, 0.0 ], [ 117.461260265977998, 0.138069820491585, 0.0 ], [ 117.461332548818348, 0.138144502362019, 0.0 ], [ 117.461378201152428, 0.138192375368344, 0.0 ] ] } },
{ "type": "Feature", "properties": { "Kl_Dat_Das": "Jalan non tol", "Nm_Ruas": "Jl. Kakap Merah 1", "Thn_Data": 2015, "Status": "Jalan Kota", "Fungsi": null, "Mendukung": null, "Ura_Dukung": null, "Kd_Bd_PU": null, "Kd_Jns_Inf": null, "Kd_Inf": "001 00 K 336", "Propinsi": "Kalimantan Timur", "Kab_Kota": "Bontang", "Kecamatan": "Bontang Selatan", "Desa_Kel": "Tanjung Laut Indah", "Tk_Ruas_Aw": "Sp. 4 Jl. Ir. H. Juanda - Jl. Kakap Putih 1", "Tk_Ruas_Ak": "Sp. 4 Jl. Haruan - Gg. Kuda Laut 2 - Gg. Sepat", "Kd_Patok": null, "Km_Awal": 0.0, "Km_Akhir": 0.0, "Nm_Lintas": "-", "Kon_Baik": 0.1237512818, "Kon_Sdg": 0.0, "Kon_Rgn": 0.0, "Kon_Rusak": 0.0, "Kon_Mntp": 0.0, "Kon_T_Mntp": 0.0, "Panjang": 0.1237512818, "Lbr_Keras": 0.0, "LHRT": 0.0, "VCR": 0.0, "Tipe_Jln": 2, "MST": 0.0, "Tipe_Keras": "Beton", "Tanah_Kri": 0.0, "Macadam": 0.0, "Aspal": 0.0, "Rigid": 100.0, "Thn_Pen_Ak": 2019, "Jns_Pen": "Peningkatan", "Koord_X_Aw": 554956.22109683324, "Koord_Y_Aw": 13230.0191368777, "Koord_X_Ak": 555043.92278791405, "Koord_Y_Ak": 13317.327745406001 }, "geometry": { "type": "LineString", "coordinates": [ [ 117.49387259817604, 0.119691654990537, 0.0 ], [ 117.494660737514479, 0.12048151938977, 0.0 ] ] } },
{ "type": "Feature", "properties": { "Kl_Dat_Das": "Jalan non tol", "Nm_Ruas": "Jl. Kakap Putih 2", "Thn_Data": 2015, "Status": "Jalan Kota", "Fungsi": "Jalan Lingkungan", "Mendukung": null, "Ura_Dukung": null, "Kd_Bd_PU": null, "Kd_Jns_Inf": null, "Kd_Inf": "001 00 K 252", "Propinsi": "Kalimantan Timur", "Kab_Kota": "Bontang", "Kecamatan": "Bontang Selatan", "Desa_Kel": "Tanjung Laut", "Tk_Ruas_Aw": "Jl. Tengiri", "Tk_Ruas_Ak": "Jl. Tongkol", "Kd_Patok": null, "Km_Awal": 0.0, "Km_Akhir": 0.0, "Nm_Lintas": "-", "Kon_Baik": 0.0405884296, "Kon_Sdg": 0.0, "Kon_Rgn": 0.0, "Kon_Rusak": 0.0, "Kon_Mntp": 0.0, "Kon_T_Mntp": 0.0, "Panjang": 0.0405884296, "Lbr_Keras": 0.0, "LHRT": 0.0, "VCR": 0.0, "Tipe_Jln": 2, "MST": 0.0, "Tipe_Keras": "Beton", "Tanah_Kri": 0.0, "Macadam": 0.0, "Aspal": 0.0, "Rigid": 100.0, "Thn_Pen_Ak": 0, "Jns_Pen": null, "Koord_X_Aw": 555000.38802035444, "Koord_Y_Aw": 13482.536318287301, "Koord_X_Ak": 554970.36445083295, "Koord_Y_Ak": 13455.2232099064 }, "geometry": { "type": "LineString", "coordinates": [ [ 117.494269542456436, 0.121976164263205, 0.0 ], [ 117.493999733210529, 0.12172906824866, 0.0 ] ] } },
{ "type": "Feature", "properties": { "Kl_Dat_Das": "Jalan non tol", "Nm_Ruas": "Jl. Kalimantan_HOP_6 (Jl. Banjar)", "Thn_Data": 2015, "Status": "Jalan Kota", "Fungsi": null, "Mendukung": null, "Ura_Dukung": null, "Kd_Bd_PU": null, "Kd_Jns_Inf": null, "Kd_Inf": "001 00 K 380", "Propinsi": "Kalimantan Timur", "Kab_Kota": "Bontang", "Kecamatan": "Bontang Barat", "Desa_Kel": "Gunung Telihan", "Tk_Ruas_Aw": "Jl. Sriwijaya_HOP_6", "Tk_Ruas_Ak": "Jl. Mataram_HOP_6", "Kd_Patok": null, "Km_Awal": 0.0, "Km_Akhir": 0.0, "Nm_Lintas": "-", "Kon_Baik": 0.263670981, "Kon_Sdg": 0.0, "Kon_Rgn": 0.0, "Kon_Rusak": 0.0, "Kon_Mntp": 0.0, "Kon_T_Mntp": 0.0, "Panjang": 0.263670981, "Lbr_Keras": 0.0, "LHRT": 0.0, "VCR": 0.0, "Tipe_Jln": 2, "MST": 0.0, "Tipe_Keras": "Aspal", "Tanah_Kri": 0.0, "Macadam": 0.0, "Aspal": 100.0, "Rigid": 0.0, "Thn_Pen_Ak": 0, "Jns_Pen": null, "Koord_X_Aw": 551754.51029217709, "Koord_Y_Aw": 15205.2247623727, "Koord_X_Ak": 551574.35479192901, "Koord_Y_Ak": 15014.455951968201 }, "geometry": { "type": "LineString", "coordinates": [ [ 117.465100907224638, 0.137561872649457, 0.0 ], [ 117.465084267179435, 0.137562369541316, 0.0 ], [ 117.465067784084596, 0.137560020952215, 0.0 ], [ 117.465051934551795, 0.137554894791947, 0.0 ], [ 117.464765565265893, 0.13723697453203, 0.0 ], [ 117.463807086604888, 0.136186577504884, 0.0 ], [ 117.463481911018377, 0.135836016037871, 0.0 ] ] } },
{ "type": "Feature", "properties": { "Kl_Dat_Das": "Jalan non tol", "Nm_Ruas": "Jl. Kamboja", "Thn_Data": 2015, "Status": "Jalan Kota", "Fungsi": null, "Mendukung": null, "Ura_Dukung": null, "Kd_Bd_PU": null, "Kd_Jns_Inf": null, "Kd_Inf": "001 00 K 115", "Propinsi": "Kalimantan Timur", "Kab_Kota": "Bontang", "Kecamatan": "Bontang Selatan", "Desa_Kel": "Satimpo", "Tk_Ruas_Aw": "Jl. HM. Ardans", "Tk_Ruas_Ak": "Buntu", "Kd_Patok": null, "Km_Awal": 0.0, "Km_Akhir": 0.0, "Nm_Lintas": "-", "Kon_Baik": 0.4427646508, "Kon_Sdg": 0.0, "Kon_Rgn": 0.0, "Kon_Rusak": 0.0, "Kon_Mntp": 0.0, "Kon_T_Mntp": 0.0, "Panjang": 0.4427646508, "Lbr_Keras": 0.0, "LHRT": 0.0, "VCR": 0.0, "Tipe_Jln": 2, "MST": 0.0, "Tipe_Keras": "Beton", "Tanah_Kri": 0.0, "Macadam": 0.0, "Aspal": 0.0, "Rigid": 100.0, "Thn_Pen_Ak": 0, "Jns_Pen": null, "Koord_X_Aw": 117.4756799319, "Koord_Y_Aw": 0.1270322384, "Koord_X_Ak": 117.47543461950001, "Koord_Y_Ak": 0.1230996763 }, "geometry": { "type": "LineString", "coordinates": [ [ 117.475679931931992, 0.127032238360974, 0.0 ], [ 117.475506259408064, 0.12603324588596, 0.0 ], [ 117.475411127638836, 0.125463383470217, 0.0 ], [ 117.475324919098426, 0.124946973093304, 0.0 ], [ 117.475289313975523, 0.12472595422649, 0.0 ], [ 117.475260610394045, 0.124567581785454, 0.0 ], [ 117.475238698924827, 0.124408113101478, 0.0 ], [ 117.475223620114178, 0.124247843265775, 0.0 ], [ 117.475216879708313, 0.12412512754077, 0.0 ], [ 117.475216263024379, 0.124046825234614, 0.0 ], [ 117.475215911792816, 0.124002228204111, 0.0 ], [ 117.475220718533919, 0.123879420307928, 0.0 ], [ 117.475231289173834, 0.123756978699935, 0.0 ], [ 117.475239549635575, 0.123695293808323, 0.0 ], [ 117.475284833025441, 0.123483866267202, 0.0 ], [ 117.475345460525887, 0.123307928949393, 0.0 ], [ 117.475434619514147, 0.123099676305615, 0.0 ] ] } },
{ "type": "Feature", "properties": { "Kl_Dat_Das": "Jalan non tol", "Nm_Ruas": "Jl. Kapal Layar 1", "Thn_Data": 2015, "Status": "Jalan Kota", "Fungsi": null, "Mendukung": null, "Ura_Dukung": null, "Kd_Bd_PU": null, "Kd_Jns_Inf": null, "Kd_Inf": "001 00 K 066", "Propinsi": "Kalimantan Timur", "Kab_Kota": "Bontang", "Kecamatan": "Bontang Utara", "Desa_Kel": "Loktuan", "Tk_Ruas_Aw": "Jl. Dr. Cipto Mangunkusumo", "Tk_Ruas_Ak": "Jl. Kapal Layar", "Kd_Patok": null, "Km_Awal": 0.0, "Km_Akhir": 0.0, "Nm_Lintas": "-", "Kon_Baik": 0.3878476713, "Kon_Sdg": 0.0, "Kon_Rgn": 0.0, "Kon_Rusak": 0.0, "Kon_Mntp": 0.0, "Kon_T_Mntp": 0.0, "Panjang": 0.3878476713, "Lbr_Keras": 6.0, "LHRT": 0.0, "VCR": 0.0, "Tipe_Jln": 2, "MST": 0.0, "Tipe_Keras": "Beton", "Tanah_Kri": 0.0, "Macadam": 0.0, "Aspal": 0.0, "Rigid": 100.0, "Thn_Pen_Ak": 0, "Jns_Pen": null, "Koord_X_Aw": 117.46731221410001, "Koord_Y_Aw": 0.16733035, "Koord_X_Ak": 117.470019678, "Koord_Y_Ak": 0.1656524859 }, "geometry": { "type": "LineString", "coordinates": [ [ 117.470019678042391, 0.165652485906453, 0.0 ], [ 117.469822679660652, 0.166193222781029, 0.0 ], [ 117.469713133576661, 0.166428189972911, 0.0 ], [ 117.469705442612735, 0.166443641801581, 0.0 ], [ 117.469695596998875, 0.166457800301782, 0.0 ], [ 117.469683806955928, 0.166470363165075, 0.0 ], [ 117.469670324221639, 0.166481062152647, 0.0 ], [ 117.469655436675708, 0.166489668822559, 0.0 ], [ 117.469639462192958, 0.166495999407589, 0.0 ], [ 117.469299968973431, 0.166658534036401, 0.0 ], [ 117.469229089657929, 0.166687363957888, 0.0 ], [ 117.469160728663738, 0.166721810375136, 0.0 ], [ 117.469095324261318, 0.166761652448195, 0.0 ], [ 117.469033295766081, 0.166806634745081, 0.0 ], [ 117.46897504085014, 0.166856468879058, 0.0 ], [ 117.468943628391742, 0.166892811122997, 0.0 ], [ 117.468908693651343, 0.166925733860554, 0.0 ], [ 117.468870601914006, 0.166954892844375, 0.0 ], [ 117.468829751474999, 0.166979983181964, 0.0 ], [ 117.468786569475213, 0.167000742523103, 0.0 ], [ 117.468410796617718, 0.167165961865298, 0.0 ], [ 117.468047151095362, 0.167313919585348, 0.0 ], [ 117.467938120968967, 0.167257331607595, 0.0 ], [ 117.467312214092203, 0.167330349979575, 0.0 ] ] } },
{ "type": "Feature", "properties": { "Kl_Dat_Das": "Jalan non tol", "Nm_Ruas": "Jl. Kapal Layar 3", "Thn_Data": 2015, "Status": "Jalan Kota", "Fungsi": null, "Mendukung": null, "Ura_Dukung": null, "Kd_Bd_PU": null, "Kd_Jns_Inf": null, "Kd_Inf": "001 00 K 241", "Propinsi": "Kalimantan Timur", "Kab_Kota": "Bontang", "Kecamatan": "Bontang Utara", "Desa_Kel": "Lok Tuan", "Tk_Ruas_Aw": "Jl. Kapal Layar", "Tk_Ruas_Ak": "Jl. Kapal Layar 2", "Kd_Patok": null, "Km_Awal": 0.0, "Km_Akhir": 0.0, "Nm_Lintas": "-", "Kon_Baik": 0.2182716119, "Kon_Sdg": 0.0, "Kon_Rgn": 0.0, "Kon_Rusak": 0.0, "Kon_Mntp": 0.0, "Kon_T_Mntp": 0.0, "Panjang": 0.2182716119, "Lbr_Keras": 0.0, "LHRT": 0.0, "VCR": 0.0, "Tipe_Jln": 2, "MST": 0.0, "Tipe_Keras": "Beton", "Tanah_Kri": 0.0, "Macadam": 0.0, "Aspal": 0.0, "Rigid": 100.0, "Thn_Pen_Ak": 0, "Jns_Pen": null, "Koord_X_Aw": 552753.60347482841, "Koord_Y_Aw": 18655.021780571002, "Koord_X_Ak": 552541.92341586668, "Koord_Y_Ak": 18645.458958212301 }, "geometry": { "type": "LineString", "coordinates": [ [ 117.474079913277649, 0.168772012737092, 0.0 ], [ 117.473597797481844, 0.168927830749664, 0.0 ], [ 117.473508633295481, 0.168873974896401, 0.0 ], [ 117.473422441566825, 0.168835079535512, 0.0 ], [ 117.473330306151709, 0.168817129113078, 0.0 ], [ 117.473154952257914, 0.168808157068787, 0.0 ], [ 117.472970681203577, 0.168763279877468, 0.0 ], [ 117.472798298819868, 0.168730370845943, 0.0 ], [ 117.472177653040603, 0.168685544431773, 0.0 ] ] } },
{ "type": "Feature", "properties": { "Kl_Dat_Das": "Jalan non tol", "Nm_Ruas": "Jl. Kapal Layar 7 (Jl. Kapal Layar 3)", "Thn_Data": 2015, "Status": "Jalan Kota", "Fungsi": "Jalan Lingkungan", "Mendukung": null, "Ura_Dukung": null, "Kd_Bd_PU": null, "Kd_Jns_Inf": null, "Kd_Inf": "001 00 K 067", "Propinsi": "Kalimantan Timur", "Kab_Kota": "Bontang", "Kecamatan": "Bontang Utara", "Desa_Kel": "Loktuan", "Tk_Ruas_Aw": "Jl. Kapal Layar 2", "Tk_Ruas_Ak": "Buntu", "Kd_Patok": null, "Km_Awal": 0.0, "Km_Akhir": 0.0, "Nm_Lintas": "-", "Kon_Baik": 0.0769481873, "Kon_Sdg": 0.0, "Kon_Rgn": 0.0, "Kon_Rusak": 0.0, "Kon_Mntp": 0.0, "Kon_T_Mntp": 0.0, "Panjang": 0.0769481873, "Lbr_Keras": 4.0, "LHRT": 0.0, "VCR": 0.0, "Tipe_Jln": 2, "MST": 0.0, "Tipe_Keras": "Beton", "Tanah_Kri": 0.0, "Macadam": 0.0, "Aspal": 0.0, "Rigid": 100.0, "Thn_Pen_Ak": 0, "Jns_Pen": null, "Koord_X_Aw": 117.47217372830001, "Koord_Y_Aw": 0.16901812, "Koord_X_Ak": 117.4714834546, "Koord_Y_Ak": 0.1689780733 }, "geometry": { "type": "LineString", "coordinates": [ [ 117.471483454624391, 0.168978073338723, 0.0 ], [ 117.471745990601818, 0.168988990808001, 0.0 ], [ 117.472008274247401, 0.169004909490338, 0.0 ], [ 117.472173728318694, 0.16901812004782, 0.0 ] ] } },
{ "type": "Feature", "properties": { "Kl_Dat_Das": "Jalan non tol", "Nm_Ruas": "Jl. Kapal Pesiar", "Thn_Data": 2015, "Status": "Jalan Kota", "Fungsi": "Jalan Lingkungan", "Mendukung": null, "Ura_Dukung": null, "Kd_Bd_PU": null, "Kd_Jns_Inf": null, "Kd_Inf": "001 00 K 232", "Propinsi": "Kalimantan Timur", "Kab_Kota": "Bontang", "Kecamatan": "Bontang Utara", "Desa_Kel": "Lok Tuan", "Tk_Ruas_Aw": "Jl. Brigjen. Slamet Riyadi", "Tk_Ruas_Ak": "Jl.Pupuk Raya", "Kd_Patok": null, "Km_Awal": 0.0, "Km_Akhir": 0.0, "Nm_Lintas": "-", "Kon_Baik": 0.4433584777, "Kon_Sdg": 0.0, "Kon_Rgn": 0.0, "Kon_Rusak": 0.0, "Kon_Mntp": 0.0, "Kon_T_Mntp": 0.0, "Panjang": 0.4433584777, "Lbr_Keras": 0.0, "LHRT": 0.0, "VCR": 0.0, "Tipe_Jln": 2, "MST": 0.0, "Tipe_Keras": "Beton", "Tanah_Kri": 0.0, "Macadam": 0.0, "Aspal": 0.0, "Rigid": 100.0, "Thn_Pen_Ak": 0, "Jns_Pen": null, "Koord_X_Aw": 552255.43337026518, "Koord_Y_Aw": 18809.3242938761, "Koord_X_Ak": 552048.50001772586, "Koord_Y_Ak": 19041.7191238534 }, "geometry": { "type": "LineString", "coordinates": [ [ 117.469603151472597, 0.170168097981742, 0.000000000000227 ], [ 117.469588822788197, 0.170521612244391, 0.000000000000227 ], [ 117.46958912312131, 0.170545012994539, 0.000000000000227 ], [ 117.469586036309124, 0.170568208453744, 0.000000000000227 ], [ 117.469579628123938, 0.1705907043798, 0.000000000000227 ], [ 117.469570035110124, 0.170612021435271, 0.000000000000227 ], [ 117.469557461672963, 0.170631705402062, 0.000000000000227 ], [ 117.469556040227758, 0.170633783106336, 0.000000000000227 ], [ 117.469546618266023, 0.170647555041505, 0.000000000000227 ], [ 117.469538282344047, 0.170664874191014, 0.000000000000227 ], [ 117.469532645930613, 0.170683263893074, 0.000000000000227 ], [ 117.469529838863423, 0.17070230053021, 0.000000000000227 ], [ 117.469529925805318, 0.170721545581796, 0.000000000000227 ], [ 117.46953864827799, 0.170836918626459, 0.000000000000227 ], [ 117.469540026672476, 0.170855150789748, 0.000000000000227 ], [ 117.469543253788061, 0.170897836169628, 0.000000000000227 ], [ 117.469543694783283, 0.170902876579481, 0.000000000000227 ], [ 117.469553236395214, 0.171011933597308, 0.000000000000227 ], [ 117.469556719037655, 0.171051738878707, 0.000000000000227 ], [ 117.469563646342422, 0.171130915335546, 0.000000000000227 ], [ 117.469572484349229, 0.171261116466501, 0.0 ], [ 117.469619923663728, 0.171559849448726, 0.0 ], [ 117.469380969590276, 0.171667571496808, 0.0 ], [ 117.46937741991421, 0.172356954915548, 0.0 ], [ 117.46899936863349, 0.172342602137813, 0.0 ], [ 117.468186201099599, 0.172288764195279, 0.0 ], [ 117.467743599113078, 0.172270621669772, 0.0 ] ] } },
{ "type": "Feature", "properties": { "Kl_Dat_Das": "Jalan non tol", "Nm_Ruas": "Jl. Kapal Pesiar 2 (Gg. Jati Mas)", "Thn_Data": 2015, "Status": "Jalan Kota", "Fungsi": "Jalan Lingkungan", "Mendukung": null, "Ura_Dukung": null, "Kd_Bd_PU": null, "Kd_Jns_Inf": null, "Kd_Inf": "001 00 K 319", "Propinsi": "Kalimantan Timur", "Kab_Kota": "Bontang", "Kecamatan": "Bontang Utara", "Desa_Kel": "Lok Tuan", "Tk_Ruas_Aw": "Jl. Kapal Pesiar", "Tk_Ruas_Ak": "Gg. Kapal Pesiar 1", "Kd_Patok": null, "Km_Awal": 0.0, "Km_Akhir": 0.0, "Nm_Lintas": "-", "Kon_Baik": 0.1223619283, "Kon_Sdg": 0.0, "Kon_Rgn": 0.0, "Kon_Rusak": 0.0, "Kon_Mntp": 0.0, "Kon_T_Mntp": 0.0, "Panjang": 0.1223619283, "Lbr_Keras": 0.0, "LHRT": 0.0, "VCR": 0.0, "Tipe_Jln": 2, "MST": 0.0, "Tipe_Keras": "Beton", "Tanah_Kri": 0.0, "Macadam": 0.0, "Aspal": 0.0, "Rigid": 100.0, "Thn_Pen_Ak": 0, "Jns_Pen": null, "Koord_X_Aw": 552126.07420381624, "Koord_Y_Aw": 18886.517081594098, "Koord_X_Ak": 552248.25376554299, "Koord_Y_Ak": 18883.251401508202 }, "geometry": { "type": "LineString", "coordinates": [ [ 117.468440684300859, 0.170866490240036, 0.000000000000227 ], [ 117.468762044466985, 0.170847521178702, 0.000000000000227 ], [ 117.468930847421234, 0.170833352230075, 0.000000000000227 ], [ 117.469100064848476, 0.170825686467976, 0.000000000000227 ], [ 117.469269449642525, 0.17082453508636, 0.000000000000227 ], [ 117.469438754453918, 0.170829899766274, 0.000000000000227 ], [ 117.46953864827799, 0.170836918626459, 0.000000000000227 ] ] } },
{ "type": "Feature", "properties": { "Kl_Dat_Das": "Jalan non tol", "Nm_Ruas": "Jl. Kapal Pinisi 1", "Thn_Data": 2015, "Status": "Jalan Kota", "Fungsi": null, "Mendukung": null, "Ura_Dukung": null, "Kd_Bd_PU": null, "Kd_Jns_Inf": null, "Kd_Inf": "001 00 K 320", "Propinsi": "Kalimantan Timur", "Kab_Kota": "Bontang", "Kecamatan": "Bontang Utara", "Desa_Kel": "Lok Tuan", "Tk_Ruas_Aw": "Jl. Brigjen. Slamet Riyadi", "Tk_Ruas_Ak": "Sp. 4 Jl. Kapal Pinisi 3 - Jl. Kapal Pinisi 4", "Kd_Patok": null, "Km_Awal": 0.0, "Km_Akhir": 0.0, "Nm_Lintas": "-", "Kon_Baik": 0.6445992206, "Kon_Sdg": 0.0, "Kon_Rgn": 0.0, "Kon_Rusak": 0.0, "Kon_Mntp": 0.0, "Kon_T_Mntp": 0.0, "Panjang": 0.6445992206, "Lbr_Keras": 0.0, "LHRT": 0.0, "VCR": 0.0, "Tipe_Jln": 2, "MST": 0.0, "Tipe_Keras": "Beton", "Tanah_Kri": 0.0, "Macadam": 0.0, "Aspal": 0.0, "Rigid": 100.0, "Thn_Pen_Ak": 0, "Jns_Pen": null, "Koord_X_Aw": 552916.5746574169, "Koord_Y_Aw": 19014.8884696532, "Koord_X_Ak": 552544.32823607419, "Koord_Y_Ak": 18858.987651184201 }, "geometry": { "type": "LineString", "coordinates": [ [ 117.475544529662443, 0.172027690383977, 0.0 ], [ 117.47526862171614, 0.172059833284367, 0.0 ], [ 117.474979735681885, 0.172128060697026, 0.0 ], [ 117.474837076050505, 0.172167560162177, 0.0 ], [ 117.474176852116955, 0.172256508718962, 0.0 ], [ 117.473959718831722, 0.172393785893748, 0.0 ], [ 117.473802794888897, 0.17250509643765, 0.0 ], [ 117.473731466169966, 0.172569727871949, 0.0 ], [ 117.473663704854857, 0.172670264577444, 0.0 ], [ 117.473610209870529, 0.172781572534581, 0.0 ], [ 117.473588812374999, 0.172846202719406, 0.0 ], [ 117.473446610063277, 0.172871559462812, 0.0 ], [ 117.473292062215805, 0.172919437156642, 0.0 ], [ 117.473051324590998, 0.173009206604143, 0.0 ], [ 117.473012683997794, 0.172874562462988, 0.0 ], [ 117.472994848012064, 0.172736925685308, 0.0 ], [ 117.472988901377832, 0.172638186085889, 0.0 ], [ 117.472985926768104, 0.172536454298307, 0.0 ], [ 117.473012671799637, 0.17238086372285, 0.0 ], [ 117.473033473156804, 0.172246218092011, 0.0 ], [ 117.473009695644464, 0.172216297550335, 0.0 ], [ 117.47289378305581, 0.172183387195773, 0.0 ], [ 117.472682208540462, 0.17214920259161, 0.0 ], [ 117.472520525850712, 0.172124312238938, 0.0 ], [ 117.472353136542822, 0.172091762214449, 0.0 ], [ 117.472261831224046, 0.171990271986692, 0.0 ], [ 117.472223392269115, 0.171923445507825, 0.0 ], [ 117.47221958728025, 0.171580408546493, 0.0 ], [ 117.472211966432639, 0.171170488090602, 0.0 ], [ 117.4721995882947, 0.170629470287928, 0.0 ], [ 117.472199310733515, 0.170617338753266, 0.0 ] ] } },
{ "type": "Feature", "properties": { "Kl_Dat_Das": "Jalan non tol", "Nm_Ruas": "Jl. Kapal Pinisi 6", "Thn_Data": 2015, "Status": "Jalan Kota", "Fungsi": "Jalan Lingkungan", "Mendukung": null, "Ura_Dukung": null, "Kd_Bd_PU": null, "Kd_Jns_Inf": null, "Kd_Inf": "001 00 K 058", "Propinsi": "Kalimantan Timur", "Kab_Kota": "Bontang", "Kecamatan": "Bontang Utara", "Desa_Kel": "Guntung", "Tk_Ruas_Aw": "Jl. Kapal Pinisi 7", "Tk_Ruas_Ak": "Jl. Kapal Pinisi 4", "Kd_Patok": null, "Km_Awal": 0.0, "Km_Akhir": 0.0, "Nm_Lintas": "-", "Kon_Baik": 0.3947953774, "Kon_Sdg": 0.0, "Kon_Rgn": 0.0, "Kon_Rusak": 0.0, "Kon_Mntp": 0.0, "Kon_T_Mntp": 0.0, "Panjang": 0.3947953774, "Lbr_Keras": 0.0, "LHRT": 0.0, "VCR": 0.0, "Tipe_Jln": 2, "MST": 0.0, "Tipe_Keras": "Beton", "Tanah_Kri": 0.0, "Macadam": 0.0, "Aspal": 0.0, "Rigid": 100.0, "Thn_Pen_Ak": 0, "Jns_Pen": null, "Koord_X_Aw": 117.47929875289999, "Koord_Y_Aw": 0.1728293998, "Koord_X_Ak": 117.4758181399, "Koord_Y_Ak": 0.1735178173 }, "geometry": { "type": "LineString", "coordinates": [ [ 117.475818139870839, 0.173517817273561, 0.0 ], [ 117.475836373530342, 0.173515312626536, 0.0 ], [ 117.476216919437519, 0.173433691923557, 0.0 ], [ 117.476544117141984, 0.173363513510785, 0.0 ], [ 117.477372334848482, 0.173184479175674, 0.0 ], [ 117.478038483862079, 0.173048890554528, 0.0 ], [ 117.478863407493208, 0.172898411640878, 0.0 ], [ 117.479298752905521, 0.172829399822579, 0.0 ] ] } },
{ "type": "Feature", "properties": { "Kl_Dat_Das": "Jalan non tol", "Nm_Ruas": "Jl. Kapal Pinisi_L-1", "Thn_Data": 2015, "Status": "Jalan Kota", "Fungsi": null, "Mendukung": null, "Ura_Dukung": null, "Kd_Bd_PU": null, "Kd_Jns_Inf": null, "Kd_Inf": "001 00 K 051", "Propinsi": "Kalimantan Timur", "Kab_Kota": "Bontang", "Kecamatan": "Bontang Utara", "Desa_Kel": "Loktuan", "Tk_Ruas_Aw": "Jl. Kapal Pinisi 5", "Tk_Ruas_Ak": "Buntu", "Kd_Patok": null, "Km_Awal": 0.0, "Km_Akhir": 0.0, "Nm_Lintas": "-", "Kon_Baik": 0.0283846704, "Kon_Sdg": 0.0, "Kon_Rgn": 0.0, "Kon_Rusak": 0.0, "Kon_Mntp": 0.0, "Kon_T_Mntp": 0.0, "Panjang": 0.0283846704, "Lbr_Keras": 0.0, "LHRT": 0.0, "VCR": 0.0, "Tipe_Jln": 2, "MST": 0.0, "Tipe_Keras": "Beton", "Tanah_Kri": 0.0, "Macadam": 0.0, "Aspal": 0.0, "Rigid": 100.0, "Thn_Pen_Ak": 0, "Jns_Pen": null, "Koord_X_Aw": 117.47635722370001, "Koord_Y_Aw": 0.1710133468, "Koord_X_Ak": 117.4761022847, "Koord_Y_Ak": 0.1710218288 }, "geometry": { "type": "LineString", "coordinates": [ [ 117.476357223687415, 0.171013346819582, 0.0 ], [ 117.476102284741444, 0.171021828752999, 0.0 ] ] } },
{ "type": "Feature", "properties": { "Kl_Dat_Das": "Jalan non tol", "Nm_Ruas": "Jl. Karimata KCY", "Thn_Data": 2015, "Status": "Jalan Kota", "Fungsi": null, "Mendukung": null, "Ura_Dukung": null, "Kd_Bd_PU": null, "Kd_Jns_Inf": null, "Kd_Inf": "001 00 K 179", "Propinsi": "Kalimantan Timur", "Kab_Kota": "Bontang", "Kecamatan": "Bontang Utara", "Desa_Kel": "Api-api", "Tk_Ruas_Aw": "Jl. Jawa KCY", "Tk_Ruas_Ak": "Jl. Karimun KCY", "Kd_Patok": null, "Km_Awal": 0.0, "Km_Akhir": 0.0, "Nm_Lintas": "-", "Kon_Baik": 0.0911957591, "Kon_Sdg": 0.0, "Kon_Rgn": 0.0, "Kon_Rusak": 0.0, "Kon_Mntp": 0.0, "Kon_T_Mntp": 0.0, "Panjang": 0.0911957591, "Lbr_Keras": 4.0, "LHRT": 0.0, "VCR": 0.0, "Tipe_Jln": 2, "MST": 0.0, "Tipe_Keras": "Beton", "Tanah_Kri": 0.0, "Macadam": 0.0, "Aspal": 0.0, "Rigid": 100.0, "Thn_Pen_Ak": 2013, "Jns_Pen": "Peningkatan", "Koord_X_Aw": 554342.92665596865, "Koord_Y_Aw": 14034.552888779001, "Koord_X_Ak": 554307.77588636801, "Koord_Y_Ak": 13950.405170461199 }, "geometry": { "type": "LineString", "coordinates": [ [ 117.488361400412089, 0.126970357052281, 0.0 ], [ 117.4882315618528, 0.126663233539516, 0.0 ], [ 117.488045505862388, 0.126209080095026, 0.0 ] ] } },
{ "type": "Feature", "properties": { "Kl_Dat_Das": "Jalan non tol", "Nm_Ruas": "Jl. Karimun KCY", "Thn_Data": 2015, "Status": "Jalan Kota", "Fungsi": null, "Mendukung": null, "Ura_Dukung": null, "Kd_Bd_PU": null, "Kd_Jns_Inf": null, "Kd_Inf": "001 00 K 180", "Propinsi": "Kalimantan Timur", "Kab_Kota": "Bontang", "Kecamatan": "Bontang Utara", "Desa_Kel": "Api-api", "Tk_Ruas_Aw": "Jl. Karimata KCY", "Tk_Ruas_Ak": "Jl. Jawa KCY", "Kd_Patok": null, "Km_Awal": 0.0, "Km_Akhir": 0.0, "Nm_Lintas": "-", "Kon_Baik": 0.0732862449, "Kon_Sdg": 0.0, "Kon_Rgn": 0.0, "Kon_Rusak": 0.0, "Kon_Mntp": 0.0, "Kon_T_Mntp": 0.0, "Panjang": 0.0732862449, "Lbr_Keras": 0.0, "LHRT": 0.0, "VCR": 0.0, "Tipe_Jln": 2, "MST": 0.0, "Tipe_Keras": "Beton", "Tanah_Kri": 0.0, "Macadam": 0.0, "Aspal": 0.0, "Rigid": 100.0, "Thn_Pen_Ak": 0, "Jns_Pen": null, "Koord_X_Aw": 554307.77588636801, "Koord_Y_Aw": 13950.405170461199, "Koord_X_Ak": 554375.59201158211, "Koord_Y_Ak": 13922.6230386514 }, "geometry": { "type": "LineString", "coordinates": [ [ 117.488045505862388, 0.126209080095026, 0.0 ], [ 117.488654926755459, 0.125957724129374, 0.0 ] ] } },
{ "type": "Feature", "properties": { "Kl_Dat_Das": "Jalan non tol", "Nm_Ruas": "Jl. Karya Bakti 1", "Thn_Data": 2015, "Status": "Jalan Kota", "Fungsi": null, "Mendukung": null, "Ura_Dukung": null, "Kd_Bd_PU": null, "Kd_Jns_Inf": null, "Kd_Inf": "001 00 K 360", "Propinsi": "Kalimantan Timur", "Kab_Kota": "Bontang", "Kecamatan": "Bontang Selatan", "Desa_Kel": "Bontang Lestari", "Tk_Ruas_Aw": "Jl. Karya Bakti", "Tk_Ruas_Ak": "Jl. Moh. Roem", "Kd_Patok": null, "Km_Awal": 0.0, "Km_Akhir": 0.0, "Nm_Lintas": "-", "Kon_Baik": 0.1583800916, "Kon_Sdg": 0.0, "Kon_Rgn": 0.0, "Kon_Rusak": 0.0, "Kon_Mntp": 0.0, "Kon_T_Mntp": 0.0, "Panjang": 0.1607109504, "Lbr_Keras": 0.0, "LHRT": 0.0, "VCR": 0.0, "Tipe_Jln": 2, "MST": 0.0, "Tipe_Keras": "Beton", "Tanah_Kri": 0.0, "Macadam": 0.0, "Aspal": 0.0, "Rigid": 100.0, "Thn_Pen_Ak": 0, "Jns_Pen": null, "Koord_X_Aw": 550717.24081516266, "Koord_Y_Aw": 8328.7749719768999, "Koord_X_Ak": 550615.69018849544, "Koord_Y_Ak": 8373.0530055406998 }, "geometry": { "type": "LineString", "coordinates": [ [ 117.455778591290738, 0.075350639236896, 0.0 ], [ 117.455623924162296, 0.075240498513288, 0.0 ], [ 117.455478884911173, 0.075135177369294, 0.0 ], [ 117.455352866884567, 0.075013100141823, 0.0 ], [ 117.454854650487789, 0.075768949909458, 0.0 ] ] } },
{ "type": "Feature", "properties": { "Kl_Dat_Das": "Jalan non tol", "Nm_Ruas": "Jl. Moh. Roem", "Thn_Data": 2015, "Status": "Jalan Kota", "Fungsi": null, "Mendukung": null, "Ura_Dukung": null, "Kd_Bd_PU": null, "Kd_Jns_Inf": null, "Kd_Inf": "001 00 K 032", "Propinsi": "Kalimantan Timur", "Kab_Kota": "Bontang", "Kecamatan": "Bontang Selatan", "Desa_Kel": "Bontang Lestari", "Tk_Ruas_Aw": "Jl. Ir. Soekarno Hatta", "Tk_Ruas_Ak": "Sp3. Jl. Moh. Roem", "Kd_Patok": null, "Km_Awal": 0.0, "Km_Akhir": 0.0, "Nm_Lintas": "-", "Kon_Baik": 4.23, "Kon_Sdg": 0.0, "Kon_Rgn": 1.0, "Kon_Rusak": 0.0, "Kon_Mntp": 0.0, "Kon_T_Mntp": 0.0, "Panjang": 5.2641186116999998, "Lbr_Keras": 14.0, "LHRT": 266.0, "VCR": 0.0, "Tipe_Jln": 4, "MST": 0.0, "Tipe_Keras": "Aspal", "Tanah_Kri": 0.0, "Macadam": 0.0, "Aspal": 100.0, "Rigid": 0.0, "Thn_Pen_Ak": 2019, "Jns_Pen": "Rehabilitasi / Pemeliharaan & Peningkatan", "Koord_X_Aw": 117.4546930937, "Koord_Y_Aw": 0.076292958, "Koord_X_Ak": 117.4448651613, "Koord_Y_Ak": 0.0495770379 }, "geometry": { "type": "MultiLineString", "coordinates": [ [ [ 117.454693093679907, 0.076292957996585, 0.0 ], [ 117.454739469034934, 0.076222948866682, 0.0 ], [ 117.454763245145656, 0.076161909334033, 0.0 ], [ 117.454778628198255, 0.076113708087078, 0.0 ], [ 117.454783383037082, 0.07606487661277, 0.0 ], [ 117.454784333525993, 0.07600934282662, 0.0 ], [ 117.454781479925472, 0.075972001179856, 0.0 ], [ 117.454770066534891, 0.075919339961285, 0.0 ], [ 117.454754848984606, 0.075878168529618, 0.0 ], [ 117.454739631484514, 0.075841784492304, 0.0 ], [ 117.454712076627018, 0.075786598093191, 0.0 ], [ 117.454649661690013, 0.075693842982798, 0.0 ], [ 117.454471334346152, 0.075529278171701, 0.0 ], [ 117.45429003534305, 0.075406603087539, 0.0 ], [ 117.454025517333633, 0.075248023406407, 0.0 ], [ 117.453793692540756, 0.075107396102111, 0.0 ], [ 117.453552951646586, 0.074984721612895, 0.0 ], [ 117.453216933671769, 0.074824524126494, 0.0 ], [ 117.452444228230789, 0.074448742467254, 0.0 ], [ 117.451077102187611, 0.073792904422512, 0.0 ], [ 117.449744584870018, 0.073147280956756, 0.0 ], [ 117.448692334588515, 0.072699751578137, 0.0 ], [ 117.448548689789263, 0.072664481859141, 0.0 ], [ 117.448403677720123, 0.07263543112709, 0.0 ], [ 117.448257563907205, 0.072612652576106, 0.0 ], [ 117.448110615893938, 0.072596187915513, 0.0 ], [ 117.447963102751316, 0.072586067293468, 0.0 ], [ 117.447791798099018, 0.072598573940888, 0.0 ], [ 117.447621134454565, 0.072618031234039, 0.0 ], [ 117.447451389961572, 0.072644407462423, 0.0 ], [ 117.446639112093422, 0.07284706586066, 0.0 ], [ 117.445819330950101, 0.073078446428143, 0.0 ], [ 117.445405817516104, 0.073222002764675, 0.0 ], [ 117.44527171042337, 0.073257132472701, 0.0 ], [ 117.445136003371161, 0.073285356004975, 0.0 ], [ 117.44499904702576, 0.073306600431523, 0.0 ], [ 117.444861195281746, 0.073320810856606, 0.0 ], [ 117.444427754092615, 0.073332869392807, 0.0 ], [ 117.443772271250992, 0.073323277396222, 0.0 ], [ 117.443193764497408, 0.073311348636206, 0.0 ], [ 117.443097496655625, 0.073311875893676, 0.0 ], [ 117.443001353778115, 0.073306911233411, 0.0 ], [ 117.442905644740861, 0.073296470605082, 0.0 ], [ 117.442810677026159, 0.073280587550935, 0.0 ], [ 117.442716755734651, 0.073259313097767, 0.0 ], [ 117.442621694586208, 0.073235867854968, 0.0 ], [ 117.442528365353084, 0.07320619685926, 0.0 ], [ 117.442437169865755, 0.073170427859371, 0.0 ], [ 117.442348500767849, 0.073128714859031, 0.0 ], [ 117.442262739825509, 0.073081237453999, 0.0 ], [ 117.442180256283976, 0.073028200058678, 0.0 ], [ 117.442101405277413, 0.072969831026263, 0.0 ], [ 117.442026526300239, 0.072906381665414, 0.0 ], [ 117.441955941745107, 0.072838125158085, 0.0 ], [ 117.441631921259457, 0.07241769298992, 0.0 ], [ 117.441565210482693, 0.07232071960765, 0.0 ], [ 117.441502793709617, 0.072220890707457, 0.0 ], [ 117.441444791346953, 0.072118398866644, 0.0 ], [ 117.441391315285557, 0.072013441799405, 0.0 ], [ 117.441342468684738, 0.071906221975698, 0.0 ], [ 117.441232645282113, 0.071591366158316, 0.0 ], [ 117.440902630931362, 0.070730917549787, 0.0 ], [ 117.440877386630262, 0.070657710724052, 0.0 ], [ 117.440858607014391, 0.070582559617993, 0.0 ], [ 117.440846436367892, 0.070506041618874, 0.0 ], [ 117.440840968198088, 0.070428744615735, 0.0 ], [ 117.440839105339421, 0.070341873867155, 0.0 ], [ 117.440842263512351, 0.070255041066943, 0.0 ], [ 117.440850432028, 0.070168540100734, 0.0 ], [ 117.440863583239945, 0.07008266373094, 0.0 ], [ 117.440890639922316, 0.069963629616968, 0.0 ], [ 117.440921919044101, 0.069845648814177, 0.0 ], [ 117.440957380372012, 0.069728873076831, 0.0 ], [ 117.440996978293427, 0.069613452609186, 0.0 ], [ 117.441027630486857, 0.06953452865567, 0.0 ], [ 117.441064417550479, 0.069458307500916, 0.0 ], [ 117.441107106655977, 0.069385271554536, 0.0 ], [ 117.441155427620501, 0.069315883066767, 0.0 ], [ 117.441194640662545, 0.069274458499172, 0.0 ], [ 117.441238175887435, 0.069237668485514, 0.0 ], [ 117.441285495987287, 0.069205967084768, 0.0 ], [ 117.441336016941662, 0.069179745552589, 0.0 ], [ 117.441389115225405, 0.069159327512699, 0.0 ], [ 117.441444135504227, 0.069144964962617, 0.0 ], [ 117.441500398722908, 0.069136835163397, 0.0 ], [ 117.441557210485769, 0.069135038452189, 0.0 ], [ 117.441703042801961, 0.069130301116068, 0.0 ], [ 117.442389125625127, 0.069115904972461, 0.0 ], [ 117.442554764944845, 0.069114051557428, 0.0 ], [ 117.44272023253879, 0.069106237314668, 0.0 ], [ 117.442885316825738, 0.069092472236584, 0.0 ], [ 117.442947492125029, 0.069079488408217, 0.0 ], [ 117.443007860230921, 0.069059663319616, 0.0 ], [ 117.443065680868884, 0.069033240079627, 0.0 ], [ 117.443120245003186, 0.069000542708013, 0.0 ], [ 117.443170883531565, 0.068961972162334, 0.0 ], [ 117.443216975490131, 0.068918001420651, 0.0 ], [ 117.443268310869314, 0.068853949188575, 0.0 ], [ 117.443314987110838, 0.068786380607036, 0.0 ], [ 117.443356767404936, 0.068715638482577, 0.0 ], [ 117.443393439780948, 0.068642081722564, 0.0 ], [ 117.443424818183246, 0.068566083514226, 0.0 ], [ 117.443450743414942, 0.068488029431376, 0.0 ], [ 117.443478859515366, 0.068415414173015, 0.0 ], [ 117.443501918894412, 0.068341014876548, 0.0 ], [ 117.443519811083675, 0.068265187959623, 0.0 ], [ 117.44353245036875, 0.068188296679234, 0.0 ], [ 117.443530096387988, 0.068081844712799, 0.0 ], [ 117.443522439700132, 0.067975645750127, 0.0 ], [ 117.443509499594796, 0.06786996733858, 0.0 ], [ 117.44349130867198, 0.067765075714261, 0.0 ], [ 117.443453192616161, 0.067604876118313, 0.0 ], [ 117.443420366286603, 0.067443493804193, 0.0 ], [ 117.443392865681489, 0.067281105747706, 0.0 ], [ 117.443379190110278, 0.067158908577315, 0.0 ], [ 117.443372574385378, 0.067036118760405, 0.0 ], [ 117.443373040760889, 0.066913149339822, 0.0 ], [ 117.44338058766796, 0.066790413962667, 0.0 ], [ 117.443404411334512, 0.066574538361272, 0.0 ], [ 117.443427960706885, 0.066346921087672, 0.0 ], [ 117.443442071236788, 0.066039072927836, 0.0 ], [ 117.443446805301392, 0.065165484281044, 0.0 ], [ 117.443446441296373, 0.06508418166565, 0.0 ], [ 117.443449777830324, 0.065002947642254, 0.0 ], [ 117.44345680789516, 0.064921952831313, 0.0 ], [ 117.443475929528887, 0.064793373028688, 0.0 ], [ 117.443499259676585, 0.064665499299476, 0.0 ], [ 117.44352677287371, 0.06453847121527, 0.0 ], [ 117.443558439090225, 0.064412427424611, 0.0 ], [ 117.443585927433034, 0.064318774803807, 0.0 ], [ 117.443619276424172, 0.064227071775153, 0.0 ], [ 117.443658351037882, 0.064137689632049, 0.0 ], [ 117.44370299306604, 0.064050990270906, 0.0 ], [ 117.443753021758909, 0.06396732472599, 0.0 ], [ 117.443792490993431, 0.063897728507045, 0.0 ], [ 117.443837546215747, 0.063831659633618, 0.0 ], [ 117.443887878284428, 0.063769571429623, 0.0 ], [ 117.443935128130661, 0.063709569615853, 0.0 ], [ 117.443981492363363, 0.063652551260126, 0.0 ], [ 117.444024290136895, 0.063602283172248, 0.0 ], [ 117.444059051482895, 0.063566520981328, 0.0 ], [ 117.444084207044384, 0.063534780291029, 0.0 ], [ 117.444107032433692, 0.063497438361366, 0.0 ], [ 117.444151256728347, 0.063437116719585, 0.0 ], [ 117.444175508712334, 0.063398338557722, 0.0 ], [ 117.444220374507182, 0.063314961179051, 0.0 ], [ 117.444294206111167, 0.063114925646813, 0.0 ], [ 117.444416126507818, 0.062669822653825, 0.0 ], [ 117.444508258653812, 0.062328719524149, 0.0 ], [ 117.444600390738259, 0.061978640025463, 0.0 ], [ 117.444754934843871, 0.061383205702302, 0.0 ], [ 117.444802486717819, 0.061179740756937, 0.0 ], [ 117.444810139475962, 0.061132165894574, 0.0 ], [ 117.444813705549365, 0.061078307602436, 0.0 ], [ 117.444816082686103, 0.06101248081747, 0.0 ], [ 117.444816082204724, 0.060953835153971, 0.0 ], [ 117.444812515168223, 0.060890402118929, 0.0 ], [ 117.444795870827249, 0.060817394390187, 0.0 ], [ 117.444774471063354, 0.060736008748505, 0.0 ], [ 117.444741182834306, 0.060645048402371, 0.0 ], [ 117.444556829731354, 0.060173490901528, 0.0 ], [ 117.444330946073464, 0.059642091196368, 0.0 ], [ 117.444311923923237, 0.059551130723736, 0.0 ], [ 117.444297656957332, 0.059438626905551, 0.0 ], [ 117.444300033813249, 0.05933569775528, 0.0 ], [ 117.444311921438384, 0.05923994963045, 0.0 ], [ 117.444347585593846, 0.05911308320518, 0.0 ], [ 117.444392760518596, 0.05899339780667, 0.0 ], [ 117.44444744613628, 0.058871318632627, 0.0 ], [ 117.444509264996171, 0.058775570110433, 0.0 ], [ 117.444562616799089, 0.058704470314593, 0.0 ], [ 117.445019019429935, 0.058023892504723, 0.0 ], [ 117.445389407447465, 0.057487622454569, 0.0 ], [ 117.445448942100569, 0.057416085374349, 0.0 ], [ 117.445512993520822, 0.057348618380274, 0.0 ], [ 117.445581287829214, 0.057285509955765, 0.0 ], [ 117.445653533004517, 0.057227029947506, 0.0 ], [ 117.445729420131883, 0.057173428411211, 0.0 ], [ 117.445808624723796, 0.057124934542727, 0.0 ], [ 117.445963689192396, 0.057027129348714, 0.0 ], [ 117.446108070652485, 0.056925190786055, 0.0 ], [ 117.446178132371884, 0.056868752515582, 0.0 ], [ 117.446243571794753, 0.056806945762394, 0.0 ], [ 117.446303984148869, 0.056740152829301, 0.0 ], [ 117.44635899575681, 0.05666878686075, 0.0 ], [ 117.446408266347078, 0.056593289287587, 0.0 ], [ 117.446495379900952, 0.056463642756805, 0.0 ], [ 117.446747695699244, 0.056022448994766, 0.0 ], [ 117.446800974247964, 0.055931129626804, 0.0 ], [ 117.446849769976779, 0.055837305347107, 0.0 ], [ 117.446893966980682, 0.055741199017525, 0.0 ], [ 117.446933460278132, 0.055643038920583, 0.0 ], [ 117.446968156060365, 0.055543058217187, 0.0 ], [ 117.446997890169527, 0.05545204668896, 0.0 ], [ 117.447021611350849, 0.055359262704629, 0.0 ], [ 117.447039216788326, 0.055265108423413, 0.0 ], [ 117.447050630173692, 0.055169991943949, 0.0 ], [ 117.447055802037326, 0.055074325535215, 0.0 ], [ 117.447053899881993, 0.054644179461739, 0.0 ], [ 117.447057291457924, 0.054471395115397, 0.0 ], [ 117.447067488873927, 0.054298882231574, 0.0 ], [ 117.447080406713098, 0.054197731088787, 0.0 ], [ 117.447098206261131, 0.054097334015088, 0.0 ], [ 117.447120845209184, 0.053997929650083, 0.0 ], [ 117.447148269745384, 0.053899754273953, 0.0 ], [ 117.44718041468262, 0.053803041245384, 0.0 ], [ 117.447232649679734, 0.053691754364933, 0.0 ], [ 117.447290940490248, 0.053583558273241, 0.0 ], [ 117.447355107350006, 0.053478786637778, 0.0 ], [ 117.447424952373808, 0.053377762565125, 0.0 ], [ 117.447487035106874, 0.053299972729336, 0.0 ], [ 117.447553146208861, 0.053225623132311, 0.0 ], [ 117.447623097906032, 0.053154924947165, 0.0 ], [ 117.447696691516143, 0.053088078976237, 0.0 ], [ 117.447773718012982, 0.053025275080269, 0.0 ], [ 117.447889301691404, 0.052958773045116, 0.0 ], [ 117.4480079005791, 0.052897889044459, 0.0 ], [ 117.448129245448143, 0.052842761288899, 0.0 ], [ 117.448253060837104, 0.052793514922025, 0.0 ], [ 117.448332770934286, 0.052763109106804, 0.0 ], [ 117.448410946931432, 0.052728903813965, 0.0 ], [ 117.448487410257499, 0.052690977176107, 0.0 ], [ 117.448561986253367, 0.052649415826099, 0.0 ], [ 117.448645993671619, 0.052582785204442, 0.0 ], [ 117.448726272853165, 0.052511648561512, 0.0 ], [ 117.448802585627007, 0.05243621694468, 0.0 ], [ 117.448874705589645, 0.05235671414353, 0.0 ], [ 117.448942418776809, 0.05227337602591, 0.0 ], [ 117.449376516711354, 0.051644432874656, 0.0 ], [ 117.449456956840294, 0.051483304751143, 0.0 ], [ 117.449532319709519, 0.051319707619113, 0.0 ], [ 117.449618417878796, 0.051005018755529, 0.0 ], [ 117.449636237867793, 0.050926472445651, 0.0 ], [ 117.449648168270457, 0.050846803694893, 0.0 ], [ 117.449654142157925, 0.050766459440185, 0.0 ], [ 117.449654126017009, 0.050685890408014, 0.0 ], [ 117.44964984082452, 0.050626739064471, 0.0 ], [ 117.44963957944681, 0.050568337242493, 0.0 ], [ 117.449623449120438, 0.050511295270499, 0.0 ], [ 117.449601618415372, 0.050456209265664, 0.0 ], [ 117.449574315473328, 0.050403654904426, 0.0 ], [ 117.449557307710961, 0.050377756554318, 0.0 ], [ 117.449541825623811, 0.050354181406268, 0.0 ], [ 117.449504488401956, 0.050308305794103, 0.0 ], [ 117.449165822348291, 0.049875422409054, 0.0 ], [ 117.448999608626238, 0.049689075896234, 0.0 ], [ 117.448954734501399, 0.049642356191445, 0.0 ], [ 117.448905487778617, 0.049600336998737, 0.0 ], [ 117.44885235202274, 0.049563430914303, 0.0 ], [ 117.448795848985881, 0.049532000327531, 0.0 ], [ 117.448736533484251, 0.049506353862661, 0.0 ], [ 117.448674987950355, 0.049486743348462, 0.0 ], [ 117.44861181671385, 0.049473361345184, 0.0 ], [ 117.448532061822831, 0.049459258678893, 0.0 ], [ 117.448451615090477, 0.049449955327211, 0.0 ], [ 117.448394818148842, 0.049446814530942, 0.0 ], [ 117.448370761208395, 0.049445484213696, 0.0 ], [ 117.448289786309118, 0.049445861161321, 0.0 ], [ 117.448208976953467, 0.049451084836197, 0.0 ], [ 117.447316319318958, 0.049561991113581, 0.0 ], [ 117.445980695702502, 0.04974396522272, 0.0 ], [ 117.44547683069419, 0.049801611946362, 0.0 ], [ 117.445360742054419, 0.049808009810672, 0.0 ], [ 117.445244480496086, 0.04980754927584, 0.0 ], [ 117.445185075401611, 0.049797186821509, 0.0 ], [ 117.445127200401188, 0.04978017926729, 0.0 ], [ 117.445071586462291, 0.049756741420224, 0.0 ], [ 117.445018935995122, 0.049727169302725, 0.0 ], [ 117.444969913980813, 0.049691836413749, 0.0 ], [ 117.444925139572746, 0.04965118901137, 0.0 ], [ 117.444885178276735, 0.049605740476577, 0.0 ], [ 117.444865161313075, 0.049577037934141, 0.0 ] ], [ [ 117.454471334346152, 0.075529278171701, 0.0 ], [ 117.455236335100707, 0.076007601496086, 0.0 ] ] ] } },
{ "type": "Feature", "properties": { "Kl_Dat_Das": "Jalan non tol", "Nm_Ruas": "Jl. Karya Bakti_BL-1", "Thn_Data": 2015, "Status": "Jalan Kota", "Fungsi": null, "Mendukung": null, "Ura_Dukung": null, "Kd_Bd_PU": null, "Kd_Jns_Inf": null, "Kd_Inf": "001 00 K 363", "Propinsi": "Kalimantan Timur", "Kab_Kota": "Bontang", "Kecamatan": "Bontang Selatan", "Desa_Kel": "Bontang Lestari", "Tk_Ruas_Aw": "Jl. Karya Bakti", "Tk_Ruas_Ak": "Buntu", "Kd_Patok": null, "Km_Awal": 0.0, "Km_Akhir": 0.0, "Nm_Lintas": "-", "Kon_Baik": 0.1294650984, "Kon_Sdg": 0.0, "Kon_Rgn": 0.0, "Kon_Rusak": 0.0, "Kon_Mntp": 0.0, "Kon_T_Mntp": 0.0, "Panjang": 0.1294650984, "Lbr_Keras": 0.0, "LHRT": 0.0, "VCR": 0.0, "Tipe_Jln": 2, "MST": 0.0, "Tipe_Keras": "Beton", "Tanah_Kri": 0.0, "Macadam": 0.0, "Aspal": 0.0, "Rigid": 100.0, "Thn_Pen_Ak": 0, "Jns_Pen": null, "Koord_X_Aw": 551261.24307062756, "Koord_Y_Aw": 7827.4709729514998, "Koord_X_Ak": 551168.90766722523, "Koord_Y_Ak": 7736.7219509612996 }, "geometry": { "type": "LineString", "coordinates": [ [ 117.460667202821014, 0.07081528059259, 0.0 ], [ 117.459837426142101, 0.069994280649537, 0.0 ] ] } },
{ "type": "Feature", "properties": { "Kl_Dat_Das": "Jalan non tol", "Nm_Ruas": "Jl. Keladi 1", "Thn_Data": 2015, "Status": "Jalan Kota", "Fungsi": "Jalan Lingkungan", "Mendukung": null, "Ura_Dukung": null, "Kd_Bd_PU": null, "Kd_Jns_Inf": null, "Kd_Inf": "001 00 K 353", "Propinsi": "Kalimantan Timur", "Kab_Kota": "Bontang", "Kecamatan": "Bontang Utara", "Desa_Kel": "Gunung Elai", "Tk_Ruas_Aw": "Sp. 4 Jl. Keladi - Jl. Keladi 1", "Tk_Ruas_Ak": "Jl. Keladi 2", "Kd_Patok": null, "Km_Awal": 0.0, "Km_Akhir": 0.0, "Nm_Lintas": "-", "Kon_Baik": 0.0756984954, "Kon_Sdg": 0.0, "Kon_Rgn": 0.0, "Kon_Rusak": 0.0, "Kon_Mntp": 0.0, "Kon_T_Mntp": 0.0, "Panjang": 0.0756984954, "Lbr_Keras": 0.0, "LHRT": 0.0, "VCR": 0.0, "Tipe_Jln": 2, "MST": 0.0, "Tipe_Keras": "Beton", "Tanah_Kri": 0.0, "Macadam": 0.0, "Aspal": 0.0, "Rigid": 100.0, "Thn_Pen_Ak": 0, "Jns_Pen": null, "Koord_X_Aw": 554305.91582926735, "Koord_Y_Aw": 15704.8753039073, "Koord_X_Ak": 554380.24005990475, "Koord_Y_Ak": 15719.155400384199 }, "geometry": { "type": "LineString", "coordinates": [ [ 117.488029104996386, 0.142081741513285, 0.0 ], [ 117.488070651341644, 0.142086576071918, 0.0 ], [ 117.488636391497607, 0.142197841426025, 0.0 ], [ 117.488697018422343, 0.142210919073737, 0.0 ] ] } },
{ "type": "Feature", "properties": { "Kl_Dat_Das": "Jalan non tol", "Nm_Ruas": "Jl. Kerikil", "Thn_Data": 2015, "Status": "Jalan Kota", "Fungsi": null, "Mendukung": null, "Ura_Dukung": null, "Kd_Bd_PU": null, "Kd_Jns_Inf": null, "Kd_Inf": "001 00 K 331", "Propinsi": "Kalimantan Timur", "Kab_Kota": "Bontang", "Kecamatan": "Bontang Utara", "Desa_Kel": "Bontang Baru", "Tk_Ruas_Aw": "Jl. Tjoet Nyak Dien", "Tk_Ruas_Ak": "Gg. Kerikil 1", "Kd_Patok": null, "Km_Awal": 0.0, "Km_Akhir": 0.0, "Nm_Lintas": "-", "Kon_Baik": 0.3434334818, "Kon_Sdg": 0.0, "Kon_Rgn": 0.0, "Kon_Rusak": 0.0, "Kon_Mntp": 0.0, "Kon_T_Mntp": 0.0, "Panjang": 0.3434334818, "Lbr_Keras": 0.0, "LHRT": 0.0, "VCR": 0.0, "Tipe_Jln": 2, "MST": 0.0, "Tipe_Keras": "Beton", "Tanah_Kri": 0.0, "Macadam": 0.0, "Aspal": 0.0, "Rigid": 100.0, "Thn_Pen_Ak": 0, "Jns_Pen": null, "Koord_X_Aw": 555285.70459774323, "Koord_Y_Aw": 15647.9546055626, "Koord_X_Ak": 555620.61950665899, "Koord_Y_Ak": 15572.560673952101 }, "geometry": { "type": "LineString", "coordinates": [ [ 117.496833907813581, 0.141566592699977, 0.0 ], [ 117.498250555973598, 0.141253102573839, 0.0 ], [ 117.49923490504149, 0.141056799417595, 0.0 ], [ 117.499843583492492, 0.140884441206881, 0.0 ] ] } },
{ "type": "Feature", "properties": { "Kl_Dat_Das": "Jalan non tol", "Nm_Ruas": "Jl. Kol", "Thn_Data": 2015, "Status": "Jalan Kota", "Fungsi": null, "Mendukung": null, "Ura_Dukung": null, "Kd_Bd_PU": null, "Kd_Jns_Inf": null, "Kd_Inf": "001 00 K 345", "Propinsi": "Kalimantan Timur", "Kab_Kota": "Bontang", "Kecamatan": "Bontang Utara", "Desa_Kel": "Gunung Elai", "Tk_Ruas_Aw": "Jl. MT. Haryono", "Tk_Ruas_Ak": "Buntu", "Kd_Patok": null, "Km_Awal": 0.0, "Km_Akhir": 0.0, "Nm_Lintas": "-", "Kon_Baik": 0.2086253692, "Kon_Sdg": 0.0, "Kon_Rgn": 0.0, "Kon_Rusak": 0.0, "Kon_Mntp": 0.0, "Kon_T_Mntp": 0.0, "Panjang": 0.2086253692, "Lbr_Keras": 0.0, "LHRT": 0.0, "VCR": 0.0, "Tipe_Jln": 2, "MST": 0.0, "Tipe_Keras": "Beton", "Tanah_Kri": 0.0, "Macadam": 0.0, "Aspal": 0.0, "Rigid": 100.0, "Thn_Pen_Ak": 0, "Jns_Pen": null, "Koord_X_Aw": 553790.38503758144, "Koord_Y_Aw": 15204.7358654365, "Koord_X_Ak": 553698.91214744467, "Koord_Y_Ak": 15384.646692402701 }, "geometry": { "type": "LineString", "coordinates": [ [ 117.483396220830372, 0.137557083568363, 0.0 ], [ 117.483387371551004, 0.137768390250296, 0.0 ], [ 117.48338024032617, 0.137856956826093, 0.0 ], [ 117.483368354148794, 0.13796467299774, 0.0 ], [ 117.483351712342838, 0.138058027143221, 0.0 ], [ 117.483327937140913, 0.138132231936687, 0.0 ], [ 117.483294651404364, 0.138213617987431, 0.0 ], [ 117.483255421478603, 0.138294286054636, 0.0 ], [ 117.483176961124528, 0.138430727842837, 0.0 ], [ 117.483098500771419, 0.138567169633951, 0.0 ], [ 117.483055703944316, 0.138628209541584, 0.0 ], [ 117.482574236997095, 0.139184751787962, 0.0 ] ] } },
{ "type": "Feature", "properties": { "Kl_Dat_Das": "Jalan non tol", "Nm_Ruas": "Jl. Kutai_HOP_6", "Thn_Data": 2015, "Status": "Jalan Kota", "Fungsi": "Jalan Lingkungan", "Mendukung": null, "Ura_Dukung": null, "Kd_Bd_PU": null, "Kd_Jns_Inf": null, "Kd_Inf": "001 00 K 390", "Propinsi": "Kalimantan Timur", "Kab_Kota": "Bontang", "Kecamatan": "Bontang Utara", "Desa_Kel": "Gunung Elai", "Tk_Ruas_Aw": "Jl. Gowa_HOP_6", "Tk_Ruas_Ak": "Jl. Kalimantan_HOP_6", "Kd_Patok": null, "Km_Awal": 0.0, "Km_Akhir": 0.0, "Nm_Lintas": "-", "Kon_Baik": 0.1265626613, "Kon_Sdg": 0.0, "Kon_Rgn": 0.0, "Kon_Rusak": 0.0, "Kon_Mntp": 0.0, "Kon_T_Mntp": 0.0, "Panjang": 0.1265626613, "Lbr_Keras": 5.0, "LHRT": 0.0, "VCR": 0.0, "Tipe_Jln": 2, "MST": 0.0, "Tipe_Keras": "Aspal", "Tanah_Kri": 0.0, "Macadam": 0.0, "Aspal": 100.0, "Rigid": 0.0, "Thn_Pen_Ak": 0, "Jns_Pen": null, "Koord_X_Aw": 551703.74378606491, "Koord_Y_Aw": 14967.5843441244, "Koord_X_Ak": 551610.5390403606, "Koord_Y_Ak": 15053.2055015974 }, "geometry": { "type": "LineString", "coordinates": [ [ 117.464644654006534, 0.135411945482258, 0.0 ], [ 117.463807086604888, 0.136186577504884, 0.0 ] ] } },
{ "type": "Feature", "properties": { "Kl_Dat_Das": "Jalan non tol", "Nm_Ruas": "Jl. Lele", "Thn_Data": 2015, "Status": "Jalan Kota", "Fungsi": null, "Mendukung": null, "Ura_Dukung": null, "Kd_Bd_PU": null, "Kd_Jns_Inf": null, "Kd_Inf": "001 00 K 335", "Propinsi": "Kalimantan Timur", "Kab_Kota": "Bontang", "Kecamatan": "Bontang Selatan", "Desa_Kel": "Tanjung Laut Indah", "Tk_Ruas_Aw": "Sp. 4 Jl. Kakap Merah 1 - Gg. Sepat", "Tk_Ruas_Ak": "Gg. Mas", "Kd_Patok": null, "Km_Awal": 0.0, "Km_Akhir": 0.0, "Nm_Lintas": "-", "Kon_Baik": 0.3229255137, "Kon_Sdg": 0.0, "Kon_Rgn": 0.0, "Kon_Rusak": 0.0, "Kon_Mntp": 0.0, "Kon_T_Mntp": 0.0, "Panjang": 0.3229255137, "Lbr_Keras": 3.0, "LHRT": 0.0, "VCR": 0.0, "Tipe_Jln": 2, "MST": 0.0, "Tipe_Keras": "Beton", "Tanah_Kri": 0.0, "Macadam": 0.0, "Aspal": 0.0, "Rigid": 100.0, "Thn_Pen_Ak": 0, "Jns_Pen": null, "Koord_X_Aw": 554956.22109683324, "Koord_Y_Aw": 13230.0191368777, "Koord_X_Ak": 554680.57774437871, "Koord_Y_Ak": 13279.999493146301 }, "geometry": { "type": "LineString", "coordinates": [ [ 117.49387259817604, 0.119691654990537, 0.0 ], [ 117.493795020487013, 0.119611163203456, 0.0 ], [ 117.493747466467326, 0.119570471443253, 0.0 ], [ 117.493688024423648, 0.119546535683015, 0.0 ], [ 117.493640470831181, 0.119529780758115, 0.0 ], [ 117.493554874688826, 0.119517813888437, 0.0 ], [ 117.493300469691462, 0.119805060543081, 0.0 ], [ 117.493281448586956, 0.119817029306759, 0.0 ], [ 117.493249350240148, 0.119824210939944, 0.0 ], [ 117.49322200709446, 0.119824211435541, 0.0 ], [ 117.493172075875691, 0.11980985023753, 0.0 ], [ 117.492795214167359, 0.119708125495489, 0.0 ], [ 117.492754793392464, 0.119681795702982, 0.0 ], [ 117.492713801935807, 0.119653104152164, 0.0 ], [ 117.492565438507768, 0.119813962402077, 0.0 ], [ 117.492411368374064, 0.119957586236186, 0.0 ], [ 117.492338612898337, 0.120017908394052, 0.0 ], [ 117.492278696428855, 0.120056687162947, 0.0 ], [ 117.492224486149951, 0.120083976144972, 0.0 ], [ 117.492117492010095, 0.120128500610508, 0.0 ], [ 117.492029043529399, 0.120165843688065, 0.0 ], [ 117.491841486513749, 0.120230237196093, 0.0 ], [ 117.491790129078439, 0.12023789791728, 0.0 ], [ 117.491723554344233, 0.120232154282018, 0.0 ], [ 117.49139555583065, 0.120143870982374, 0.0 ] ] } },
{ "type": "Feature", "properties": { "Kl_Dat_Das": "Jalan non tol", "Nm_Ruas": "Jl. Linmas 1_BL-1 (Tidak Ada Dilapangan)", "Thn_Data": 2015, "Status": "Jalan Kota", "Fungsi": null, "Mendukung": null, "Ura_Dukung": null, "Kd_Bd_PU": null, "Kd_Jns_Inf": null, "Kd_Inf": "001 00 K 094", "Propinsi": "Kalimantan Timur", "Kab_Kota": "Bontang", "Kecamatan": "Bontang Selatan", "Desa_Kel": "Bontang Lestari", "Tk_Ruas_Aw": "Jl. Linmas", "Tk_Ruas_Ak": "Buntu", "Kd_Patok": null, "Km_Awal": 0.0, "Km_Akhir": 0.0, "Nm_Lintas": "-", "Kon_Baik": 0.0667541813, "Kon_Sdg": 0.0, "Kon_Rgn": 0.0, "Kon_Rusak": 0.0, "Kon_Mntp": 0.0, "Kon_T_Mntp": 0.0, "Panjang": 0.0667541813, "Lbr_Keras": 0.0, "LHRT": 0.0, "VCR": 0.0, "Tipe_Jln": 2, "MST": 0.0, "Tipe_Keras": "Beton", "Tanah_Kri": 0.0, "Macadam": 0.0, "Aspal": 0.0, "Rigid": 100.0, "Thn_Pen_Ak": 0, "Jns_Pen": null, "Koord_X_Aw": 117.4508031747, "Koord_Y_Aw": 0.0512027999, "Koord_X_Ak": 117.4507342178, "Koord_Y_Ak": 0.0517996796 }, "geometry": { "type": "LineString", "coordinates": [ [ 117.450803174661047, 0.051202799853766, 0.0 ], [ 117.450793657214916, 0.05145498653037, 0.0 ], [ 117.450788902654907, 0.051567490398179, 0.0 ], [ 117.450769882011329, 0.051675206970869, 0.0 ], [ 117.450734217760768, 0.051799679553532, 0.0 ] ] } },
{ "type": "Feature", "properties": { "Kl_Dat_Das": "Jalan non tol", "Nm_Ruas": "Jl. Luar wilayah Kota Bontang", "Thn_Data": 2015, "Status": "Jalan Kota", "Fungsi": null, "Mendukung": null, "Ura_Dukung": null, "Kd_Bd_PU": null, "Kd_Jns_Inf": null, "Kd_Inf": "001 00 K 095", "Propinsi": "Kalimantan Timur", "Kab_Kota": "Bontang", "Kecamatan": "Bontang Selatan", "Desa_Kel": "Bontang Lestari", "Tk_Ruas_Aw": "Jl. Ir. Soekarno Hatta", "Tk_Ruas_Ak": "Buntu", "Kd_Patok": null, "Km_Awal": 0.0, "Km_Akhir": 0.0, "Nm_Lintas": "-", "Kon_Baik": 0.6886785918, "Kon_Sdg": 0.0, "Kon_Rgn": 0.0, "Kon_Rusak": 0.0, "Kon_Mntp": 0.0, "Kon_T_Mntp": 0.0, "Panjang": 0.6886785918, "Lbr_Keras": 0.0, "LHRT": 0.0, "VCR": 0.0, "Tipe_Jln": 2, "MST": 0.0, "Tipe_Keras": "Beton", "Tanah_Kri": 0.0, "Macadam": 0.0, "Aspal": 0.0, "Rigid": 100.0, "Thn_Pen_Ak": 0, "Jns_Pen": null, "Koord_X_Aw": 117.4254367315, "Koord_Y_Aw": 0.1037463734, "Koord_X_Ak": 117.419468399, "Koord_Y_Ak": 0.1039910009 }, "geometry": { "type": "LineString", "coordinates": [ [ 117.425436731494131, 0.103746373414109, 0.0 ], [ 117.425317467864147, 0.103838083939181, 0.0 ], [ 117.425203339592571, 0.103888353326759, 0.0 ], [ 117.425074945136942, 0.103933835495131, 0.0 ], [ 117.424913263261033, 0.103993680356609, 0.0 ], [ 117.424746825912578, 0.104046344163577, 0.0 ], [ 117.424635075030636, 0.104075070161188, 0.0 ], [ 117.424544723133948, 0.10408943362745, 0.0 ], [ 117.423730763278684, 0.104205778818731, 0.0 ], [ 117.423649922182207, 0.1042249295713, 0.0 ], [ 117.423566703525879, 0.104253655185342, 0.0 ], [ 117.423490617801377, 0.104272805873982, 0.0 ], [ 117.42339551051667, 0.104287169405759, 0.0 ], [ 117.423281381287467, 0.104268021292115, 0.0 ], [ 117.422785275490327, 0.104163303299204, 0.0 ], [ 117.422628347374484, 0.104105856436711, 0.0 ], [ 117.422446453636383, 0.104055591030469, 0.0 ], [ 117.42226099345946, 0.104012506791874, 0.0 ], [ 117.422089799402642, 0.103969422358117, 0.0 ], [ 117.421929305412348, 0.103962243394348, 0.0 ], [ 117.42176881165696, 0.103973017238156, 0.0 ], [ 117.421472790235768, 0.10402328908417, 0.0 ], [ 117.421265931848851, 0.104055606922624, 0.0 ], [ 117.420598992646234, 0.104220781746493, 0.0 ], [ 117.420467031401586, 0.104253098581345, 0.0 ], [ 117.420360035639035, 0.104267462269104, 0.0 ], [ 117.420096112139106, 0.104256694127968, 0.0 ], [ 117.419889252667204, 0.104210019591761, 0.0 ], [ 117.419664559723088, 0.104102305724548, 0.0 ], [ 117.419468398985501, 0.103991000904942, 0.0 ] ] } },
{ "type": "Feature", "properties": { "Kl_Dat_Das": "Jalan non tol", "Nm_Ruas": "Jl. Lumba-Lumba 1 (Tidak Ada di lapangan)", "Thn_Data": 2015, "Status": "Jalan Kota", "Fungsi": "Jalan Lingkungan", "Mendukung": null, "Ura_Dukung": null, "Kd_Bd_PU": null, "Kd_Jns_Inf": null, "Kd_Inf": "001 00 K 427", "Propinsi": "Kalimantan Timur", "Kab_Kota": "Bontang", "Kecamatan": "Bontang Selatan", "Desa_Kel": "Tanjung Laut Indah", "Tk_Ruas_Aw": "Jl. Lumba-Lumba", "Tk_Ruas_Ak": "Buntu", "Kd_Patok": null, "Km_Awal": 0.0, "Km_Akhir": 0.0, "Nm_Lintas": "-", "Kon_Baik": 0.1148329217, "Kon_Sdg": 0.0, "Kon_Rgn": 0.0, "Kon_Rusak": 0.0, "Kon_Mntp": 0.0, "Kon_T_Mntp": 0.0, "Panjang": 0.1148329217, "Lbr_Keras": 0.0, "LHRT": 0.0, "VCR": 0.0, "Tipe_Jln": 2, "MST": 0.0, "Tipe_Keras": "Beton", "Tanah_Kri": 0.0, "Macadam": 0.0, "Aspal": 0.0, "Rigid": 100.0, "Thn_Pen_Ak": 2012, "Jns_Pen": "Peningkatan", "Koord_X_Aw": 555050.74576394504, "Koord_Y_Aw": 13744.102539916499, "Koord_X_Ak": 555082.7303548269, "Koord_Y_Ak": 13854.387405617201 }, "geometry": { "type": "LineString", "coordinates": [ [ 117.494722122463045, 0.1243425386316, 0.0 ], [ 117.494761513310351, 0.124489761928401, 0.0 ], [ 117.49486987030906, 0.124861493115361, 0.0 ], [ 117.49500956844237, 0.125340277447152, 0.0 ] ] } },
{ "type": "Feature", "properties": { "Kl_Dat_Das": "Jalan non tol", "Nm_Ruas": "Jl. Majapahit_HOP_6", "Thn_Data": 2015, "Status": "Jalan Kota", "Fungsi": "Jalan Lingkungan", "Mendukung": null, "Ura_Dukung": null, "Kd_Bd_PU": null, "Kd_Jns_Inf": null, "Kd_Inf": "001 00 K 407", "Propinsi": "Kalimantan Timur", "Kab_Kota": "Bontang", "Kecamatan": "Bontang Selatan", "Desa_Kel": "Satimpo", "Tk_Ruas_Aw": "Jl. Ir. Simon Tampubolon", "Tk_Ruas_Ak": "Jl. Kalimantan", "Kd_Patok": null, "Km_Awal": 0.0, "Km_Akhir": 0.0, "Nm_Lintas": "-", "Kon_Baik": 0.0569777154, "Kon_Sdg": 0.0, "Kon_Rgn": 0.0, "Kon_Rusak": 0.0, "Kon_Mntp": 0.0, "Kon_T_Mntp": 0.0, "Panjang": 0.0569777154, "Lbr_Keras": 0.0, "LHRT": 0.0, "VCR": 0.0, "Tipe_Jln": 2, "MST": 0.0, "Tipe_Keras": "Aspal", "Tanah_Kri": 0.0, "Macadam": 0.0, "Aspal": 100.0, "Rigid": 0.0, "Thn_Pen_Ak": 0, "Jns_Pen": null, "Koord_X_Aw": 551717.19469670858, "Koord_Y_Aw": 15169.3118399251, "Koord_X_Ak": 551675.47309506405, "Koord_Y_Ak": 15208.104724383 }, "geometry": { "type": "LineString", "coordinates": [ [ 117.464765565265893, 0.13723697453203, 0.0 ], [ 117.464623413710427, 0.137364442086601, 0.0 ], [ 117.464390641881806, 0.137587941631689, 0.0 ] ] } },
{ "type": "Feature", "properties": { "Kl_Dat_Das": "Jalan non tol", "Nm_Ruas": "Jl. Majapahit_HOP_6", "Thn_Data": 2015, "Status": "Jalan Kota", "Fungsi": "Jalan Lingkungan", "Mendukung": null, "Ura_Dukung": null, "Kd_Bd_PU": null, "Kd_Jns_Inf": null, "Kd_Inf": "001 00 K 385", "Propinsi": "Kalimantan Timur", "Kab_Kota": "Bontang", "Kecamatan": "Bontang Utara", "Desa_Kel": "Gunung Elai", "Tk_Ruas_Aw": "Jl. Gowa_HOP_6", "Tk_Ruas_Ak": "Jl. Samudra Pasai_HOP_6", "Kd_Patok": null, "Km_Awal": 0.0, "Km_Akhir": 0.0, "Nm_Lintas": "-", "Kon_Baik": 0.129843157, "Kon_Sdg": 0.0, "Kon_Rgn": 0.0, "Kon_Rusak": 0.0, "Kon_Mntp": 0.0, "Kon_T_Mntp": 0.0, "Panjang": 0.129843157, "Lbr_Keras": 6.0, "LHRT": 0.0, "VCR": 0.0, "Tipe_Jln": 2, "MST": 0.0, "Tipe_Keras": "Aspal", "Tanah_Kri": 0.0, "Macadam": 0.0, "Aspal": 100.0, "Rigid": 0.0, "Thn_Pen_Ak": 0, "Jns_Pen": null, "Koord_X_Aw": 551907.31259468384, "Koord_Y_Aw": 14996.7667723373, "Koord_X_Ak": 551811.96745558362, "Koord_Y_Ak": 15084.9009026885 }, "geometry": { "type": "LineString", "coordinates": [ [ 117.466474024822503, 0.135675923872533, 0.0 ], [ 117.46573780312373, 0.136365167167456, 0.0 ], [ 117.465617223564692, 0.136473291059889, 0.0 ] ] } },
{ "type": "Feature", "properties": { "Kl_Dat_Das": "Jalan non tol", "Nm_Ruas": "Jl. Mangga 2", "Thn_Data": 2015, "Status": "Jalan Kota", "Fungsi": null, "Mendukung": null, "Ura_Dukung": null, "Kd_Bd_PU": null, "Kd_Jns_Inf": null, "Kd_Inf": "001 00 K 421", "Propinsi": "Kalimantan Timur", "Kab_Kota": "Bontang", "Kecamatan": "Bontang Utara", "Desa_Kel": "Bontang Baru", "Tk_Ruas_Aw": "Jl. Mangga", "Tk_Ruas_Ak": "Buntu", "Kd_Patok": null, "Km_Awal": 0.0, "Km_Akhir": 0.0, "Nm_Lintas": "-", "Kon_Baik": 0.0750786635, "Kon_Sdg": 0.0, "Kon_Rgn": 0.0, "Kon_Rusak": 0.0, "Kon_Mntp": 0.0, "Kon_T_Mntp": 0.0, "Panjang": 0.0750786635, "Lbr_Keras": 0.0, "LHRT": 0.0, "VCR": 0.0, "Tipe_Jln": 2, "MST": 0.0, "Tipe_Keras": "Beton", "Tanah_Kri": 0.0, "Macadam": 0.0, "Aspal": 0.0, "Rigid": 100.0, "Thn_Pen_Ak": 0, "Jns_Pen": null, "Koord_X_Aw": 553323.4427543059, "Koord_Y_Aw": 14295.8866474815, "Koord_X_Ak": 553374.37997474894, "Koord_Y_Ak": 14241.735948305601 }, "geometry": { "type": "LineString", "coordinates": [ [ 117.479199906354964, 0.129334814761098, 0.0 ], [ 117.479296718043742, 0.129180985742693, 0.0 ], [ 117.479356633890418, 0.129103429089733, 0.0 ], [ 117.479422256388403, 0.129038798248834, 0.0 ], [ 117.479553501625077, 0.128922462489067, 0.0 ], [ 117.479657642141845, 0.128844905002535, 0.0 ] ] } },
{ "type": "Feature", "properties": { "Kl_Dat_Das": "Jalan non tol", "Nm_Ruas": "Jl. Mangga", "Thn_Data": 2015, "Status": "Jalan Kota", "Fungsi": null, "Mendukung": null, "Ura_Dukung": null, "Kd_Bd_PU": null, "Kd_Jns_Inf": null, "Kd_Inf": "001 00 K 343", "Propinsi": "Kalimantan Timur", "Kab_Kota": "Bontang", "Kecamatan": "Bontang Selatan", "Desa_Kel": "Satimpo", "Tk_Ruas_Aw": "Jl. HM. Ardans", "Tk_Ruas_Ak": "Buntu", "Kd_Patok": null, "Km_Awal": 0.0, "Km_Akhir": 0.0, "Nm_Lintas": "-", "Kon_Baik": 0.1418190054, "Kon_Sdg": 0.0, "Kon_Rgn": 0.0, "Kon_Rusak": 0.0, "Kon_Mntp": 0.0, "Kon_T_Mntp": 0.0, "Panjang": 0.1418190054, "Lbr_Keras": 0.0, "LHRT": 0.0, "VCR": 0.0, "Tipe_Jln": 2, "MST": 0.0, "Tipe_Keras": "Beton", "Tanah_Kri": 0.0, "Macadam": 0.0, "Aspal": 0.0, "Rigid": 100.0, "Thn_Pen_Ak": 0, "Jns_Pen": null, "Koord_X_Aw": 552991.8606555704, "Koord_Y_Aw": 14061.8695023488, "Koord_X_Ak": 553034.63842026424, "Koord_Y_Ak": 14197.083011774301 }, "geometry": { "type": "LineString", "coordinates": [ [ 117.476220119340809, 0.127217718429776, 0.0 ], [ 117.476604562425422, 0.128440987650661, 0.0 ] ] } },
{ "type": "Feature", "properties": { "Kl_Dat_Das": "Jalan non tol", "Nm_Ruas": "Jl. Mas", "Thn_Data": 2015, "Status": "Jalan Kota", "Fungsi": null, "Mendukung": null, "Ura_Dukung": null, "Kd_Bd_PU": null, "Kd_Jns_Inf": null, "Kd_Inf": "001 00 K 134", "Propinsi": "Kalimantan Timur", "Kab_Kota": "Bontang", "Kecamatan": "Bontang Selatan", "Desa_Kel": "Tanjung Laut Indah", "Tk_Ruas_Aw": "Jl. St. Syahrir", "Tk_Ruas_Ak": "Sp. 4 Jl. Lele - Gg. Mas 1 - Gg. Piranha", "Kd_Patok": null, "Km_Awal": 0.0, "Km_Akhir": 0.0, "Nm_Lintas": "-", "Kon_Baik": 0.3568888904, "Kon_Sdg": 0.0, "Kon_Rgn": 0.0, "Kon_Rusak": 0.0, "Kon_Mntp": 0.0, "Kon_T_Mntp": 0.0, "Panjang": 0.3568888904, "Lbr_Keras": 6.0, "LHRT": 0.0, "VCR": 0.0, "Tipe_Jln": 2, "MST": 0.0, "Tipe_Keras": "Beton", "Tanah_Kri": 0.0, "Macadam": 0.0, "Aspal": 0.0, "Rigid": 100.0, "Thn_Pen_Ak": 0, "Jns_Pen": null, "Koord_X_Aw": 554448.17425305024, "Koord_Y_Aw": 13104.992783548299, "Koord_X_Ak": 554680.57774437871, "Koord_Y_Ak": 13279.999493146301 }, "geometry": { "type": "LineString", "coordinates": [ [ 117.489307048789229, 0.118560626310477, 0.0 ], [ 117.489335810641691, 0.119564685672458, 0.0 ], [ 117.489359761778545, 0.119661501051477, 0.0 ], [ 117.489376168078422, 0.119684240766199, 0.0 ], [ 117.489404700306238, 0.11969740552217, 0.0 ], [ 117.48945582029917, 0.119706979344414, 0.0 ], [ 117.489514073184168, 0.119710568825341, 0.0 ], [ 117.489678964422012, 0.119715712284503, 0.0 ], [ 117.489747916823703, 0.119720498414869, 0.0 ], [ 117.490118833444967, 0.119761184386541, 0.0 ], [ 117.490185408303972, 0.119773151612562, 0.0 ], [ 117.490758428452608, 0.119923943425043, 0.0 ], [ 117.49139555583065, 0.120143870982374, 0.0 ] ] } },
{ "type": "Feature", "properties": { "Kl_Dat_Das": "Jalan non tol", "Nm_Ruas": "Jl. Melawai", "Thn_Data": 2015, "Status": "Jalan Kota", "Fungsi": null, "Mendukung": null, "Ura_Dukung": null, "Kd_Bd_PU": null, "Kd_Jns_Inf": null, "Kd_Inf": "001 00 K 214", "Propinsi": "Kalimantan Timur", "Kab_Kota": "Bontang", "Kecamatan": "Bontang Selatan", "Desa_Kel": "Berbas Pantai", "Tk_Ruas_Aw": "Jl. P. Diponegoro", "Tk_Ruas_Ak": "Jl. Teuku Umar", "Kd_Patok": null, "Km_Awal": 0.0, "Km_Akhir": 0.0, "Nm_Lintas": "-", "Kon_Baik": 0.3818977311, "Kon_Sdg": 0.0, "Kon_Rgn": 0.0, "Kon_Rusak": 0.0, "Kon_Mntp": 0.0, "Kon_T_Mntp": 0.0, "Panjang": 0.3818977311, "Lbr_Keras": 0.0, "LHRT": 0.0, "VCR": 0.0, "Tipe_Jln": 2, "MST": 0.0, "Tipe_Keras": "Beton", "Tanah_Kri": 0.0, "Macadam": 0.0, "Aspal": 0.0, "Rigid": 100.0, "Thn_Pen_Ak": 0, "Jns_Pen": null, "Koord_X_Aw": 554141.45455252845, "Koord_Y_Aw": 12080.135764926699, "Koord_X_Ak": 553972.64671074785, "Koord_Y_Ak": 11815.1340515632 }, "geometry": { "type": "LineString", "coordinates": [ [ 117.486550575525129, 0.1092888092099, 0.0 ], [ 117.486585816222004, 0.109200293530413, 0.0 ], [ 117.486600081435085, 0.109151462099332, 0.0 ], [ 117.486611493587304, 0.109111247985244, 0.0 ], [ 117.486621954550145, 0.109063374090925, 0.0 ], [ 117.486627660057707, 0.109007840478281, 0.0 ], [ 117.486621952659902, 0.108945604729954, 0.0 ], [ 117.486072552040767, 0.108821813556449, 0.0 ], [ 117.485627181505734, 0.108694329201232, 0.0 ], [ 117.48554332903376, 0.108661970738444, 0.0 ], [ 117.485478125378989, 0.10862340680263, 0.0 ], [ 117.485416703800169, 0.10857899330637, 0.0 ], [ 117.485359580524502, 0.108529103529503, 0.0 ], [ 117.485307235653394, 0.108474156778223, 0.0 ], [ 117.485260109127481, 0.108414614860828, 0.0 ], [ 117.4852426675332, 0.108375403686755, 0.0 ], [ 117.485231219367932, 0.10833401521007, 0.0 ], [ 117.485226019834755, 0.108291372064671, 0.0 ], [ 117.485227184841875, 0.108248424853644, 0.0 ], [ 117.485224321838515, 0.108003762338285, 0.0 ], [ 117.485232842974341, 0.107810675564526, 0.0 ], [ 117.485236759806483, 0.107732691900647, 0.0 ], [ 117.485236596244178, 0.10765460878013, 0.0 ], [ 117.485232352740383, 0.10757664244096, 0.0 ], [ 117.485224041046777, 0.107499008797953, 0.0 ], [ 117.485207059258599, 0.107412794899805, 0.0 ], [ 117.485194999240846, 0.10732574487977, 0.0 ], [ 117.485187900413095, 0.107238143271044, 0.0 ], [ 117.485185785978686, 0.10715027640982, 0.0 ], [ 117.485184591518859, 0.107059955366129, 0.0 ], [ 117.485183529348532, 0.107050279571863, 0.0 ], [ 117.48518093804411, 0.107040900936276, 0.0 ], [ 117.485176884823446, 0.107032062739184, 0.0 ], [ 117.485171474826245, 0.107023994241485, 0.0 ], [ 117.485164848386631, 0.107016904738172, 0.0 ], [ 117.48515717739302, 0.107010978129492, 0.0 ], [ 117.485148660829338, 0.107006368150467, 0.0 ], [ 117.485086578030831, 0.106949235057625, 0.0 ], [ 117.485033556189549, 0.106891366851369, 0.0 ] ] } },
{ "type": "Feature", "properties": { "Kl_Dat_Das": "Jalan non tol", "Nm_Ruas": "Jl. Merauke KCY", "Thn_Data": 2015, "Status": "Jalan Kota", "Fungsi": null, "Mendukung": null, "Ura_Dukung": null, "Kd_Bd_PU": null, "Kd_Jns_Inf": null, "Kd_Inf": "001 00 K 422", "Propinsi": "Kalimantan Timur", "Kab_Kota": "Bontang", "Kecamatan": "Bontang Utara", "Desa_Kel": "Bontang Baru", "Tk_Ruas_Aw": "Jl. Madura KCY", "Tk_Ruas_Ak": "Buntu", "Kd_Patok": null, "Km_Awal": 0.0, "Km_Akhir": 0.0, "Nm_Lintas": "-", "Kon_Baik": 0.0488367559, "Kon_Sdg": 0.0, "Kon_Rgn": 0.0, "Kon_Rusak": 0.0, "Kon_Mntp": 0.0, "Kon_T_Mntp": 0.0, "Panjang": 0.0488367559, "Lbr_Keras": 0.0, "LHRT": 0.0, "VCR": 0.0, "Tipe_Jln": 2, "MST": 0.0, "Tipe_Keras": "Beton", "Tanah_Kri": 0.0, "Macadam": 0.0, "Aspal": 0.0, "Rigid": 100.0, "Thn_Pen_Ak": 0, "Jns_Pen": null, "Koord_X_Aw": 554313.67275942955, "Koord_Y_Aw": 14062.998526522901, "Koord_X_Ak": 554268.84932726994, "Koord_Y_Ak": 14082.386374616999 }, "geometry": { "type": "LineString", "coordinates": [ [ 117.488098516827847, 0.127227709243987, 0.0 ], [ 117.487695716971089, 0.127403118449772, 0.0 ] ] } },
{ "type": "Feature", "properties": { "Kl_Dat_Das": "Jalan non tol", "Nm_Ruas": "Jl. Moh. Roem_BL-1", "Thn_Data": 2015, "Status": "Jalan Kota", "Fungsi": null, "Mendukung": null, "Ura_Dukung": null, "Kd_Bd_PU": null, "Kd_Jns_Inf": null, "Kd_Inf": "001 00 K 362", "Propinsi": "Kalimantan Timur", "Kab_Kota": "Bontang", "Kecamatan": "Bontang Selatan", "Desa_Kel": "Bontang Lestari", "Tk_Ruas_Aw": "Jl. Moh. Roem", "Tk_Ruas_Ak": "Jl. Indominco", "Kd_Patok": null, "Km_Awal": 0.0, "Km_Akhir": 0.0, "Nm_Lintas": "-", "Kon_Baik": 0.1563162569, "Kon_Sdg": 0.0, "Kon_Rgn": 0.0, "Kon_Rusak": 0.0, "Kon_Mntp": 0.0, "Kon_T_Mntp": 0.0, "Panjang": 0.1563162569, "Lbr_Keras": 0.0, "LHRT": 0.0, "VCR": 0.0, "Tipe_Jln": 2, "MST": 0.0, "Tipe_Keras": "Beton", "Tanah_Kri": 0.0, "Macadam": 0.0, "Aspal": 0.0, "Rigid": 100.0, "Thn_Pen_Ak": 0, "Jns_Pen": null, "Koord_X_Aw": 549545.04651514068, "Koord_Y_Aw": 5505.3980819136004, "Koord_X_Ak": 549393.17986048851, "Koord_Y_Ak": 5472.4327759984999 }, "geometry": { "type": "LineString", "coordinates": [ [ 117.445244480496086, 0.04980754927584, 0.0 ], [ 117.445036949562265, 0.049805939647463, 0.0 ], [ 117.444839126635898, 0.049777216585254, 0.0 ], [ 117.444671737985161, 0.04975040827494, 0.0 ], [ 117.444610869373633, 0.049739110420905, 0.0 ], [ 117.443879732068567, 0.049509320092302, 0.0 ] ] } },
{ "type": "Feature", "properties": { "Kl_Dat_Das": "Jalan non tol", "Nm_Ruas": "Jl. Mulawarman_BB-1", "Thn_Data": 2015, "Status": "Jalan Kota", "Fungsi": null, "Mendukung": null, "Ura_Dukung": null, "Kd_Bd_PU": null, "Kd_Jns_Inf": null, "Kd_Inf": "001 00 K 348", "Propinsi": "Kalimantan Timur", "Kab_Kota": "Bontang", "Kecamatan": "Bontang Utara", "Desa_Kel": "Bontang Baru", "Tk_Ruas_Aw": "Jl. Mulawarman", "Tk_Ruas_Ak": "Buntu", "Kd_Patok": null, "Km_Awal": 0.0, "Km_Akhir": 0.0, "Nm_Lintas": "-", "Kon_Baik": 0.04297983, "Kon_Sdg": 0.0, "Kon_Rgn": 0.0, "Kon_Rusak": 0.0, "Kon_Mntp": 0.0, "Kon_T_Mntp": 0.0, "Panjang": 0.04297983, "Lbr_Keras": 0.0, "LHRT": 0.0, "VCR": 0.0, "Tipe_Jln": 2, "MST": 0.0, "Tipe_Keras": "Beton", "Tanah_Kri": 0.0, "Macadam": 0.0, "Aspal": 0.0, "Rigid": 100.0, "Thn_Pen_Ak": 0, "Jns_Pen": null, "Koord_X_Aw": 554938.56407564972, "Koord_Y_Aw": 15762.1773226205, "Koord_X_Ak": 554925.6665757196, "Koord_Y_Ak": 15721.1782947592 }, "geometry": { "type": "LineString", "coordinates": [ [ 117.493714373394681, 0.142600029842153, 0.0 ], [ 117.493598462903833, 0.142229115158397, 0.0 ] ] } },
{ "type": "Feature", "properties": { "Kl_Dat_Das": "Jalan non tol", "Nm_Ruas": "Jl. Mutiara 3", "Thn_Data": 2015, "Status": "Jalan Kota", "Fungsi": null, "Mendukung": null, "Ura_Dukung": null, "Kd_Bd_PU": null, "Kd_Jns_Inf": null, "Kd_Inf": "001 00 K 141", "Propinsi": "Kalimantan Timur", "Kab_Kota": "Bontang", "Kecamatan": "Bontang Selatan", "Desa_Kel": "Berbas Tengah", "Tk_Ruas_Aw": "Jl. AP. Mangkunegoro", "Tk_Ruas_Ak": "Buntu", "Kd_Patok": null, "Km_Awal": 0.0, "Km_Akhir": 0.0, "Nm_Lintas": "-", "Kon_Baik": 0.0763524896, "Kon_Sdg": 0.0, "Kon_Rgn": 0.0, "Kon_Rusak": 0.0, "Kon_Mntp": 0.0, "Kon_T_Mntp": 0.0, "Panjang": 0.0763524896, "Lbr_Keras": 0.0, "LHRT": 0.0, "VCR": 0.0, "Tipe_Jln": 2, "MST": 0.0, "Tipe_Keras": "Beton", "Tanah_Kri": 0.0, "Macadam": 0.0, "Aspal": 0.0, "Rigid": 100.0, "Thn_Pen_Ak": 0, "Jns_Pen": null, "Koord_X_Aw": 553143.78672420699, "Koord_Y_Aw": 13230.814624385899, "Koord_X_Ak": 553203.65352530032, "Koord_Y_Ak": 13277.9776408952 }, "geometry": { "type": "LineString", "coordinates": [ [ 117.477585262154562, 0.119699142158864, 0.0 ], [ 117.478071901038064, 0.120068368714837, 0.0 ], [ 117.478123259713058, 0.120125816351282, 0.0 ] ] } },
{ "type": "Feature", "properties": { "Kl_Dat_Das": "Jalan non tol", "Nm_Ruas": "Jl. Mutiara 4", "Thn_Data": 2015, "Status": "Jalan Kota", "Fungsi": null, "Mendukung": null, "Ura_Dukung": null, "Kd_Bd_PU": null, "Kd_Jns_Inf": null, "Kd_Inf": "001 00 K 140", "Propinsi": "Kalimantan Timur", "Kab_Kota": "Bontang", "Kecamatan": "Bontang Selatan", "Desa_Kel": "Berbas Tengah", "Tk_Ruas_Aw": "Jl. AP. Mangkunegoro", "Tk_Ruas_Ak": "Buntu", "Kd_Patok": null, "Km_Awal": 0.0, "Km_Akhir": 0.0, "Nm_Lintas": "-", "Kon_Baik": 0.2390212308, "Kon_Sdg": 0.0, "Kon_Rgn": 0.0, "Kon_Rusak": 0.0, "Kon_Mntp": 0.0, "Kon_T_Mntp": 0.0, "Panjang": 0.2390212308, "Lbr_Keras": 0.0, "LHRT": 0.0, "VCR": 0.0, "Tipe_Jln": 2, "MST": 0.0, "Tipe_Keras": "Beton", "Tanah_Kri": 0.0, "Macadam": 0.0, "Aspal": 0.0, "Rigid": 100.0, "Thn_Pen_Ak": 0, "Jns_Pen": null, "Koord_X_Aw": 553114.17737847753, "Koord_Y_Aw": 13260.334674866899, "Koord_X_Ak": 553286.62647336349, "Koord_Y_Ak": 13415.692438893 }, "geometry": { "type": "LineString", "coordinates": [ [ 117.477319183786165, 0.119966214637467, 0.0 ], [ 117.477841961745796, 0.12042443404334, 0.0 ], [ 117.477990766439419, 0.120548354703439, 0.0 ], [ 117.478104896617708, 0.120663249767787, 0.0 ], [ 117.478368823580652, 0.120981605747779, 0.0 ], [ 117.478531814570445, 0.121078547260759, 0.0 ], [ 117.478499716820636, 0.121124027923122, 0.0 ], [ 117.478868913898665, 0.121371708320038, 0.0 ] ] } },
{ "type": "Feature", "properties": { "Kl_Dat_Das": "Jalan non tol", "Nm_Ruas": "Jl. Pelabuhan II_TLI-2", "Thn_Data": 2015, "Status": "Jalan Kota", "Fungsi": null, "Mendukung": null, "Ura_Dukung": null, "Kd_Bd_PU": null, "Kd_Jns_Inf": null, "Kd_Inf": "001 00 K 133", "Propinsi": "Kalimantan Timur", "Kab_Kota": "Bontang", "Kecamatan": "Bontang Selatan", "Desa_Kel": "Tanjung Laut Indah", "Tk_Ruas_Aw": "Jl. Pelabuhan II", "Tk_Ruas_Ak": "Buntu", "Kd_Patok": null, "Km_Awal": 0.0, "Km_Akhir": 0.0, "Nm_Lintas": "-", "Kon_Baik": 0.1756238093, "Kon_Sdg": 0.0, "Kon_Rgn": 0.0, "Kon_Rusak": 0.0, "Kon_Mntp": 0.0, "Kon_T_Mntp": 0.0, "Panjang": 0.1756238093, "Lbr_Keras": 0.0, "LHRT": 0.0, "VCR": 0.0, "Tipe_Jln": 2, "MST": 0.0, "Tipe_Keras": "Beton", "Tanah_Kri": 0.0, "Macadam": 0.0, "Aspal": 0.0, "Rigid": 100.0, "Thn_Pen_Ak": 0, "Jns_Pen": null, "Koord_X_Aw": 554807.34084342699, "Koord_Y_Aw": 12788.0544096306, "Koord_X_Ak": 554841.74684957601, "Koord_Y_Ak": 12615.833768745901 }, "geometry": { "type": "LineString", "coordinates": [ [ 117.492534625795273, 0.115693234588582, 0.0 ], [ 117.492843786303311, 0.114135153115001, 0.0 ] ] } },
{ "type": "Feature", "properties": { "Kl_Dat_Das": "Jalan non tol", "Nm_Ruas": "Jl. Pelabuhan II_TLI-1", "Thn_Data": 2015, "Status": "Jalan Kota", "Fungsi": null, "Mendukung": null, "Ura_Dukung": null, "Kd_Bd_PU": null, "Kd_Jns_Inf": null, "Kd_Inf": "001 00 K 132", "Propinsi": "Kalimantan Timur", "Kab_Kota": "Bontang", "Kecamatan": "Bontang Selatan", "Desa_Kel": "Tanjung Laut Indah", "Tk_Ruas_Aw": "Jl. Pelabuhan II", "Tk_Ruas_Ak": "Buntu", "Kd_Patok": null, "Km_Awal": 0.0, "Km_Akhir": 0.0, "Nm_Lintas": "-", "Kon_Baik": 0.0203683703, "Kon_Sdg": 0.0, "Kon_Rgn": 0.0, "Kon_Rusak": 0.0, "Kon_Mntp": 0.0, "Kon_T_Mntp": 0.0, "Panjang": 0.0203683703, "Lbr_Keras": 0.0, "LHRT": 0.0, "VCR": 0.0, "Tipe_Jln": 2, "MST": 0.0, "Tipe_Keras": "Beton", "Tanah_Kri": 0.0, "Macadam": 0.0, "Aspal": 0.0, "Rigid": 100.0, "Thn_Pen_Ak": 0, "Jns_Pen": null, "Koord_X_Aw": 554816.86143106502, "Koord_Y_Aw": 12795.9094355293, "Koord_X_Ak": 554828.87749050558, "Koord_Y_Ak": 12779.4630126674 }, "geometry": { "type": "LineString", "coordinates": [ [ 117.492620183128807, 0.115764297329389, 0.0 ], [ 117.492728162054902, 0.115615505039136, 0.0 ] ] } },
{ "type": "Feature", "properties": { "Kl_Dat_Das": "Jalan non tol", "Nm_Ruas": "Jl. Pelabuhan III_TLI-3", "Thn_Data": 2015, "Status": "Jalan Kota", "Fungsi": null, "Mendukung": null, "Ura_Dukung": null, "Kd_Bd_PU": null, "Kd_Jns_Inf": null, "Kd_Inf": "001 00 K 131", "Propinsi": "Kalimantan Timur", "Kab_Kota": "Bontang", "Kecamatan": "Bontang Selatan", "Desa_Kel": "Tanjung Laut Indah", "Tk_Ruas_Aw": "Jl. Pelabuhan III", "Tk_Ruas_Ak": "Buntu", "Kd_Patok": null, "Km_Awal": 0.0, "Km_Akhir": 0.0, "Nm_Lintas": "-", "Kon_Baik": 0.0640492451, "Kon_Sdg": 0.0, "Kon_Rgn": 0.0, "Kon_Rusak": 0.0, "Kon_Mntp": 0.0, "Kon_T_Mntp": 0.0, "Panjang": 0.0640492451, "Lbr_Keras": 0.0, "LHRT": 0.0, "VCR": 0.0, "Tipe_Jln": 2, "MST": 0.0, "Tipe_Keras": "Beton", "Tanah_Kri": 0.0, "Macadam": 0.0, "Aspal": 0.0, "Rigid": 100.0, "Thn_Pen_Ak": 0, "Jns_Pen": null, "Koord_X_Aw": 117.49503219970001, "Koord_Y_Aw": 0.1150782795, "Koord_X_Ak": 117.4952642712, "Koord_Y_Ak": 0.1156085427 }, "geometry": { "type": "LineString", "coordinates": [ [ 117.495032199691096, 0.115078279505738, 0.0 ], [ 117.495264271213372, 0.115608542685701, 0.0 ] ] } },
{ "type": "Feature", "properties": { "Kl_Dat_Das": "Jalan non tol", "Nm_Ruas": "Jl. Pendidikan 4", "Thn_Data": 2015, "Status": "Jalan Kota", "Fungsi": "Jalan Lingkungan", "Mendukung": null, "Ura_Dukung": null, "Kd_Bd_PU": null, "Kd_Jns_Inf": null, "Kd_Inf": "001 00 K 243", "Propinsi": "Kalimantan Timur", "Kab_Kota": "Bontang", "Kecamatan": "Bontang Barat", "Desa_Kel": "Kanaan", "Tk_Ruas_Aw": "Sp. 3 Jl. Taman Siswa - Jl. Pendidikan 2", "Tk_Ruas_Ak": "Jl. Pendidikan_KN-2", "Kd_Patok": null, "Km_Awal": 0.0, "Km_Akhir": 0.0, "Nm_Lintas": "-", "Kon_Baik": 0.1966608762, "Kon_Sdg": 0.0, "Kon_Rgn": 0.0, "Kon_Rusak": 0.0, "Kon_Mntp": 0.0, "Kon_T_Mntp": 0.0, "Panjang": 0.1966608762, "Lbr_Keras": 0.0, "LHRT": 0.0, "VCR": 0.0, "Tipe_Jln": 2, "MST": 0.0, "Tipe_Keras": "Beton", "Tanah_Kri": 0.0, "Macadam": 0.0, "Aspal": 0.0, "Rigid": 100.0, "Thn_Pen_Ak": 0, "Jns_Pen": null, "Koord_X_Aw": 550460.51309228688, "Koord_Y_Aw": 13959.445948254301, "Koord_X_Ak": 550466.63145332783, "Koord_Y_Ak": 14132.1109752096 }, "geometry": { "type": "LineString", "coordinates": [ [ 117.453472219912342, 0.126291502222232, 0.0 ], [ 117.453412353134794, 0.126409940191651, 0.0 ], [ 117.453269443416616, 0.126727098398183, 0.0 ], [ 117.453254829374714, 0.126769644213841, 0.0 ], [ 117.453169344867803, 0.12698324949747, 0.0 ], [ 117.45314457670645, 0.127055631196921, 0.0 ], [ 117.453124859776423, 0.127129569365659, 0.0 ], [ 117.453110289224767, 0.127204707204099, 0.0 ], [ 117.453100935363977, 0.127280682123213, 0.0 ], [ 117.453407290968471, 0.127714933756804, 0.0 ], [ 117.453527229717466, 0.127853606573922, 0.0 ] ] } },
{ "type": "Feature", "properties": { "Kl_Dat_Das": "Jalan non tol", "Nm_Ruas": "Jl. Pendidikan 2", "Thn_Data": 2015, "Status": "Jalan Kota", "Fungsi": null, "Mendukung": null, "Ura_Dukung": null, "Kd_Bd_PU": null, "Kd_Jns_Inf": null, "Kd_Inf": "001 00 K 242", "Propinsi": "Kalimantan Timur", "Kab_Kota": "Bontang", "Kecamatan": "Bontang Barat", "Desa_Kel": "Kanaan", "Tk_Ruas_Aw": "Jl. Taman Siswa", "Tk_Ruas_Ak": "Sp. 4 Jl. Taman Siswa - Jl. Pendidikan - Jl. Pendidikan 4", "Kd_Patok": null, "Km_Awal": 0.0, "Km_Akhir": 0.0, "Nm_Lintas": "-", "Kon_Baik": 0.2973384076, "Kon_Sdg": 0.0, "Kon_Rgn": 0.0, "Kon_Rusak": 0.0, "Kon_Mntp": 0.0, "Kon_T_Mntp": 0.0, "Panjang": 0.2973384076, "Lbr_Keras": 0.0, "LHRT": 0.0, "VCR": 0.0, "Tipe_Jln": 2, "MST": 0.0, "Tipe_Keras": "Beton", "Tanah_Kri": 0.0, "Macadam": 0.0, "Aspal": 0.0, "Rigid": 100.0, "Thn_Pen_Ak": 0, "Jns_Pen": null, "Koord_X_Aw": 550466.63145332504, "Koord_Y_Aw": 14132.1109752096, "Koord_X_Ak": 550446.72957318462, "Koord_Y_Ak": 14246.829427463899 }, "geometry": { "type": "LineString", "coordinates": [ [ 117.453527229717466, 0.127853606573922, 0.0 ], [ 117.453595478952465, 0.127883689636255, 0.0 ], [ 117.453673942745297, 0.127905231518179, 0.0 ], [ 117.453721496497721, 0.127914805461957, 0.0 ], [ 117.453804716110469, 0.127962677930501, 0.0 ], [ 117.453859403278372, 0.127993795023738, 0.0 ], [ 117.453918845593961, 0.128012943544337, 0.0 ], [ 117.454011575332785, 0.128027304076238, 0.0 ], [ 117.454078150811057, 0.128053633560855, 0.0 ], [ 117.454189902444114, 0.128094324423056, 0.0 ], [ 117.454254100453056, 0.128132622435038, 0.0 ], [ 117.454288909312652, 0.128173094675021, 0.0 ], [ 117.454320068525561, 0.128212914564229, 0.0 ], [ 117.454355796223055, 0.128248634595367, 0.0 ], [ 117.454396246992289, 0.128293683463335, 0.0 ], [ 117.454433263281629, 0.12834163194035, 0.0 ], [ 117.454466640698286, 0.128392215269214, 0.0 ], [ 117.454496194942138, 0.128445154143981, 0.0 ], [ 117.454513005840596, 0.12848722739911, 0.0 ], [ 117.454523804816503, 0.12853125456403, 0.0 ], [ 117.454528379472066, 0.128576369698017, 0.0 ], [ 117.454526639831457, 0.128621685461835, 0.0 ], [ 117.454524495432764, 0.1286543194188, 0.0 ], [ 117.454517419567807, 0.128686239491021, 0.0 ], [ 117.454505578660402, 0.128716694920495, 0.0 ], [ 117.454489251208031, 0.128744969397165, 0.0 ], [ 117.45446882123133, 0.128770397907052, 0.0 ], [ 117.45439085579757, 0.128811724801161, 0.0 ], [ 117.454310179344262, 0.128847390145113, 0.0 ], [ 117.454227196880197, 0.128877214892926, 0.0 ], [ 117.454142324990599, 0.128901049319318, 0.0 ], [ 117.454055989745953, 0.128918773771411, 0.0 ], [ 117.453984512364613, 0.128925944184465, 0.0 ], [ 117.453912727601619, 0.128928548688533, 0.0 ], [ 117.453840922943115, 0.128926576852859, 0.0 ], [ 117.453769385954857, 0.128920036574174, 0.0 ], [ 117.453611238652059, 0.12890370683067, 0.0 ], [ 117.453452568046814, 0.128893775634361, 0.0 ], [ 117.453348400017788, 0.128891470817425, 0.0 ] ] } },
{ "type": "Feature", "properties": { "Kl_Dat_Das": "Jalan non tol", "Nm_Ruas": "Jl. Pendidikan 4", "Thn_Data": 2015, "Status": "Jalan Kota", "Fungsi": null, "Mendukung": null, "Ura_Dukung": null, "Kd_Bd_PU": null, "Kd_Jns_Inf": null, "Kd_Inf": "001 00 K 299", "Propinsi": "Kalimantan Timur", "Kab_Kota": "Bontang", "Kecamatan": "Bontang Utara", "Desa_Kel": "Kanaan", "Tk_Ruas_Aw": "Jl. Taman Siswa", "Tk_Ruas_Ak": "Jl. Pendidikan_KN-1", "Kd_Patok": null, "Km_Awal": 0.0, "Km_Akhir": 0.0, "Nm_Lintas": "-", "Kon_Baik": 0.2089510128, "Kon_Sdg": 0.0, "Kon_Rgn": 0.0, "Kon_Rusak": 0.0, "Kon_Mntp": 0.0, "Kon_T_Mntp": 0.0, "Panjang": 0.2089510128, "Lbr_Keras": 0.0, "LHRT": 0.0, "VCR": 0.0, "Tipe_Jln": 2, "MST": 0.0, "Tipe_Keras": "Beton", "Tanah_Kri": 0.0, "Macadam": 0.0, "Aspal": 0.0, "Rigid": 100.0, "Thn_Pen_Ak": 0, "Jns_Pen": null, "Koord_X_Aw": 550461.26304295473, "Koord_Y_Aw": 13957.972268974399, "Koord_X_Ak": 550589.47028231435, "Koord_Y_Ak": 14114.7743646 }, "geometry": { "type": "LineString", "coordinates": [ [ 117.453478959102384, 0.126278169686197, 0.0 ], [ 117.453641560861797, 0.126436864211412, 0.0 ], [ 117.453688640354102, 0.126520164057475, 0.0 ], [ 117.453866970855046, 0.126782988900495, 0.0 ], [ 117.453939373462134, 0.12691386303087, 0.0 ], [ 117.453966123707929, 0.126991657725103, 0.0 ], [ 117.453975041675236, 0.127087405465036, 0.0 ], [ 117.454004764074142, 0.127168192227362, 0.0 ], [ 117.454046374869179, 0.127248978778318, 0.0 ], [ 117.454093929339294, 0.127299844005407, 0.0 ], [ 117.454173136707269, 0.127353326776791, 0.0 ], [ 117.454239712431487, 0.127394018450733, 0.0 ], [ 117.454318176634246, 0.127439497307295, 0.0 ], [ 117.454387130120878, 0.127484976331614, 0.0 ], [ 117.454458461496259, 0.127542423798962, 0.0 ], [ 117.454631116333502, 0.127696742144176, 0.0 ] ] } },
{ "type": "Feature", "properties": { "Kl_Dat_Das": "Jalan non tol", "Nm_Ruas": "Jl. Pendidikan 3", "Thn_Data": 2015, "Status": "Jalan Kota", "Fungsi": null, "Mendukung": null, "Ura_Dukung": null, "Kd_Bd_PU": null, "Kd_Jns_Inf": null, "Kd_Inf": "001 00 K 296", "Propinsi": "Kalimantan Timur", "Kab_Kota": "Bontang", "Kecamatan": "Bontang Utara", "Desa_Kel": "Kanaan", "Tk_Ruas_Aw": "Jl. Pendidikan 2", "Tk_Ruas_Ak": "Jl. Pendidikan 4", "Kd_Patok": null, "Km_Awal": 0.0, "Km_Akhir": 0.0, "Nm_Lintas": "-", "Kon_Baik": 0.0848608722, "Kon_Sdg": 0.0, "Kon_Rgn": 0.0, "Kon_Rusak": 0.0, "Kon_Mntp": 0.0, "Kon_T_Mntp": 0.0, "Panjang": 0.0848608722, "Lbr_Keras": 0.0, "LHRT": 0.0, "VCR": 0.0, "Tipe_Jln": 2, "MST": 0.0, "Tipe_Keras": "Beton", "Tanah_Kri": 0.0, "Macadam": 0.0, "Aspal": 0.0, "Rigid": 100.0, "Thn_Pen_Ak": 0, "Jns_Pen": null, "Koord_X_Aw": 550481.33310227375, "Koord_Y_Aw": 14137.374584658101, "Koord_X_Ak": 550540.47863982711, "Koord_Y_Ak": 14078.0111272801 }, "geometry": { "type": "LineString", "coordinates": [ [ 117.453659346719505, 0.127901224244874, 0.0 ], [ 117.453672663704353, 0.127846078287875, 0.0 ], [ 117.4537107060018, 0.127813603114714, 0.0 ], [ 117.453906623909631, 0.127650828202384, 0.0 ], [ 117.454190847835392, 0.127364151975694, 0.0 ] ] } },
{ "type": "Feature", "properties": { "Kl_Dat_Das": "Jalan non tol", "Nm_Ruas": "Jl. Pipa Gas Pertamina", "Thn_Data": 2015, "Status": "Jalan Kota", "Fungsi": "Jalan Lingkungan", "Mendukung": null, "Ura_Dukung": null, "Kd_Bd_PU": null, "Kd_Jns_Inf": null, "Kd_Inf": "001 00 K 036", "Propinsi": "Kalimantan Timur", "Kab_Kota": "Bontang", "Kecamatan": "Bontang Selatan", "Desa_Kel": "Bontang Lestari", "Tk_Ruas_Aw": "Jl. Letjen. S. Parman", "Tk_Ruas_Ak": "Jl. Ir. Soekarno Hatta", "Kd_Patok": null, "Km_Awal": 0.0, "Km_Akhir": 0.0, "Nm_Lintas": "-", "Kon_Baik": 0.0, "Kon_Sdg": 3.797, "Kon_Rgn": 0.0, "Kon_Rusak": 0.0, "Kon_Mntp": 0.0, "Kon_T_Mntp": 0.0, "Panjang": 3.7978408157, "Lbr_Keras": 0.0, "LHRT": 0.0, "VCR": 0.0, "Tipe_Jln": 2, "MST": 0.0, "Tipe_Keras": "Telford / Kerikil", "Tanah_Kri": 0.0, "Macadam": 0.0, "Aspal": 0.0, "Rigid": 0.0, "Thn_Pen_Ak": 0, "Jns_Pen": null, "Koord_X_Aw": 117.4416610599, "Koord_Y_Aw": 0.1435073722, "Koord_X_Ak": 117.4313968214, "Koord_Y_Ak": 0.1114031721 }, "geometry": { "type": "LineString", "coordinates": [ [ 117.441661059937786, 0.143507372223232, 0.0 ], [ 117.441510539199044, 0.143026897061212, 0.0 ], [ 117.441065595852251, 0.141680765725807, 0.0 ], [ 117.440706605623248, 0.1407210538874, 0.0 ], [ 117.440655520389726, 0.140572191732209, 0.0 ], [ 117.440598242114604, 0.140425631949872, 0.0 ], [ 117.440534872800256, 0.140281635537396, 0.0 ], [ 117.440465525296062, 0.140140458926726, 0.0 ], [ 117.440390323097503, 0.140002353528344, 0.0 ], [ 117.440240258511068, 0.139724195227089, 0.0 ], [ 117.440199206158923, 0.139652211398602, 0.0 ], [ 117.440163226913754, 0.1395775271032, 0.0 ], [ 117.440132495074238, 0.139500504143135, 0.0 ], [ 117.440107159518419, 0.139421515650026, 0.0 ], [ 117.440087342982352, 0.139340944277481, 0.0 ], [ 117.44007314146576, 0.139259180347161, 0.0 ], [ 117.439889704839985, 0.138350295326066, 0.0 ], [ 117.439466282074136, 0.13660457664192, 0.0 ], [ 117.439430507175814, 0.136499083909648, 0.0 ], [ 117.439401430831424, 0.136391524629249, 0.0 ], [ 117.43937916945022, 0.136282329422019, 0.0 ], [ 117.439363812157254, 0.136171935458979, 0.0 ], [ 117.439355420436499, 0.136060784710433, 0.0 ], [ 117.439354027884747, 0.135949322176467, 0.0 ], [ 117.4393596400771, 0.135837994105442, 0.0 ], [ 117.439372234544621, 0.135727246207436, 0.0 ], [ 117.43941034616283, 0.135473983980883, 0.0 ], [ 117.43941480284245, 0.135409626431932, 0.0 ], [ 117.439413179177834, 0.135345133388248, 0.0 ], [ 117.439405489793856, 0.13528108576018, 0.0 ], [ 117.439391803951409, 0.135218060445734, 0.0 ], [ 117.439372244923405, 0.135156625134904, 0.0 ], [ 117.439075535251732, 0.134404149042302, 0.0 ], [ 117.438765747783464, 0.133552759977965, 0.0 ], [ 117.438432842621452, 0.13257418498738, 0.0 ], [ 117.438234929567216, 0.132033950243719, 0.0 ], [ 117.43820359122455, 0.131952463835065, 0.0 ], [ 117.438168146624548, 0.131872701064144, 0.0 ], [ 117.438128688889549, 0.131794871488761, 0.0 ], [ 117.438085321685378, 0.131719179587847, 0.0 ], [ 117.437988628796049, 0.131568397186121, 0.0 ], [ 117.437951683864455, 0.131508996653553, 0.0 ], [ 117.437909585794785, 0.131453179118136, 0.0 ], [ 117.43786267529066, 0.131401396316481, 0.0 ], [ 117.437811332003193, 0.131354067331882, 0.0 ], [ 117.437301305317945, 0.130840622629644, 0.0 ], [ 117.437248148899144, 0.130777030246577, 0.0 ], [ 117.437199704090759, 0.130709731150662, 0.0 ], [ 117.437156225039971, 0.130639078400852, 0.0 ], [ 117.437117939843091, 0.130565442649708, 0.0 ], [ 117.437085049348767, 0.130489210199051, 0.0 ], [ 117.43705772610447, 0.130410780973282, 0.0 ], [ 117.436926313452503, 0.130050336282996, 0.0 ], [ 117.436883639705101, 0.129915997165584, 0.0 ], [ 117.436846105412869, 0.129780111930146, 0.0 ], [ 117.436813765599098, 0.129642879777076, 0.0 ], [ 117.43678666767218, 0.129504501881412, 0.0 ], [ 117.436725036088788, 0.129292160152724, 0.0 ], [ 117.436658828812313, 0.129081219044659, 0.0 ], [ 117.43658807720432, 0.12887177847757, 0.0 ], [ 117.436344812752651, 0.128007020000902, 0.0 ], [ 117.436135407532745, 0.127299872045689, 0.0 ], [ 117.435899173788911, 0.126553834689077, 0.0 ], [ 117.435626760373637, 0.125823181377838, 0.0 ], [ 117.43533735781638, 0.125083336054062, 0.0 ], [ 117.435116637651873, 0.124560407009876, 0.0 ], [ 117.434889558762109, 0.123995635684106, 0.0 ], [ 117.434850502987771, 0.123921497734198, 0.0 ], [ 117.434815580026509, 0.123845298590806, 0.0 ], [ 117.434795980622724, 0.123783014932974, 0.0 ], [ 117.434781849378041, 0.123719248231452, 0.0 ], [ 117.434773293899099, 0.123654484057179, 0.0 ], [ 117.434770379334182, 0.123589215576629, 0.0 ], [ 117.434759218530175, 0.123529263721477, 0.0 ], [ 117.434742458819301, 0.12347064813366, 0.0 ], [ 117.434720251367523, 0.123413897502344, 0.0 ], [ 117.434427346569336, 0.122644188195286, 0.0 ], [ 117.434129926260994, 0.121968594139663, 0.0 ], [ 117.433727947675095, 0.121161170884616, 0.0 ], [ 117.433386852196037, 0.120530041432062, 0.0 ], [ 117.433289803382692, 0.12037092860555, 0.0 ], [ 117.433189147508571, 0.120214103486135, 0.0 ], [ 117.433084937757016, 0.120059648935537, 0.0 ], [ 117.432977229189177, 0.119907646562927, 0.0 ], [ 117.432676860808286, 0.119534002213591, 0.0 ], [ 117.432595441704876, 0.119448661958941, 0.0 ], [ 117.432519063125568, 0.119358722557813, 0.0 ], [ 117.432447980922333, 0.119264485287773, 0.0 ], [ 117.432382433205419, 0.119166265823361, 0.0 ], [ 117.432322639545731, 0.119064393178704, 0.0 ], [ 117.432268800239299, 0.118959208605087, 0.0 ], [ 117.432073618888111, 0.118412618319674, 0.0 ], [ 117.431888750961718, 0.117749330546673, 0.0 ], [ 117.431765259124859, 0.117174375772784, 0.0 ], [ 117.431662871814552, 0.116733332147765, 0.0 ], [ 117.431462528349883, 0.115941756644037, 0.0 ], [ 117.431411850473069, 0.115668731846287, 0.0 ], [ 117.431406066737182, 0.115571372986228, 0.0 ], [ 117.431394460540389, 0.115474542585511, 0.0 ], [ 117.431377074144677, 0.115378593235202, 0.0 ], [ 117.43135397085959, 0.11528387431818, 0.0 ], [ 117.431220074646077, 0.114609935583589, 0.0 ], [ 117.431102915103594, 0.114046124544998, 0.0 ], [ 117.431086839074212, 0.113969099751129, 0.0 ], [ 117.431076871225017, 0.113891035351962, 0.0 ], [ 117.431073074141295, 0.113812421491666, 0.0 ], [ 117.43107547166376, 0.113733751764468, 0.0 ], [ 117.431084048739081, 0.1136555201153, 0.0 ], [ 117.431098751514114, 0.113578217738418, 0.0 ], [ 117.431192810646877, 0.113086062353739, 0.0 ], [ 117.431218399871099, 0.112978523124593, 0.0 ], [ 117.431239400658072, 0.112869981190772, 0.0 ], [ 117.431255774634977, 0.112760634881726, 0.0 ], [ 117.431267491883162, 0.112650683996635, 0.0 ], [ 117.431274530992667, 0.112540329439481, 0.0 ], [ 117.431300710549479, 0.112170071093388, 0.0 ], [ 117.431301968370974, 0.112096563087802, 0.0 ], [ 117.431293937244661, 0.112032765872375, 0.0 ], [ 117.431291727198399, 0.111968496864169, 0.0 ], [ 117.43129535670451, 0.11190429324802, 0.0 ], [ 117.431304795426186, 0.111840691661998, 0.0 ], [ 117.431319964470987, 0.111778223712244, 0.0 ], [ 117.43139682144681, 0.111403172095532, 0.0 ] ] } },
{ "type": "Feature", "properties": { "Kl_Dat_Das": "Jalan non tol", "Nm_Ruas": "Jl. Pontianak 5", "Thn_Data": 2015, "Status": "Jalan Kota", "Fungsi": null, "Mendukung": null, "Ura_Dukung": null, "Kd_Bd_PU": null, "Kd_Jns_Inf": null, "Kd_Inf": "001 00 K 231", "Propinsi": "Kalimantan Timur", "Kab_Kota": "Bontang", "Kecamatan": "Bontang Barat", "Desa_Kel": "Gunung Telihan", "Tk_Ruas_Aw": "Jl. Pontianak", "Tk_Ruas_Ak": "Jl. Surabaya", "Kd_Patok": null, "Km_Awal": 0.0, "Km_Akhir": 0.0, "Nm_Lintas": "-", "Kon_Baik": 0.1746492586, "Kon_Sdg": 0.0, "Kon_Rgn": 0.0, "Kon_Rusak": 0.0, "Kon_Mntp": 0.0, "Kon_T_Mntp": 0.0, "Panjang": 0.1746492586, "Lbr_Keras": 0.0, "LHRT": 0.0, "VCR": 0.0, "Tipe_Jln": 2, "MST": 0.0, "Tipe_Keras": "Beton", "Tanah_Kri": 0.0, "Macadam": 0.0, "Aspal": 0.0, "Rigid": 100.0, "Thn_Pen_Ak": 0, "Jns_Pen": null, "Koord_X_Aw": 550247.88198538963, "Koord_Y_Aw": 15043.206975560601, "Koord_X_Ak": 550222.44608329795, "Koord_Y_Ak": 14870.5130219031 }, "geometry": { "type": "LineString", "coordinates": [ [ 117.451561588982131, 0.136096354612698, 0.0 ], [ 117.451546330677203, 0.13592090727636, 0.0 ], [ 117.451513037863563, 0.135636057812318, 0.0 ], [ 117.451445027162052, 0.135147585063771, 0.0 ], [ 117.451332980582563, 0.134533991436226, 0.0 ] ] } },
{ "type": "Feature", "properties": { "Kl_Dat_Das": "Jalan non tol", "Nm_Ruas": "Jl. Prestasi_BL-1", "Thn_Data": 2015, "Status": "Jalan Kota", "Fungsi": null, "Mendukung": null, "Ura_Dukung": null, "Kd_Bd_PU": null, "Kd_Jns_Inf": null, "Kd_Inf": "001 00 K 357", "Propinsi": "Kalimantan Timur", "Kab_Kota": "Bontang", "Kecamatan": "Bontang Selatan", "Desa_Kel": "Bontang Lestari", "Tk_Ruas_Aw": "Jl. Prestasi", "Tk_Ruas_Ak": "Buntu", "Kd_Patok": null, "Km_Awal": 0.0, "Km_Akhir": 0.0, "Nm_Lintas": "-", "Kon_Baik": 0.5143770246, "Kon_Sdg": 0.0, "Kon_Rgn": 0.0, "Kon_Rusak": 0.0, "Kon_Mntp": 0.0, "Kon_T_Mntp": 0.0, "Panjang": 0.5143770246, "Lbr_Keras": 0.0, "LHRT": 0.0, "VCR": 0.0, "Tipe_Jln": 2, "MST": 0.0, "Tipe_Keras": "Beton", "Tanah_Kri": 0.0, "Macadam": 0.0, "Aspal": 0.0, "Rigid": 100.0, "Thn_Pen_Ak": 2018, "Jns_Pen": "Rehabilitasi / Pemeliharaan", "Koord_X_Aw": 549997.73810102697, "Koord_Y_Aw": 6951.3710447642998, "Koord_X_Ak": 549974.42996038776, "Koord_Y_Ak": 6706.8964587152004 }, "geometry": { "type": "LineString", "coordinates": [ [ 117.449312682439427, 0.062889287381092, 0.0 ], [ 117.449315983392609, 0.062019640710795, 0.0 ], [ 117.449315797156174, 0.061074249263125, 0.0 ], [ 117.449305429937283, 0.061007848137951, 0.0 ], [ 117.449284505990562, 0.060959974332131, 0.0 ], [ 117.449140654768811, 0.060740473329768, 0.0 ], [ 117.449087156388771, 0.060659686431017, 0.0 ], [ 117.449063379158659, 0.060602836274626, 0.0 ], [ 117.449060399556586, 0.059684254247048, 0.0 ], [ 117.449078231739449, 0.05963638011738, 0.0 ], [ 117.449104980450372, 0.059618427154102, 0.0 ], [ 117.449137673545422, 0.059624411133463, 0.0 ], [ 117.449277362694943, 0.059708189454163, 0.0 ], [ 117.449310056129562, 0.059756063166756, 0.0 ], [ 117.44933086125711, 0.059812913348361, 0.0 ], [ 117.449342750294804, 0.059893700593898, 0.0 ], [ 117.449342754528345, 0.060411338016932, 0.0 ], [ 117.449316006508695, 0.060513070450294, 0.0 ], [ 117.44924764901053, 0.060596850488673, 0.0 ], [ 117.449173347001377, 0.060641732967448, 0.0 ], [ 117.449103205849894, 0.060677519355533, 0.0 ] ] } },
{ "type": "Feature", "properties": { "Kl_Dat_Das": "Jalan non tol", "Nm_Ruas": "Jl. Emerald", "Thn_Data": 2015, "Status": "Jalan Kota", "Fungsi": null, "Mendukung": null, "Ura_Dukung": null, "Kd_Bd_PU": null, "Kd_Jns_Inf": null, "Kd_Inf": "001 00 K 147", "Propinsi": "Kalimantan Timur", "Kab_Kota": "Bontang", "Kecamatan": "Bontang Selatan", "Desa_Kel": "Berbas Tengah", "Tk_Ruas_Aw": "Jl. Veteran", "Tk_Ruas_Ak": "Jl. Zamrut", "Kd_Patok": null, "Km_Awal": 0.0, "Km_Akhir": 0.0, "Nm_Lintas": "-", "Kon_Baik": 0.2719125008, "Kon_Sdg": 0.0, "Kon_Rgn": 0.0, "Kon_Rusak": 0.0, "Kon_Mntp": 0.0, "Kon_T_Mntp": 0.0, "Panjang": 0.2719125008, "Lbr_Keras": 0.0, "LHRT": 0.0, "VCR": 0.0, "Tipe_Jln": 2, "MST": 0.0, "Tipe_Keras": "Beton", "Tanah_Kri": 0.0, "Macadam": 0.0, "Aspal": 0.0, "Rigid": 100.0, "Thn_Pen_Ak": 0, "Jns_Pen": null, "Koord_X_Aw": 553143.0695179496, "Koord_Y_Aw": 12608.133357381401, "Koord_X_Ak": 553353.43478359375, "Koord_Y_Ak": 12765.8455997407 }, "geometry": { "type": "LineString", "coordinates": [ [ 117.477578721863509, 0.114065746774161, 0.0 ], [ 117.477749091718422, 0.114202072706023, 0.0 ], [ 117.477902275541624, 0.114350012108299, 0.0 ], [ 117.478104381039685, 0.114565440749031, 0.0 ], [ 117.478226238350587, 0.114670162602703, 0.0 ], [ 117.478327291449659, 0.114798821693664, 0.0 ], [ 117.478505621455156, 0.115086061377828, 0.0 ], [ 117.478556861281575, 0.115148775165414, 0.0 ], [ 117.478595380056703, 0.115180371209671, 0.0 ], [ 117.478658151133914, 0.115216275483598, 0.0 ], [ 117.478760867107979, 0.115255051507586, 0.0 ], [ 117.478896275915318, 0.115286526225236, 0.0 ], [ 117.479060336192006, 0.115351153046389, 0.0 ], [ 117.479307615256502, 0.11543732165082, 0.0 ], [ 117.479469182500054, 0.11549253690478, 0.0 ] ] } },
{ "type": "Feature", "properties": { "Kl_Dat_Das": "Jalan non tol", "Nm_Ruas": "Jl. Safir", "Thn_Data": 2015, "Status": "Jalan Kota", "Fungsi": null, "Mendukung": null, "Ura_Dukung": null, "Kd_Bd_PU": null, "Kd_Jns_Inf": null, "Kd_Inf": "001 00 K 150", "Propinsi": "Kalimantan Timur", "Kab_Kota": "Bontang", "Kecamatan": "Bontang Selatan", "Desa_Kel": "Berbas Tengah", "Tk_Ruas_Aw": "Jl. Veteran", "Tk_Ruas_Ak": "Jl. Zamrut", "Kd_Patok": null, "Km_Awal": 0.0, "Km_Akhir": 0.0, "Nm_Lintas": "-", "Kon_Baik": 0.3081822589, "Kon_Sdg": 0.0, "Kon_Rgn": 0.0, "Kon_Rusak": 0.0, "Kon_Mntp": 0.0, "Kon_T_Mntp": 0.0, "Panjang": 0.3081822589, "Lbr_Keras": 0.0, "LHRT": 0.0, "VCR": 0.0, "Tipe_Jln": 2, "MST": 0.0, "Tipe_Keras": "Beton", "Tanah_Kri": 0.0, "Macadam": 0.0, "Aspal": 0.0, "Rigid": 100.0, "Thn_Pen_Ak": 0, "Jns_Pen": null, "Koord_X_Aw": 553042.95283315144, "Koord_Y_Aw": 12696.9667972103, "Koord_X_Ak": 553320.44747819752, "Koord_Y_Ak": 12820.358199477199 }, "geometry": { "type": "LineString", "coordinates": [ [ 117.476679041397205, 0.114869437753295, 0.0 ], [ 117.476866870740977, 0.115017080928879, 0.0 ], [ 117.476926313291159, 0.115064953721344, 0.0 ], [ 117.476994077587591, 0.115106842148698, 0.0 ], [ 117.477082706165788, 0.115162344333014, 0.0 ], [ 117.477164736323303, 0.115194657759419, 0.0 ], [ 117.47729669785106, 0.115244923013891, 0.0 ], [ 117.477585586436533, 0.115345453093368, 0.0 ], [ 117.477622524871094, 0.115365873631831, 0.0 ], [ 117.477639169039989, 0.115394597622957, 0.0 ], [ 117.477653435658851, 0.115430502722261, 0.0 ], [ 117.477671268563157, 0.115453242469597, 0.0 ], [ 117.477703367407443, 0.11547119459681, 0.0 ], [ 117.477736655006737, 0.115484359325038, 0.0 ], [ 117.477965011851964, 0.115571924592204, 0.0 ], [ 117.47810404807106, 0.115629019911285, 0.0 ], [ 117.478219424167321, 0.115670061536887, 0.0 ], [ 117.478362085316448, 0.115727507655197, 0.0 ], [ 117.478488102574971, 0.11577298560775, 0.0 ], [ 117.478635518979416, 0.115825644261375, 0.0 ], [ 117.478780557551261, 0.115868728196475, 0.0 ], [ 117.478946995106739, 0.115909418075809, 0.0 ], [ 117.479089656084312, 0.115957289423815, 0.0 ], [ 117.479172752035637, 0.115985717143804, 0.0 ] ] } },
{ "type": "Feature", "properties": { "Kl_Dat_Das": "Jalan non tol", "Nm_Ruas": "Jl. Ruby 1", "Thn_Data": 2015, "Status": "Jalan Kota", "Fungsi": "Jalan Lingkungan", "Mendukung": null, "Ura_Dukung": null, "Kd_Bd_PU": null, "Kd_Jns_Inf": null, "Kd_Inf": "001 00 K 317", "Propinsi": "Kalimantan Timur", "Kab_Kota": "Bontang", "Kecamatan": "Bontang Selatan", "Desa_Kel": "Berbas Tengah", "Tk_Ruas_Aw": "Jl. Ruby", "Tk_Ruas_Ak": "Jl. Safir", "Kd_Patok": null, "Km_Awal": 0.0, "Km_Akhir": 0.0, "Nm_Lintas": "-", "Kon_Baik": 0.0632664645, "Kon_Sdg": 0.0, "Kon_Rgn": 0.0, "Kon_Rusak": 0.0, "Kon_Mntp": 0.0, "Kon_T_Mntp": 0.0, "Panjang": 0.0632664645, "Lbr_Keras": 0.0, "LHRT": 0.0, "VCR": 0.0, "Tipe_Jln": 2, "MST": 0.0, "Tipe_Keras": "Beton", "Tanah_Kri": 0.0, "Macadam": 0.0, "Aspal": 0.0, "Rigid": 100.0, "Thn_Pen_Ak": 0, "Jns_Pen": null, "Koord_X_Aw": 553178.30276990402, "Koord_Y_Aw": 12839.753039015501, "Koord_X_Ak": 553201.52421357203, "Koord_Y_Ak": 12780.9290432464 }, "geometry": { "type": "LineString", "coordinates": [ [ 117.477895378627139, 0.116161203932002, 0.0 ], [ 117.477985622783663, 0.115919963405534, 0.0 ], [ 117.478041966531137, 0.115769345405945, 0.0 ], [ 117.478084022276022, 0.115670825845859, 0.0 ], [ 117.478096231804727, 0.11564533718196, 0.0 ], [ 117.47810404807106, 0.115629019911285, 0.0 ] ] } },
{ "type": "Feature", "properties": { "Kl_Dat_Das": "Jalan non tol", "Nm_Ruas": "Jl. Selat Banda 1 (Jl. Mawar)", "Thn_Data": 2015, "Status": "Jalan Kota", "Fungsi": null, "Mendukung": null, "Ura_Dukung": null, "Kd_Bd_PU": null, "Kd_Jns_Inf": null, "Kd_Inf": "001 00 K 417", "Propinsi": "Kalimantan Timur", "Kab_Kota": "Bontang", "Kecamatan": "Bontang Selatan", "Desa_Kel": "Tanjung Laut", "Tk_Ruas_Aw": "Jl. Ir. H. Juanda", "Tk_Ruas_Ak": "Jl. Selat Banda 2", "Kd_Patok": null, "Km_Awal": 0.0, "Km_Akhir": 0.0, "Nm_Lintas": "-", "Kon_Baik": 0.1112395598, "Kon_Sdg": 0.0, "Kon_Rgn": 0.0, "Kon_Rusak": 0.0, "Kon_Mntp": 0.0, "Kon_T_Mntp": 0.0, "Panjang": 0.1112395598, "Lbr_Keras": 0.0, "LHRT": 0.0, "VCR": 0.0, "Tipe_Jln": 2, "MST": 0.0, "Tipe_Keras": "Beton", "Tanah_Kri": 0.0, "Macadam": 0.0, "Aspal": 0.0, "Rigid": 100.0, "Thn_Pen_Ak": 0, "Jns_Pen": null, "Koord_X_Aw": 554644.55204712227, "Koord_Y_Aw": 13791.0809180457, "Koord_X_Ak": 554566.32257238682, "Koord_Y_Ak": 13808.0138443448 }, "geometry": { "type": "LineString", "coordinates": [ [ 117.491071897389844, 0.124767619627626, 0.0 ], [ 117.490640608333123, 0.125201946992823, 0.0 ], [ 117.490368895990855, 0.124920824667834, 0.0 ] ] } },
{ "type": "Feature", "properties": { "Kl_Dat_Das": "Jalan non tol", "Nm_Ruas": "Jl. Selat Gaspor 3", "Thn_Data": 2015, "Status": "Jalan Kota", "Fungsi": null, "Mendukung": null, "Ura_Dukung": null, "Kd_Bd_PU": null, "Kd_Jns_Inf": null, "Kd_Inf": "001 00 K 366", "Propinsi": "Kalimantan Timur", "Kab_Kota": "Bontang", "Kecamatan": "Bontang Selatan", "Desa_Kel": "Tanjung Laut", "Tk_Ruas_Aw": "Jl. Selat Rote 1", "Tk_Ruas_Ak": "Buntu", "Kd_Patok": null, "Km_Awal": 0.0, "Km_Akhir": 0.0, "Nm_Lintas": "-", "Kon_Baik": 0.0790894316, "Kon_Sdg": 0.0, "Kon_Rgn": 0.0, "Kon_Rusak": 0.0, "Kon_Mntp": 0.0, "Kon_T_Mntp": 0.0, "Panjang": 0.0790894316, "Lbr_Keras": 0.0, "LHRT": 0.0, "VCR": 0.0, "Tipe_Jln": 2, "MST": 0.0, "Tipe_Keras": "Beton", "Tanah_Kri": 0.0, "Macadam": 0.0, "Aspal": 0.0, "Rigid": 100.0, "Thn_Pen_Ak": 0, "Jns_Pen": null, "Koord_X_Aw": 554363.61016018782, "Koord_Y_Aw": 13619.523628704201, "Koord_X_Ak": 554297.79020806774, "Koord_Y_Ak": 13663.3741942532 }, "geometry": { "type": "LineString", "coordinates": [ [ 117.488547202062222, 0.123215591208115, 0.0 ], [ 117.487955722261276, 0.123612317440474, 0.0 ] ] } },
{ "type": "Feature", "properties": { "Kl_Dat_Das": "Jalan non tol", "Nm_Ruas": "Jl. Selat Lombok 2 (Jl. Selat Lombok)", "Thn_Data": 2015, "Status": "Jalan Kota", "Fungsi": null, "Mendukung": null, "Ura_Dukung": null, "Kd_Bd_PU": null, "Kd_Jns_Inf": null, "Kd_Inf": "001 00 K 225", "Propinsi": "Kalimantan Timur", "Kab_Kota": "Bontang", "Kecamatan": "Bontang Selatan", "Desa_Kel": "Tanjung Laut", "Tk_Ruas_Aw": "Sp. 4 Jl. Imam Bonjol - Jl. HM. Ardans", "Tk_Ruas_Ak": "Jl. Jenderal A. Yani", "Kd_Patok": null, "Km_Awal": 0.0, "Km_Akhir": 0.0, "Nm_Lintas": "-", "Kon_Baik": 0.3585257557, "Kon_Sdg": 0.0, "Kon_Rgn": 0.0, "Kon_Rusak": 0.0, "Kon_Mntp": 0.0, "Kon_T_Mntp": 0.0, "Panjang": 0.3585257557, "Lbr_Keras": 4.0, "LHRT": 0.0, "VCR": 0.0, "Tipe_Jln": 2, "MST": 0.0, "Tipe_Keras": "Beton", "Tanah_Kri": 0.0, "Macadam": 0.0, "Aspal": 0.0, "Rigid": 100.0, "Thn_Pen_Ak": 0, "Jns_Pen": null, "Koord_X_Aw": 553490.39985213149, "Koord_Y_Aw": 14218.2424948402, "Koord_X_Ak": 553751.99269498978, "Koord_Y_Ak": 13980.0851078369 }, "geometry": { "type": "LineString", "coordinates": [ [ 117.480700245265922, 0.128632340118968, 0.0 ], [ 117.480959118342412, 0.128335652902691, 0.0 ], [ 117.481238726212595, 0.128008191079217, 0.0 ], [ 117.481638166352482, 0.127558170197459, 0.0 ], [ 117.482039508300488, 0.127090914774506, 0.0 ], [ 117.482100375502824, 0.127029635223778, 0.0 ], [ 117.482161242704862, 0.126968355674041, 0.0 ], [ 117.48223162079691, 0.126918565647847, 0.0 ], [ 117.482341943378842, 0.126849625371375, 0.0 ], [ 117.482452266242646, 0.126796004697641, 0.0 ], [ 117.483050996114628, 0.126477688042045, 0.0 ] ] } },
{ "type": "Feature", "properties": { "Kl_Dat_Das": "Jalan non tol", "Nm_Ruas": "Jl. Selat Selayar 1", "Thn_Data": 2015, "Status": "Jalan Kota", "Fungsi": null, "Mendukung": null, "Ura_Dukung": null, "Kd_Bd_PU": null, "Kd_Jns_Inf": null, "Kd_Inf": "001 00 K 158", "Propinsi": "Kalimantan Timur", "Kab_Kota": "Bontang", "Kecamatan": "Bontang Selatan", "Desa_Kel": "Tanjung Laut", "Tk_Ruas_Aw": "Jl. Selat Selayar", "Tk_Ruas_Ak": "Jl. Selat Bone", "Kd_Patok": null, "Km_Awal": 0.0, "Km_Akhir": 0.0, "Nm_Lintas": "-", "Kon_Baik": 0.1966168323, "Kon_Sdg": 0.0, "Kon_Rgn": 0.0, "Kon_Rusak": 0.0, "Kon_Mntp": 0.0, "Kon_T_Mntp": 0.0, "Panjang": 0.1966168323, "Lbr_Keras": 0.0, "LHRT": 286.0, "VCR": 0.0, "Tipe_Jln": 2, "MST": 0.0, "Tipe_Keras": "Beton", "Tanah_Kri": 0.0, "Macadam": 0.0, "Aspal": 0.0, "Rigid": 100.0, "Thn_Pen_Ak": 0, "Jns_Pen": null, "Koord_X_Aw": 553517.24470193684, "Koord_Y_Aw": 13574.7407101933, "Koord_X_Ak": 553424.41342535429, "Koord_Y_Ak": 13401.779958393399 }, "geometry": { "type": "LineString", "coordinates": [ [ 117.480941378692307, 0.122810579802287, 0.0 ], [ 117.480832081060768, 0.122569673272089, 0.0 ], [ 117.480708437711385, 0.122315046916145, 0.0 ], [ 117.480556855538779, 0.121991901724449, 0.0 ], [ 117.480354747215486, 0.121629859986436, 0.0 ], [ 117.480107127339807, 0.121245820100117, 0.0 ] ] } },
{ "type": "Feature", "properties": { "Kl_Dat_Das": "Jalan non tol", "Nm_Ruas": "Jl. Selat Selayar 2", "Thn_Data": 2015, "Status": "Jalan Kota", "Fungsi": null, "Mendukung": null, "Ura_Dukung": null, "Kd_Bd_PU": null, "Kd_Jns_Inf": null, "Kd_Inf": "001 00 K 159", "Propinsi": "Kalimantan Timur", "Kab_Kota": "Bontang", "Kecamatan": "Bontang Selatan", "Desa_Kel": "Tanjung Laut", "Tk_Ruas_Aw": "Jl. Selat Selayar", "Tk_Ruas_Ak": "Jl. Selat Bone", "Kd_Patok": null, "Km_Awal": 0.0, "Km_Akhir": 0.0, "Nm_Lintas": "-", "Kon_Baik": 0.2191263834, "Kon_Sdg": 0.0, "Kon_Rgn": 0.0, "Kon_Rusak": 0.0, "Kon_Mntp": 0.0, "Kon_T_Mntp": 0.0, "Panjang": 0.2191263834, "Lbr_Keras": 0.0, "LHRT": 286.0, "VCR": 0.0, "Tipe_Jln": 2, "MST": 0.0, "Tipe_Keras": "Beton", "Tanah_Kri": 0.0, "Macadam": 0.0, "Aspal": 0.0, "Rigid": 100.0, "Thn_Pen_Ak": 0, "Jns_Pen": null, "Koord_X_Aw": 553576.40514518693, "Koord_Y_Aw": 13551.762371377999, "Koord_X_Ak": 553515.61309890822, "Koord_Y_Ak": 13342.6106536184 }, "geometry": { "type": "LineString", "coordinates": [ [ 117.481473017279768, 0.122602685326628, 0.0 ], [ 117.481423404539385, 0.122407310687641, 0.0 ], [ 117.48136633626433, 0.122170815340155, 0.0 ], [ 117.481247014708117, 0.121601119727115, 0.0 ], [ 117.481204213992953, 0.121450318144736, 0.0 ], [ 117.481182812558274, 0.121313878306007, 0.0 ], [ 117.481150711678154, 0.121181029189862, 0.0 ], [ 117.481118611433615, 0.121084085394415, 0.0 ], [ 117.481057978337475, 0.120940465188247, 0.0 ], [ 117.480926679163531, 0.120710501204462, 0.0 ] ] } },
{ "type": "Feature", "properties": { "Kl_Dat_Das": "Jalan non tol", "Nm_Ruas": "Jl. Seledri 1", "Thn_Data": 2015, "Status": "Jalan Kota", "Fungsi": "Jalan Lingkungan", "Mendukung": null, "Ura_Dukung": null, "Kd_Bd_PU": null, "Kd_Jns_Inf": null, "Kd_Inf": "001 00 K 396", "Propinsi": "Kalimantan Timur", "Kab_Kota": "Bontang", "Kecamatan": "Bontang Utara", "Desa_Kel": "Gunung Elai", "Tk_Ruas_Aw": "Jl. Seledri 2", "Tk_Ruas_Ak": "Jl. Seledri 3", "Kd_Patok": null, "Km_Awal": 0.0, "Km_Akhir": 0.0, "Nm_Lintas": "-", "Kon_Baik": 0.0950975522, "Kon_Sdg": 0.0, "Kon_Rgn": 0.0, "Kon_Rusak": 0.0, "Kon_Mntp": 0.0, "Kon_T_Mntp": 0.0, "Panjang": 0.0950975522, "Lbr_Keras": 0.0, "LHRT": 0.0, "VCR": 0.0, "Tipe_Jln": 2, "MST": 0.0, "Tipe_Keras": "Beton", "Tanah_Kri": 0.0, "Macadam": 0.0, "Aspal": 0.0, "Rigid": 100.0, "Thn_Pen_Ak": 0, "Jns_Pen": null, "Koord_X_Aw": 551592.00432380661, "Koord_Y_Aw": 14747.453897293701, "Koord_X_Ak": 551685.20247190725, "Koord_Y_Ak": 14729.4912047628 }, "geometry": { "type": "LineString", "coordinates": [ [ 117.463640472498909, 0.133420441385462, 0.0 ], [ 117.463645184100187, 0.133416107019184, 0.0 ], [ 117.46365054564194, 0.133412621150869, 0.0 ], [ 117.463656408030715, 0.133410080715658, 0.0 ], [ 117.463662608244931, 0.133408556357721, 0.0 ], [ 117.463668973869076, 0.133408090466951, 0.0 ], [ 117.464057271953081, 0.133334883816033, 0.0 ], [ 117.464382739352345, 0.133273522763833, 0.0 ], [ 117.464459211119433, 0.133260993813678, 0.0 ], [ 117.464477992280791, 0.133257916753413, 0.0 ] ] } },
{ "type": "Feature", "properties": { "Kl_Dat_Das": "Jalan non tol", "Nm_Ruas": "Jl. Seledri 1", "Thn_Data": 2015, "Status": "Jalan Kota", "Fungsi": null, "Mendukung": null, "Ura_Dukung": null, "Kd_Bd_PU": null, "Kd_Jns_Inf": null, "Kd_Inf": "001 00 K 397", "Propinsi": "Kalimantan Timur", "Kab_Kota": "Bontang", "Kecamatan": "Bontang Utara", "Desa_Kel": "Gunung Elai", "Tk_Ruas_Aw": "Jl. Seledri 3", "Tk_Ruas_Ak": "Jl. Kacang Panjang", "Kd_Patok": null, "Km_Awal": 0.0, "Km_Akhir": 0.0, "Nm_Lintas": "-", "Kon_Baik": 0.4775505135, "Kon_Sdg": 0.0, "Kon_Rgn": 0.0, "Kon_Rusak": 0.0, "Kon_Mntp": 0.0, "Kon_T_Mntp": 0.0, "Panjang": 0.4775505135, "Lbr_Keras": 0.0, "LHRT": 0.0, "VCR": 0.0, "Tipe_Jln": 2, "MST": 0.0, "Tipe_Keras": "Beton", "Tanah_Kri": 0.0, "Macadam": 0.0, "Aspal": 0.0, "Rigid": 100.0, "Thn_Pen_Ak": 0, "Jns_Pen": null, "Koord_X_Aw": 551916.36722584069, "Koord_Y_Aw": 14433.9361772183, "Koord_X_Ak": 551685.20247190725, "Koord_Y_Ak": 14729.4912047628 }, "geometry": { "type": "LineString", "coordinates": [ [ 117.466555298318326, 0.130583987576025, 0.0 ], [ 117.466558824549793, 0.130591315372718, 0.0 ], [ 117.466584126556896, 0.130653163626854, 0.0 ], [ 117.466587294784631, 0.130688824366648, 0.0 ], [ 117.466586088493273, 0.130724606861155, 0.0 ], [ 117.466580525948316, 0.130759969292011, 0.0 ], [ 117.466511702872012, 0.131021606078893, 0.0 ], [ 117.466484532336722, 0.131194271362572, 0.0 ], [ 117.46646330852991, 0.131367779227192, 0.0 ], [ 117.466446657512293, 0.13150359436213, 0.0 ], [ 117.466434419037228, 0.131639884311959, 0.0 ], [ 117.466426606148488, 0.131776503817155, 0.0 ], [ 117.466421739482129, 0.131887932236021, 0.0 ], [ 117.466411138093449, 0.132130664438702, 0.0 ], [ 117.466408773291079, 0.132184809604407, 0.0 ], [ 117.466381650763196, 0.13294008182495, 0.0 ], [ 117.466185870430408, 0.132974572649936, 0.0 ], [ 117.464965440317812, 0.1331777864662, 0.0 ], [ 117.464865165798088, 0.133194483174937, 0.0 ], [ 117.464477992280791, 0.133257916753413, 0.0 ] ] } },
{ "type": "Feature", "properties": { "Kl_Dat_Das": "Jalan non tol", "Nm_Ruas": "Jl. Semarang", "Thn_Data": 2015, "Status": "Jalan Kota", "Fungsi": null, "Mendukung": null, "Ura_Dukung": null, "Kd_Bd_PU": null, "Kd_Jns_Inf": null, "Kd_Inf": "001 00 K 208", "Propinsi": "Kalimantan Timur", "Kab_Kota": "Bontang", "Kecamatan": "Bontang Barat", "Desa_Kel": "Gunung Telihan", "Tk_Ruas_Aw": "Jl. Denpasar", "Tk_Ruas_Ak": "Jl. Tarakan", "Kd_Patok": null, "Km_Awal": 0.0, "Km_Akhir": 0.0, "Nm_Lintas": "-", "Kon_Baik": 0.1594699258, "Kon_Sdg": 0.0, "Kon_Rgn": 0.0, "Kon_Rusak": 0.0, "Kon_Mntp": 0.0, "Kon_T_Mntp": 0.0, "Panjang": 0.1594699258, "Lbr_Keras": 0.0, "LHRT": 0.0, "VCR": 0.0, "Tipe_Jln": 2, "MST": 0.0, "Tipe_Keras": "Beton", "Tanah_Kri": 0.0, "Macadam": 0.0, "Aspal": 0.0, "Rigid": 100.0, "Thn_Pen_Ak": 0, "Jns_Pen": null, "Koord_X_Aw": 550775.45422832388, "Koord_Y_Aw": 14875.9214356095, "Koord_X_Ak": 550890.61287199706, "Koord_Y_Ak": 14893.7667646632 }, "geometry": { "type": "LineString", "coordinates": [ [ 117.45630258274393, 0.13458282843714, 0.0 ], [ 117.456405613983677, 0.13473073689081, 0.0 ], [ 117.456576496856627, 0.135107022766175, 0.0 ], [ 117.456964530831243, 0.134934669279681, 0.0 ], [ 117.457091973019971, 0.134859983542329, 0.0 ], [ 117.457337457130762, 0.134744256028244, 0.0 ] ] } },
{ "type": "Feature", "properties": { "Kl_Dat_Das": "Jalan non tol", "Nm_Ruas": "Jl. Semarang", "Thn_Data": 2015, "Status": "Jalan Kota", "Fungsi": null, "Mendukung": null, "Ura_Dukung": null, "Kd_Bd_PU": null, "Kd_Jns_Inf": null, "Kd_Inf": "001 00 K 215", "Propinsi": "Kalimantan Timur", "Kab_Kota": "Bontang", "Kecamatan": "Bontang Barat", "Desa_Kel": "Gunung Telihan", "Tk_Ruas_Aw": "Jl. Letjen S. Parman", "Tk_Ruas_Ak": "Jl. Asmawarman", "Kd_Patok": null, "Km_Awal": 0.0, "Km_Akhir": 0.0, "Nm_Lintas": "-", "Kon_Baik": 0.5278461799, "Kon_Sdg": 0.0, "Kon_Rgn": 0.0, "Kon_Rusak": 0.0, "Kon_Mntp": 0.0, "Kon_T_Mntp": 0.0, "Panjang": 0.5278461799, "Lbr_Keras": 0.0, "LHRT": 0.0, "VCR": 0.0, "Tipe_Jln": 2, "MST": 0.0, "Tipe_Keras": "Beton", "Tanah_Kri": 0.0, "Macadam": 0.0, "Aspal": 0.0, "Rigid": 100.0, "Thn_Pen_Ak": 0, "Jns_Pen": null, "Koord_X_Aw": 550493.03175543528, "Koord_Y_Aw": 15447.054644636801, "Koord_X_Ak": 550628.03831946757, "Koord_Y_Ak": 15310.6218145434 }, "geometry": { "type": "LineString", "coordinates": [ [ 117.453764694218819, 0.139749933970193, 0.0 ], [ 117.453631427667432, 0.139514114830805, 0.0 ], [ 117.453598138767731, 0.139442304550637, 0.0 ], [ 117.453595760583454, 0.139415973923812, 0.0 ], [ 117.453610026161783, 0.139389642974257, 0.0 ], [ 117.453631424918498, 0.139370492979063, 0.0 ], [ 117.453667089871601, 0.139357326951175, 0.0 ], [ 117.453841848136676, 0.139292693730804, 0.0 ], [ 117.453863246938496, 0.139275937433746, 0.0 ], [ 117.453882267991304, 0.139255590636711, 0.0 ], [ 117.453882267533558, 0.139231653662246, 0.0 ], [ 117.453882267007245, 0.139204126141618, 0.0 ], [ 117.45387394457731, 0.139175401933494, 0.0 ], [ 117.453867999759112, 0.139143087133062, 0.0 ], [ 117.453859676735036, 0.139083244857877, 0.0 ], [ 117.453854920163266, 0.139019811967392, 0.0 ], [ 117.453799039314106, 0.138738553595245, 0.0 ], [ 117.453774073557796, 0.138732569833579, 0.0 ], [ 117.453682533050866, 0.138742146390773, 0.0 ], [ 117.453327070868838, 0.138796011446538, 0.0 ], [ 117.453296161001049, 0.138794815194114, 0.0 ], [ 117.453271195197445, 0.138786437734017, 0.0 ], [ 117.453253362252752, 0.13876848534565, 0.0 ], [ 117.453235529171437, 0.138743351864139, 0.0 ], [ 117.453216506862958, 0.138697871975265, 0.0 ], [ 117.453183400954956, 0.138610472726873, 0.0 ], [ 117.453153439808034, 0.138485522284592, 0.0 ], [ 117.453107785128267, 0.138316049365611, 0.0 ], [ 117.453079250458998, 0.138183917800086, 0.0 ], [ 117.453252345336082, 0.138170509769059, 0.0 ], [ 117.453511036516971, 0.13814752530256, 0.0 ], [ 117.453821085615914, 0.138126454805615, 0.0 ], [ 117.453902883012688, 0.138400292220371, 0.0 ], [ 117.454011310657293, 0.138685618861871, 0.0 ], [ 117.454026290516509, 0.138710513025559, 0.0 ], [ 117.454050067431936, 0.13871649680982, 0.0 ], [ 117.45407859957065, 0.138715299409972, 0.0 ], [ 117.454108320412445, 0.138706920895046, 0.0 ], [ 117.4541725174102, 0.138687770076056, 0.0 ], [ 117.45441741653876, 0.138587230058786, 0.0 ], [ 117.454513712190263, 0.138566881772266, 0.0 ], [ 117.454607630274481, 0.138552517774857, 0.0 ], [ 117.454977905660584, 0.138515598984665, 0.0 ] ] } },
{ "type": "Feature", "properties": { "Kl_Dat_Das": "Jalan non tol", "Nm_Ruas": "Jl. Surabaya 1", "Thn_Data": 2015, "Status": "Jalan Kota", "Fungsi": null, "Mendukung": null, "Ura_Dukung": null, "Kd_Bd_PU": null, "Kd_Jns_Inf": null, "Kd_Inf": "001 00 K 250", "Propinsi": "Kalimantan Timur", "Kab_Kota": "Bontang", "Kecamatan": "Bontang Barat", "Desa_Kel": "Gunung Telihan", "Tk_Ruas_Aw": "Jl. Ir. Soekarno Hatta", "Tk_Ruas_Ak": "Jl. Surabaya", "Kd_Patok": null, "Km_Awal": 0.0, "Km_Akhir": 0.0, "Nm_Lintas": "-", "Kon_Baik": 0.3562966057, "Kon_Sdg": 0.0, "Kon_Rgn": 0.0, "Kon_Rusak": 0.0, "Kon_Mntp": 0.0, "Kon_T_Mntp": 0.0, "Panjang": 0.3562966057, "Lbr_Keras": 0.0, "LHRT": 0.0, "VCR": 0.0, "Tipe_Jln": 2, "MST": 0.0, "Tipe_Keras": "Beton", "Tanah_Kri": 0.0, "Macadam": 0.0, "Aspal": 0.0, "Rigid": 100.0, "Thn_Pen_Ak": 0, "Jns_Pen": null, "Koord_X_Aw": 549853.53583214246, "Koord_Y_Aw": 14765.9305372126, "Koord_X_Ak": 550033.70754749607, "Koord_Y_Ak": 14827.366077713699 }, "geometry": { "type": "LineString", "coordinates": [ [ 117.448017753810177, 0.13358789156988, 0.0 ], [ 117.448292963787523, 0.133465470964975, 0.0 ], [ 117.448418979563186, 0.133391263975111, 0.0 ], [ 117.448490309356913, 0.133355357177871, 0.0 ], [ 117.448606814923281, 0.133309874755766, 0.0 ], [ 117.44882080494591, 0.133238059856111, 0.0 ], [ 117.448968220363085, 0.133192576869542, 0.0 ], [ 117.449084726397615, 0.133173425140282, 0.0 ], [ 117.449322493952906, 0.133142302691584, 0.0 ], [ 117.449705299826618, 0.133099209086247, 0.0 ], [ 117.449866982047098, 0.133094418720262, 0.0 ], [ 117.449866995135949, 0.133814922055838, 0.0 ], [ 117.449641115478087, 0.133817319923733, 0.0 ], [ 117.449636876010644, 0.134143671144088, 0.0 ] ] } },
{ "type": "Feature", "properties": { "Kl_Dat_Das": "Jalan non tol", "Nm_Ruas": "Jl. Taekwondo 1", "Thn_Data": 2015, "Status": "Jalan Kota", "Fungsi": null, "Mendukung": null, "Ura_Dukung": null, "Kd_Bd_PU": null, "Kd_Jns_Inf": null, "Kd_Inf": "001 00 K 187", "Propinsi": "Kalimantan Timur", "Kab_Kota": "Bontang", "Kecamatan": "Bontang Utara", "Desa_Kel": "Api-api", "Tk_Ruas_Aw": "Jl. Jenderal A. Yani", "Tk_Ruas_Ak": "Gg. Anggar 6", "Kd_Patok": null, "Km_Awal": 0.0, "Km_Akhir": 0.0, "Nm_Lintas": "-", "Kon_Baik": 0.3424854008, "Kon_Sdg": 0.0, "Kon_Rgn": 0.0, "Kon_Rusak": 0.0, "Kon_Mntp": 0.0, "Kon_T_Mntp": 0.0, "Panjang": 0.3755214605, "Lbr_Keras": 0.0, "LHRT": 0.0, "VCR": 0.0, "Tipe_Jln": 2, "MST": 0.0, "Tipe_Keras": "Beton", "Tanah_Kri": 0.0, "Macadam": 0.0, "Aspal": 0.0, "Rigid": 100.0, "Thn_Pen_Ak": 0, "Jns_Pen": null, "Koord_X_Aw": 554216.39519486111, "Koord_Y_Aw": 14591.022018931801, "Koord_X_Ak": 554199.78495375067, "Koord_Y_Ak": 14375.8012434021 }, "geometry": { "type": "LineString", "coordinates": [ [ 117.487224428934979, 0.132004745918342, 0.0 ], [ 117.487358255943107, 0.131644582375406, 0.0 ], [ 117.487531656943261, 0.131115650193528, 0.0 ], [ 117.487612491222919, 0.130782926281568, 0.0 ], [ 117.487702837062628, 0.130495682221463, 0.0 ], [ 117.487781295538838, 0.130258705800999, 0.0 ], [ 117.487845488612152, 0.130052847577735, 0.0 ], [ 117.487871640522215, 0.129925981725926, 0.0 ], [ 117.487881147385082, 0.129727305626944, 0.0 ], [ 117.487869257030667, 0.129621983686181, 0.0 ], [ 117.487750374563603, 0.129669859706697, 0.0 ], [ 117.487441281147099, 0.129846998454436, 0.0 ], [ 117.487216999207917, 0.129965559335689, 0.0 ], [ 117.487075124328086, 0.130057649927114, 0.0 ] ] } },
{ "type": "Feature", "properties": { "Kl_Dat_Das": "Jalan non tol", "Nm_Ruas": "Jl. Tarakan KCY", "Thn_Data": 2015, "Status": "Jalan Kota", "Fungsi": null, "Mendukung": null, "Ura_Dukung": null, "Kd_Bd_PU": null, "Kd_Jns_Inf": null, "Kd_Inf": "001 00 K 304", "Propinsi": "Kalimantan Timur", "Kab_Kota": "Bontang", "Kecamatan": "Bontang Utara", "Desa_Kel": "Api-api", "Tk_Ruas_Aw": "Sp. 3 Jl. Madura KCY - Jl. Jawa KCY", "Tk_Ruas_Ak": "Buntu", "Kd_Patok": null, "Km_Awal": 0.0, "Km_Akhir": 0.0, "Nm_Lintas": "-", "Kon_Baik": 0.0553029746, "Kon_Sdg": 0.0, "Kon_Rgn": 0.0, "Kon_Rusak": 0.0, "Kon_Mntp": 0.0, "Kon_T_Mntp": 0.0, "Panjang": 0.0553029746, "Lbr_Keras": 4.0, "LHRT": 0.0, "VCR": 0.0, "Tipe_Jln": 2, "MST": 0.0, "Tipe_Keras": "Beton", "Tanah_Kri": 0.0, "Macadam": 0.0, "Aspal": 0.0, "Rigid": 100.0, "Thn_Pen_Ak": 0, "Jns_Pen": null, "Koord_X_Aw": 554289.80287318863, "Koord_Y_Aw": 14015.696232272299, "Koord_X_Ak": 554267.72037831694, "Koord_Y_Ak": 13964.993348484901 }, "geometry": { "type": "LineString", "coordinates": [ [ 117.487884003469674, 0.126799770274492, 0.0 ], [ 117.487685551853062, 0.126341065895229, 0.0 ] ] } },
{ "type": "Feature", "properties": { "Kl_Dat_Das": "Jalan non tol", "Nm_Ruas": "Jl. Ternate_HOP_6", "Thn_Data": 2015, "Status": "Jalan Kota", "Fungsi": "Jalan Lingkungan", "Mendukung": null, "Ura_Dukung": null, "Kd_Bd_PU": null, "Kd_Jns_Inf": null, "Kd_Inf": "001 00 K 388", "Propinsi": "Kalimantan Timur", "Kab_Kota": "Bontang", "Kecamatan": "Bontang Utara", "Desa_Kel": "Gunung Elai", "Tk_Ruas_Aw": "Jl. Gowa_HOP_6", "Tk_Ruas_Ak": "Jl. Kalimantan_HOP_6", "Kd_Patok": null, "Km_Awal": 0.0, "Km_Akhir": 0.0, "Nm_Lintas": "-", "Kon_Baik": 0.1265166035, "Kon_Sdg": 0.0, "Kon_Rgn": 0.0, "Kon_Rusak": 0.0, "Kon_Mntp": 0.0, "Kon_T_Mntp": 0.0, "Panjang": 0.1265166035, "Lbr_Keras": 5.0, "LHRT": 0.0, "VCR": 0.0, "Tipe_Jln": 2, "MST": 0.0, "Tipe_Keras": "Aspal", "Tanah_Kri": 0.0, "Macadam": 0.0, "Aspal": 100.0, "Rigid": 0.0, "Thn_Pen_Ak": 0, "Jns_Pen": null, "Koord_X_Aw": 551739.22839849908, "Koord_Y_Aw": 15006.366782994901, "Koord_X_Ak": 551643.51125634555, "Koord_Y_Ak": 15089.0993622281 }, "geometry": { "type": "LineString", "coordinates": [ [ 117.464963542273892, 0.135762804566367, 0.0 ], [ 117.464103396854966, 0.136511304036487, 0.0 ] ] } },
{ "type": "Feature", "properties": { "Kl_Dat_Das": "Jalan non tol", "Nm_Ruas": "Jl. Urea", "Thn_Data": 2015, "Status": "Jalan Kota", "Fungsi": null, "Mendukung": null, "Ura_Dukung": null, "Kd_Bd_PU": null, "Kd_Jns_Inf": null, "Kd_Inf": "001 00 K 070", "Propinsi": "Kalimantan Timur", "Kab_Kota": "Bontang", "Kecamatan": "Bontang Barat", "Desa_Kel": "Belimbing", "Tk_Ruas_Aw": "Sp. 4 Jl. Dr.Cipto Mangunkusumo - Kawasan PKT Bontang", "Tk_Ruas_Ak": "Buntu", "Kd_Patok": null, "Km_Awal": 0.0, "Km_Akhir": 0.0, "Nm_Lintas": "-", "Kon_Baik": 1.1483500852, "Kon_Sdg": 0.0, "Kon_Rgn": 0.0, "Kon_Rusak": 0.0, "Kon_Mntp": 0.0, "Kon_T_Mntp": 0.0, "Panjang": 0.6107773368, "Lbr_Keras": 0.0, "LHRT": 0.0, "VCR": 0.0, "Tipe_Jln": 2, "MST": 0.0, "Tipe_Keras": "Beton", "Tanah_Kri": 0.0, "Macadam": 0.0, "Aspal": 0.0, "Rigid": 100.0, "Thn_Pen_Ak": 0, "Jns_Pen": null, "Koord_X_Aw": 117.46815218259999, "Koord_Y_Aw": 0.1580142661, "Koord_X_Ak": 117.4731142941, "Koord_Y_Ak": 0.159802507 }, "geometry": { "type": "LineString", "coordinates": [ [ 117.473114294114353, 0.159802506956099, 0.0 ], [ 117.472770512701331, 0.159813202838221, 0.0 ], [ 117.47226304046967, 0.159877145286049, 0.0 ], [ 117.471950736212662, 0.15990391422245, 0.0 ], [ 117.471671149544605, 0.159915811527393, 0.0 ], [ 117.471513510252876, 0.159921760179846, 0.0 ], [ 117.471394537202613, 0.159886068264817, 0.0 ], [ 117.471302333088602, 0.159832530392194, 0.0 ], [ 117.471016797767916, 0.159677865426725, 0.0 ], [ 117.470597417765688, 0.15944884230506, 0.0 ], [ 117.470151268826982, 0.159187101594338, 0.0 ], [ 117.469824092938765, 0.159008642018834, 0.0 ], [ 117.469636710384535, 0.158904540599955, 0.0 ], [ 117.46954153194433, 0.158818285138375, 0.0 ], [ 117.469371995347643, 0.158678491804348, 0.0 ], [ 117.469098357332072, 0.158461365987594, 0.0 ], [ 117.468899077472784, 0.158312649674719, 0.0 ], [ 117.468533235343202, 0.158149061730447, 0.0 ], [ 117.468345852788957, 0.158080652226666, 0.0 ], [ 117.46815218257484, 0.158014266052206, 0.0 ] ] } },
{ "type": "Feature", "properties": { "Kl_Dat_Das": "Jalan non tol", "Nm_Ruas": "Gg. Kapal Pinisi_L-1", "Thn_Data": 2015, "Status": "Jalan Kota", "Fungsi": null, "Mendukung": null, "Ura_Dukung": null, "Kd_Bd_PU": null, "Kd_Jns_Inf": null, "Kd_Inf": "001 00 K 233", "Propinsi": "Kalimantan Timur", "Kab_Kota": "Bontang", "Kecamatan": "Bontang Utara", "Desa_Kel": "Lok Tuan", "Tk_Ruas_Aw": "Jl. Brigjen. Slamet Riyadi", "Tk_Ruas_Ak": "Buntu", "Kd_Patok": null, "Km_Awal": 0.0, "Km_Akhir": 0.0, "Nm_Lintas": "-", "Kon_Baik": 0.2932315737, "Kon_Sdg": 0.0, "Kon_Rgn": 0.0, "Kon_Rusak": 0.0, "Kon_Mntp": 0.0, "Kon_T_Mntp": 0.0, "Panjang": 0.2932315737, "Lbr_Keras": 0.0, "LHRT": 0.0, "VCR": 0.0, "Tipe_Jln": 2, "MST": 0.0, "Tipe_Keras": "Beton", "Tanah_Kri": 0.0, "Macadam": 0.0, "Aspal": 0.0, "Rigid": 100.0, "Thn_Pen_Ak": 0, "Jns_Pen": null, "Koord_X_Aw": 553275.49963329826, "Koord_Y_Aw": 19031.101018155001, "Koord_X_Ak": 553164.19501193054, "Koord_Y_Ak": 18865.238588845401 }, "geometry": { "type": "LineString", "coordinates": [ [ 117.478770003296162, 0.172174284031821, 0.0 ], [ 117.478498948287523, 0.172174290882115, 0.0 ], [ 117.478431184891676, 0.172188654727879, 0.0 ], [ 117.478013905675851, 0.172303562343132, 0.0 ], [ 117.477971107559981, 0.172305478375429, 0.0 ], [ 117.477931162463918, 0.17229973453029, 0.0 ], [ 117.477914042816622, 0.172284415352047, 0.0 ], [ 117.477902628971123, 0.172244201662428, 0.0 ], [ 117.477902627921893, 0.172202072733297, 0.0 ], [ 117.477888481982262, 0.171933022428478, 0.0 ], [ 117.477873261121886, 0.171782699132237, 0.0 ], [ 117.477887522659728, 0.171600778396758, 0.0 ], [ 117.477911297516371, 0.171524179745863, 0.0 ], [ 117.477854232349912, 0.171485882153507, 0.0 ], [ 117.477716326564519, 0.171461948726451, 0.0 ], [ 117.477744850848964, 0.17114598103358, 0.0 ], [ 117.477768621332729, 0.170892249381557, 0.0 ], [ 117.477773373255488, 0.170753415288646, 0.0 ], [ 117.477769730174316, 0.170673752520144, 0.0 ] ] } },
{ "type": "Feature", "properties": { "Kl_Dat_Das": "Jalan non tol", "Nm_Ruas": "Gg. Pendidikan 7 (Tidak ada dilapangan)", "Thn_Data": 2015, "Status": "Jalan Kota", "Fungsi": null, "Mendukung": null, "Ura_Dukung": null, "Kd_Bd_PU": null, "Kd_Jns_Inf": null, "Kd_Inf": "001 00 K 297", "Propinsi": "Kalimantan Timur", "Kab_Kota": "Bontang", "Kecamatan": "Bontang Utara", "Desa_Kel": "Kanaan", "Tk_Ruas_Aw": "Jl. Pendidikan 3", "Tk_Ruas_Ak": "Buntu", "Kd_Patok": null, "Km_Awal": 0.0, "Km_Akhir": 0.0, "Nm_Lintas": "-", "Kon_Baik": 0.0402125428, "Kon_Sdg": 0.0, "Kon_Rgn": 0.0, "Kon_Rusak": 0.0, "Kon_Mntp": 0.0, "Kon_T_Mntp": 0.0, "Panjang": 0.0209651342, "Lbr_Keras": 0.0, "LHRT": 0.0, "VCR": 0.0, "Tipe_Jln": 2, "MST": 0.0, "Tipe_Keras": "Beton", "Tanah_Kri": 0.0, "Macadam": 0.0, "Aspal": 0.0, "Rigid": 100.0, "Thn_Pen_Ak": 0, "Jns_Pen": null, "Koord_X_Aw": 550436.32134090457, "Koord_Y_Aw": 14012.2962501198, "Koord_X_Ak": 550452.10747869685, "Koord_Y_Ak": 14026.0924345683 }, "geometry": { "type": "LineString", "coordinates": [ [ 117.453254829374629, 0.126769644213723, 0.0 ], [ 117.453396693456, 0.126894456181548, 0.0 ] ] } },
{ "type": "Feature", "properties": { "Kl_Dat_Das": "Jalan non tol", "Nm_Ruas": "Gg. Samarinda", "Thn_Data": 2015, "Status": "Jalan Kota", "Fungsi": null, "Mendukung": null, "Ura_Dukung": null, "Kd_Bd_PU": null, "Kd_Jns_Inf": null, "Kd_Inf": "001 00 K 361", "Propinsi": "Kalimantan Timur", "Kab_Kota": "Bontang", "Kecamatan": "Bontang Barat", "Desa_Kel": "Gunung Telihan", "Tk_Ruas_Aw": "Jl. Letjen. S. Parman", "Tk_Ruas_Ak": "Buntu", "Kd_Patok": null, "Km_Awal": 0.0, "Km_Akhir": 0.0, "Nm_Lintas": "-", "Kon_Baik": 0.1190037969, "Kon_Sdg": 0.0, "Kon_Rgn": 0.0, "Kon_Rusak": 0.0, "Kon_Mntp": 0.0, "Kon_T_Mntp": 0.0, "Panjang": 0.1190037969, "Lbr_Keras": 0.0, "LHRT": 0.0, "VCR": 0.0, "Tipe_Jln": 2, "MST": 0.0, "Tipe_Keras": "Beton", "Tanah_Kri": 0.0, "Macadam": 0.0, "Aspal": 0.0, "Rigid": 100.0, "Thn_Pen_Ak": 0, "Jns_Pen": null, "Koord_X_Aw": 550265.80647758115, "Koord_Y_Aw": 15616.633462131, "Koord_X_Ak": 550247.53033650573, "Koord_Y_Ak": 15499.041428619999 }, "geometry": { "type": "LineString", "coordinates": [ [ 117.451722765625703, 0.141284158253327, 0.0 ], [ 117.451558506741108, 0.140220302779726, 0.0 ] ] } },
{ "type": "Feature", "properties": { "Kl_Dat_Das": "Jalan non tol", "Nm_Ruas": "Jl. Amonia", "Thn_Data": 2015, "Status": "Jalan Kota", "Fungsi": null, "Mendukung": null, "Ura_Dukung": null, "Kd_Bd_PU": null, "Kd_Jns_Inf": null, "Kd_Inf": "001 00 K 056", "Propinsi": "Kalimantan Timur", "Kab_Kota": "Bontang", "Kecamatan": "Bontang Utara", "Desa_Kel": "Guntung", "Tk_Ruas_Aw": "Sp. 4 Jl. Ammonia - Jl. Pupuk Raya - Jl. Ir. James Simandjuntak", "Tk_Ruas_Ak": "Buntu", "Kd_Patok": null, "Km_Awal": 0.0, "Km_Akhir": 0.0, "Nm_Lintas": "-", "Kon_Baik": 0.304179851, "Kon_Sdg": 0.0, "Kon_Rgn": 0.0, "Kon_Rusak": 0.0, "Kon_Mntp": 0.0, "Kon_T_Mntp": 0.0, "Panjang": 0.304179851, "Lbr_Keras": 0.0, "LHRT": 0.0, "VCR": 0.0, "Tipe_Jln": 2, "MST": 0.0, "Tipe_Keras": "Beton", "Tanah_Kri": 0.0, "Macadam": 0.0, "Aspal": 0.0, "Rigid": 100.0, "Thn_Pen_Ak": 0, "Jns_Pen": null, "Koord_X_Aw": 117.47633139440001, "Koord_Y_Aw": 0.1855140765, "Koord_X_Ak": 117.47625466949999, "Koord_Y_Ak": 0.1882649068 }, "geometry": { "type": "LineString", "coordinates": [ [ 117.476254669489805, 0.188264906794009, 0.0 ], [ 117.476331394404568, 0.185514076516593, 0.0 ] ] } },
{ "type": "Feature", "properties": { "Kl_Dat_Das": "Jalan non tol", "Nm_Ruas": "Jl. Anyer (Melati)", "Thn_Data": 2015, "Status": "Jalan Kota", "Fungsi": null, "Mendukung": null, "Ura_Dukung": null, "Kd_Bd_PU": null, "Kd_Jns_Inf": null, "Kd_Inf": "001 00 K 333", "Propinsi": "Kalimantan Timur", "Kab_Kota": "Bontang", "Kecamatan": "Bontang Selatan", "Desa_Kel": "Berbas Pantai", "Tk_Ruas_Aw": "Jl. Teuku Umar", "Tk_Ruas_Ak": "Buntu", "Kd_Patok": null, "Km_Awal": 0.0, "Km_Akhir": 0.0, "Nm_Lintas": "-", "Kon_Baik": 0.2355007747, "Kon_Sdg": 0.0, "Kon_Rgn": 0.0, "Kon_Rusak": 0.0, "Kon_Mntp": 0.0, "Kon_T_Mntp": 0.0, "Panjang": 0.2355007747, "Lbr_Keras": 0.0, "LHRT": 0.0, "VCR": 0.0, "Tipe_Jln": 2, "MST": 0.0, "Tipe_Keras": "Beton", "Tanah_Kri": 0.0, "Macadam": 0.0, "Aspal": 0.0, "Rigid": 100.0, "Thn_Pen_Ak": 0, "Jns_Pen": null, "Koord_X_Aw": 554182.73393063527, "Koord_Y_Aw": 12018.530365537899, "Koord_X_Ak": 554416.22099429928, "Koord_Y_Ak": 11988.0895332657 }, "geometry": { "type": "LineString", "coordinates": [ [ 117.486921521117551, 0.108731460067529, 0.0 ], [ 117.487028204506274, 0.108720323543464, 0.0 ], [ 117.487983073411769, 0.108611155954064, 0.0 ], [ 117.488820009722403, 0.108486670697342, 0.0 ], [ 117.489019733128956, 0.108456028276148, 0.0 ] ] } },
{ "type": "Feature", "properties": { "Kl_Dat_Das": "Jalan non tol", "Nm_Ruas": "Jl. Arief Rahman Hakim_B-1", "Thn_Data": 2015, "Status": "Jalan Kota", "Fungsi": null, "Mendukung": null, "Ura_Dukung": null, "Kd_Bd_PU": null, "Kd_Jns_Inf": null, "Kd_Inf": "001 00 K 059", "Propinsi": "Kalimantan Timur", "Kab_Kota": "Bontang", "Kecamatan": "Bontang Utara", "Desa_Kel": "Belimbing", "Tk_Ruas_Aw": "Jl. Arief Rahman Hakim", "Tk_Ruas_Ak": "Buntu", "Kd_Patok": null, "Km_Awal": 0.0, "Km_Akhir": 0.0, "Nm_Lintas": "-", "Kon_Baik": 0.411247791, "Kon_Sdg": 0.0, "Kon_Rgn": 0.0, "Kon_Rusak": 0.0, "Kon_Mntp": 0.0, "Kon_T_Mntp": 0.0, "Panjang": 0.411247791, "Lbr_Keras": 0.0, "LHRT": 0.0, "VCR": 0.0, "Tipe_Jln": 2, "MST": 0.0, "Tipe_Keras": "Beton", "Tanah_Kri": 0.0, "Macadam": 0.0, "Aspal": 0.0, "Rigid": 100.0, "Thn_Pen_Ak": 0, "Jns_Pen": null, "Koord_X_Aw": 117.46079459649999, "Koord_Y_Aw": 0.1684111205, "Koord_X_Ak": 117.46216699919999, "Koord_Y_Ak": 0.1659655387 }, "geometry": { "type": "LineString", "coordinates": [ [ 117.460794596474329, 0.168411120477757, 0.0 ], [ 117.460674423614222, 0.168242695874945, 0.0 ], [ 117.460572179564011, 0.168082320730746, 0.0 ], [ 117.460515112300783, 0.167957849937374, 0.0 ], [ 117.460460423001052, 0.167845347561333, 0.0 ], [ 117.460386711079181, 0.167682578034664, 0.0 ], [ 117.460293975478322, 0.167424061144882, 0.0 ], [ 117.460277330258876, 0.167361825462116, 0.0 ], [ 117.460317750002432, 0.167325919078816, 0.0 ], [ 117.460417611328651, 0.167270861730334, 0.0 ], [ 117.460610201044787, 0.167165534595165, 0.0 ], [ 117.460790902684721, 0.167074569914853, 0.0 ], [ 117.460907407156995, 0.166993181532972, 0.0 ], [ 117.460976358399236, 0.166928550140213, 0.0 ], [ 117.462031468451855, 0.165836282345167, 0.0 ], [ 117.462166999234412, 0.165965538668521, 0.0 ] ] } },
{ "type": "Feature", "properties": { "Kl_Dat_Das": "Jalan non tol", "Nm_Ruas": "Jl. Arief Rahman Hakim_B-3 (Gg. Makmur)", "Thn_Data": 2015, "Status": "Jalan Kota", "Fungsi": null, "Mendukung": null, "Ura_Dukung": null, "Kd_Bd_PU": null, "Kd_Jns_Inf": null, "Kd_Inf": "001 00 K 063", "Propinsi": "Kalimantan Timur", "Kab_Kota": "Bontang", "Kecamatan": "Bontang Barat", "Desa_Kel": "Belimbing", "Tk_Ruas_Aw": "Jl. Arief Rahman Hakim", "Tk_Ruas_Ak": "Buntu", "Kd_Patok": null, "Km_Awal": 0.0, "Km_Akhir": 0.0, "Nm_Lintas": "-", "Kon_Baik": 0.3639852532, "Kon_Sdg": 0.0, "Kon_Rgn": 0.0, "Kon_Rusak": 0.0, "Kon_Mntp": 0.0, "Kon_T_Mntp": 0.0, "Panjang": 0.1580433232, "Lbr_Keras": 0.0, "LHRT": 0.0, "VCR": 0.0, "Tipe_Jln": 2, "MST": 0.0, "Tipe_Keras": "Beton", "Tanah_Kri": 0.0, "Macadam": 0.0, "Aspal": 0.0, "Rigid": 100.0, "Thn_Pen_Ak": 0, "Jns_Pen": null, "Koord_X_Aw": 117.4542676177, "Koord_Y_Aw": 0.1670344063, "Koord_X_Ak": 117.4544623667, "Koord_Y_Ak": 0.1656295985 }, "geometry": { "type": "LineString", "coordinates": [ [ 117.454267617679335, 0.167034406297802, 0.0 ], [ 117.454329209981921, 0.166747808830147, 0.0 ], [ 117.454362441583172, 0.166563461176704, 0.0 ], [ 117.454360858869308, 0.166473977551226, 0.0 ], [ 117.454340528364412, 0.166416529289222, 0.0 ], [ 117.454337553454963, 0.16629385237492, 0.0 ], [ 117.454370242494676, 0.16611432432567, 0.0 ], [ 117.454462366655136, 0.165629598511236, 0.0 ] ] } },
{ "type": "Feature", "properties": { "Kl_Dat_Das": "Jalan non tol", "Nm_Ruas": "Jl. Arief Rahman Hakim_B-2", "Thn_Data": 2015, "Status": "Jalan Kota", "Fungsi": null, "Mendukung": null, "Ura_Dukung": null, "Kd_Bd_PU": null, "Kd_Jns_Inf": null, "Kd_Inf": "001 00 K 060", "Propinsi": "Kalimantan Timur", "Kab_Kota": "Bontang", "Kecamatan": "Bontang Barat", "Desa_Kel": "Belimbing", "Tk_Ruas_Aw": "Jl. Arief Rahman Hakim_B-1", "Tk_Ruas_Ak": "Buntu", "Kd_Patok": null, "Km_Awal": 0.0, "Km_Akhir": 0.0, "Nm_Lintas": "-", "Kon_Baik": 0.1226232749, "Kon_Sdg": 0.0, "Kon_Rgn": 0.0, "Kon_Rusak": 0.0, "Kon_Mntp": 0.0, "Kon_T_Mntp": 0.0, "Panjang": 0.1226232749, "Lbr_Keras": 0.0, "LHRT": 0.0, "VCR": 0.0, "Tipe_Jln": 2, "MST": 0.0, "Tipe_Keras": "Beton", "Tanah_Kri": 0.0, "Macadam": 0.0, "Aspal": 0.0, "Rigid": 100.0, "Thn_Pen_Ak": 0, "Jns_Pen": null, "Koord_X_Aw": 117.4618200187, "Koord_Y_Aw": 0.1660551787, "Koord_X_Ak": 117.46273311749999, "Koord_Y_Ak": 0.1666680168 }, "geometry": { "type": "LineString", "coordinates": [ [ 117.461820018717759, 0.166055178678216, 0.0 ], [ 117.462241739588904, 0.166389737489253, 0.0 ], [ 117.462309504734733, 0.166443594018177, 0.0 ], [ 117.462398335998515, 0.1664918488033, 0.0 ], [ 117.462733117498971, 0.166668016804815, 0.0 ] ] } },
{ "type": "Feature", "properties": { "Kl_Dat_Das": "Jalan non tol", "Nm_Ruas": "Jl. Bandung 6 (Tidak Ada dilapangan)", "Thn_Data": 2015, "Status": "Jalan Kota", "Fungsi": null, "Mendukung": null, "Ura_Dukung": null, "Kd_Bd_PU": null, "Kd_Jns_Inf": null, "Kd_Inf": "001 00 K 325", "Propinsi": "Kalimantan Timur", "Kab_Kota": "Bontang", "Kecamatan": "Bontang Barat", "Desa_Kel": "Gunung Telihan", "Tk_Ruas_Aw": "Jl. Ir. Soekarno Hatta", "Tk_Ruas_Ak": "Buntu", "Kd_Patok": null, "Km_Awal": 0.0, "Km_Akhir": 0.0, "Nm_Lintas": "-", "Kon_Baik": 0.2041731979, "Kon_Sdg": 0.0, "Kon_Rgn": 0.0, "Kon_Rusak": 0.0, "Kon_Mntp": 0.0, "Kon_T_Mntp": 0.0, "Panjang": 0.2041731979, "Lbr_Keras": 0.0, "LHRT": 0.0, "VCR": 0.0, "Tipe_Jln": 2, "MST": 0.0, "Tipe_Keras": "Beton", "Tanah_Kri": 0.0, "Macadam": 0.0, "Aspal": 0.0, "Rigid": 100.0, "Thn_Pen_Ak": 0, "Jns_Pen": null, "Koord_X_Aw": 549931.83275546692, "Koord_Y_Aw": 15256.4541322757, "Koord_X_Ak": 549734.38507212698, "Koord_Y_Ak": 15305.592245182001 }, "geometry": { "type": "LineString", "coordinates": [ [ 117.448721450532801, 0.138025662218232, 0.0 ], [ 117.447855364707735, 0.138163839347432, 0.0 ], [ 117.446947095814707, 0.138470250132442, 0.0 ] ] } },
{ "type": "Feature", "properties": { "Kl_Dat_Das": "Jalan non tol", "Nm_Ruas": "Jl. Selor", "Thn_Data": 2015, "Status": "Jalan Kota", "Fungsi": null, "Mendukung": null, "Ura_Dukung": null, "Kd_Bd_PU": null, "Kd_Jns_Inf": null, "Kd_Inf": "001 00 K 105", "Propinsi": "Kalimantan Timur", "Kab_Kota": "Bontang", "Kecamatan": "Bontang Barat", "Desa_Kel": "Gunung Telihan", "Tk_Ruas_Aw": "Jl. Letjen. S. Parman", "Tk_Ruas_Ak": "Jl. Bandung 6", "Kd_Patok": null, "Km_Awal": 0.0, "Km_Akhir": 0.0, "Nm_Lintas": "-", "Kon_Baik": 0.4695405583, "Kon_Sdg": 0.0, "Kon_Rgn": 0.0, "Kon_Rusak": 0.0, "Kon_Mntp": 0.0, "Kon_T_Mntp": 0.0, "Panjang": 0.4247188766, "Lbr_Keras": 0.0, "LHRT": 0.0, "VCR": 0.0, "Tipe_Jln": 2, "MST": 0.0, "Tipe_Keras": "Beton", "Tanah_Kri": 0.0, "Macadam": 0.0, "Aspal": 0.0, "Rigid": 100.0, "Thn_Pen_Ak": 0, "Jns_Pen": null, "Koord_X_Aw": 117.445360569, "Koord_Y_Aw": 0.1420402558, "Koord_X_Ak": 117.4474256499, "Koord_Y_Ak": 0.1391414034 }, "geometry": { "type": "LineString", "coordinates": [ [ 117.447425649904773, 0.139141403359978, 0.0 ], [ 117.447255443713345, 0.139132404583618, 0.0 ], [ 117.44713768331691, 0.13913851328482, 0.0 ], [ 117.447135127069188, 0.139140097305687, 0.0 ], [ 117.447127740872261, 0.13914467428382, 0.0 ], [ 117.447118919775349, 0.139152373816405, 0.0 ], [ 117.447111452548242, 0.139161408924674, 0.0 ], [ 117.447105536025219, 0.139171541445473, 0.0 ], [ 117.447101326163889, 0.139182504288407, 0.0 ], [ 117.446966249107547, 0.139414420772761, 0.0 ], [ 117.44695366101304, 0.139433879460975, 0.0 ], [ 117.446943867042251, 0.139454903832889, 0.0 ], [ 117.446937055431491, 0.139477089808788, 0.0 ], [ 117.446933357097009, 0.139500010982538, 0.0 ], [ 117.446783007360281, 0.139951123892766, 0.0 ], [ 117.446735891116532, 0.140094997915379, 0.0 ], [ 117.446660938094951, 0.140262749916249, 0.0 ], [ 117.446535963877281, 0.140492304204206, 0.0 ], [ 117.446421281596272, 0.140615334555777, 0.0 ], [ 117.446320790158325, 0.140711734544371, 0.0 ], [ 117.446133375648287, 0.14088803043587, 0.0 ], [ 117.446019197461538, 0.140996337744247, 0.0 ], [ 117.445919260099345, 0.141060583191433, 0.0 ], [ 117.445770543786466, 0.14116884866729, 0.0 ], [ 117.445687262651418, 0.141256888724497, 0.0 ], [ 117.445508803075782, 0.141463901831964, 0.0 ], [ 117.445398734814603, 0.141544931935479, 0.0 ], [ 117.445399167389837, 0.141556723890059, 0.0 ], [ 117.445389671394878, 0.141658343453851, 0.0 ], [ 117.445360569007661, 0.142040255825828, 0.0 ] ] } },
{ "type": "Feature", "properties": { "Kl_Dat_Das": "Jalan non tol", "Nm_Ruas": "Jl. Batam KCY", "Thn_Data": 2015, "Status": "Jalan Kota", "Fungsi": null, "Mendukung": null, "Ura_Dukung": null, "Kd_Bd_PU": null, "Kd_Jns_Inf": null, "Kd_Inf": "001 00 K 310", "Propinsi": "Kalimantan Timur", "Kab_Kota": "Bontang", "Kecamatan": "Bontang Utara", "Desa_Kel": "Api-api", "Tk_Ruas_Aw": "Sp. 3 Jl. Madura KCY - Jl. Bintan KCY", "Tk_Ruas_Ak": "Buntu", "Kd_Patok": null, "Km_Awal": 0.0, "Km_Akhir": 0.0, "Nm_Lintas": "-", "Kon_Baik": 0.0467948278, "Kon_Sdg": 0.0, "Kon_Rgn": 0.0, "Kon_Rusak": 0.0, "Kon_Mntp": 0.0, "Kon_T_Mntp": 0.0, "Panjang": 0.0467948278, "Lbr_Keras": 0.0, "LHRT": 0.0, "VCR": 0.0, "Tipe_Jln": 2, "MST": 0.0, "Tipe_Keras": "Beton", "Tanah_Kri": 0.0, "Macadam": 0.0, "Aspal": 0.0, "Rigid": 100.0, "Thn_Pen_Ak": 0, "Jns_Pen": null, "Koord_X_Aw": 554341.63632704131, "Koord_Y_Aw": 14128.409177875101, "Koord_X_Ak": 554299.48469806835, "Koord_Y_Ak": 14148.7314829063 }, "geometry": { "type": "LineString", "coordinates": [ [ 117.488349820932058, 0.127819473468797, 0.0 ], [ 117.487971031261637, 0.128003336263598, 0.0 ] ] } },
{ "type": "Feature", "properties": { "Kl_Dat_Das": "Jalan non tol", "Nm_Ruas": "Jl. Beringin", "Thn_Data": 2015, "Status": "Jalan Kota", "Fungsi": null, "Mendukung": null, "Ura_Dukung": null, "Kd_Bd_PU": null, "Kd_Jns_Inf": null, "Kd_Inf": "001 00 K 399", "Propinsi": "Kalimantan Timur", "Kab_Kota": "Bontang", "Kecamatan": "Bontang Selatan", "Desa_Kel": "Satimpo", "Tk_Ruas_Aw": "Jl. Ir. Simon Tampubolon", "Tk_Ruas_Ak": "Jl. Gg. Tunjung", "Kd_Patok": null, "Km_Awal": 0.0, "Km_Akhir": 0.0, "Nm_Lintas": "-", "Kon_Baik": 0.5268366366, "Kon_Sdg": 0.0, "Kon_Rgn": 0.0, "Kon_Rusak": 0.0, "Kon_Mntp": 0.0, "Kon_T_Mntp": 0.0, "Panjang": 0.4648291657, "Lbr_Keras": 0.0, "LHRT": 0.0, "VCR": 0.0, "Tipe_Jln": 2, "MST": 0.0, "Tipe_Keras": "Beton", "Tanah_Kri": 0.0, "Macadam": 0.0, "Aspal": 0.0, "Rigid": 100.0, "Thn_Pen_Ak": 2019, "Jns_Pen": "Rehabilitasi / Pemeliharaan", "Koord_X_Aw": 552248.63724961597, "Koord_Y_Aw": 14145.210180468899, "Koord_X_Ak": 552493.99015032686, "Koord_Y_Ak": 14488.011016845699 }, "geometry": { "type": "LineString", "coordinates": [ [ 117.469541184559432, 0.12797182538309, 0.0 ], [ 117.469714640789078, 0.128098031678716, 0.0 ], [ 117.469812365053883, 0.12820071926497, 0.0 ], [ 117.469905096479735, 0.128318487200065, 0.0 ], [ 117.469921734491336, 0.128374645401865, 0.0 ], [ 117.469939338627711, 0.128518120481579, 0.0 ], [ 117.469964306566084, 0.12864737938789, 0.0 ], [ 117.469999262280567, 0.128860896066262, 0.0 ], [ 117.470164396968173, 0.129007989359001, 0.0 ], [ 117.470612492010105, 0.129299945075744, 0.0 ], [ 117.470908148414125, 0.129492392512033, 0.0 ], [ 117.470971929676992, 0.129535101673111, 0.0 ], [ 117.470998064067189, 0.129556224224646, 0.0 ], [ 117.47103166315496, 0.129583379955064, 0.0 ], [ 117.471285101582126, 0.129862870143547, 0.0 ], [ 117.471294298825327, 0.129873012800722, 0.0 ], [ 117.471570248787131, 0.130182788177937, 0.0 ], [ 117.471624706443748, 0.13024392114479, 0.0 ], [ 117.471934943324612, 0.130578813310534, 0.0 ], [ 117.471828700709963, 0.130876860515664, 0.0 ], [ 117.471794355218762, 0.130958456484271, 0.0 ], [ 117.471746097048907, 0.131073105368217, 0.0 ] ] } },
{ "type": "Feature", "properties": { "Kl_Dat_Das": "Jalan non tol", "Nm_Ruas": "Jl. Berlian", "Thn_Data": 2015, "Status": "Jalan Kota", "Fungsi": null, "Mendukung": null, "Ura_Dukung": null, "Kd_Bd_PU": null, "Kd_Jns_Inf": null, "Kd_Inf": "001 00 K 146", "Propinsi": "Kalimantan Timur", "Kab_Kota": "Bontang", "Kecamatan": "Bontang Selatan", "Desa_Kel": "Berbas Tengah", "Tk_Ruas_Aw": "Jl. Gajah Mada", "Tk_Ruas_Ak": "Jl. Hayam Wuruk", "Kd_Patok": null, "Km_Awal": 0.0, "Km_Akhir": 0.0, "Nm_Lintas": "-", "Kon_Baik": 0.3282444729, "Kon_Sdg": 0.0, "Kon_Rgn": 0.0, "Kon_Rusak": 0.0, "Kon_Mntp": 0.0, "Kon_T_Mntp": 0.0, "Panjang": 0.3282444729, "Lbr_Keras": 4.5, "LHRT": 0.0, "VCR": 0.0, "Tipe_Jln": 2, "MST": 0.0, "Tipe_Keras": "Beton", "Tanah_Kri": 0.0, "Macadam": 0.0, "Aspal": 0.0, "Rigid": 100.0, "Thn_Pen_Ak": 0, "Jns_Pen": null, "Koord_X_Aw": 553165.26926741563, "Koord_Y_Aw": 13010.6484001391, "Koord_X_Ak": 553385.93781948742, "Koord_Y_Ak": 12906.939886298 }, "geometry": { "type": "LineString", "coordinates": [ [ 117.477778279829081, 0.11770729568432, 0.0 ], [ 117.477905931296689, 0.117390622643185, 0.0 ], [ 117.478037174168207, 0.117124442142967, 0.0 ], [ 117.478157004617898, 0.116881241264059, 0.0 ], [ 117.478234989828238, 0.116741448480564, 0.0 ], [ 117.47830156316185, 0.116657189483126, 0.0 ], [ 117.478464193245344, 0.116507102394671, 0.0 ], [ 117.478526249760478, 0.1164676054643, 0.0 ], [ 117.478624684428368, 0.116416618205526, 0.0 ], [ 117.47871527273648, 0.116362758655179, 0.0 ], [ 117.478862924848769, 0.11629309978434, 0.0 ], [ 117.478925694939633, 0.116270119298655, 0.0 ], [ 117.478984185333545, 0.116253601846386, 0.0 ], [ 117.479042049670596, 0.116246457326655, 0.0 ], [ 117.479109726347275, 0.116257190235525, 0.0 ], [ 117.479180343362458, 0.116270833055479, 0.0 ], [ 117.479252387124021, 0.116293093130259, 0.0 ], [ 117.479313018289588, 0.116328279318909, 0.0 ], [ 117.479426006274608, 0.116395348545091, 0.0 ], [ 117.479498288298799, 0.116447050984217, 0.0 ], [ 117.479551549097096, 0.116506413551752, 0.0 ], [ 117.479618125038684, 0.1165772655956, 0.0 ], [ 117.479694212047306, 0.116671096885691, 0.0 ], [ 117.479761290884255, 0.116769011109019, 0.0 ] ] } },
{ "type": "Feature", "properties": { "Kl_Dat_Das": "Jalan non tol", "Nm_Ruas": "Jl. Biola", "Thn_Data": 2015, "Status": "Jalan Kota", "Fungsi": null, "Mendukung": null, "Ura_Dukung": null, "Kd_Bd_PU": null, "Kd_Jns_Inf": null, "Kd_Inf": "001 00 K 081", "Propinsi": "Kalimantan Timur", "Kab_Kota": "Bontang", "Kecamatan": "Bontang Utara", "Desa_Kel": "Bontang Baru", "Tk_Ruas_Aw": "Jl. AM. Parikesit", "Tk_Ruas_Ak": "Sp. 3 Gg. Biola 5 - Gg. Piano 6", "Kd_Patok": null, "Km_Awal": 0.0, "Km_Akhir": 0.0, "Nm_Lintas": "-", "Kon_Baik": 0.3050627006, "Kon_Sdg": 0.0, "Kon_Rgn": 0.0, "Kon_Rusak": 0.0, "Kon_Mntp": 0.0, "Kon_T_Mntp": 0.0, "Panjang": 0.3050627006, "Lbr_Keras": 3.0, "LHRT": 0.0, "VCR": 0.0, "Tipe_Jln": 2, "MST": 0.0, "Tipe_Keras": "Beton", "Tanah_Kri": 0.0, "Macadam": 0.0, "Aspal": 0.0, "Rigid": 100.0, "Thn_Pen_Ak": 0, "Jns_Pen": null, "Koord_X_Aw": 117.4932286355, "Koord_Y_Aw": 0.1358290597, "Koord_X_Ak": 117.4959129521, "Koord_Y_Ak": 0.1352689698 }, "geometry": { "type": "LineString", "coordinates": [ [ 117.493228635525696, 0.135829059675142, 0.0 ], [ 117.493404168782874, 0.135797067946649, 0.0 ], [ 117.49518122873107, 0.135424574280167, 0.0 ], [ 117.495912952110658, 0.135268969838513, 0.0 ] ] } },
{ "type": "Feature", "properties": { "Kl_Dat_Das": "Jalan non tol", "Nm_Ruas": "Jl. Brokoli", "Thn_Data": 2015, "Status": "Jalan Kota", "Fungsi": null, "Mendukung": null, "Ura_Dukung": null, "Kd_Bd_PU": null, "Kd_Jns_Inf": null, "Kd_Inf": "001 00 K 368", "Propinsi": "Kalimantan Timur", "Kab_Kota": "Bontang", "Kecamatan": "Bontang Utara", "Desa_Kel": "Gunung Elai", "Tk_Ruas_Aw": "Jl. Bhayangkara", "Tk_Ruas_Ak": "Jalan Durian", "Kd_Patok": null, "Km_Awal": 0.0, "Km_Akhir": 0.0, "Nm_Lintas": "-", "Kon_Baik": 0.5980241077, "Kon_Sdg": 0.0, "Kon_Rgn": 0.0, "Kon_Rusak": 0.0, "Kon_Mntp": 0.0, "Kon_T_Mntp": 0.0, "Panjang": 0.5980241077, "Lbr_Keras": 0.0, "LHRT": 0.0, "VCR": 0.0, "Tipe_Jln": 2, "MST": 0.0, "Tipe_Keras": "Beton", "Tanah_Kri": 0.0, "Macadam": 0.0, "Aspal": 0.0, "Rigid": 100.0, "Thn_Pen_Ak": 2015, "Jns_Pen": "Pembangunan", "Koord_X_Aw": 552720.76283699367, "Koord_Y_Aw": 14491.527042023799, "Koord_X_Ak": 552830.30283609405, "Koord_Y_Ak": 14948.485968856099 }, "geometry": { "type": "LineString", "coordinates": [ [ 117.473783981984425, 0.131104876126962, 0.0 ], [ 117.472948279182148, 0.131503098367139, 0.0 ], [ 117.472888837851301, 0.13152943010178, 0.0 ], [ 117.472843662558404, 0.131555761564567, 0.0 ], [ 117.472815131382532, 0.131603635929291, 0.0 ], [ 117.472791355778412, 0.131663478658702, 0.0 ], [ 117.472779469036468, 0.131749651762864, 0.0 ], [ 117.472691533361413, 0.132200495180759, 0.0 ], [ 117.47295189491993, 0.132535606925971, 0.0 ], [ 117.473362964594173, 0.133041824735934, 0.0 ], [ 117.473482445345724, 0.133182451761841, 0.0 ], [ 117.473622137577806, 0.133388904886119, 0.0 ], [ 117.474306333628206, 0.134464855499869, 0.0 ], [ 117.474768437999316, 0.135238964999381, 0.0 ] ] } },
{ "type": "Feature", "properties": { "Kl_Dat_Das": "Jalan non tol", "Nm_Ruas": "Jl. Buncis", "Thn_Data": 2015, "Status": "Jalan Kota", "Fungsi": null, "Mendukung": null, "Ura_Dukung": null, "Kd_Bd_PU": null, "Kd_Jns_Inf": null, "Kd_Inf": "001 00 K 222", "Propinsi": "Kalimantan Timur", "Kab_Kota": "Bontang", "Kecamatan": "Bontang Utara", "Desa_Kel": "Gunung Elai", "Tk_Ruas_Aw": "Jl. Imam Bonjol", "Tk_Ruas_Ak": "Gg. Tomat 2", "Kd_Patok": null, "Km_Awal": 0.0, "Km_Akhir": 0.0, "Nm_Lintas": "-", "Kon_Baik": 0.3437859683, "Kon_Sdg": 0.0, "Kon_Rgn": 0.0, "Kon_Rusak": 0.0, "Kon_Mntp": 0.0, "Kon_T_Mntp": 0.0, "Panjang": 0.3437859683, "Lbr_Keras": 0.0, "LHRT": 0.0, "VCR": 0.0, "Tipe_Jln": 2, "MST": 0.0, "Tipe_Keras": "Beton", "Tanah_Kri": 0.0, "Macadam": 0.0, "Aspal": 0.0, "Rigid": 100.0, "Thn_Pen_Ak": 0, "Jns_Pen": null, "Koord_X_Aw": 553378.50803724304, "Koord_Y_Aw": 14674.687391674101, "Koord_X_Ak": 553198.22941035405, "Koord_Y_Ak": 14509.057735996301 }, "geometry": { "type": "LineString", "coordinates": [ [ 117.479694813147916, 0.132761813411291, 0.0 ], [ 117.479587897394467, 0.132772226617614, 0.0 ], [ 117.479477573650144, 0.132781803526536, 0.0 ], [ 117.479376760440189, 0.132783720445661, 0.0 ], [ 117.479300674785492, 0.132774147175821, 0.0 ], [ 117.479110460553187, 0.132745426621555, 0.0 ], [ 117.479021059606339, 0.132718619049963, 0.0 ], [ 117.478912637437219, 0.132699471652551, 0.0 ], [ 117.478806117698014, 0.13269564382605, 0.0 ], [ 117.478353409174289, 0.132699482545402, 0.0 ], [ 117.478034325122394, 0.132670405431135, 0.0 ], [ 117.478034320475672, 0.132428044399871, 0.0 ], [ 117.47798973530054, 0.132227573793671, 0.0 ], [ 117.47797190076335, 0.132122850235935, 0.0 ], [ 117.477962982552583, 0.132021118616595, 0.0 ], [ 117.477960007779714, 0.131880489432145, 0.0 ], [ 117.477965354483189, 0.131720112150754, 0.0 ], [ 117.478001015736581, 0.131519639990716, 0.0 ], [ 117.478042621912167, 0.131358065167644, 0.0 ], [ 117.478074718675884, 0.131263394142202, 0.0 ] ] } },
{ "type": "Feature", "properties": { "Kl_Dat_Das": "Jalan non tol", "Nm_Ruas": "Jl. Gurami 1", "Thn_Data": 2015, "Status": "Jalan Kota", "Fungsi": null, "Mendukung": null, "Ura_Dukung": null, "Kd_Bd_PU": null, "Kd_Jns_Inf": null, "Kd_Inf": "001 00 K 204", "Propinsi": "Kalimantan Timur", "Kab_Kota": "Bontang", "Kecamatan": "Bontang Selatan", "Desa_Kel": "Tanjung Laut", "Tk_Ruas_Aw": "Jl. St. Syahrir", "Tk_Ruas_Ak": "Buntu", "Kd_Patok": null, "Km_Awal": 0.0, "Km_Akhir": 0.0, "Nm_Lintas": "-", "Kon_Baik": 0.2520338267, "Kon_Sdg": 0.0, "Kon_Rgn": 0.0, "Kon_Rusak": 0.0, "Kon_Mntp": 0.0, "Kon_T_Mntp": 0.0, "Panjang": 0.2520338267, "Lbr_Keras": 0.0, "LHRT": 0.0, "VCR": 0.0, "Tipe_Jln": 2, "MST": 0.0, "Tipe_Keras": "Beton", "Tanah_Kri": 0.0, "Macadam": 0.0, "Aspal": 0.0, "Rigid": 100.0, "Thn_Pen_Ak": 0, "Jns_Pen": null, "Koord_X_Aw": 554239.60111311078, "Koord_Y_Aw": 13095.4035024438, "Koord_X_Ak": 554263.59709796775, "Koord_Y_Ak": 13340.708507077799 }, "geometry": { "type": "LineString", "coordinates": [ [ 117.487432717683049, 0.118473905523127, 0.0 ], [ 117.48745625351836, 0.119207175281424, 0.0 ], [ 117.487490497619348, 0.119530801001024, 0.0 ], [ 117.48751713103664, 0.119731870137427, 0.0 ], [ 117.487585613193858, 0.120034430801165, 0.0 ], [ 117.487720675281395, 0.120631892349213, 0.0 ], [ 117.487648395298734, 0.120693172010078, 0.0 ] ] } },
{ "type": "Feature", "properties": { "Kl_Dat_Das": "Jalan non tol", "Nm_Ruas": "Jl. H.Habibon", "Thn_Data": 2015, "Status": "Jalan Kota", "Fungsi": null, "Mendukung": null, "Ura_Dukung": null, "Kd_Bd_PU": null, "Kd_Jns_Inf": null, "Kd_Inf": "001 00 K 015", "Propinsi": "Kalimantan Timur", "Kab_Kota": "Bontang", "Kecamatan": "Bontang Selatan", "Desa_Kel": "Tanjung Laut", "Tk_Ruas_Aw": "Sp. 4 Jl. St. Syahrir û Jl. Jenderal Sudirman û Jl. WR Soepratman", "Tk_Ruas_Ak": "Jl. Ir. H. Juanda", "Kd_Patok": null, "Km_Awal": 0.0, "Km_Akhir": 0.0, "Nm_Lintas": "-", "Kon_Baik": 0.775906931, "Kon_Sdg": 0.0, "Kon_Rgn": 0.0, "Kon_Rusak": 0.0, "Kon_Mntp": 0.0, "Kon_T_Mntp": 0.0, "Panjang": 0.775906931, "Lbr_Keras": 4.5, "LHRT": 434.0, "VCR": 0.0, "Tipe_Jln": 2, "MST": 0.0, "Tipe_Keras": "Aspal", "Tanah_Kri": 0.0, "Macadam": 0.0, "Aspal": 100.0, "Rigid": 0.0, "Thn_Pen_Ak": 2018, "Jns_Pen": "Peningkatan", "Koord_X_Aw": 117.486060861, "Koord_Y_Aw": 0.119783097, "Koord_X_Ak": 117.4920694684, "Koord_Y_Ak": 0.1231643829 }, "geometry": { "type": "LineString", "coordinates": [ [ 117.486060860962709, 0.119783097003426, 0.0 ], [ 117.486293174739458, 0.119920163426489, 0.0 ], [ 117.486626051643057, 0.120117397212369, 0.0 ], [ 117.486917081089942, 0.12028590749354, 0.0 ], [ 117.4872252296326, 0.120448672602475, 0.0 ], [ 117.487350771642213, 0.120515693548493, 0.0 ], [ 117.487482020357973, 0.120599948926821, 0.0 ], [ 117.487648395298734, 0.120693172010078, 0.0 ], [ 117.487860550253245, 0.120898674079357, 0.0 ], [ 117.488147777093474, 0.121161016827774, 0.0 ], [ 117.488221961325081, 0.121218463936681, 0.0 ], [ 117.488307558288327, 0.121272080939886, 0.0 ], [ 117.488488262468323, 0.12135633538753, 0.0 ], [ 117.489241530188636, 0.121813765484331, 0.0 ], [ 117.489518043384138, 0.121901375503011, 0.0 ], [ 117.490250622640971, 0.122134410453718, 0.0 ], [ 117.491205339826195, 0.122468085661585, 0.0 ], [ 117.491276855434634, 0.122487499948946, 0.0 ], [ 117.491340874554041, 0.122513230875638, 0.0 ], [ 117.491549088267931, 0.122650283932632, 0.0 ], [ 117.491812570260592, 0.122901166948333, 0.0 ], [ 117.492069468437904, 0.12316438294881, 0.0 ] ] } },
{ "type": "Feature", "properties": { "Kl_Dat_Das": "Jalan non tol", "Nm_Ruas": "Jl. Hayam Wuruk (Jl. Kawasan PT Badak)", "Thn_Data": 2015, "Status": "Jalan Kota", "Fungsi": "Jalan Kolektor", "Mendukung": null, "Ura_Dukung": null, "Kd_Bd_PU": null, "Kd_Jns_Inf": null, "Kd_Inf": "001 00 K 120", "Propinsi": "Kalimantan Timur", "Kab_Kota": "Bontang", "Kecamatan": "Bontang Selatan", "Desa_Kel": "Berbas Tengah", "Tk_Ruas_Aw": "Jl. Gajah Mada", "Tk_Ruas_Ak": "Kawasan PT. Badak Bontang", "Kd_Patok": null, "Km_Awal": 0.0, "Km_Akhir": 0.0, "Nm_Lintas": "-", "Kon_Baik": 0.8450320465, "Kon_Sdg": 0.0, "Kon_Rgn": 0.0, "Kon_Rusak": 0.0, "Kon_Mntp": 0.0, "Kon_T_Mntp": 0.0, "Panjang": 0.8450320465, "Lbr_Keras": 0.0, "LHRT": 0.0, "VCR": 0.0, "Tipe_Jln": 2, "MST": 0.0, "Tipe_Keras": "Aspal", "Tanah_Kri": 0.0, "Macadam": 0.0, "Aspal": 100.0, "Rigid": 0.0, "Thn_Pen_Ak": 0, "Jns_Pen": null, "Koord_X_Aw": 117.4745539254, "Koord_Y_Aw": 0.1168540046, "Koord_X_Ak": 117.4710717092, "Koord_Y_Ak": 0.1165942317 }, "geometry": { "type": "LineString", "coordinates": [ [ 117.471071709212993, 0.116594231699853, 0.0 ], [ 117.472159993616742, 0.115523180122584, 0.0 ], [ 117.473066685743063, 0.116540316815114, 0.0 ], [ 117.473245094495709, 0.116775239503199, 0.0 ], [ 117.473355667748663, 0.116930361320675, 0.0 ], [ 117.473503237876997, 0.117126633991084, 0.0 ], [ 117.473526637406863, 0.117153538391164, 0.0 ], [ 117.473553885919742, 0.117176478914679, 0.0 ], [ 117.473584328675969, 0.117194904336578, 0.0 ], [ 117.473617234183266, 0.117208371922409, 0.0 ], [ 117.47365181177328, 0.117216558067111, 0.0 ], [ 117.473687230600007, 0.11721926607043, 0.0 ], [ 117.473722639604006, 0.117216430863215, 0.0 ], [ 117.473888599876403, 0.117146078733477, 0.0 ], [ 117.474213249077977, 0.117001689419715, 0.0 ], [ 117.474553925449186, 0.116854004622779, 0.0 ], [ 117.474550948032515, 0.116767012496047, 0.0 ], [ 117.474551421750661, 0.1166124664576, 0.0 ], [ 117.474557654944093, 0.116458047134286, 0.0 ], [ 117.474564223756474, 0.116313976285429, 0.0 ], [ 117.474570569699651, 0.116174793589008, 0.0 ], [ 117.474564209655497, 0.11611758610816, 0.0 ], [ 117.474550916589294, 0.116061598625434, 0.0 ], [ 117.474530891901395, 0.116007679395226, 0.0 ], [ 117.474504438981654, 0.115956645336543, 0.0 ], [ 117.474471958612583, 0.115909269655554, 0.0 ], [ 117.474433942897335, 0.115866270131281, 0.0 ], [ 117.474391674495422, 0.115819524270159, 0.0 ], [ 117.474345120237658, 0.115777105552872, 0.0 ], [ 117.474294715161165, 0.115739410371264, 0.0 ], [ 117.474240930287905, 0.115706790976832, 0.0 ], [ 117.474184268223169, 0.115679552189264, 0.0 ], [ 117.474125258458898, 0.115657948547958, 0.0 ], [ 117.47408247865323, 0.115645978452668, 0.0 ], [ 117.474038488486542, 0.11563990883325, 0.0 ], [ 117.473994087132908, 0.115639849957229, 0.0 ], [ 117.473950081236495, 0.115645802894332, 0.0 ], [ 117.473907270257129, 0.115657659497041, 0.0 ], [ 117.473866431946519, 0.115675204365243, 0.0 ], [ 117.473828308218742, 0.115698118759541, 0.0 ], [ 117.47379359167175, 0.115725986391733, 0.0 ], [ 117.472966182802253, 0.116427571586793, 0.0 ] ] } },
{ "type": "Feature", "properties": { "Kl_Dat_Das": "Jalan non tol", "Nm_Ruas": "Jl. Intan 2", "Thn_Data": 2015, "Status": "Jalan Kota", "Fungsi": null, "Mendukung": null, "Ura_Dukung": null, "Kd_Bd_PU": null, "Kd_Jns_Inf": null, "Kd_Inf": "001 00 K 151", "Propinsi": "Kalimantan Timur", "Kab_Kota": "Bontang", "Kecamatan": "Bontang Selatan", "Desa_Kel": "Berbas Pantai", "Tk_Ruas_Aw": "Jl. Veteran", "Tk_Ruas_Ak": "Jl. Sultan Hasanuddin", "Kd_Patok": null, "Km_Awal": 0.0, "Km_Akhir": 0.0, "Nm_Lintas": "-", "Kon_Baik": 0.2243135913, "Kon_Sdg": 0.0, "Kon_Rgn": 0.0, "Kon_Rusak": 0.0, "Kon_Mntp": 0.0, "Kon_T_Mntp": 0.0, "Panjang": 0.2243135913, "Lbr_Keras": 0.0, "LHRT": 0.0, "VCR": 0.0, "Tipe_Jln": 2, "MST": 0.0, "Tipe_Keras": "Beton", "Tanah_Kri": 0.0, "Macadam": 0.0, "Aspal": 0.0, "Rigid": 100.0, "Thn_Pen_Ak": 0, "Jns_Pen": null, "Koord_X_Aw": 553359.18846061453, "Koord_Y_Aw": 12756.269931664699, "Koord_X_Ak": 553580.73315076623, "Koord_Y_Ak": 12732.7386962362 }, "geometry": { "type": "LineString", "coordinates": [ [ 117.479520886173177, 0.115405905011783, 0.0 ], [ 117.47965166257103, 0.115395769290487, 0.0 ], [ 117.479770545773647, 0.115380208296232, 0.0 ], [ 117.479915583114661, 0.115351481570824, 0.0 ], [ 117.480122439849765, 0.115322753796263, 0.0 ], [ 117.480394682416332, 0.115290434378773, 0.0 ], [ 117.480493355378911, 0.115272480039891, 0.0 ], [ 117.480590839405238, 0.115248541500539, 0.0 ], [ 117.480726366012121, 0.115217421250488, 0.0 ], [ 117.480810773096863, 0.115207845063579, 0.0 ], [ 117.480916579300299, 0.115204252733632, 0.0 ], [ 117.481053294754815, 0.115174329308304, 0.0 ], [ 117.481135324026113, 0.115156375253332, 0.0 ], [ 117.481191199181211, 0.115152783771675, 0.0 ], [ 117.481254207402159, 0.115152782700898, 0.0 ], [ 117.48135644739655, 0.115167143091498, 0.0 ], [ 117.481427777677155, 0.115180307162898, 0.0 ], [ 117.481511782318918, 0.115192984262089, 0.0 ] ] } },
{ "type": "Feature", "properties": { "Kl_Dat_Das": "Jalan non tol", "Nm_Ruas": "Jl. Kampung Baru", "Thn_Data": 2015, "Status": "Jalan Kota", "Fungsi": null, "Mendukung": null, "Ura_Dukung": null, "Kd_Bd_PU": null, "Kd_Jns_Inf": null, "Kd_Inf": "001 00 K 359", "Propinsi": "Kalimantan Timur", "Kab_Kota": "Bontang", "Kecamatan": "Bontang Selatan", "Desa_Kel": "Bontang Lestari", "Tk_Ruas_Aw": "Jl. Letjen. Urip Sumohardjo", "Tk_Ruas_Ak": "Buntu", "Kd_Patok": null, "Km_Awal": 0.0, "Km_Akhir": 0.0, "Nm_Lintas": "-", "Kon_Baik": 0.2502345088, "Kon_Sdg": 0.0, "Kon_Rgn": 0.0, "Kon_Rusak": 0.0, "Kon_Mntp": 0.0, "Kon_T_Mntp": 0.0, "Panjang": 0.271013898, "Lbr_Keras": 0.0, "LHRT": 0.0, "VCR": 0.0, "Tipe_Jln": 2, "MST": 0.0, "Tipe_Keras": "Beton", "Tanah_Kri": 0.0, "Macadam": 0.0, "Aspal": 0.0, "Rigid": 100.0, "Thn_Pen_Ak": 0, "Jns_Pen": null, "Koord_X_Aw": 552080.91662247758, "Koord_Y_Aw": 3993.4912096970002, "Koord_X_Ak": 551977.2333557175, "Koord_Y_Ak": 3753.5592302174 }, "geometry": { "type": "LineString", "coordinates": [ [ 117.468032901470181, 0.036129154099076, 0.0 ], [ 117.468055779353691, 0.036096635004128, 0.0 ], [ 117.468068618656019, 0.036075091702621, 0.0 ], [ 117.468070758495728, 0.036062883858391, 0.0 ], [ 117.468073611526179, 0.03602913277546, 0.0 ], [ 117.468072897914283, 0.035968093613338, 0.0 ], [ 117.468065764465308, 0.035881202602302, 0.0 ], [ 117.468054351391686, 0.035829498896989, 0.0 ], [ 117.468032951937886, 0.035744044174462, 0.0 ], [ 117.467998712942119, 0.035632737634809, 0.0 ], [ 117.467963047259971, 0.035504196513105, 0.0 ], [ 117.467928808195836, 0.035378527814176, 0.0 ], [ 117.467887436019353, 0.035231315914515, 0.0 ], [ 117.467854623650581, 0.035123599902086, 0.0 ], [ 117.467805655086707, 0.035028869753584, 0.0 ], [ 117.467744786398924, 0.034956101795628, 0.0 ], [ 117.467674406950096, 0.034866099294963, 0.0 ], [ 117.467562180337367, 0.03473779791384, 0.0 ], [ 117.4674765837417, 0.03463439080334, 0.0 ], [ 117.46737577005473, 0.034529068811155, 0.0 ], [ 117.467324412064343, 0.034460130705931, 0.0 ], [ 117.467293977619107, 0.034402682223193, 0.0 ], [ 117.467244521690489, 0.034318424471237, 0.0 ], [ 117.46716653325079, 0.034134589225565, 0.0 ], [ 117.467101146427098, 0.033958491672371, 0.0 ] ] } },
{ "type": "Feature", "properties": { "Kl_Dat_Das": "Jalan non tol", "Nm_Ruas": "Jl. Kapal Layar 4", "Thn_Data": 2015, "Status": "Jalan Kota", "Fungsi": null, "Mendukung": null, "Ura_Dukung": null, "Kd_Bd_PU": null, "Kd_Jns_Inf": null, "Kd_Inf": "001 00 K 065", "Propinsi": "Kalimantan Timur", "Kab_Kota": "Bontang", "Kecamatan": "Bontang Utara", "Desa_Kel": "Loktuan", "Tk_Ruas_Aw": "Jl. Kapal Layar", "Tk_Ruas_Ak": "Sp. 4 Jl. Kapal Layar 5 - Gg. Hidayat Mustofa 6", "Kd_Patok": null, "Km_Awal": 0.0, "Km_Akhir": 0.0, "Nm_Lintas": "-", "Kon_Baik": 0.1577204583, "Kon_Sdg": 0.0, "Kon_Rgn": 0.0, "Kon_Rusak": 0.0, "Kon_Mntp": 0.0, "Kon_T_Mntp": 0.0, "Panjang": 0.1577204583, "Lbr_Keras": 3.0, "LHRT": 0.0, "VCR": 0.0, "Tipe_Jln": 2, "MST": 0.0, "Tipe_Keras": "Beton", "Tanah_Kri": 0.0, "Macadam": 0.0, "Aspal": 0.0, "Rigid": 100.0, "Thn_Pen_Ak": 0, "Jns_Pen": null, "Koord_X_Aw": 117.473874412, "Koord_Y_Aw": 0.1681088148, "Koord_X_Ak": 117.47521110149999, "Koord_Y_Ak": 0.1676421324 }, "geometry": { "type": "LineString", "coordinates": [ [ 117.473874412028508, 0.168108814811243, 0.0 ], [ 117.474817359214725, 0.167807189274224, 0.0 ], [ 117.474895822012996, 0.167785644144852, 0.0 ], [ 117.474960018695029, 0.167761705674049, 0.0 ], [ 117.475040858936808, 0.167730585726281, 0.0 ], [ 117.475132398374129, 0.167685103376651, 0.0 ], [ 117.47521110151159, 0.167642132381229, 0.0 ] ] } },
{ "type": "Feature", "properties": { "Kl_Dat_Das": "Jalan non tol", "Nm_Ruas": "Jl. Kapal Layar 6 (Gg. Kapal Layar 4)", "Thn_Data": 2015, "Status": "Jalan Kota", "Fungsi": null, "Mendukung": null, "Ura_Dukung": null, "Kd_Bd_PU": null, "Kd_Jns_Inf": null, "Kd_Inf": "001 00 K 321", "Propinsi": "Kalimantan Timur", "Kab_Kota": "Bontang", "Kecamatan": "Bontang Utara", "Desa_Kel": "Lok Tuan", "Tk_Ruas_Aw": "Jl. Kapal Layar 5", "Tk_Ruas_Ak": "Sp. 3 Gg. Kapal Layar 2 - Gg. Kapal Layar_L-1", "Kd_Patok": null, "Km_Awal": 0.0, "Km_Akhir": 0.0, "Nm_Lintas": "-", "Kon_Baik": 0.2076496618, "Kon_Sdg": 0.0, "Kon_Rgn": 0.0, "Kon_Rusak": 0.0, "Kon_Mntp": 0.0, "Kon_T_Mntp": 0.0, "Panjang": 0.2076496618, "Lbr_Keras": 0.0, "LHRT": 0.0, "VCR": 0.0, "Tipe_Jln": 2, "MST": 0.0, "Tipe_Keras": "Beton", "Tanah_Kri": 0.0, "Macadam": 0.0, "Aspal": 0.0, "Rigid": 100.0, "Thn_Pen_Ak": 0, "Jns_Pen": null, "Koord_X_Aw": 552901.98024243768, "Koord_Y_Aw": 18601.967054283199, "Koord_X_Ak": 552881.12332644593, "Koord_Y_Ak": 18755.927608192 }, "geometry": { "type": "LineString", "coordinates": [ [ 117.475413285856163, 0.168291993898118, 0.0 ], [ 117.475174024203, 0.168367902466774, 0.0 ], [ 117.475080225681779, 0.168401266824445, 0.0 ], [ 117.475151560971796, 0.168607720847643, 0.0 ], [ 117.475130759932327, 0.168757326992176, 0.0 ], [ 117.475020801920635, 0.169149296461537, 0.0 ], [ 117.47501188898174, 0.169286933866219, 0.0 ], [ 117.475211019087638, 0.169274960503948, 0.0 ], [ 117.475225889554835, 0.169684879566754, 0.0 ] ] } },
{ "type": "Feature", "properties": { "Kl_Dat_Das": "Jalan non tol", "Nm_Ruas": "Jl.. Awang Long_BB-2", "Thn_Data": 2015, "Status": "Jalan Kota", "Fungsi": null, "Mendukung": null, "Ura_Dukung": null, "Kd_Bd_PU": null, "Kd_Jns_Inf": null, "Kd_Inf": "001 00 K 079", "Propinsi": "Kalimantan Timur", "Kab_Kota": "Bontang", "Kecamatan": "Bontang Utara", "Desa_Kel": "Bontang Baru", "Tk_Ruas_Aw": "Jl. Awang Long", "Tk_Ruas_Ak": "Buntu", "Kd_Patok": null, "Km_Awal": 0.0, "Km_Akhir": 0.0, "Nm_Lintas": "-", "Kon_Baik": 0.14576974, "Kon_Sdg": 0.0, "Kon_Rgn": 0.0, "Kon_Rusak": 0.0, "Kon_Mntp": 0.0, "Kon_T_Mntp": 0.0, "Panjang": 0.14576974, "Lbr_Keras": 0.0, "LHRT": 0.0, "VCR": 0.0, "Tipe_Jln": 2, "MST": 0.0, "Tipe_Keras": "Beton", "Tanah_Kri": 0.0, "Macadam": 0.0, "Aspal": 0.0, "Rigid": 100.0, "Thn_Pen_Ak": 0, "Jns_Pen": null, "Koord_X_Aw": 117.49602453769999, "Koord_Y_Aw": 0.1383707016, "Koord_X_Ak": 117.4966708497, "Koord_Y_Ak": 0.1376273335 }, "geometry": { "type": "LineString", "coordinates": [ [ 117.496024537716153, 0.138370701610273, 0.0 ], [ 117.495998215299153, 0.137973474130759, 0.0 ], [ 117.495998212698069, 0.137847805785589, 0.0 ], [ 117.496005343912358, 0.137761633056579, 0.0 ], [ 117.496041007707205, 0.137704183923196, 0.0 ], [ 117.49611233744875, 0.137693410856618, 0.0 ], [ 117.496319194043522, 0.137679044426241, 0.0 ], [ 117.496590247371756, 0.137653905077715, 0.0 ], [ 117.496670849674729, 0.137627333511888, 0.0 ] ] } },
{ "type": "Feature", "properties": { "Kl_Dat_Das": "Jalan non tol", "Nm_Ruas": "Jl.. Awang Long_BB-1", "Thn_Data": 2015, "Status": "Jalan Kota", "Fungsi": null, "Mendukung": null, "Ura_Dukung": null, "Kd_Bd_PU": null, "Kd_Jns_Inf": null, "Kd_Inf": "001 00 K 078", "Propinsi": "Kalimantan Timur", "Kab_Kota": "Bontang", "Kecamatan": "Bontang Utara", "Desa_Kel": "Bontang Baru", "Tk_Ruas_Aw": "Jl. Awang Long", "Tk_Ruas_Ak": "Buntu", "Kd_Patok": null, "Km_Awal": 0.0, "Km_Akhir": 0.0, "Nm_Lintas": "-", "Kon_Baik": 0.035233884, "Kon_Sdg": 0.0, "Kon_Rgn": 0.0, "Kon_Rusak": 0.0, "Kon_Mntp": 0.0, "Kon_T_Mntp": 0.0, "Panjang": 0.035233884, "Lbr_Keras": 0.0, "LHRT": 0.0, "VCR": 0.0, "Tipe_Jln": 2, "MST": 0.0, "Tipe_Keras": "Beton", "Tanah_Kri": 0.0, "Macadam": 0.0, "Aspal": 0.0, "Rigid": 100.0, "Thn_Pen_Ak": 0, "Jns_Pen": null, "Koord_X_Aw": 117.49543969920001, "Koord_Y_Aw": 0.1384351712, "Koord_X_Ak": 117.49541951819999, "Koord_Y_Ak": 0.1381170594 }, "geometry": { "type": "LineString", "coordinates": [ [ 117.49543969916769, 0.138435171228851, 0.0 ], [ 117.495419518231714, 0.138117059373881, 0.0 ] ] } },
{ "type": "Feature", "properties": { "Kl_Dat_Das": "Jalan non tol", "Nm_Ruas": "Jl.. Awang Long_BB-3", "Thn_Data": 2015, "Status": "Jalan Kota", "Fungsi": null, "Mendukung": null, "Ura_Dukung": null, "Kd_Bd_PU": null, "Kd_Jns_Inf": null, "Kd_Inf": "001 00 K 080", "Propinsi": "Kalimantan Timur", "Kab_Kota": "Bontang", "Kecamatan": "Bontang Utara", "Desa_Kel": "Bontang Baru", "Tk_Ruas_Aw": "Jl. Awang Long", "Tk_Ruas_Ak": "Buntu", "Kd_Patok": null, "Km_Awal": 0.0, "Km_Akhir": 0.0, "Nm_Lintas": "-", "Kon_Baik": 0.0814663718, "Kon_Sdg": 0.0, "Kon_Rgn": 0.0, "Kon_Rusak": 0.0, "Kon_Mntp": 0.0, "Kon_T_Mntp": 0.0, "Panjang": 0.0814663718, "Lbr_Keras": 0.0, "LHRT": 0.0, "VCR": 0.0, "Tipe_Jln": 2, "MST": 0.0, "Tipe_Keras": "Beton", "Tanah_Kri": 0.0, "Macadam": 0.0, "Aspal": 0.0, "Rigid": 100.0, "Thn_Pen_Ak": 0, "Jns_Pen": null, "Koord_X_Aw": 117.4975986913, "Koord_Y_Aw": 0.1382001425, "Koord_X_Ak": 117.49747024129999, "Koord_Y_Ak": 0.1374745519 }, "geometry": { "type": "LineString", "coordinates": [ [ 117.497598691253899, 0.138200142492121, 0.0 ], [ 117.497470241297094, 0.137474551940781, 0.0 ] ] } },
{ "type": "Feature", "properties": { "Kl_Dat_Das": "Jalan non tol", "Nm_Ruas": "Jl. Satya Lencana 1", "Thn_Data": 2015, "Status": "Jalan Kota", "Fungsi": null, "Mendukung": null, "Ura_Dukung": null, "Kd_Bd_PU": null, "Kd_Jns_Inf": null, "Kd_Inf": "001 00 K 430", "Propinsi": "Kalimantan Timur", "Kab_Kota": "Bontang", "Kecamatan": "Bontang Selatan", "Desa_Kel": "Bontang Lestari", "Tk_Ruas_Aw": "Jl. Indominco", "Tk_Ruas_Ak": "Sp. 3 Jl. Satya Lencana 2- Jl. Satya Lencana 3", "Kd_Patok": null, "Km_Awal": 0.0, "Km_Akhir": 0.0, "Nm_Lintas": "-", "Kon_Baik": 0.0, "Kon_Sdg": 0.0, "Kon_Rgn": 0.0, "Kon_Rusak": 0.0, "Kon_Mntp": 0.0, "Kon_T_Mntp": 0.0, "Panjang": 1.9652326935, "Lbr_Keras": 0.0, "LHRT": 0.0, "VCR": 0.0, "Tipe_Jln": 2, "MST": 0.0, "Tipe_Keras": "Beton", "Tanah_Kri": 0.0, "Macadam": 0.0, "Aspal": 0.0, "Rigid": 0.0, "Thn_Pen_Ak": 2017, "Jns_Pen": "Peningkatan", "Koord_X_Aw": 117.44450047949999, "Koord_Y_Aw": 0.0415468699, "Koord_X_Ak": 117.43831060620001, "Koord_Y_Ak": 0.0313211941 }, "geometry": { "type": "LineString", "coordinates": [ [ 117.438310606209228, 0.031321194144108, 0.0 ], [ 117.438304022883031, 0.031536380815937, 0.0 ], [ 117.43829830782046, 0.031670164662478, 0.0 ], [ 117.438293789601289, 0.031814367581787, 0.0 ], [ 117.438283221141546, 0.031958249371664, 0.0 ], [ 117.438266621330627, 0.032101552868048, 0.0 ], [ 117.438257921511095, 0.032167208884479, 0.0 ], [ 117.438253801532952, 0.032233316517791, 0.0 ], [ 117.4382542815503, 0.032299552379721, 0.0 ], [ 117.438259359214953, 0.032365592455344, 0.0 ], [ 117.438269009688369, 0.032431113686981, 0.0 ], [ 117.438352362373848, 0.032688542283091, 0.0 ], [ 117.438392700326062, 0.032783676338416, 0.0 ], [ 117.438437612802659, 0.032876709848548, 0.0 ], [ 117.438486992255321, 0.032967420034444, 0.0 ], [ 117.438552852133625, 0.033008661522676, 0.0 ], [ 117.438621311867138, 0.033045362012128, 0.0 ], [ 117.43869206299793, 0.033077356142446, 0.0 ], [ 117.438764786744628, 0.033104499758178, 0.0 ], [ 117.438839155437023, 0.03312667055917, 0.0 ], [ 117.438914833993394, 0.033143768651189, 0.0 ], [ 117.439086140305108, 0.033184161620692, 0.0 ], [ 117.43925853269343, 0.033219563020039, 0.0 ], [ 117.43943186768513, 0.033249943386525, 0.0 ], [ 117.439606001021517, 0.033275277436361, 0.0 ], [ 117.439780787780265, 0.033295544085907, 0.0 ], [ 117.439908446895402, 0.033308008259027, 0.0 ], [ 117.440036510736718, 0.033315111605598, 0.0 ], [ 117.440164757286084, 0.033316841810937, 0.0 ], [ 117.440292964209007, 0.033313195875791, 0.0 ], [ 117.440420909239364, 0.033304180121282, 0.0 ], [ 117.440833551076167, 0.033242581056764, 0.0 ], [ 117.441207852996172, 0.033174450893904, 0.0 ], [ 117.441581094930356, 0.033100661962458, 0.0 ], [ 117.442011778970269, 0.033001595454055, 0.0 ], [ 117.442111242843339, 0.032982505818962, 0.0 ], [ 117.442211517703456, 0.032968355284156, 0.0 ], [ 117.442312361711174, 0.032959177977463, 0.0 ], [ 117.442413531654552, 0.032954996031793, 0.0 ], [ 117.442491422973717, 0.03295493533613, 0.0 ], [ 117.442569135962358, 0.032960238902828, 0.0 ], [ 117.442646306548454, 0.032970881885156, 0.0 ], [ 117.442722573201195, 0.032986814422391, 0.0 ], [ 117.442797578624436, 0.033007961873334, 0.0 ], [ 117.442859913752301, 0.033031528749583, 0.0 ], [ 117.442919497576312, 0.03306145148567, 0.0 ], [ 117.442975692717823, 0.033097409992601, 0.0 ], [ 117.443027898047845, 0.03313901961589, 0.0 ], [ 117.443075555116934, 0.033185835249758, 0.0 ], [ 117.443149881506201, 0.033263480161984, 0.0 ], [ 117.44321975999911, 0.033345204179347, 0.0 ], [ 117.443284970101345, 0.033430749430609, 0.0 ], [ 117.443345306049991, 0.03351984598723, 0.0 ], [ 117.443422938411359, 0.033624786678218, 0.0 ], [ 117.44350458897874, 0.033726589727236, 0.0 ], [ 117.443590132758914, 0.033825099290958, 0.0 ], [ 117.443679438798426, 0.033920164567838, 0.0 ], [ 117.443796117777993, 0.034015201604357, 0.0 ], [ 117.443916811707368, 0.034105013119945, 0.0 ], [ 117.444041289858546, 0.034189427423725, 0.0 ], [ 117.44416931426862, 0.034268283142903, 0.0 ], [ 117.444265399787369, 0.034317069059117, 0.0 ], [ 117.444364086772907, 0.034360272283051, 0.0 ], [ 117.444465055508132, 0.034397752848933, 0.0 ], [ 117.444567978883114, 0.034429389331155, 0.0 ], [ 117.444692250229295, 0.034461131540696, 0.0 ], [ 117.444815613420587, 0.03449628120875, 0.0 ], [ 117.44493797629174, 0.034534812074946, 0.0 ], [ 117.445026110589438, 0.034569224573217, 0.0 ], [ 117.445111661420924, 0.03460970911072, 0.0 ], [ 117.445194216622568, 0.034656070641706, 0.0 ], [ 117.445273378461721, 0.034708085806819, 0.0 ], [ 117.445381489281218, 0.034788080419581, 0.0 ], [ 117.445492153303348, 0.034864454543851, 0.0 ], [ 117.445605250948361, 0.034937125653319, 0.0 ], [ 117.446104645760471, 0.035157707128547, 0.0 ], [ 117.446710456243636, 0.035446827452987, 0.0 ], [ 117.446762449253924, 0.035478279004248, 0.0 ], [ 117.446810921422426, 0.035514990116434, 0.0 ], [ 117.446855349855142, 0.035556564768249, 0.0 ], [ 117.446895255280765, 0.03560255447293, 0.0 ], [ 117.446930207219012, 0.035652463116148, 0.0 ], [ 117.44695982862595, 0.035705752308059, 0.0 ], [ 117.446983799960549, 0.035761847191446, 0.0 ], [ 117.446996817226577, 0.035825460962598, 0.0 ], [ 117.447005169614158, 0.035889863966069, 0.0 ], [ 117.447008812221966, 0.035954709973226, 0.0 ], [ 117.447007725467287, 0.036019650374327, 0.0 ], [ 117.447001915192004, 0.036084336051638, 0.0 ], [ 117.446966274406236, 0.036509191886769, 0.0 ], [ 117.446933401105539, 0.036815693249385, 0.0 ], [ 117.446917841177978, 0.036910087991317, 0.0 ], [ 117.446895420300521, 0.03700307325263, 0.0 ], [ 117.446866260169827, 0.037094144324913, 0.0 ], [ 117.44683051906226, 0.037182806890149, 0.0 ], [ 117.446800279860099, 0.037266914112314, 0.0 ], [ 117.446764858920119, 0.037348945752149, 0.0 ], [ 117.446724395793609, 0.037428578621318, 0.0 ], [ 117.44667904989717, 0.037505498981905, 0.0 ], [ 117.446628999884311, 0.037579403782754, 0.0 ], [ 117.44657148290662, 0.037657807675034, 0.0 ], [ 117.446509744435957, 0.037732887139627, 0.0 ], [ 117.446443973674505, 0.037804412089675, 0.0 ], [ 117.446374372181268, 0.037872163330935, 0.0 ], [ 117.445866572523997, 0.038360478348125, 0.0 ], [ 117.445842694228546, 0.038393824691422, 0.0 ], [ 117.445822238306278, 0.038429402195936, 0.0 ], [ 117.445805408716652, 0.038466856128492, 0.0 ], [ 117.445792373262876, 0.038505813047457, 0.0 ], [ 117.44571911960314, 0.038696691480303, 0.0 ], [ 117.445643461173077, 0.038894714830201, 0.0 ], [ 117.445572417738632, 0.039094463253508, 0.0 ], [ 117.445506028064969, 0.03929582775851, 0.0 ], [ 117.445472805390423, 0.039424273626304, 0.0 ], [ 117.44543414706871, 0.03955116861186, 0.0 ], [ 117.445390124089869, 0.039676279690712, 0.0 ], [ 117.445340817295445, 0.039799377114845, 0.0 ], [ 117.445286317230085, 0.039920234833858, 0.0 ], [ 117.44523309010016, 0.04003943926457, 0.0 ], [ 117.445175806203892, 0.040156722324239, 0.0 ], [ 117.44511453385951, 0.040271944137157, 0.0 ], [ 117.445049346143037, 0.040384967285323, 0.0 ], [ 117.444910179816375, 0.040608897248106, 0.0 ], [ 117.444488519179686, 0.041295740961925, 0.0 ], [ 117.444481973725146, 0.041322017805513, 0.0 ], [ 117.44447993798633, 0.041349030665754, 0.0 ], [ 117.444482470642356, 0.041376000904729, 0.0 ], [ 117.444492058811534, 0.041474936220149, 0.0 ], [ 117.444500479507454, 0.041546869917319, 0.0 ] ] } },
{ "type": "Feature", "properties": { "Kl_Dat_Das": "Jalan non tol", "Nm_Ruas": "Jl. Ulin", "Thn_Data": 2015, "Status": "Jalan Kota", "Fungsi": null, "Mendukung": null, "Ura_Dukung": null, "Kd_Bd_PU": null, "Kd_Jns_Inf": null, "Kd_Inf": "001 00 K 414", "Propinsi": "Kalimantan Timur", "Kab_Kota": "Bontang", "Kecamatan": "Bontang Selatan", "Desa_Kel": "Satimpo", "Tk_Ruas_Aw": "Jl. Ir. Simon Tampubolon", "Tk_Ruas_Ak": "Sp. 3 Jl. Beringin - Gg. Tunjung", "Kd_Patok": null, "Km_Awal": 0.0, "Km_Akhir": 0.0, "Nm_Lintas": "-", "Kon_Baik": 1.5422455244, "Kon_Sdg": 0.0, "Kon_Rgn": 0.0, "Kon_Rusak": 0.0, "Kon_Mntp": 0.0, "Kon_T_Mntp": 0.0, "Panjang": 0.3816354002, "Lbr_Keras": 0.0, "LHRT": 0.0, "VCR": 0.0, "Tipe_Jln": 2, "MST": 0.0, "Tipe_Keras": "Beton", "Tanah_Kri": 0.0, "Macadam": 0.0, "Aspal": 0.0, "Rigid": 100.0, "Thn_Pen_Ak": 0, "Jns_Pen": null, "Koord_X_Aw": 552506.69530401193, "Koord_Y_Aw": 14061.0414681807, "Koord_X_Ak": 552474.4238715414, "Koord_Y_Ak": 14389.600487519099 }, "geometry": { "type": "LineString", "coordinates": [ [ 117.471860200232584, 0.127210307835706, 0.0 ], [ 117.472222761271183, 0.127948994274093, 0.0 ], [ 117.472323580038065, 0.128245810114467, 0.0 ], [ 117.472413936177901, 0.128494752317181, 0.0 ], [ 117.472451983081754, 0.128719758577348, 0.0 ], [ 117.472494786486891, 0.129007000715594, 0.0 ], [ 117.472488249222096, 0.129079409994812, 0.0 ], [ 117.472455557433619, 0.129145237112898, 0.0 ], [ 117.472419893388363, 0.129202087945346, 0.0 ], [ 117.472362426421185, 0.129277322734898, 0.0 ], [ 117.472270438058544, 0.129404417215929, 0.0 ], [ 117.471883108586994, 0.129927555559009, 0.0 ], [ 117.471795013736681, 0.130044191315459, 0.0 ], [ 117.471748092637156, 0.130083337155157, 0.0 ], [ 117.471697699475641, 0.130117832775518, 0.0 ], [ 117.471644287375057, 0.13014736799997, 0.0 ], [ 117.471570248787131, 0.130182788177937, 0.0 ] ] } },
{ "type": "Feature", "properties": { "Kl_Dat_Das": "Jalan non tol", "Nm_Ruas": "Jl. Taekwondo 2", "Thn_Data": 2015, "Status": "Jalan Kota", "Fungsi": "Jalan Lingkungan", "Mendukung": null, "Ura_Dukung": null, "Kd_Bd_PU": null, "Kd_Jns_Inf": null, "Kd_Inf": "001 00 K 344", "Propinsi": "Kalimantan Timur", "Kab_Kota": "Bontang", "Kecamatan": "Bontang Utara", "Desa_Kel": "Api-api", "Tk_Ruas_Aw": "Jl. Jenderal A. Yani", "Tk_Ruas_Ak": "Buntu", "Kd_Patok": null, "Km_Awal": 0.0, "Km_Akhir": 0.0, "Nm_Lintas": "-", "Kon_Baik": 0.1870851804, "Kon_Sdg": 0.0, "Kon_Rgn": 0.0, "Kon_Rusak": 0.0, "Kon_Mntp": 0.0, "Kon_T_Mntp": 0.0, "Panjang": 0.2659434162, "Lbr_Keras": 0.0, "LHRT": 0.0, "VCR": 0.0, "Tipe_Jln": 2, "MST": 0.0, "Tipe_Keras": "Beton", "Tanah_Kri": 0.0, "Macadam": 0.0, "Aspal": 0.0, "Rigid": 100.0, "Thn_Pen_Ak": 0, "Jns_Pen": null, "Koord_X_Aw": 554366.73296125978, "Koord_Y_Aw": 14366.629002837501, "Koord_X_Ak": 554376.32783237938, "Koord_Y_Ak": 14632.072138465899 }, "geometry": { "type": "LineString", "coordinates": [ [ 117.488575391422245, 0.129974639640006, 0.0 ], [ 117.488611064588383, 0.130398321269979, 0.0 ], [ 117.488623698336298, 0.130829866603619, 0.0 ], [ 117.48866103490009, 0.131200727534421, 0.0 ], [ 117.488672451273032, 0.131384562350678, 0.0 ], [ 117.488674355007277, 0.131466905091832, 0.0 ], [ 117.488676258518993, 0.131537758142898, 0.0 ], [ 117.488672455778456, 0.131616271099854, 0.0 ], [ 117.488670560959321, 0.131991601012024, 0.0 ], [ 117.488669006831657, 0.132036013482142, 0.0 ], [ 117.488661631802216, 0.132106832270196, 0.0 ], [ 117.488661661748893, 0.132376097218765, 0.0 ] ] } },
{ "type": "Feature", "properties": { "Kl_Dat_Das": "Jalan non tol", "Nm_Ruas": "Jl. Catur 2", "Thn_Data": 2015, "Status": "Jalan Kota", "Fungsi": null, "Mendukung": null, "Ura_Dukung": null, "Kd_Bd_PU": null, "Kd_Jns_Inf": null, "Kd_Inf": "001 00 K 191", "Propinsi": "Kalimantan Timur", "Kab_Kota": "Bontang", "Kecamatan": "Bontang Utara", "Desa_Kel": "Api-api", "Tk_Ruas_Aw": "Jl. Catur", "Tk_Ruas_Ak": "Buntu", "Kd_Patok": null, "Km_Awal": 0.0, "Km_Akhir": 0.0, "Nm_Lintas": "-", "Kon_Baik": 0.1745392805, "Kon_Sdg": 0.0, "Kon_Rgn": 0.0, "Kon_Rusak": 0.0, "Kon_Mntp": 0.0, "Kon_T_Mntp": 0.0, "Panjang": 0.1086420613, "Lbr_Keras": 0.0, "LHRT": 0.0, "VCR": 0.0, "Tipe_Jln": 2, "MST": 0.0, "Tipe_Keras": "Beton", "Tanah_Kri": 0.0, "Macadam": 0.0, "Aspal": 0.0, "Rigid": 100.0, "Thn_Pen_Ak": 0, "Jns_Pen": null, "Koord_X_Aw": 553797.40729646944, "Koord_Y_Aw": 14575.6545154955, "Koord_X_Ak": 553904.60949181952, "Koord_Y_Ak": 14593.2594112344 }, "geometry": { "type": "LineString", "coordinates": [ [ 117.483459213860968, 0.131865790263209, 0.0 ], [ 117.484143623095463, 0.131982769656749, 0.0 ], [ 117.484422583944692, 0.132025042684202, 0.0 ] ] } },
{ "type": "Feature", "properties": { "Kl_Dat_Das": "Jalan non tol", "Nm_Ruas": "Jl. Catur 1", "Thn_Data": 2015, "Status": "Jalan Kota", "Fungsi": null, "Mendukung": null, "Ura_Dukung": null, "Kd_Bd_PU": null, "Kd_Jns_Inf": null, "Kd_Inf": "001 00 K 190", "Propinsi": "Kalimantan Timur", "Kab_Kota": "Bontang", "Kecamatan": "Bontang Utara", "Desa_Kel": "Api-api", "Tk_Ruas_Aw": "Jl. Catur", "Tk_Ruas_Ak": "Buntu", "Kd_Patok": null, "Km_Awal": 0.0, "Km_Akhir": 0.0, "Nm_Lintas": "-", "Kon_Baik": 0.0810873068, "Kon_Sdg": 0.0, "Kon_Rgn": 0.0, "Kon_Rusak": 0.0, "Kon_Mntp": 0.0, "Kon_T_Mntp": 0.0, "Panjang": 0.0515467891, "Lbr_Keras": 0.0, "LHRT": 0.0, "VCR": 0.0, "Tipe_Jln": 2, "MST": 0.0, "Tipe_Keras": "Beton", "Tanah_Kri": 0.0, "Macadam": 0.0, "Aspal": 0.0, "Rigid": 100.0, "Thn_Pen_Ak": 0, "Jns_Pen": null, "Koord_X_Aw": 553805.8860773351, "Koord_Y_Aw": 14523.109283333601, "Koord_X_Ak": 553857.10610514414, "Koord_Y_Ak": 14528.9041271433 }, "geometry": { "type": "LineString", "coordinates": [ [ 117.483535398838129, 0.131390412643113, 0.0 ], [ 117.483995685990422, 0.131442829554591, 0.0 ] ] } },
{ "type": "Feature", "properties": { "Kl_Dat_Das": "Jalan non tol", "Nm_Ruas": "Jl. Catur 8 (Tidak Ada dilapangan)", "Thn_Data": 2015, "Status": "Jalan Kota", "Fungsi": "Jalan Lingkungan", "Mendukung": null, "Ura_Dukung": null, "Kd_Bd_PU": null, "Kd_Jns_Inf": null, "Kd_Inf": "001 00 K 196", "Propinsi": "Kalimantan Timur", "Kab_Kota": "Bontang", "Kecamatan": "Bontang Utara", "Desa_Kel": "Api-api", "Tk_Ruas_Aw": "Jl. Catur 5", "Tk_Ruas_Ak": "Buntu", "Kd_Patok": null, "Km_Awal": 0.0, "Km_Akhir": 0.0, "Nm_Lintas": "-", "Kon_Baik": 0.1440761913, "Kon_Sdg": 0.0, "Kon_Rgn": 0.0, "Kon_Rusak": 0.0, "Kon_Mntp": 0.0, "Kon_T_Mntp": 0.0, "Panjang": 0.0560932307, "Lbr_Keras": 0.0, "LHRT": 0.0, "VCR": 0.0, "Tipe_Jln": 2, "MST": 0.0, "Tipe_Keras": "Beton", "Tanah_Kri": 0.0, "Macadam": 0.0, "Aspal": 0.0, "Rigid": 100.0, "Thn_Pen_Ak": 0, "Jns_Pen": null, "Koord_X_Aw": 553857.10610514414, "Koord_Y_Aw": 14528.9041271433, "Koord_X_Ak": 553848.70420315396, "Koord_Y_Ak": 14584.3645506334 }, "geometry": { "type": "LineString", "coordinates": [ [ 117.483995685990422, 0.131442829554591, 0.0 ], [ 117.48392019240822, 0.131944580832665, 0.0 ] ] } },
{ "type": "Feature", "properties": { "Kl_Dat_Das": "Jalan non tol", "Nm_Ruas": "Jl. Lobak", "Thn_Data": 2015, "Status": "Jalan Kota", "Fungsi": "Jalan Lingkungan", "Mendukung": null, "Ura_Dukung": null, "Kd_Bd_PU": null, "Kd_Jns_Inf": null, "Kd_Inf": "001 00 K 346", "Propinsi": "Kalimantan Timur", "Kab_Kota": "Bontang", "Kecamatan": "Bontang Utara", "Desa_Kel": "Gunung Elai", "Tk_Ruas_Aw": "Jl. MT. Haryono", "Tk_Ruas_Ak": "Jl. Wortel", "Kd_Patok": null, "Km_Awal": 0.0, "Km_Akhir": 0.0, "Nm_Lintas": "-", "Kon_Baik": 0.4627652553, "Kon_Sdg": 0.0, "Kon_Rgn": 0.0, "Kon_Rusak": 0.0, "Kon_Mntp": 0.0, "Kon_T_Mntp": 0.0, "Panjang": 0.0631679675, "Lbr_Keras": 0.0, "LHRT": 0.0, "VCR": 0.0, "Tipe_Jln": 2, "MST": 0.0, "Tipe_Keras": "Beton", "Tanah_Kri": 0.0, "Macadam": 0.0, "Aspal": 0.0, "Rigid": 100.0, "Thn_Pen_Ak": 0, "Jns_Pen": null, "Koord_X_Aw": 553387.00090000127, "Koord_Y_Aw": 14893.5329, "Koord_X_Ak": 553340.64554245584, "Koord_Y_Ak": 14936.4441217314 }, "geometry": { "type": "LineString", "coordinates": [ [ 117.47977117231521, 0.13474170589508, 0.0 ], [ 117.479354609564155, 0.135129931733867, 0.0 ] ] } },
{ "type": "Feature", "properties": { "Kl_Dat_Das": "Jalan non tol", "Nm_Ruas": "Jl. Arief Rahman Hakim_B-5 (Jl. Perusahaan PKT)", "Thn_Data": 2015, "Status": "Jalan Kota", "Fungsi": null, "Mendukung": null, "Ura_Dukung": null, "Kd_Bd_PU": null, "Kd_Jns_Inf": null, "Kd_Inf": "001 00 K 061", "Propinsi": "Kalimantan Timur", "Kab_Kota": "Bontang", "Kecamatan": "Bontang Barat", "Desa_Kel": "Belimbing", "Tk_Ruas_Aw": "Jl. Arief Rahman Hakim", "Tk_Ruas_Ak": "Buntu", "Kd_Patok": null, "Km_Awal": 0.0, "Km_Akhir": 0.0, "Nm_Lintas": "-", "Kon_Baik": 0.428184729, "Kon_Sdg": 0.0, "Kon_Rgn": 0.0, "Kon_Rusak": 0.0, "Kon_Mntp": 0.0, "Kon_T_Mntp": 0.0, "Panjang": 0.1457867939, "Lbr_Keras": 0.0, "LHRT": 0.0, "VCR": 0.0, "Tipe_Jln": 2, "MST": 0.0, "Tipe_Keras": "Beton", "Tanah_Kri": 0.0, "Macadam": 0.0, "Aspal": 0.0, "Rigid": 100.0, "Thn_Pen_Ak": 0, "Jns_Pen": null, "Koord_X_Aw": 117.4564815232, "Koord_Y_Aw": 0.16765442, "Koord_X_Ak": 117.4569067373, "Koord_Y_Ak": 0.1664096476 }, "geometry": { "type": "LineString", "coordinates": [ [ 117.456481523201163, 0.167654419997808, 0.0 ], [ 117.456585020732263, 0.167260273715017, 0.0 ], [ 117.456611921992831, 0.167159479874536, 0.0 ], [ 117.456639263226378, 0.167067920344845, 0.0 ], [ 117.456689786145844, 0.166945242219879, 0.0 ], [ 117.456719505311867, 0.166864454270203, 0.0 ], [ 117.456906737315933, 0.166409647582202, 0.0 ] ] } },
{ "type": "Feature", "properties": { "Kl_Dat_Das": "Jalan non tol", "Nm_Ruas": "Jl. Arief Rahman Hakim_B-4 (Jl. Perumahan Lembah Asri)", "Thn_Data": 2015, "Status": "Jalan Kota", "Fungsi": null, "Mendukung": null, "Ura_Dukung": null, "Kd_Bd_PU": null, "Kd_Jns_Inf": null, "Kd_Inf": "001 00 K 062", "Propinsi": "Kalimantan Timur", "Kab_Kota": "Bontang", "Kecamatan": "Bontang Barat", "Desa_Kel": "Belimbing", "Tk_Ruas_Aw": "Jl. Arief Rahman Hakim", "Tk_Ruas_Ak": "Jl. Pipa Gas Pertamina", "Kd_Patok": null, "Km_Awal": 0.0, "Km_Akhir": 0.0, "Nm_Lintas": "-", "Kon_Baik": 0.2708029262, "Kon_Sdg": 0.0, "Kon_Rgn": 0.0, "Kon_Rusak": 0.0, "Kon_Mntp": 0.0, "Kon_T_Mntp": 0.0, "Panjang": 0.1260030772, "Lbr_Keras": 0.0, "LHRT": 0.0, "VCR": 0.0, "Tipe_Jln": 2, "MST": 0.0, "Tipe_Keras": "Beton", "Tanah_Kri": 0.0, "Macadam": 0.0, "Aspal": 0.0, "Rigid": 100.0, "Thn_Pen_Ak": 0, "Jns_Pen": null, "Koord_X_Aw": 117.4544530463, "Koord_Y_Aw": 0.1670890147, "Koord_X_Ak": 117.45409555640001, "Koord_Y_Ak": 0.1681699901 }, "geometry": { "type": "LineString", "coordinates": [ [ 117.454453046306838, 0.167089014715845, 0.0 ], [ 117.454400829296745, 0.1672335685604, 0.0 ], [ 117.454367422081276, 0.167329469742139, 0.0 ], [ 117.454342342718093, 0.16742602318065, 0.0 ], [ 117.454315239047318, 0.167509324476868, 0.0 ], [ 117.454293841055986, 0.167559592618415, 0.0 ], [ 117.454271017182904, 0.167641457597327, 0.0 ], [ 117.454236781093044, 0.167752047210468, 0.0 ], [ 117.454207299785594, 0.167837263522378, 0.0 ], [ 117.454178769684646, 0.167928224686153, 0.0 ], [ 117.454150239363372, 0.168009611061403, 0.0 ], [ 117.454126464132983, 0.168079028839446, 0.0 ], [ 117.454109821510642, 0.16812929687245, 0.0 ], [ 117.454095556350623, 0.168169990060748, 0.0 ] ] } },
{ "type": "Feature", "properties": { "Kl_Dat_Das": "Jalan non tol", "Nm_Ruas": "Jl. Keladi 2", "Thn_Data": 2015, "Status": "Jalan Kota", "Fungsi": "Jalan Lingkungan", "Mendukung": null, "Ura_Dukung": null, "Kd_Bd_PU": null, "Kd_Jns_Inf": null, "Kd_Inf": "001 00 K 205", "Propinsi": "Kalimantan Timur", "Kab_Kota": "Bontang", "Kecamatan": "Bontang Utara", "Desa_Kel": "Gunung Elai", "Tk_Ruas_Aw": "Jl. MH. Thamrin", "Tk_Ruas_Ak": "Jl. Keladi 2", "Kd_Patok": null, "Km_Awal": 0.0, "Km_Akhir": 0.0, "Nm_Lintas": "-", "Kon_Baik": 0.3777726311, "Kon_Sdg": 0.0, "Kon_Rgn": 0.0, "Kon_Rusak": 0.0, "Kon_Mntp": 0.0, "Kon_T_Mntp": 0.0, "Panjang": 0.1859683511, "Lbr_Keras": 4.5, "LHRT": 0.0, "VCR": 0.0, "Tipe_Jln": 2, "MST": 0.0, "Tipe_Keras": "Beton", "Tanah_Kri": 0.0, "Macadam": 0.0, "Aspal": 0.0, "Rigid": 100.0, "Thn_Pen_Ak": 2013, "Jns_Pen": "Peningkatan", "Koord_X_Aw": 554247.18166994583, "Koord_Y_Aw": 15996.7240590286, "Koord_X_Ak": 554401.53805044852, "Koord_Y_Ak": 15909.5606715493 }, "geometry": { "type": "LineString", "coordinates": [ [ 117.487501349430431, 0.144722103583724, 0.0 ], [ 117.487744816466076, 0.144427196232368, 0.0 ], [ 117.487896983739404, 0.144260592421343, 0.0 ], [ 117.488085292476541, 0.144136116704099, 0.0 ], [ 117.488302133724531, 0.144034619758109, 0.0 ], [ 117.488443017198577, 0.143971997906657, 0.0 ], [ 117.48888844811863, 0.143933507970295, 0.0 ] ] } },
{ "type": "Feature", "properties": { "Kl_Dat_Das": "Jalan non tol", "Nm_Ruas": "Jl. Satya Lencana 3", "Thn_Data": 2015, "Status": "Jalan Kota", "Fungsi": "Jalan Setapak", "Mendukung": null, "Ura_Dukung": null, "Kd_Bd_PU": null, "Kd_Jns_Inf": null, "Kd_Inf": "001 00 K 429", "Propinsi": "Kalimantan Timur", "Kab_Kota": "Bontang", "Kecamatan": "Bontang Selatan", "Desa_Kel": "Bontang Lestari", "Tk_Ruas_Aw": "Sp. 3 Jl. Satya Lencana 1 -Jl. Satya Lencana 2", "Tk_Ruas_Ak": "Buntu", "Kd_Patok": null, "Km_Awal": 0.0, "Km_Akhir": 0.0, "Nm_Lintas": "-", "Kon_Baik": 0.0, "Kon_Sdg": 0.0, "Kon_Rgn": 0.0, "Kon_Rusak": 1.061, "Kon_Mntp": 0.0, "Kon_T_Mntp": 0.0, "Panjang": 1.5486669648, "Lbr_Keras": 0.0, "LHRT": 0.0, "VCR": 0.0, "Tipe_Jln": 2, "MST": 0.0, "Tipe_Keras": "Beton, Tanah", "Tanah_Kri": 0.0, "Macadam": 0.0, "Aspal": 0.0, "Rigid": 0.0, "Thn_Pen_Ak": 2018, "Jns_Pen": "Pembangunan", "Koord_X_Aw": 117.43831060620001, "Koord_Y_Aw": 0.0313211941, "Koord_X_Ak": 117.4398957155, "Koord_Y_Ak": 0.0227199883 }, "geometry": { "type": "MultiLineString", "coordinates": [ [ [ 117.437567727817694, 0.028466610448762, 0.0 ], [ 117.437502430554474, 0.028398276463487, 0.0 ], [ 117.437404350929569, 0.028299536589533, 0.0 ], [ 117.437297355176412, 0.028245678678002, 0.0 ], [ 117.437122001218299, 0.02820977379615, 0.0 ], [ 117.436967451992629, 0.028185837349365, 0.0 ], [ 117.436759405039751, 0.028176861748061, 0.0 ], [ 117.436589995479082, 0.028197807290619, 0.0 ], [ 117.436402753431921, 0.028248674192391, 0.0 ], [ 117.436173902093216, 0.028326470416805, 0.0 ], [ 117.435998548522605, 0.028401274313068, 0.0 ], [ 117.435891553208791, 0.028470093693732, 0.0 ], [ 117.435796446167316, 0.028505999607962, 0.0 ], [ 117.435606231979634, 0.028550882274037, 0.0 ], [ 117.43529118957612, 0.028586789029927, 0.0 ], [ 117.434993979689381, 0.028604742941841, 0.0 ], [ 117.434744323307356, 0.028601751764436, 0.0 ], [ 117.434482778439119, 0.028577815722451, 0.0 ], [ 117.434381726955209, 0.028553879067794, 0.0 ], [ 117.434286619669805, 0.028529942389817, 0.0 ], [ 117.434212317049131, 0.028497029242195, 0.0 ], [ 117.434108293350178, 0.028443171296306, 0.0 ], [ 117.434025074394739, 0.028401281790469, 0.0 ], [ 117.433944827616756, 0.028380337183097, 0.0 ], [ 117.433888357705158, 0.028377345266249, 0.0 ], [ 117.433825943659926, 0.028392306152633, 0.0 ], [ 117.433745697069426, 0.028422227757501, 0.0 ], [ 117.43366842264534, 0.02847010213298, 0.0 ], [ 117.433636104101851, 0.02850051639151, 0.0 ] ], [ [ 117.438310606209228, 0.031321194144108, 0.0 ], [ 117.438313699857872, 0.030938105632231, 0.0 ], [ 117.43830644050206, 0.030783938942689, 0.0 ], [ 117.438304537069598, 0.030288629091741, 0.0 ], [ 117.438295993933266, 0.030182586477079, 0.0 ], [ 117.438280837401081, 0.03007729554129, 0.0 ], [ 117.438259127586562, 0.02997317388987, 0.0 ], [ 117.438230950595653, 0.02987063449089, 0.0 ], [ 117.438196418183466, 0.029770084036862, 0.0 ], [ 117.438010707385303, 0.029252348471153, 0.0 ], [ 117.437971106682312, 0.029174357993444, 0.0 ], [ 117.437927437269877, 0.029098600942457, 0.0 ], [ 117.437879823044582, 0.029025292252691, 0.0 ], [ 117.437828399095451, 0.028954639912172, 0.0 ], [ 117.437790405642104, 0.02892414307211, 0.0 ], [ 117.437755777829253, 0.028889824274183, 0.0 ], [ 117.43772489315063, 0.028852057643626, 0.0 ], [ 117.437698088294752, 0.028811254891714, 0.0 ], [ 117.43766471491665, 0.028761422986361, 0.0 ], [ 117.437636356136977, 0.028708536623115, 0.0 ], [ 117.437613285301282, 0.028653105563957, 0.0 ], [ 117.437595724784501, 0.028595664097987, 0.0 ], [ 117.437575336661055, 0.028538421507242, 0.0 ], [ 117.437567727817694, 0.028466610448762, 0.0 ], [ 117.437572007379671, 0.028397552103233, 0.0 ], [ 117.437590434206456, 0.028348481123317, 0.0 ], [ 117.437591622852878, 0.028297016506171, 0.0 ], [ 117.437575454448492, 0.028246748806278, 0.0 ] ], [ [ 117.439895715543173, 0.022719988272387, 0.0 ], [ 117.439427472930532, 0.023358127105639, 0.0 ], [ 117.439371128938646, 0.023411078546688, 0.0 ], [ 117.439311591220232, 0.02346036095188, 0.0 ], [ 117.439079470602067, 0.023712571331656, 0.0 ], [ 117.43905163666507, 0.023757529165954, 0.0 ], [ 117.439028881713753, 0.023805295493495, 0.0 ], [ 117.439011481691253, 0.023855291064962, 0.0 ], [ 117.438999647603254, 0.023906909597374, 0.0 ], [ 117.438993522957986, 0.023959525127189, 0.0 ], [ 117.438950683907748, 0.024498644096235, 0.0 ], [ 117.438890644714675, 0.024995160610621, 0.0 ], [ 117.438850610255656, 0.025201003923247, 0.0 ], [ 117.438766579913874, 0.025684218223406, 0.0 ], [ 117.438715577433911, 0.026174077398883, 0.0 ], [ 117.438690078400526, 0.026396486019867, 0.0 ], [ 117.438683329893038, 0.026432308126202, 0.0 ], [ 117.438676057007967, 0.026469678444954, 0.0 ], [ 117.438670873929894, 0.02649524715004, 0.0 ], [ 117.438660329593617, 0.026547263544349, 0.0 ], [ 117.438650016145516, 0.026612394473632, 0.0 ], [ 117.438641009610947, 0.026669272056285, 0.0 ], [ 117.438632027623385, 0.02673409894038, 0.0 ], [ 117.438613542173826, 0.026827242690445, 0.0 ], [ 117.438605138357161, 0.026921978503606, 0.0 ], [ 117.438590343523515, 0.027015917878782, 0.0 ], [ 117.438569226412937, 0.027108624353098, 0.0 ], [ 117.438541885139898, 0.027199667192137, 0.0 ], [ 117.438520969501283, 0.02725767332574, 0.0 ], [ 117.438494957582193, 0.027313551060008, 0.0 ], [ 117.438464060132787, 0.027366847669619, 0.0 ], [ 117.438428527485954, 0.027417131342134, 0.0 ], [ 117.438388647529692, 0.027463994675608, 0.0 ], [ 117.438344743374032, 0.027507057980382, 0.0 ], [ 117.43819899207675, 0.027607758283587, 0.0 ], [ 117.438104311128882, 0.027687428525171, 0.0 ], [ 117.437992255589606, 0.027788816133193, 0.0 ], [ 117.437575216680628, 0.028246748807179, 0.0 ], [ 117.437575454448492, 0.028246748806278, 0.0 ], [ 117.437530605509423, 0.028254354967362, 0.0 ], [ 117.437468785889934, 0.028262733162005, 0.0 ], [ 117.43740577739915, 0.028262733400901, 0.0 ], [ 117.437297355176412, 0.028245678678002, 0.0 ] ] ] } }
]
}
