{
"type": "FeatureCollection",
"name": "Jln_Batu Majang_Bts malinau",
"crs": { "type": "name", "properties": { "name": "urn:ogc:def:crs:OGC:1.3:CRS84" } },
"features": [
{ "type": "Feature", "properties": { "Id": 0 }, "geometry": { "type": "MultiLineString", "coordinates": [ [ [ 115.212642190665179, 0.54664055124158 ], [ 115.215031013485827, 0.550345819851032 ], [ 115.214910913779136, 0.550555993686544 ], [ 115.214790815327547, 0.550646069110428 ], [ 115.214610665767395, 0.550766167521999 ], [ 115.214490566064455, 0.550826217397116 ], [ 115.214370467609115, 0.550916291540659 ], [ 115.214280392207115, 0.550916291540659 ], [ 115.214130268199483, 0.550976341415776 ], [ 115.213950119894434, 0.550976341415776 ], [ 115.213830020191494, 0.551036391232628 ], [ 115.213679896183862, 0.551066416781453 ], [ 115.213529772179754, 0.551096441107916 ], [ 115.213259548469182, 0.551096441107916 ], [ 115.213139448766015, 0.551126465376171 ], [ 115.213019349059323, 0.551156490924768 ], [ 115.212839200754502, 0.551156490924768 ], [ 115.212749125348751, 0.551186515251288 ], [ 115.212599001344643, 0.551216540800056 ], [ 115.212478902889529, 0.551306614943428 ], [ 115.212358803186362, 0.551366664818545 ], [ 115.212178653629962, 0.551366664818545 ], [ 115.212058555174849, 0.551396689086744 ], [ 115.21187840561845, 0.551426714635568 ], [ 115.21169825606205, 0.551456738961861 ], [ 115.211540625980092, 0.551505529729241 ], [ 115.21138299589802, 0.551505529729241 ], [ 115.211247884042677, 0.551528047944942 ], [ 115.211067734486392, 0.551528047944942 ], [ 115.210932622631049, 0.551505529729241 ], [ 115.210752474326, 0.551460492017327 ], [ 115.210594844244042, 0.551437973801626 ], [ 115.210437212914371, 0.551370417874011 ], [ 115.210189508681651, 0.551347899599989 ], [ 115.210009359125365, 0.551302861946226 ], [ 115.209874247270022, 0.551302861946226 ], [ 115.209671579487008, 0.551257824234369 ], [ 115.209491431178435, 0.551190268306584 ], [ 115.209333801100001, 0.551212787744589 ], [ 115.209131133317101, 0.551190268306584 ], [ 115.208905947307471, 0.551212787744589 ], [ 115.208748315977573, 0.551190268306584 ], [ 115.20861320412223, 0.551190268306584 ], [ 115.208410536339215, 0.551190268306584 ], [ 115.2081853503297, 0.551167750090997 ], [ 115.208050238474243, 0.551122712378969 ], [ 115.207855076769306, 0.551096441107916 ], [ 115.207644902911966, 0.551036391232628 ], [ 115.207464754603279, 0.5510063669646 ], [ 115.207224555193534, 0.5510063669646 ], [ 115.207014381336194, 0.5510063669646 ], [ 115.206804207478854, 0.550976341415776 ], [ 115.206624059173919, 0.550916291540659 ], [ 115.206413885316579, 0.550916291540659 ], [ 115.206053587451606, 0.550886267214196 ], [ 115.205783363741034, 0.550916291540659 ], [ 115.205640745811252, 0.550875008106402 ], [ 115.205528152182637, 0.550875008106402 ], [ 115.205325484399623, 0.550897526380197 ], [ 115.205145336094688, 0.550920045818259 ], [ 115.204920150085059, 0.550897526380197 ], [ 115.204740000528659, 0.550897526380197 ], [ 115.204537332745645, 0.550875008106402 ], [ 115.20435718444071, 0.550897526380197 ], [ 115.204199553107287, 0.550897526380197 ], [ 115.204019404802239, 0.550897526380197 ], [ 115.203816737019224, 0.550875008106402 ], [ 115.203636587462825, 0.550897526380197 ], [ 115.203478957380867, 0.550897526380197 ], [ 115.20332132730266, 0.550965082307812 ], [ 115.203253771374989, 0.551100194163212 ], [ 115.203231251896796, 0.551257824234369 ], [ 115.203231251896796, 0.551370417874011 ], [ 115.203208733670294, 0.551483011455389 ], [ 115.203276289597852, 0.551640641584584 ], [ 115.203298807824581, 0.551798271655741 ], [ 115.203298807824581, 0.552023457654286 ], [ 115.203298807824581, 0.552113533078398 ], [ 115.203208733670294, 0.552203607221713 ], [ 115.203141177746261, 0.5523612372927 ], [ 115.203006065890804, 0.552541386860128 ], [ 115.202870954035575, 0.552699016931058 ], [ 115.202735842180232, 0.552834128786458 ], [ 115.202578212098274, 0.552946721145531 ], [ 115.202443100242817, 0.553081833000761 ], [ 115.202285470164611, 0.553194426640403 ], [ 115.202127840082653, 0.55321694485616 ], [ 115.201925172299639, 0.553194426640403 ], [ 115.201745022743239, 0.553194426640403 ], [ 115.20151983673361, 0.553239464352487 ], [ 115.201384724878267, 0.553261982568188 ], [ 115.201159538872275, 0.553284500783946 ], [ 115.201091982944604, 0.55335205671156 ], [ 115.201001908790317, 0.553442132135501 ], [ 115.200821759233804, 0.553554724494575 ], [ 115.200686647378461, 0.55364479863789 ], [ 115.200574053749847, 0.553734874061831 ], [ 115.200529017296503, 0.553824948205147 ], [ 115.200483979595447, 0.554005097772631 ], [ 115.200664129151846, 0.554162727843561 ], [ 115.200776721532861, 0.554275320202635 ], [ 115.200934352862646, 0.554365395626576 ], [ 115.201091982944604, 0.554500507481976 ], [ 115.201227094799833, 0.554568063409533 ], [ 115.201384724878267, 0.554703175264933 ], [ 115.201564874434666, 0.554815767624007 ], [ 115.201745022743239, 0.554905841825644 ], [ 115.201880134598582, 0.555018435407021 ], [ 115.202082802381597, 0.555131029046663 ], [ 115.202262951937882, 0.555198584974278 ], [ 115.202398063793225, 0.555333696829678 ], [ 115.202555693871659, 0.55542377097305 ], [ 115.202690805726888, 0.555603919318003 ], [ 115.202848435808846, 0.555693994683793 ], [ 115.202938509963246, 0.555829106539022 ], [ 115.203006065890804, 0.555986736668444 ], [ 115.203096140041453, 0.556121848523617 ], [ 115.203231251896796, 0.556279478594774 ], [ 115.203388883230218, 0.556459628162031 ], [ 115.203569031535267, 0.556639776448719 ], [ 115.203771699318281, 0.556774888304119 ], [ 115.203929329400239, 0.556864962447435 ], [ 115.204086960730024, 0.556910000159519 ], [ 115.204289628513038, 0.556955037871376 ], [ 115.204492295044588, 0.557000074302834 ], [ 115.204627406899817, 0.557067630230449 ], [ 115.204875112384002, 0.557157705654561 ], [ 115.205077780167016, 0.557180223870091 ], [ 115.205302966172894, 0.557180223870091 ], [ 115.205483115733045, 0.557202742085849 ], [ 115.20566326403798, 0.557202742085849 ], [ 115.20588845004761, 0.557202742085849 ], [ 115.206113637305066, 0.557225261582175 ], [ 115.206293785610001, 0.557225261582175 ], [ 115.206473935166287, 0.557315335725491 ], [ 115.20669912117603, 0.557405409868863 ], [ 115.206856751257988, 0.557518003508505 ], [ 115.207036900814273, 0.557585559436291 ], [ 115.20714949319165, 0.557653115363905 ], [ 115.207284605046993, 0.557743189507221 ], [ 115.207464754603279, 0.557878301362621 ], [ 115.207577348235645, 0.55801341321785 ], [ 115.207644902911966, 0.558103487361393 ], [ 115.207644902911966, 0.558261117432323 ], [ 115.207509792308088, 0.558396229287723 ], [ 115.207374680452631, 0.558463785215338 ], [ 115.207284605046993, 0.558508822927365 ], [ 115.20714949319165, 0.558598897070738 ], [ 115.206946826660101, 0.558688972494622 ], [ 115.206811714804644, 0.558779046637994 ], [ 115.206654083474973, 0.558891638997068 ], [ 115.206473935166287, 0.55900423263671 ], [ 115.206338823314582, 0.55913934449211 ], [ 115.206203711459239, 0.559206900419724 ], [ 115.206068599604009, 0.55929697456304 ], [ 115.205956005975167, 0.55943208641844 ], [ 115.205843413594266, 0.559522160620077 ], [ 115.205708301739037, 0.559589716547691 ], [ 115.205595708110195, 0.559679791913481 ], [ 115.20541555980526, 0.559792384330649 ], [ 115.205280447950031, 0.559927496186049 ], [ 115.205100298393631, 0.560130163969063 ], [ 115.204920150085059, 0.560287794040221 ], [ 115.20476251875516, 0.560490461823179 ], [ 115.204649926374259, 0.560580537188855 ], [ 115.204559850972259, 0.560693129606193 ], [ 115.204424739116803, 0.560850759677123 ], [ 115.20433466496263, 0.560940835101064 ], [ 115.204199553107287, 0.561030909244607 ], [ 115.204131997179616, 0.561120983387923 ], [ 115.204041923028853, 0.561188539315538 ], [ 115.203884292947009, 0.56130113295518 ], [ 115.203681625163881, 0.561458763026337 ], [ 115.203546513308652, 0.561526318953952 ], [ 115.203478957380867, 0.561616393097268 ], [ 115.203388883230218, 0.561774024448994 ], [ 115.20332132730266, 0.561976692232008 ], [ 115.20332132730266, 0.562179358734397 ], [ 115.203366363752252, 0.562404546013738 ], [ 115.203456439158003, 0.562584694300426 ], [ 115.203591551009708, 0.562719806155826 ], [ 115.20370414339061, 0.562832399795468 ], [ 115.203816737019224, 0.562990029866398 ], [ 115.203929329400239, 0.563125141721798 ], [ 115.20406444125183, 0.563215215865171 ], [ 115.204131997179616, 0.563350327720514 ], [ 115.204289628513038, 0.563485439575743 ], [ 115.204424739116803, 0.563620551431143 ], [ 115.204559850972259, 0.563778181560338 ], [ 115.204694962827602, 0.563890775141942 ], [ 115.204807556456217, 0.563980849285258 ], [ 115.204897630610617, 0.56413847941451 ], [ 115.204965186538175, 0.564341147197467 ], [ 115.204965186538175, 0.564498778490929 ], [ 115.204965186538175, 0.564656408561859 ], [ 115.204875112384002, 0.564814038691281 ], [ 115.20476251875516, 0.564994188200274 ], [ 115.204672444600874, 0.565129300055673 ], [ 115.204649926374259, 0.565309448400626 ], [ 115.204627406899817, 0.565512116183641 ], [ 115.204649926374259, 0.565692265750897 ], [ 115.204672444600874, 0.565894933533912 ], [ 115.204694962827602, 0.566097600036301 ], [ 115.204694962827602, 0.566277749603728 ], [ 115.204717482302044, 0.5665029356025 ], [ 115.20476251875516, 0.566705603385515 ], [ 115.204785038229716, 0.566908271168472 ], [ 115.204785038229716, 0.567088420735729 ], [ 115.20476251875516, 0.567246050806887 ], [ 115.204717482302044, 0.567403680877817 ], [ 115.204649926374259, 0.567516274517516 ], [ 115.204469776817859, 0.567606348660831 ], [ 115.204312146739653, 0.567651386372859 ], [ 115.204131997179616, 0.567696422804204 ], [ 115.203906811173624, 0.567718942300473 ], [ 115.203726661617225, 0.567718942300473 ], [ 115.203591551009708, 0.567718942300473 ], [ 115.203478957380867, 0.567809016443846 ], [ 115.203411401453309, 0.567966646514947 ], [ 115.203283795675929, 0.568137204041818 ], [ 115.203123663152041, 0.568510846991671 ], [ 115.202750021431712, 0.568724356184362 ], [ 115.202536510987557, 0.568724356184362 ], [ 115.202002736743566, 0.568724356184362 ], [ 115.201629093775409, 0.568724356184362 ], [ 115.201255450803842, 0.568724356184362 ], [ 115.200988563683609, 0.568457469053158 ], [ 115.200668298639357, 0.568243959860581 ], [ 115.200348033595219, 0.567977071507016 ], [ 115.200081146471462, 0.567923694849071 ], [ 115.199867636027307, 0.568030449445359 ], [ 115.199707503503305, 0.568510846991671 ], [ 115.199814259351228, 0.568884488719164 ], [ 115.200081146471462, 0.569204753730446 ], [ 115.200348033595219, 0.569525018800221 ], [ 115.200775054487281, 0.569845283869824 ], [ 115.201095318283592, 0.56995203968836 ], [ 115.201468961251521, 0.570005416346305 ], [ 115.201735848371754, 0.570112170942593 ], [ 115.202056113419644, 0.570432436012368 ], [ 115.202376378463782, 0.570752701081915 ], [ 115.202429756387573, 0.571179720689713 ], [ 115.202483133060127, 0.571606741578023 ], [ 115.202696643507807, 0.572033761243858 ], [ 115.202643265584015, 0.57251415879017 ], [ 115.202536510987557, 0.572887800517663 ], [ 115.202429756387573, 0.573314821405802 ], [ 115.202323000539877, 0.573528330598549 ], [ 115.202056113419644, 0.573955350264555 ], [ 115.202002736743566, 0.574382371152922 ], [ 115.201949358819661, 0.5747026349419 ], [ 115.20196578289324, 0.574727271683628 ] ], [ [ 115.202002736743566, 0.5747026349419 ], [ 115.201735848371754, 0.574969523295465 ], [ 115.201575715851504, 0.575129655830267 ], [ 115.201575715851504, 0.575449920899814 ], [ 115.201575715851504, 0.575663430092561 ], [ 115.20136220665529, 0.576090449758397 ], [ 115.201255450803842, 0.576250582235105 ], [ 115.201041941607514, 0.576410714769906 ], [ 115.200668298639357, 0.576517470646763 ], [ 115.200561544039374, 0.576677603123244 ], [ 115.200187901071445, 0.576730979839454 ], [ 115.200081146471462, 0.576891112315991 ], [ 115.199867636027307, 0.577211377385595 ], [ 115.199814259351228, 0.57769177493185 ], [ 115.19976088142721, 0.578012040001397 ], [ 115.199814259351228, 0.578332305071001 ], [ 115.199974391875003, 0.578652570082511 ], [ 115.200027768547443, 0.578866079275031 ], [ 115.200027768547443, 0.57913296768686 ], [ 115.200027768547443, 0.579399854759799 ], [ 115.199974391875003, 0.579773496487348 ], [ 115.19976088142721, 0.580093761556896 ], [ 115.199600748903322, 0.580307271971947 ], [ 115.19949399430709, 0.580574159103037 ], [ 115.199333861783089, 0.580894424172584 ], [ 115.199333861783089, 0.581321443780325 ], [ 115.199333861783089, 0.5816417088501 ], [ 115.199387239706994, 0.581908597203494 ], [ 115.199333861783089, 0.5823356168695 ], [ 115.199173729262839, 0.582549126062247 ], [ 115.199066974662856, 0.582816014415585 ], [ 115.199013596739064, 0.583082901546845 ], [ 115.198693331694926, 0.583456543274337 ], [ 115.198479822498598, 0.583670053689389 ], [ 115.198266312050691, 0.583936940820479 ], [ 115.197946047006553, 0.584203829232251 ], [ 115.197785914482779, 0.584417338424998 ], [ 115.197412271511098, 0.584684225497767 ], [ 115.197038629794406, 0.584951113909597 ], [ 115.196878497270632, 0.585164623102344 ], [ 115.196771742674173, 0.585324755637146 ], [ 115.196398099702492, 0.58553826605214 ], [ 115.196237967182356, 0.585911907779689 ], [ 115.195864325462139, 0.585911907779689 ], [ 115.195650815014346, 0.586072040314434 ], [ 115.19527717204619, 0.586178796133026 ], [ 115.195170417446207, 0.586552437860576 ], [ 115.195010284922432, 0.587032835465095 ], [ 115.19479677572599, 0.587459855072666 ], [ 115.194476510681852, 0.587726743484495 ], [ 115.194369754834156, 0.588100385153723 ], [ 115.194369754834156, 0.588474028161841 ], [ 115.194316378158078, 0.588901047769582 ], [ 115.194263000234059, 0.589221312839186 ], [ 115.194369754834156, 0.589488199970219 ], [ 115.194583265281835, 0.58975508710148 ], [ 115.194850152402068, 0.59018210798979 ], [ 115.195170417446207, 0.590342239244023 ], [ 115.195383927894113, 0.590609127597588 ], [ 115.195704192938138, 0.590715882193876 ], [ 115.196024457986027, 0.59076926013239 ], [ 115.19645147762651, 0.590715882193876 ], [ 115.196825119346727, 0.590662504313627 ], [ 115.197145384390865, 0.590715882193876 ], [ 115.197412271511098, 0.59076926013239 ], [ 115.197785914482779, 0.590822636790108 ], [ 115.198106179526803, 0.590822636790108 ], [ 115.198426444574693, 0.590715882193876 ], [ 115.198666642732974, 0.590655832376797 ], [ 115.198986907777112, 0.590575766749794 ], [ 115.199187073118082, 0.590575766749794 ], [ 115.199427272527828, 0.590535732626563 ], [ 115.199747537571966, 0.590535732626563 ], [ 115.199987735730247, 0.590455666999389 ], [ 115.200187901071445, 0.590415634214992 ], [ 115.20038806766388, 0.590295534522852 ], [ 115.200628265822161, 0.590415634214992 ], [ 115.200828431163359, 0.590575766749794 ], [ 115.200948530866299, 0.590815964853505 ], [ 115.200988563683609, 0.591056164295878 ], [ 115.201028596500805, 0.591376428085084 ], [ 115.201028596500805, 0.591616627469193 ], [ 115.201228763093241, 0.591856825631169 ], [ 115.201428928434439, 0.592097025073713 ], [ 115.201589060958213, 0.592377256020086 ], [ 115.20186929193369, 0.59249735577032 ], [ 115.202109491343549, 0.592577422619854 ], [ 115.202309656684633, 0.59269752108969 ], [ 115.202669954545854, 0.59281762078183 ], [ 115.203070286479488, 0.592857653624435 ], [ 115.203310484637882, 0.592977753316632 ], [ 115.203550682796163, 0.593057818943805 ], [ 115.203670782499103, 0.593057818943805 ], [ 115.204031080364075, 0.593137885851377 ], [ 115.204391378225523, 0.593338051170747 ], [ 115.204551510749297, 0.593578250555026 ], [ 115.20475167734196, 0.593738383089828 ], [ 115.204991875500241, 0.594018614094239 ], [ 115.205232073658408, 0.59429884632118 ], [ 115.205432240247319, 0.594499011640551 ], [ 115.205632405588517, 0.594659144175353 ], [ 115.205872603746798, 0.594819276710098 ], [ 115.206152835973739, 0.594899343559632 ], [ 115.206393034135544, 0.594899343559632 ], [ 115.206713299179683, 0.5949794092449 ], [ 115.206993531406624, 0.595019442029468 ], [ 115.207273763633566, 0.595139541721608 ], [ 115.20751396179196, 0.595259641471841 ], [ 115.207794194018902, 0.595339707099015 ], [ 115.207954326542676, 0.595219607348611 ], [ 115.208194524700957, 0.595099508937039 ], [ 115.208474756927899, 0.595139541721608 ], [ 115.208674922269097, 0.595219607348611 ], [ 115.208835054792871, 0.595379739883413 ], [ 115.209115287019813, 0.595579906483351 ], [ 115.209275419540177, 0.595780071802494 ], [ 115.209475584881261, 0.59590017027233 ], [ 115.209675750222232, 0.595940204337296 ], [ 115.209915948380626, 0.595980237179901 ], [ 115.210156147790372, 0.59602026996447 ], [ 115.21047641283451, 0.596100336872041 ], [ 115.210796677882286, 0.596100336872041 ], [ 115.210945258652032, 0.596367999387496 ], [ 115.210945258652032, 0.596605494967662 ], [ 115.21086609344286, 0.596842990606149 ], [ 115.210747345634445, 0.597080486244579 ], [ 115.210628597822506, 0.597357564431263 ], [ 115.210509850010567, 0.59759506006975 ], [ 115.210311936993207, 0.597713807888965 ], [ 115.210193189184793, 0.597951303527395 ], [ 115.210034858770086, 0.598188799107561 ], [ 115.209955693560914, 0.598347129533124 ], [ 115.20987652835538, 0.598584623890986 ], [ 115.209757780543441, 0.598663789103909 ], [ 115.209599450128849, 0.59890128474234 ], [ 115.209480702320434, 0.598980449955036 ], [ 115.209361954508495, 0.599099197774251 ], [ 115.209243206696556, 0.599297110806333 ], [ 115.20908487628185, 0.599455441173632 ], [ 115.208966128473662, 0.59965335420577 ], [ 115.20888696326449, 0.599772102024986 ], [ 115.208728632853308, 0.599970015057067 ], [ 115.208609886292834, 0.600088762876283 ], [ 115.208491138480895, 0.600286675849929 ], [ 115.208411973275474, 0.600405423669145 ], [ 115.208253642860768, 0.600603336701283 ], [ 115.208095312446062, 0.600761667126847 ], [ 115.207976564634123, 0.600919996272012 ], [ 115.207857816822184, 0.600999161484708 ], [ 115.207699486411116, 0.601117909303923 ], [ 115.207580738599177, 0.601276239729486 ], [ 115.207501573389891, 0.601513735309823 ], [ 115.207501573389891, 0.601830396161006 ], [ 115.20754115599641, 0.602107474405955 ], [ 115.207580738599177, 0.602384552592468 ], [ 115.207699486411116, 0.602622048230955 ], [ 115.207818234219303, 0.602859543869386 ], [ 115.207818234219303, 0.603057456843203 ], [ 115.207857816822184, 0.603334533865677 ], [ 115.207857816822184, 0.603572029445843 ], [ 115.207857816822184, 0.60380952508433 ], [ 115.207857816822184, 0.604007438116412 ], [ 115.207699486411116, 0.604165768541975 ], [ 115.207461990787237, 0.604324098909274 ], [ 115.207264077769764, 0.604482429335008 ], [ 115.207105747354944, 0.604522011941356 ], [ 115.206868251734818, 0.604522011941356 ], [ 115.206670338717345, 0.604561594547704 ], [ 115.206512008302525, 0.604522011941356 ], [ 115.206274513930111, 0.604561594547704 ], [ 115.206037018309985, 0.604561594547704 ], [ 115.205720357480573, 0.604640759760628 ], [ 115.205562027069504, 0.60483867279271 ], [ 115.205403696654798, 0.604997003218273 ], [ 115.205245366240092, 0.60519491619209 ], [ 115.205087035825272, 0.605471994436868 ], [ 115.204889122807799, 0.605669907469007 ], [ 115.20477037499586, 0.605907401826869 ], [ 115.204730792393207, 0.606144897465299 ], [ 115.204730792393207, 0.606421975651813 ], [ 115.204849540205146, 0.606619888683952 ], [ 115.204928705410566, 0.60689696692873 ], [ 115.205087035825272, 0.607174045115244 ], [ 115.205324531445626, 0.607332375540977 ], [ 115.205482861860219, 0.607569871179464 ], [ 115.205562027069504, 0.607767784211376 ], [ 115.205601609672158, 0.608005279791712 ], [ 115.205759940086864, 0.608242774207667 ], [ 115.205878687895279, 0.608480269787833 ], [ 115.206116183519157, 0.608678182819972 ], [ 115.206314095285052, 0.608836513245535 ], [ 115.206591173508173, 0.609034426277617 ], [ 115.206789086529284, 0.609271921857783 ], [ 115.207066164752177, 0.609469834889865 ], [ 115.207264077769764, 0.609707330528352 ], [ 115.207461990787237, 0.609944826108517 ], [ 115.207739069013769, 0.610142739140429 ], [ 115.207936982031242, 0.610340652172511 ], [ 115.20801614723689, 0.610578146530372 ], [ 115.208174477651596, 0.610894807381726 ], [ 115.208214060254363, 0.611251050781107 ], [ 115.208134895048829, 0.611448963813018 ], [ 115.20801614723689, 0.611567711632233 ], [ 115.207818234219303, 0.611686459451505 ], [ 115.207659903804597, 0.611844789877239 ], [ 115.207501573389891, 0.611963537696454 ], [ 115.207343242978823, 0.612082285457404 ], [ 115.207184912564117, 0.612280198489316 ], [ 115.207145329961349, 0.612517694127746 ], [ 115.207184912564117, 0.612834354920835 ], [ 115.207184912564117, 0.613071849336961 ], [ 115.207145329961349, 0.613309344917127 ], [ 115.207184912564117, 0.613507257949209 ], [ 115.207264077769764, 0.613705170981177 ], [ 115.207303660372531, 0.61402183177421 ], [ 115.207303660372531, 0.61425932741264 ], [ 115.207303660372531, 0.614457240444722 ], [ 115.207303660372531, 0.61465515347669 ], [ 115.207303660372531, 0.614892649057026 ], [ 115.207461990787237, 0.615130144695286 ], [ 115.20754115599641, 0.615407222940235 ], [ 115.207699486411116, 0.615525969478881 ], [ 115.207857816822184, 0.615723882510849 ], [ 115.207976564634123, 0.615961378149279 ], [ 115.208055729843181, 0.616159291123097 ], [ 115.208174477651596, 0.616357204155179 ], [ 115.208411973275474, 0.616515534580742 ], [ 115.208530721083662, 0.616753030219229 ], [ 115.208689051498482, 0.616911360586698 ], [ 115.208926545870895, 0.617069691012262 ], [ 115.209164041491022, 0.617307186650692 ], [ 115.209322371905728, 0.617544682289179 ], [ 115.209441119714143, 0.617703012656477 ], [ 115.209599450128849, 0.617980089678952 ], [ 115.209757780543441, 0.618217585259117 ], [ 115.209836945752727, 0.618455080897547 ], [ 115.209797363146208, 0.618692576536034 ], [ 115.209797363146208, 0.61893007211637 ], [ 115.209797363146208, 0.619127985148282 ], [ 115.20987652835538, 0.61940506339306 ], [ 115.209836945752727, 0.619682141638066 ], [ 115.209718197940788, 0.619919637218231 ], [ 115.209718197940788, 0.620157132856662 ], [ 115.209718197940788, 0.620473792427219 ], [ 115.209559867526082, 0.620671705459358 ], [ 115.209520284923315, 0.620948783646043 ], [ 115.209401537111376, 0.621265444497169 ], [ 115.209401537111376, 0.621502940135599 ], [ 115.209361954508495, 0.62178001832234 ], [ 115.209441119714143, 0.621977931354252 ], [ 115.209520284923315, 0.62225500959903 ], [ 115.209520284923315, 0.62249250523746 ], [ 115.209559867526082, 0.622769583424201 ], [ 115.209480702320434, 0.622927912627461 ], [ 115.209441119714143, 0.623204990813974 ], [ 115.209441119714143, 0.623521651665271 ], [ 115.209480702320434, 0.623838312458361 ], [ 115.209639032735254, 0.624075808096791 ], [ 115.209757780543441, 0.624313303735221 ], [ 115.209797363146208, 0.62462996452831 ], [ 115.209916110958147, 0.624827877560222 ], [ 115.209995276167319, 0.625065373198652 ], [ 115.210153606578501, 0.625342450162861 ], [ 115.210193189184793, 0.625579945801292 ], [ 115.21027235439044, 0.62577785883343 ], [ 115.210391102202379, 0.625975771807248 ], [ 115.210470267407914, 0.626252850052026 ], [ 115.210509850010567, 0.626490345690456 ], [ 115.210628597822506, 0.626767423877197 ], [ 115.210668180425273, 0.626925754302761 ], [ 115.210707763028154, 0.627202832547539 ], [ 115.210707763028154, 0.627400745579621 ], [ 115.210628597822506, 0.627598658553495 ], [ 115.210549432617086, 0.627717405150236 ], [ 115.210351519599612, 0.627796570363103 ], [ 115.210193189184793, 0.627954900730572 ], [ 115.210034858770086, 0.628034065943268 ], [ 115.20987652835538, 0.628152813762483 ], [ 115.209639032735254, 0.628271561581698 ], [ 115.209243206696556, 0.628271561581698 ], [ 115.209005711076429, 0.628271561581698 ], [ 115.208847380661723, 0.62823197897535 ], [ 115.208689051498482, 0.628192396368831 ], [ 115.208570303686543, 0.628192396368831 ], [ 115.208332808066302, 0.62823197897535 ], [ 115.208134895048829, 0.628271561581698 ], [ 115.207897399428475, 0.628390309400913 ], [ 115.207778651616536, 0.628548639826477 ], [ 115.207580738599177, 0.62878613540687 ], [ 115.207461990787237, 0.628944465832433 ], [ 115.207224495166884, 0.629181961470863 ], [ 115.207066164752177, 0.629498622263952 ], [ 115.207066164752177, 0.629815283115079 ], [ 115.207066164752177, 0.630092360079459 ], [ 115.20702658214941, 0.630329855717719 ], [ 115.207105747354944, 0.630686099175421 ], [ 115.207224495166884, 0.630884012149238 ], [ 115.207382825581703, 0.63108192518132 ], [ 115.207382825581703, 0.631359003426098 ], [ 115.207343242978823, 0.631596499006321 ], [ 115.207264077769764, 0.631715246825536 ], [ 115.207184912564117, 0.631952742463966 ], [ 115.207105747354944, 0.632190238102396 ], [ 115.207105747354944, 0.632348568469865 ], [ 115.207105747354944, 0.632546480279473 ], [ 115.20702658214941, 0.632744393311611 ], [ 115.20702658214941, 0.632942306285429 ], [ 115.20702658214941, 0.63314021931734 ], [ 115.20702658214941, 0.633338132349422 ], [ 115.20702658214941, 0.633536045381334 ], [ 115.207184912564117, 0.633773540961727 ], [ 115.207303660372531, 0.634011036600157 ], [ 115.207303660372531, 0.634208949632068 ], [ 115.207382825581703, 0.634446445212234 ], [ 115.207382825581703, 0.634604775638024 ], [ 115.207501573389891, 0.634842271276455 ], [ 115.207501573389891, 0.635079765634316 ], [ 115.207501573389891, 0.635436009091791 ], [ 115.20742240818447, 0.635633922065665 ], [ 115.207343242978823, 0.63575266988488 ], [ 115.207264077769764, 0.635950582916962 ], [ 115.207224495166884, 0.636148495948873 ], [ 115.207105747354944, 0.636306826374607 ], [ 115.20702658214941, 0.636425574193822 ], [ 115.206947416940238, 0.636702652380393 ], [ 115.206789086529284, 0.636940148018823 ], [ 115.206709921320112, 0.637138061050905 ], [ 115.206670338717345, 0.637335974024722 ], [ 115.206670338717345, 0.637613051047254 ], [ 115.206591173508173, 0.637890129233767 ], [ 115.206551590905406, 0.638167207478546 ], [ 115.206472425699758, 0.638365120510628 ], [ 115.206314095285052, 0.63860261609085 ], [ 115.206234931327344, 0.638800529122932 ], [ 115.206195348724691, 0.639038024761362 ], [ 115.206234931327344, 0.639275520399792 ], [ 115.206353677887819, 0.639473433373666 ], [ 115.206393260490586, 0.639710929012097 ], [ 115.206512008302525, 0.639988005976306 ], [ 115.206670338717345, 0.640265084221085 ], [ 115.206789086529284, 0.640542162407826 ], [ 115.206828669132051, 0.640779658046256 ], [ 115.20702658214941, 0.641096318897382 ], [ 115.20702658214941, 0.641412979690415 ], [ 115.207066164752177, 0.641610892722554 ], [ 115.207105747354944, 0.641887970967332 ], [ 115.207066164752177, 0.642165047931542 ], [ 115.207066164752177, 0.642521291389187 ], [ 115.206947416940238, 0.642640039150194 ], [ 115.206868251734818, 0.642837952182276 ], [ 115.206709921320112, 0.642996282607839 ], [ 115.206512008302525, 0.643154613033403 ], [ 115.206353677887819, 0.643312943459136 ], [ 115.206274513930111, 0.643550439039359 ], [ 115.206234931327344, 0.643669186858574 ], [ 115.206234931327344, 0.643827517284137 ], [ 115.206076600912752, 0.643985847709871 ], [ 115.205918270498046, 0.644223343290037 ], [ 115.205680774877692, 0.644342091109252 ], [ 115.205443279257565, 0.644421256321948 ], [ 115.205245366240092, 0.644619169354087 ], [ 115.205087035825272, 0.644737915892733 ], [ 115.204928705410566, 0.644856663711948 ], [ 115.20477037499586, 0.64505457674403 ], [ 115.204612044581268, 0.645331654988809 ], [ 115.204493296772853, 0.645569150569031 ], [ 115.204374548960914, 0.645727480994594 ], [ 115.204334966358147, 0.645925394026676 ], [ 115.204216218546208, 0.646044141845891 ], [ 115.204057888131501, 0.646162889665106 ], [ 115.203978722926081, 0.646360802638924 ], [ 115.203859975114142, 0.646519133064544 ], [ 115.2037016459509, 0.646677463490107 ], [ 115.203543315536081, 0.646835793915841 ], [ 115.203345402518607, 0.647033705667184 ], [ 115.203187072104015, 0.647033705667184 ], [ 115.203028741689309, 0.647033705667184 ], [ 115.202909993880894, 0.647073288273702 ], [ 115.202712080859783, 0.647152453486399 ], [ 115.202632915654249, 0.647389949124829 ], [ 115.202632915654249, 0.647746192524266 ], [ 115.202712080859783, 0.648062853375563 ], [ 115.202870411274603, 0.648379514168596 ], [ 115.203107906898481, 0.648617009807083 ], [ 115.203384985121374, 0.648854505445513 ], [ 115.203503732933314, 0.649092001025679 ], [ 115.203741228553667, 0.649448244483381 ], [ 115.203899557716909, 0.649606573628375 ], [ 115.204057888131501, 0.649883651873154 ], [ 115.204255801148975, 0.650121147511584 ], [ 115.204532879375734, 0.650358643091749 ], [ 115.20469120979044, 0.650675303943103 ], [ 115.204849540205146, 0.650952382187882 ], [ 115.204849540205146, 0.651229460374566 ], [ 115.20477037499586, 0.651546121225749 ], [ 115.204730792393207, 0.651823199470698 ], [ 115.204612044581268, 0.652100276434908 ], [ 115.204493296772853, 0.652496102440637 ], [ 115.204493296772853, 0.65281276329199 ], [ 115.204453714166561, 0.653010676324072 ], [ 115.204334966358147, 0.653208589297719 ], [ 115.20417663594344, 0.653525250149073 ], [ 115.204137053340787, 0.653762745787503 ], [ 115.204018305528848, 0.653960658761321 ], [ 115.203899557716909, 0.654158571793232 ], [ 115.203780811156435, 0.654396066151094 ], [ 115.203582898138961, 0.654712727002448 ], [ 115.203464150330547, 0.654989805247226 ], [ 115.203464150330547, 0.655227300827391 ], [ 115.203384985121374, 0.655464796465822 ], [ 115.203187072104015, 0.655702292104309 ], [ 115.203068324292076, 0.655821039923524 ], [ 115.202870411274603, 0.656018952897341 ], [ 115.202870411274603, 0.656296031142119 ], [ 115.202870411274603, 0.656612691993473 ], [ 115.202830828671722, 0.656929351564202 ], [ 115.202791246068955, 0.657127264596113 ], [ 115.202712080859783, 0.657285594963582 ], [ 115.202632915654249, 0.657483507995494 ], [ 115.202672498257016, 0.657721003633981 ], [ 115.202632915654249, 0.658077247033361 ], [ 115.202712080859783, 0.658275160065443 ], [ 115.202791246068955, 0.65851265570393 ], [ 115.202909993880894, 0.658789733948709 ], [ 115.203147489501248, 0.658948064316178 ], [ 115.203464150330547, 0.659145977348089 ], [ 115.203741228553667, 0.659225141338652 ], [ 115.203939140323314, 0.659383471705951 ], [ 115.204097470734268, 0.659502219525166 ], [ 115.204216218546208, 0.659700132557305 ], [ 115.204374548960914, 0.659937628195735 ], [ 115.204532879375734, 0.6601751237759 ], [ 115.204612044581268, 0.660452202020679 ], [ 115.204730792393207, 0.660729280265684 ], [ 115.204968288013333, 0.661006358452198 ], [ 115.205087035825272, 0.661283436696976 ], [ 115.205087035825272, 0.661520932335463 ], [ 115.20516620103092, 0.661718844086977 ], [ 115.20516620103092, 0.661956339725407 ], [ 115.205284948842859, 0.662193835305573 ], [ 115.20536411404828, 0.662431330944003 ], [ 115.205482861860219, 0.662708409188838 ], [ 115.205522444462986, 0.662866739614572 ], [ 115.205601609672158, 0.663104235194737 ], [ 115.205641192274925, 0.663341730833167 ], [ 115.205680774877692, 0.663579226471654 ], [ 115.205680774877692, 0.663777139445472 ], [ 115.205680774877692, 0.664014635083731 ], [ 115.205680774877692, 0.66433129465446 ], [ 115.205601609672158, 0.664489625080023 ], [ 115.205522444462986, 0.664647955505814 ], [ 115.205443279257565, 0.664885451144244 ], [ 115.205284948842859, 0.665122946724409 ], [ 115.205245366240092, 0.665320859756321 ], [ 115.205245366240092, 0.665558355394808 ], [ 115.205205783637211, 0.66587501618784 ], [ 115.205245366240092, 0.666152094432618 ], [ 115.205324531445626, 0.666429172677624 ], [ 115.205403696654798, 0.666666667035486 ], [ 115.205443279257565, 0.666943745280264 ], [ 115.205522444462986, 0.667260406073297 ], [ 115.205641192274925, 0.667537484318132 ], [ 115.205680774877692, 0.667814562504816 ], [ 115.205720357480573, 0.668131223355942 ], [ 115.205759940086864, 0.668329136388024 ], [ 115.205759940086864, 0.668487466813644 ], [ 115.205759940086864, 0.668685379787462 ], [ 115.205759940086864, 0.668883292819544 ], [ 115.205720357480573, 0.669160369783754 ], [ 115.205759940086864, 0.669397865422184 ], [ 115.205759940086864, 0.669556195847804 ], [ 115.205601609672158, 0.669754108879886 ], [ 115.205403696654798, 0.669991604460051 ], [ 115.205324531445626, 0.670229100098481 ], [ 115.205126618428153, 0.670427013130393 ], [ 115.205047453222505, 0.670664508710786 ], [ 115.204928705410566, 0.670862421742697 ], [ 115.204849540205146, 0.671060334774779 ], [ 115.20469120979044, 0.671337411738989 ], [ 115.204651627183921, 0.671574907377476 ], [ 115.204532879375734, 0.671772820409558 ], [ 115.204334966358147, 0.671970733383375 ], [ 115.204255801148975, 0.672129063808939 ], [ 115.204137053340787, 0.672406142053717 ], [ 115.204018305528848, 0.672683220298552 ], [ 115.204018305528848, 0.672920715878888 ], [ 115.204018305528848, 0.673158211517148 ], [ 115.204018305528848, 0.673514454916756 ], [ 115.204018305528848, 0.673870697151926 ], [ 115.203978722926081, 0.674424853583389 ], [ 115.204018305528848, 0.674741514434743 ], [ 115.204018305528848, 0.675058175227605 ], [ 115.204018305528848, 0.675295670866035 ], [ 115.204018305528848, 0.675770662084858 ], [ 115.203978722926081, 0.676087322935985 ], [ 115.203899557716909, 0.676324817293846 ], [ 115.203859975114142, 0.676601895538681 ], [ 115.203741228553667, 0.676878973725366 ], [ 115.203464150330547, 0.677116469363796 ], [ 115.203107906898481, 0.677235217183011 ], [ 115.202870411274603, 0.677393547608574 ], [ 115.202632915654249, 0.677512295427846 ], [ 115.20231625482495, 0.677591460640713 ], [ 115.202118341807363, 0.677749791008011 ], [ 115.201762098375298, 0.677868538827227 ], [ 115.201762098375298, 0.678066451859308 ], [ 115.201762098375298, 0.678343530104087 ], [ 115.201762098375298, 0.678620608290828 ], [ 115.201603767960592, 0.67869977228122 ], [ 115.201405856194469, 0.678897685255038 ], [ 115.201207943176996, 0.679135180893468 ], [ 115.20097044755687, 0.679333093925379 ], [ 115.200851699744931, 0.679531006957518 ], [ 115.200693369330111, 0.679649754718469 ], [ 115.200535038915405, 0.679808085144202 ], [ 115.200535038915405, 0.680045580782462 ], [ 115.200455873709984, 0.680322659027411 ], [ 115.200455873709984, 0.680599737213981 ], [ 115.200297543295278, 0.680916398065278 ], [ 115.200297543295278, 0.68115389242314 ], [ 115.200218378086106, 0.68139138806157 ], [ 115.200178795483339, 0.681708048854659 ], [ 115.200060047674924, 0.681826796673874 ], [ 115.199862134653813, 0.682064292312134 ], [ 115.199703804242858, 0.682143457525001 ], [ 115.199505891221747, 0.682301787950564 ], [ 115.199189230395859, 0.682341370557083 ], [ 115.199030899981267, 0.682460118376355 ], [ 115.198872570818025, 0.682499700924438 ], [ 115.198753823006086, 0.682578866137305 ], [ 115.198476744782965, 0.682658031350172 ], [ 115.198239249159087, 0.682776779169387 ], [ 115.19796217093608, 0.683093440020514 ], [ 115.197724675312202, 0.683212187839729 ], [ 115.197526762294729, 0.683291353052596 ], [ 115.197368431880136, 0.68348926602647 ], [ 115.197170518862663, 0.68376634299068 ], [ 115.196933023242309, 0.68400383862911 ], [ 115.196774692827717, 0.684201751661021 ], [ 115.196576779810243, 0.684478829906027 ], [ 115.196537198458827, 0.684637160273326 ], [ 115.196378868044121, 0.684795490699059 ], [ 115.196260120232182, 0.685032986337319 ], [ 115.196062207214823, 0.685310064582268 ], [ 115.195903876800116, 0.685468394949623 ], [ 115.19574554638541, 0.685666307981705 ], [ 115.195468468162403, 0.685705890588054 ], [ 115.195112224730224, 0.68578505580092 ], [ 115.194835146503465, 0.685824638407269 ], [ 115.194597650883338, 0.685824638407269 ], [ 115.194320572656693, 0.685824638407269 ], [ 115.19404349568515, 0.685824638407269 ], [ 115.193885165270444, 0.68578505580092 ], [ 115.193726834855738, 0.685705890588054 ], [ 115.193410174026212, 0.685587142768838 ], [ 115.193172678406086, 0.68554756016249 ], [ 115.192935182782207, 0.685507977556142 ], [ 115.192737269764734, 0.68554756016249 ], [ 115.192460191541727, 0.68554756016249 ], [ 115.192222695917849, 0.685587142768838 ], [ 115.192103948109434, 0.685705890588054 ], [ 115.191945617694728, 0.685903803620135 ], [ 115.191826869882789, 0.686180880584345 ], [ 115.191708123322314, 0.686418376222775 ], [ 115.191668540719661, 0.686655871802998 ], [ 115.191589375514127, 0.686972532654295 ], [ 115.191549792907722, 0.687249610899073 ], [ 115.191549792907722, 0.687487106479296 ], [ 115.191351879890249, 0.687803767330593 ], [ 115.191193549475429, 0.688001680362504 ], [ 115.191074801667241, 0.688318341155536 ], [ 115.190876888649768, 0.688476670358796 ], [ 115.190758140837829, 0.688635000726322 ], [ 115.190718558235062, 0.688872496364752 ], [ 115.190678975632181, 0.689109992003182 ], [ 115.190718558235062, 0.689426652796271 ], [ 115.190678975632181, 0.68970373104105 ], [ 115.190718558235062, 0.689980809285828 ], [ 115.190678975632181, 0.690257887472512 ], [ 115.190678975632181, 0.690495383110999 ], [ 115.190481062614822, 0.690693296142911 ], [ 115.190243566990944, 0.690851625288076 ], [ 115.189966488767823, 0.690930790500772 ], [ 115.189728993143945, 0.691049538319987 ], [ 115.18957066273299, 0.691128703532854 ], [ 115.189293584506345, 0.691168286139202 ], [ 115.18893734232563, 0.691326616564766 ], [ 115.188699846701752, 0.691445364383981 ], [ 115.188422768478631, 0.691682859964374 ], [ 115.188383185875864, 0.69176202517707 ], [ 115.188224855461272, 0.691880772996285 ], [ 115.188026942443798, 0.691920355602804 ], [ 115.18778944681992, 0.6919995208155 ], [ 115.187551951199566, 0.6919995208155 ], [ 115.187274872976673, 0.692039103421848 ], [ 115.187076959955562, 0.69223701645393 ], [ 115.186879046937975, 0.692355764214881 ], [ 115.186641552569313, 0.692514094640671 ], [ 115.186522804757374, 0.692632842459886 ], [ 115.186364474342668, 0.692712007672583 ], [ 115.186206143927961, 0.692949503311013 ], [ 115.186008230910375, 0.693068251130228 ], [ 115.185810317893015, 0.69330574548809 ], [ 115.1856915700846, 0.693464075913653 ], [ 115.185651987478309, 0.693543241068312 ], [ 115.185454074460722, 0.693741154100394 ], [ 115.185176996237828, 0.693820319313261 ], [ 115.184899918011183, 0.693820319313261 ], [ 115.184702004993596, 0.693939067132476 ], [ 115.184583257181657, 0.69405781495152 ], [ 115.184424926770703, 0.694216145377254 ], [ 115.184306180210228, 0.694532806170344 ], [ 115.184187432398289, 0.694730719202255 ], [ 115.183989519380702, 0.694889049627989 ], [ 115.183752023760576, 0.695126545208154 ], [ 115.18359369334587, 0.695166127814502 ], [ 115.183277032516344, 0.695364040846641 ], [ 115.183079119498984, 0.695364040846641 ], [ 115.182881206481511, 0.695324458240066 ], [ 115.182643710857633, 0.695403623452989 ], [ 115.182445797840046, 0.695561953878553 ], [ 115.18228746742534, 0.695720283023718 ], [ 115.182129137014272, 0.695799448236414 ], [ 115.181891642641858, 0.695799448236414 ], [ 115.181535399209793, 0.695759865630066 ], [ 115.1811791557775, 0.695601536485071 ], [ 115.180862494948087, 0.695443206059338 ], [ 115.180427086310374, 0.695324458240066 ], [ 115.180150008083729, 0.695324458240066 ], [ 115.179872929860721, 0.695403623452989 ], [ 115.179635434240595, 0.695324458240066 ], [ 115.179200026850708, 0.695324458240066 ], [ 115.178962531230354, 0.695205710420851 ], [ 115.178645870401056, 0.695047380053552 ], [ 115.178408374777177, 0.694928632234337 ], [ 115.178210461759591, 0.694928632234337 ], [ 115.178052131348636, 0.695007797447033 ], [ 115.177695887916343, 0.6950869626599 ], [ 115.177418809689698, 0.695126545208154 ], [ 115.177141731463166, 0.695047380053552 ], [ 115.17686465449151, 0.695047380053552 ], [ 115.176627158867632, 0.695007797447033 ], [ 115.176350080644738, 0.695007797447033 ], [ 115.176112585024384, 0.6950869626599 ], [ 115.175993837212445, 0.695126545208154 ], [ 115.175795924195086, 0.695245293027369 ], [ 115.17551884596844, 0.695324458240066 ], [ 115.175241767745433, 0.695443206059338 ], [ 115.175004272121555, 0.695443206059338 ], [ 115.174845941710373, 0.695482788665856 ], [ 115.174648029940727, 0.695403623452989 ], [ 115.174331369111314, 0.695324458240066 ], [ 115.174027902066882, 0.695133142115196 ], [ 115.173746425498507, 0.694922035327295 ], [ 115.173535318696054, 0.694781297061297 ], [ 115.17325384337903, 0.694570190215188 ], [ 115.173183473609242, 0.694288713682965 ], [ 115.173113105091147, 0.6937257617829 ], [ 115.173042735325112, 0.693162808660588 ], [ 115.172831628522658, 0.692810963548425 ], [ 115.172690890238414, 0.692388749972508 ], [ 115.172409414917638, 0.692036904860345 ], [ 115.172479783435961, 0.691544321482183 ], [ 115.172550151954056, 0.691262844891867 ], [ 115.172550151954056, 0.690840631316121 ], [ 115.172268676633507, 0.690559154725634 ], [ 115.171916831546696, 0.690348047937789 ], [ 115.171635354974569, 0.690348047937789 ], [ 115.171283509887985, 0.690488784981483 ], [ 115.170861295035252, 0.690910999837968 ], [ 115.170650188232798, 0.691333213413714 ], [ 115.170439081430345, 0.691755428270028 ], [ 115.170298343145987, 0.691896166594347 ], [ 115.170016866573974, 0.692177641904038 ], [ 115.169665021487276, 0.692388749972508 ], [ 115.169313176400465, 0.692599856760353 ], [ 115.168890962795672, 0.692951701814422 ], [ 115.168468747942825, 0.693022070336269 ], [ 115.168116902856241, 0.693233178404739 ], [ 115.167765057765791, 0.693303546926586 ], [ 115.167342844164637, 0.693303546926586 ], [ 115.166990999074301, 0.693162808660588 ], [ 115.166779891024021, 0.693022070336269 ], [ 115.166428045937209, 0.693092440138741 ], [ 115.166146570616661, 0.693373916670737 ], [ 115.165653987245605, 0.693444285192641 ], [ 115.165513248961474, 0.693514653714487 ], [ 115.165161403871139, 0.6937257617829 ], [ 115.164879927302536, 0.694007237092649 ], [ 115.164879927302536, 0.694359082204812 ], [ 115.165020665586894, 0.694640558737035 ], [ 115.165372510673592, 0.694781297061297 ], [ 115.165513248961474, 0.694992403849199 ], [ 115.165865094048058, 0.695203510637043 ], [ 115.16621693913487, 0.69548498722736 ], [ 115.166146570616661, 0.695836832281259 ], [ 115.166146570616661, 0.696399784181267 ], [ 115.165935462562629, 0.696751629293601 ], [ 115.165794724278499, 0.697103475628069 ], [ 115.165583617476045, 0.697455320681968 ], [ 115.165231772389347, 0.697666427528077 ], [ 115.164879927302536, 0.697807165794131 ], [ 115.164598450734047, 0.697807165794131 ], [ 115.164035498844896, 0.697807165794131 ], [ 115.16361328523999, 0.698018272581976 ], [ 115.163402177186185, 0.697947904060129 ], [ 115.163050332099374, 0.697877534315978 ], [ 115.162628118494467, 0.697736796049981 ], [ 115.162205903641734, 0.697736796049981 ], [ 115.161642951752697, 0.697736796049981 ], [ 115.16136147518057, 0.697736796049981 ], [ 115.160939261575663, 0.697666427528077 ], [ 115.160657785007174, 0.697455320681968 ], [ 115.160305939920477, 0.69731458241597 ], [ 115.159954094833665, 0.697103475628069 ], [ 115.159672618261652, 0.696681260771754 ], [ 115.159391142944514, 0.696540522505529 ], [ 115.15903929785793, 0.696540522505529 ], [ 115.158617083001445, 0.696470153983682 ], [ 115.158476344717315, 0.696610892249907 ], [ 115.158265237914861, 0.696962737303807 ], [ 115.158124499630503, 0.697103475628069 ], [ 115.157772654543919, 0.697244212671762 ], [ 115.157350440938899, 0.69731458241597 ], [ 115.156998595852315, 0.69731458241597 ], [ 115.156646749514152, 0.697596057725661 ], [ 115.156435642711699, 0.697877534315978 ], [ 115.156083797624888, 0.698159010906295 ], [ 115.155802321052761, 0.698299749172293 ], [ 115.155591214250308, 0.698440486215986 ], [ 115.155380107447854, 0.698510855960365 ], [ 115.155098630879365, 0.698581224482211 ], [ 115.154746785792668, 0.698792331270056 ], [ 115.15418383390363, 0.699003439338526 ], [ 115.153761619047145, 0.699073807860373 ], [ 115.15333940544599, 0.699073807860373 ], [ 115.153128298643537, 0.699073807860373 ], [ 115.152706083787052, 0.699003439338526 ], [ 115.152213500416224, 0.698933069594375 ], [ 115.151791286811317, 0.698651594226362 ], [ 115.151369071954946, 0.698721962748209 ], [ 115.151087596637922, 0.698651594226362 ], [ 115.150665381781437, 0.698651594226362 ], [ 115.150383906460888, 0.698299749172293 ], [ 115.15003206012625, 0.698159010906295 ], [ 115.149891323089832, 0.697807165794131 ], [ 115.149680215035914, 0.697596057725661 ], [ 115.14932836994933, 0.69731458241597 ], [ 115.149187631665086, 0.697103475628069 ], [ 115.148695049545609, 0.696962737303807 ], [ 115.148343203207446, 0.697033105825653 ], [ 115.14806172788667, 0.697033105825653 ], [ 115.147780251318181, 0.69731458241597 ], [ 115.147569144515728, 0.697455320681968 ], [ 115.147498774746168, 0.697877534315978 ], [ 115.147287667943601, 0.698229379370048 ], [ 115.147146929659471, 0.698721962748209 ], [ 115.146865454342446, 0.699003439338526 ], [ 115.146513609252111, 0.69921454612637 ], [ 115.146232132683508, 0.699144177604524 ], [ 115.145950656115019, 0.699073807860373 ], [ 115.145761539784985, 0.699054017197398 ], [ 115.145563626767512, 0.699014434591049 ], [ 115.145405296352692, 0.698895686771834 ], [ 115.145207383335332, 0.698895686771834 ], [ 115.145009470317859, 0.698895686771834 ], [ 115.144851139903153, 0.698974851984701 ], [ 115.144692809488333, 0.699133182410264 ], [ 115.144455313868207, 0.699212347564867 ], [ 115.144336567307732, 0.699291512777563 ], [ 115.144138654290145, 0.699331095384082 ], [ 115.143940741272672, 0.699410260596778 ], [ 115.143742828255313, 0.699529007193689 ], [ 115.143505332634959, 0.699568589800037 ], [ 115.143228254408314, 0.699687337561215 ], [ 115.142977565003093, 0.699733518355117 ], [ 115.142713680561542, 0.6999974015053 ], [ 115.142502573759089, 0.700155731930863 ], [ 115.142317854526596, 0.70028107665712 ], [ 115.142199106714656, 0.700597737450209 ], [ 115.142119941509122, 0.700756067875943 ], [ 115.14204077629995, 0.700953980907855 ], [ 115.141842864533828, 0.701151893939937 ], [ 115.141684534119122, 0.701349806913754 ], [ 115.14152620370453, 0.701626885158589 ], [ 115.141407455896228, 0.701824798190671 ], [ 115.141328290687056, 0.701943544729318 ], [ 115.14116996027235, 0.702101875154881 ], [ 115.141090795066702, 0.702220622974096 ], [ 115.14093246465211, 0.702378953399659 ], [ 115.140734551634637, 0.702576866373533 ], [ 115.140497056014283, 0.702735196799097 ], [ 115.140338725599577, 0.702853944618312 ], [ 115.140140812582217, 0.702972692437527 ], [ 115.140012170057275, 0.703126075503064 ], [ 115.139863734355572, 0.703304196591603 ], [ 115.139774674437035, 0.703422944410818 ], [ 115.139655926625096, 0.703571378835591 ], [ 115.139626238735218, 0.703690126654806 ], [ 115.139566865455095, 0.703749501204697 ], [ 115.139507492174857, 0.703868248965648 ], [ 115.139448117643155, 0.703957308898794 ], [ 115.139359056473154, 0.704076056718009 ], [ 115.139299683192917, 0.704224491200989 ], [ 115.139269996554617, 0.704402613511888 ], [ 115.139240308661215, 0.704610422486496 ], [ 115.139240308661215, 0.704788543575091 ], [ 115.139240308661215, 0.704936978058072 ], [ 115.139151248742678, 0.705174473638237 ], [ 115.139062187572677, 0.705352594726833 ], [ 115.138943439760737, 0.70553071709594 ], [ 115.138795005310499, 0.705619778251332 ], [ 115.138705944140384, 0.705738526070604 ], [ 115.138587196328444, 0.705857272609251 ], [ 115.138438761878319, 0.706005708314535 ], [ 115.13832001406638, 0.706094768247681 ], [ 115.138230952896379, 0.706243203953022 ], [ 115.138201266257965, 0.706391638377738 ], [ 115.138141892977842, 0.706451011705326 ], [ 115.138023145165903, 0.706599446130099 ], [ 115.137934083995901, 0.706629134016168 ], [ 115.137726275013961, 0.70674788183544 ], [ 115.137577840563608, 0.706896316260156 ], [ 115.137399719471546, 0.70698537747387 ], [ 115.137280971663245, 0.707044750743194 ], [ 115.137162223851305, 0.707133811898586 ], [ 115.137013789401067, 0.707282246381624 ], [ 115.136895041589128, 0.707400994142574 ], [ 115.136776293780827, 0.707430680806397 ], [ 115.136716919249125, 0.707519741961789 ], [ 115.136598171437186, 0.707579115289377 ], [ 115.136479423625246, 0.707668176444827 ], [ 115.136360675816832, 0.707786924264042 ], [ 115.136271615894771, 0.707875985419491 ], [ 115.136093493554768, 0.707994733238706 ], [ 115.135945059104415, 0.708113481057921 ], [ 115.13579662465429, 0.708202540932746 ], [ 115.135648190204051, 0.708321288752018 ], [ 115.135588815672349, 0.708380663301909 ], [ 115.135440381221997, 0.708469723234998 ], [ 115.135381006690409, 0.708558784390448 ], [ 115.135232572240056, 0.70864784554584 ], [ 115.135113824428117, 0.708766593365112 ], [ 115.134965389977992, 0.708855654520505 ], [ 115.134727894357638, 0.708915027848093 ], [ 115.134490398737512, 0.708944714453651 ], [ 115.134252903113634, 0.709063462272866 ], [ 115.134045095383158, 0.709122836822758 ], [ 115.133866973043155, 0.709211896697582 ], [ 115.133659165312679, 0.70927127124753 ], [ 115.133421669688801, 0.709330644516854 ], [ 115.133213860710384, 0.709330644516854 ], [ 115.132976365086506, 0.709330644516854 ], [ 115.132768557356144, 0.709300957911296 ], [ 115.132531061735904, 0.709241584583708 ], [ 115.132352939392149, 0.709152523428259 ], [ 115.13229356611555, 0.709033775609043 ], [ 115.132115443772022, 0.708974401117416 ], [ 115.13196700932167, 0.708855654520505 ], [ 115.131759200339729, 0.708766593365112 ], [ 115.131581079251191, 0.708766593365112 ], [ 115.131313896989127, 0.708796280028878 ], [ 115.131165462538775, 0.708885341184327 ], [ 115.130987340195247, 0.709004089003543 ], [ 115.130779532464771, 0.709033775609043 ], [ 115.130571723482831, 0.709063462272866 ], [ 115.130393602394292, 0.709033775609043 ], [ 115.130245166692475, 0.709033775609043 ], [ 115.130067045600413, 0.709004089003543 ], [ 115.12988892326041, 0.708974401117416 ], [ 115.129681115529934, 0.708915027848093 ], [ 115.129592054359932, 0.708766593365112 ], [ 115.129384245377992, 0.70864784554584 ], [ 115.129206124285702, 0.708529097726625 ], [ 115.129028003197163, 0.708410349965675 ], [ 115.128820194215223, 0.70829160214646 ], [ 115.128701446403284, 0.708172854327245 ], [ 115.128523325311221, 0.708083793171795 ], [ 115.128345202971218, 0.70805410650803 ], [ 115.128107707350864, 0.707994733238706 ], [ 115.127899899620388, 0.707994733238706 ], [ 115.127603029468446, 0.707994733238706 ], [ 115.12739522173797, 0.708024419844207 ], [ 115.12718741275603, 0.707994733238706 ], [ 115.126979603774089, 0.707994733238706 ], [ 115.126771796043613, 0.707994733238706 ], [ 115.126623360342023, 0.707994733238706 ], [ 115.126415552611547, 0.707994733238706 ], [ 115.126207743629607, 0.70796504535258 ], [ 115.125999934647666, 0.70796504535258 ], [ 115.125762439027312, 0.70796504535258 ], [ 115.125554631296836, 0.707994733238706 ], [ 115.125287449034772, 0.707994733238706 ], [ 115.125079640052832, 0.70805410650803 ], [ 115.124842144432478, 0.708083793171795 ], [ 115.124604648812351, 0.708172854327245 ], [ 115.124367153188473, 0.708143167663422 ], [ 115.124218718738121, 0.708143167663422 ], [ 115.124070284287995, 0.708172854327245 ], [ 115.123862475306055, 0.708172854327245 ], [ 115.123654667575579, 0.708143167663422 ], [ 115.123417171955225, 0.708172854327245 ], [ 115.123179676331347, 0.708143167663422 ], [ 115.123031241881222, 0.708143167663422 ], [ 115.122912494072807, 0.708113481057921 ], [ 115.122674998448929, 0.708143167663422 ], [ 115.122526563998804, 0.708232227596568 ], [ 115.122348441658801, 0.70829160214646 ], [ 115.122170320566511, 0.708321288752018 ], [ 115.12196251158457, 0.708380663301909 ], [ 115.121725015964444, 0.708410349965675 ], [ 115.121576581514091, 0.708469723234998 ], [ 115.121398459174088, 0.708558784390448 ], [ 115.121220338082026, 0.70861815894034 ], [ 115.121042216989736, 0.70861815894034 ], [ 115.120834408007795, 0.70861815894034 ], [ 115.12068597355767, 0.70861815894034 ], [ 115.120448477937316, 0.70861815894034 ], [ 115.120270355597313, 0.708677532209663 ], [ 115.120121921147188, 0.708707218815164 ], [ 115.11991411341296, 0.708825966634436 ], [ 115.119765677714895, 0.709063462272866 ], [ 115.119617243261018, 0.709211896697582 ], [ 115.119498495452831, 0.709300957911296 ], [ 115.119350061002478, 0.709479080222138 ], [ 115.119231313190539, 0.709597826819049 ], [ 115.1191125653786, 0.70971657458 ], [ 115.118993817570413, 0.709835322399272 ], [ 115.118875069758474, 0.709865010285341 ], [ 115.118696948666184, 0.709954070218487 ], [ 115.118578200857996, 0.709954070218487 ], [ 115.118340705234118, 0.71004313137388 ], [ 115.11816258414558, 0.71004313137388 ], [ 115.118014148443763, 0.710072818037702 ], [ 115.117895400631824, 0.710102504701467 ], [ 115.117746966181699, 0.710102504701467 ], [ 115.117598531731346, 0.710161879193095 ], [ 115.117450097281221, 0.710221252462418 ], [ 115.117242288299281, 0.71034000028169 ], [ 115.117123540487341, 0.71034000028169 ], [ 115.116886044866988, 0.710429061495347 ], [ 115.116767297055048, 0.710429061495347 ], [ 115.116500114796509, 0.710458748100905 ], [ 115.11626261917263, 0.710458748100905 ], [ 115.116084498084092, 0.710399374831582 ], [ 115.115906375740565, 0.710369688167759 ], [ 115.11578762918009, 0.710369688167759 ], [ 115.115490759028148, 0.710369688167759 ], [ 115.115282951297672, 0.71034000028169 ], [ 115.115104828957669, 0.710221252462418 ], [ 115.114926707865379, 0.710161879193095 ], [ 115.11471889888719, 0.710072818037702 ], [ 115.114570464433314, 0.710013444768379 ], [ 115.11433296881296, 0.709894696949164 ], [ 115.114184534362835, 0.709805635793714 ], [ 115.113976725380894, 0.70971657458 ], [ 115.11373922976054, 0.709657201310677 ], [ 115.1135314207786, 0.709686887974499 ], [ 115.113353299686537, 0.70971657458 ], [ 115.113175178597999, 0.70971657458 ], [ 115.113026742896182, 0.70971657458 ], [ 115.112848621804119, 0.70971657458 ], [ 115.112700187353767, 0.709746262466126 ], [ 115.112492378371826, 0.709746262466126 ], [ 115.112343943921701, 0.709746262466126 ], [ 115.112106448301347, 0.709835322399272 ], [ 115.111839266039283, 0.709835322399272 ], [ 115.111720518227344, 0.709924383612929 ], [ 115.111542397138805, 0.709983758104556 ], [ 115.111275213625049, 0.709983758104556 ], [ 115.111037718004923, 0.71004313137388 ], [ 115.110770535742631, 0.710034884978143 ], [ 115.110559428940178, 0.710298769408894 ], [ 115.110242768110879, 0.710457099834457 ], [ 115.109767776870285, 0.710457099834457 ], [ 115.109503893680085, 0.710457099834457 ], [ 115.109187232850672, 0.710457099834457 ], [ 115.108712241606668, 0.710457099834457 ], [ 115.10860668883106, 0.710457099834457 ], [ 115.108342804393146, 0.710457099834457 ], [ 115.108078919951367, 0.710351545771232 ], [ 115.107762260373534, 0.710562652617341 ], [ 115.107656706346575, 0.710668206622529 ], [ 115.107498375931755, 0.710984867473655 ], [ 115.107234491493728, 0.711195974261557 ], [ 115.107076162326962, 0.711354304687291 ], [ 115.106917831915894, 0.711354304687291 ], [ 115.106601171086481, 0.711407081049401 ], [ 115.106337286644703, 0.711248750623838 ], [ 115.106126179842249, 0.711143197841125 ], [ 115.105862295400698, 0.710932089830806 ], [ 115.105651188601769, 0.710879313410373 ], [ 115.105228974996862, 0.710668206622529 ], [ 115.104859536528238, 0.710404322191778 ], [ 115.104701207364997, 0.710140438983331 ], [ 115.104384546535698, 0.710034884978143 ], [ 115.103962331682965, 0.709718224127016 ], [ 115.103645670853439, 0.709454340976833 ], [ 115.103434564050986, 0.709190456487818 ], [ 115.10332901002414, 0.709032126120348 ], [ 115.103065126833826, 0.708715465269222 ], [ 115.102748466004527, 0.708346028055587 ], [ 115.102537359205712, 0.707923814421576 ], [ 115.102273474764047, 0.707554375985808 ], [ 115.102115144349341, 0.707290492777361 ], [ 115.101904037546888, 0.706973831984328 ], [ 115.101640153105109, 0.706709947495312 ], [ 115.101429046302655, 0.706498840707411 ], [ 115.101059609089248, 0.706287733919567 ], [ 115.100742948259835, 0.706129403494003 ], [ 115.100426287430309, 0.706234957498964 ], [ 115.100215180627856, 0.706287733919567 ], [ 115.099951296186305, 0.706498840707411 ], [ 115.099951296186305, 0.706868277921046 ], [ 115.099792967023063, 0.707290492777361 ], [ 115.099634636608243, 0.707607153628487 ], [ 115.099634636608243, 0.707765484054278 ], [ 115.099529082584922, 0.70808214484731 ], [ 115.099317975782583, 0.708134921267686 ], [ 115.099106867728665, 0.708346028055587 ], [ 115.098842984538351, 0.708662688906884 ], [ 115.098631877735897, 0.709190456487818 ], [ 115.098579100096799, 0.709665447764735 ], [ 115.098420769685731, 0.709876554552579 ], [ 115.098367993294346, 0.710351545771232 ], [ 115.098367993294346, 0.710668206622529 ], [ 115.098315216906599, 0.710984867473655 ], [ 115.098262440518738, 0.711301528266745 ], [ 115.097893002053866, 0.711670965480153 ], [ 115.097629118863665, 0.7119348486886 ], [ 115.097523564836706, 0.71214595675707 ], [ 115.097312458034253, 0.712409839907252 ], [ 115.097154127619433, 0.712673724396268 ], [ 115.096995797204727, 0.712937607546394 ], [ 115.0967319127667, 0.713095937972014 ], [ 115.09636247554954, 0.713043161609676 ], [ 115.096045814720242, 0.71314871439256 ], [ 115.09572915514218, 0.713307044759858 ], [ 115.095465270700629, 0.71357092919061 ], [ 115.095148609874741, 0.713834812399057 ], [ 115.094673618630736, 0.71399314282462 ], [ 115.094198628638082, 0.71399314282462 ], [ 115.093776413785349, 0.714098696829808 ], [ 115.09351252934357, 0.714151473250354 ], [ 115.093195869765736, 0.714415357681105 ], [ 115.09303753935103, 0.714890348899758 ], [ 115.092931985323958, 0.715418116538956 ], [ 115.093090315738664, 0.715681999747176 ], [ 115.09340697656819, 0.715945884177927 ], [ 115.09351252934357, 0.716368097811937 ], [ 115.093459752955823, 0.716790312668479 ], [ 115.093565306982896, 0.717212526244225 ], [ 115.093723637397602, 0.717529187095522 ], [ 115.093829190173096, 0.717951401951836 ], [ 115.093829190173096, 0.718215285102019 ], [ 115.093723637397602, 0.718531945953146 ], [ 115.093670859758276, 0.719112491235251 ], [ 115.093618083370643, 0.719481928448658 ], [ 115.093565306982896, 0.719798589241748 ], [ 115.09340697656819, 0.720168026455326 ], [ 115.093195869765736, 0.720431909663603 ], [ 115.093195869765736, 0.720801348157806 ], [ 115.093301422541117, 0.721118008950839 ], [ 115.09340697656819, 0.721434668521454 ], [ 115.09351252934357, 0.721909659798314 ], [ 115.093618083370643, 0.722331874654628 ], [ 115.093670859758276, 0.722648535447718 ], [ 115.09388196780867, 0.722965195018446 ], [ 115.094093074611123, 0.723281855869573 ], [ 115.09435695780121, 0.723545740300324 ], [ 115.094620842242989, 0.723809623508771 ], [ 115.094673618630736, 0.723967953934334 ], [ 115.094673618630736, 0.724231838365085 ], [ 115.094831949045442, 0.724548499216382 ], [ 115.094990279460148, 0.724812382366565 ], [ 115.095254163898176, 0.725023490435035 ], [ 115.095412494312768, 0.725287373643482 ], [ 115.095570824727474, 0.725445704010951 ], [ 115.095623601115335, 0.725604034436515 ], [ 115.095781931529928, 0.725762364862078 ], [ 115.096006232117475, 0.725874515774308 ], [ 115.096085397323009, 0.726112011412738 ], [ 115.096164562532181, 0.726309924444649 ], [ 115.096204145134948, 0.726468253589815 ], [ 115.096124979929414, 0.72674533183465 ], [ 115.096124979929414, 0.726903662202119 ], [ 115.096006232117475, 0.727061992627682 ], [ 115.095887484305536, 0.727299488266112 ], [ 115.095808320351352, 0.727536983904542 ], [ 115.095768737745061, 0.727774479484765 ], [ 115.095847901702768, 0.728051557729543 ], [ 115.095966649514708, 0.728209888155106 ], [ 115.096204145134948, 0.728447383735443 ], [ 115.096441640755188, 0.728605714161063 ], [ 115.096599971169894, 0.72868487937393 ], [ 115.096718718981833, 0.728803627193145 ], [ 115.096877049396539, 0.728922373731791 ], [ 115.097035379811246, 0.729080704157354 ], [ 115.097154127619433, 0.729239034582918 ], [ 115.097312458034253, 0.729476530221348 ], [ 115.097510371051726, 0.729634860646911 ], [ 115.097629118863665, 0.729832773620785 ], [ 115.097827031881025, 0.730030686652867 ], [ 115.097906197086672, 0.73018901707843 ], [ 115.097906197086672, 0.730426512716861 ], [ 115.097985362295731, 0.73074317350995 ], [ 115.097985362295731, 0.730901503935513 ], [ 115.097906197086672, 0.73098066914838 ], [ 115.097787449278258, 0.731178582180291 ], [ 115.097549953654379, 0.73125774611259 ], [ 115.09735204063702, 0.731455659144672 ], [ 115.097233292828605, 0.731574406963887 ], [ 115.097074962413899, 0.731732737331242 ], [ 115.09695621460196, 0.731811902544109 ], [ 115.096797884187367, 0.731970232969672 ], [ 115.096679136379066, 0.732286893820969 ], [ 115.096639553772661, 0.732484806852881 ], [ 115.096639553772661, 0.732682719826755 ], [ 115.096599971169894, 0.732920215465185 ], [ 115.096520805964246, 0.733157711103615 ], [ 115.096322892946887, 0.7334347892903 ], [ 115.096124979929414, 0.733672284928787 ], [ 115.095927066908303, 0.73387019668013 ], [ 115.095808320351352, 0.73410769231856 ], [ 115.09572915514218, 0.734384770563338 ], [ 115.095689572539413, 0.734622266143731 ], [ 115.095610407330241, 0.734978509601376 ], [ 115.095610407330241, 0.735216005239636 ], [ 115.09572915514218, 0.73549308342632 ], [ 115.095768737745061, 0.735809744277674 ], [ 115.09572915514218, 0.736047239916104 ], [ 115.09572915514218, 0.736284734273795 ], [ 115.095689572539413, 0.736640977673403 ], [ 115.095570824727474, 0.736799308098966 ], [ 115.095372911710115, 0.737076386343745 ], [ 115.095135416089761, 0.737274299375827 ], [ 115.094977085675055, 0.737432629743125 ], [ 115.094858337863116, 0.73755137756234 ], [ 115.094779172657695, 0.737709707988131 ], [ 115.094660424845756, 0.737868038413694 ], [ 115.094581259640222, 0.738026368839257 ], [ 115.09450209443105, 0.738184699264821 ], [ 115.094383346622635, 0.738303447025942 ], [ 115.094264598810696, 0.738461777451505 ], [ 115.094145850998757, 0.738699271809423 ], [ 115.093987520584051, 0.738936767447854 ], [ 115.093750024963924, 0.739095097873417 ], [ 115.093552111946337, 0.73925342829898 ], [ 115.093235452368504, 0.739372176118195 ], [ 115.09303753935103, 0.739411758724714 ], [ 115.092760461124271, 0.739609671698588 ], [ 115.092483382901378, 0.739768002124151 ], [ 115.092325052486672, 0.739886749943366 ], [ 115.092166722071966, 0.74004508036893 ], [ 115.091968809054379, 0.740203410794493 ], [ 115.091731313434252, 0.740282575949095 ], [ 115.091533400416665, 0.740322158555614 ], [ 115.091375070001959, 0.740440906374829 ], [ 115.09125632219002, 0.740678402013316 ], [ 115.0911771569846, 0.740876315045227 ], [ 115.091137574378081, 0.741232557222304 ], [ 115.090979245214953, 0.741430470254386 ], [ 115.090820914800247, 0.741667965834608 ], [ 115.090741749594599, 0.741905461473038 ], [ 115.090820914800247, 0.742261704930684 ], [ 115.090820914800247, 0.742538783117197 ], [ 115.090979245214953, 0.742934609181418 ], [ 115.091137574378081, 0.743053357000633 ], [ 115.09125632219002, 0.743370017793495 ], [ 115.091335487399192, 0.743607512151357 ], [ 115.091454235207607, 0.743884590396362 ], [ 115.091454235207607, 0.744122086034793 ], [ 115.091454235207607, 0.744438746827655 ], [ 115.091493817810374, 0.744834572891875 ], [ 115.091533400416665, 0.745190816291256 ], [ 115.091572983019546, 0.745547059748958 ], [ 115.091572983019546, 0.745942884532383 ], [ 115.091454235207607, 0.746219962777161 ], [ 115.091414652604726, 0.746417875750979 ], [ 115.091216739587253, 0.746615788783117 ], [ 115.090979245214953, 0.746774119208681 ], [ 115.09078133219748, 0.746972032240762 ], [ 115.09062300178266, 0.747169945272674 ], [ 115.090543836577126, 0.747288693033624 ], [ 115.090464671367954, 0.747526188672055 ], [ 115.090266758350595, 0.747644936491326 ], [ 115.090029262730354, 0.747882432129757 ], [ 115.089831349712767, 0.747961597342623 ], [ 115.089593854092641, 0.748119927709922 ], [ 115.089356358468763, 0.7483178395197 ], [ 115.089277193263115, 0.748357422126048 ], [ 115.089118862848409, 0.748476169886999 ], [ 115.088881367228282, 0.748674082919138 ], [ 115.088604289001637, 0.748990743770435 ], [ 115.088445959838282, 0.749228239408694 ], [ 115.088525125047454, 0.749386569776163 ], [ 115.088525125047454, 0.749544900201727 ], [ 115.088525125047454, 0.749782395840214 ], [ 115.088525125047454, 0.750019891478644 ], [ 115.088445959838282, 0.750178221846113 ], [ 115.088287629423576, 0.750376134878024 ], [ 115.088050133803449, 0.750613630516511 ], [ 115.087852220785862, 0.750851124874373 ], [ 115.087614725161984, 0.751009455300107 ], [ 115.087495977353797, 0.75116778572567 ], [ 115.087495977353797, 0.751484446518702 ], [ 115.087614725161984, 0.751721942157189 ], [ 115.087812638183095, 0.751919855189101 ], [ 115.087970968594277, 0.751999020401968 ], [ 115.088327212026343, 0.751999020401968 ], [ 115.088564706398756, 0.752038603008316 ], [ 115.088841784625515, 0.752078185614835 ], [ 115.089079280245642, 0.752117768162918 ], [ 115.089316775865996, 0.752236515982133 ], [ 115.089514688883469, 0.752355263801348 ], [ 115.089633436695408, 0.752632342046184 ], [ 115.089673019298175, 0.752909420232868 ], [ 115.089673019298175, 0.753186497255342 ], [ 115.089712601900828, 0.753503158048375 ], [ 115.089831349712767, 0.753701071080343 ], [ 115.089910514918415, 0.75401773193164 ], [ 115.089870932315534, 0.754294810118154 ], [ 115.089831349712767, 0.754571888363159 ], [ 115.089633436695408, 0.754769801395071 ], [ 115.089475106280702, 0.754928131820805 ], [ 115.089277193263115, 0.755126044794451 ], [ 115.089158445451176, 0.75516562740097 ], [ 115.089039697642988, 0.755284375220185 ], [ 115.088881367228282, 0.7554031230394 ], [ 115.088683454210695, 0.755561452184395 ], [ 115.088406377235515, 0.755719782610015 ], [ 115.088168881615388, 0.755798947822882 ], [ 115.088010551200682, 0.755798947822882 ], [ 115.087812638183095, 0.755957278248445 ], [ 115.087693890371156, 0.756155191280527 ], [ 115.08745639475103, 0.756273939041478 ], [ 115.087218899127151, 0.756353104254345 ], [ 115.087020986109565, 0.756353104254345 ], [ 115.086823073092091, 0.756353104254345 ], [ 115.086506412262793, 0.756353104254345 ], [ 115.086268916642439, 0.756313521647826 ], [ 115.085912674461838, 0.756234356435129 ], [ 115.085754344047132, 0.756194773828611 ], [ 115.085516848426892, 0.756155191280527 ], [ 115.085279352803013, 0.756115608674179 ], [ 115.085160604994712, 0.755996860854964 ], [ 115.084923109370834, 0.75583853042923 ], [ 115.08460644854506, 0.755640617397319 ], [ 115.084368952921182, 0.755442705645748 ], [ 115.084289787715534, 0.755284375220185 ], [ 115.084131457300828, 0.755086462188103 ], [ 115.083973126886121, 0.754730218788723 ], [ 115.083775213868762, 0.754492723150236 ], [ 115.08357730210264, 0.754255227511806 ], [ 115.083458554290701, 0.75413647969259 ], [ 115.083339806478762, 0.753898984112425 ], [ 115.083181476064055, 0.753661488473995 ], [ 115.083023145653101, 0.753582323261071 ], [ 115.082864815238281, 0.75338441022916 ], [ 115.082627319614403, 0.753265662468038 ], [ 115.082389823994276, 0.753265662468038 ], [ 115.082191910976803, 0.753265662468038 ], [ 115.081914832750044, 0.753265662468038 ], [ 115.081716919732571, 0.753265662468038 ], [ 115.081439841509564, 0.753305245074557 ], [ 115.081241929740031, 0.75338441022916 ], [ 115.081162764534383, 0.753463575441856 ], [ 115.081044016722444, 0.753503158048375 ], [ 115.080846103705085, 0.753582323261071 ], [ 115.080648190687612, 0.753621905867647 ], [ 115.080489860272792, 0.753661488473995 ], [ 115.080252364652665, 0.753621905867647 ], [ 115.080094034237959, 0.753503158048375 ], [ 115.079698208202899, 0.753503158048375 ], [ 115.0793815473736, 0.753423992835508 ], [ 115.079223216958894, 0.753305245074557 ], [ 115.078866973526601, 0.753186497255342 ], [ 115.078708644363473, 0.753028168052083 ], [ 115.078589896555059, 0.752869837684614 ], [ 115.07835240093118, 0.752790672471917 ], [ 115.078154487913707, 0.752592759439835 ], [ 115.077956574896348, 0.752355263801348 ], [ 115.077719079275994, 0.752236515982133 ], [ 115.077481583652116, 0.752117768162918 ], [ 115.077204505429222, 0.752038603008316 ], [ 115.076927427202463, 0.751999020401968 ], [ 115.076610766376803, 0.75195943779562 ], [ 115.076214941589569, 0.751999020401968 ], [ 115.075898280760157, 0.752038603008316 ], [ 115.075700367742797, 0.751999020401968 ], [ 115.075423289519676, 0.752038603008316 ], [ 115.075146211293145, 0.751999020401968 ], [ 115.074948298275672, 0.751999020401968 ], [ 115.074592054843379, 0.752038603008316 ], [ 115.07427539401408, 0.752117768162918 ], [ 115.074077480996607, 0.752078185614835 ], [ 115.073919151833252, 0.752078185614835 ], [ 115.073721238815892, 0.752078185614835 ], [ 115.073602491003953, 0.752038603008316 ], [ 115.073364995383599, 0.75195943779562 ], [ 115.073206664968893, 0.751801107369886 ], [ 115.073048334554187, 0.751761524763538 ], [ 115.072850421536828, 0.751642776944323 ], [ 115.072652508519241, 0.751524029125051 ], [ 115.072335847689828, 0.751405281305836 ], [ 115.072177517278874, 0.751365698699487 ], [ 115.071940021654996, 0.751286533486621 ], [ 115.071742108637409, 0.751286533486621 ], [ 115.071544195620049, 0.75116778572567 ], [ 115.071346283853927, 0.751088620512803 ], [ 115.071267118644869, 0.750890707480892 ], [ 115.071069205627282, 0.75069279444881 ], [ 115.070990040421862, 0.750415717484543 ], [ 115.070950457819094, 0.750178221846113 ], [ 115.070831710007155, 0.749980308872296 ], [ 115.070594214386801, 0.749782395840214 ], [ 115.070317136160156, 0.749703230627517 ], [ 115.07007964054003, 0.749742813233865 ], [ 115.069842144916151, 0.749782395840214 ], [ 115.069525484090377, 0.749821978446732 ], [ 115.069406736278438, 0.750019891478644 ], [ 115.069287988466499, 0.750099056633246 ], [ 115.06905049409761, 0.750217804452461 ], [ 115.068654668062777, 0.750257387058809 ], [ 115.068338007233251, 0.750296969665328 ], [ 115.068060929006606, 0.750257387058809 ], [ 115.067744268180832, 0.750296969665328 ], [ 115.067585937766125, 0.750257387058809 ], [ 115.067269276936827, 0.750138639239594 ], [ 115.067110946522121, 0.750059474026898 ], [ 115.066952616107415, 0.749901143659429 ], [ 115.066715120487061, 0.749663648020999 ], [ 115.066635956529353, 0.749505317595379 ], [ 115.066438043511994, 0.749426152382512 ], [ 115.066240130494407, 0.749426152382512 ], [ 115.066160965288873, 0.749584482808302 ], [ 115.065963052267762, 0.749782395840214 ], [ 115.065765139250402, 0.749901143659429 ], [ 115.065567226232929, 0.750059474026898 ], [ 115.065408895818223, 0.750336552271676 ], [ 115.065250565403403, 0.750415717484543 ], [ 115.065052652386044, 0.750574047910163 ], [ 115.064973487180509, 0.750771959661677 ], [ 115.064735991560156, 0.75093029008724 ], [ 115.064656826350983, 0.751088620512803 ], [ 115.064538078542796, 0.751286533486621 ], [ 115.064340165521571, 0.751603194337974 ], [ 115.064261000316151, 0.751840689976405 ], [ 115.064181836358443, 0.751999020401968 ], [ 115.064142253755676, 0.752196933375785 ], [ 115.064102671152796, 0.752474011620563 ], [ 115.063983923340857, 0.752553176833487 ], [ 115.06374642772073, 0.752553176833487 ], [ 115.063588097306024, 0.752434429014215 ], [ 115.06335060168567, 0.752355263801348 ], [ 115.06315268866831, 0.752196933375785 ], [ 115.062954775650837, 0.752196933375785 ], [ 115.062677697424192, 0.752157350769266 ], [ 115.062479784406605, 0.752236515982133 ], [ 115.062361036594666, 0.752355263801348 ], [ 115.062163123577307, 0.752434429014215 ], [ 115.0620047931626, 0.752592759439835 ], [ 115.061806881396478, 0.752751089865399 ], [ 115.061569385776352, 0.752830255078266 ], [ 115.061292307549706, 0.752909420232868 ], [ 115.06109439453212, 0.753107333264779 ], [ 115.060936064117413, 0.753305245074557 ], [ 115.060777733702821, 0.753503158048375 ], [ 115.060619403288115, 0.753542740654723 ], [ 115.060461072873409, 0.753740653686862 ], [ 115.060381907667761, 0.753859401506077 ], [ 115.060144412047634, 0.754057314537988 ], [ 115.059946499030161, 0.754215644905457 ], [ 115.059906916423756, 0.754373975331021 ], [ 115.059827751218222, 0.754611470969508 ], [ 115.059788168615341, 0.754809384001589 ], [ 115.059788168615341, 0.755007296975407 ], [ 115.059788168615341, 0.755244792613667 ], [ 115.059709003406283, 0.7554031230394 ], [ 115.059629838200635, 0.755561452184395 ], [ 115.059511090388696, 0.755680200003667 ], [ 115.059471507785929, 0.75583853042923 ], [ 115.059313178622801, 0.755957278248445 ], [ 115.059194430810862, 0.756155191280527 ], [ 115.059036100396156, 0.756234356435129 ], [ 115.058798604775802, 0.756313521647826 ], [ 115.058481943946504, 0.756313521647826 ], [ 115.05828403092903, 0.756313521647826 ], [ 115.058086117911444, 0.756353104254345 ], [ 115.057967370099504, 0.756392686860693 ], [ 115.05780903968855, 0.756511434679908 ], [ 115.05765070927373, 0.756748930318395 ], [ 115.057611126667439, 0.756946843350477 ], [ 115.057492378859024, 0.75722392153699 ], [ 115.057611126667439, 0.757540582388344 ], [ 115.057611126667439, 0.757738495420256 ], [ 115.057729874479378, 0.757936408394073 ], [ 115.057729874479378, 0.758173902810199 ], [ 115.05765070927373, 0.758253067964802 ], [ 115.057571544064672, 0.758411398390365 ], [ 115.057452796256257, 0.758609311422504 ], [ 115.057452796256257, 0.758807224454415 ], [ 115.057452796256257, 0.758965554880149 ], [ 115.057413213649852, 0.759203050460314 ], [ 115.057334048444318, 0.759440546098745 ], [ 115.057294465841665, 0.75971762434358 ], [ 115.057096552824191, 0.759994702530264 ], [ 115.056898641054545, 0.760192615562175 ], [ 115.056661145434191, 0.760390527313689 ], [ 115.056542397622252, 0.7605884403456 ], [ 115.056542397622252, 0.760707188164872 ], [ 115.056502815019599, 0.760905101196954 ], [ 115.056423649814064, 0.76114259677712 ], [ 115.056225736796478, 0.761103014170772 ], [ 115.056106988984538, 0.760865518590606 ], [ 115.05602782377548, 0.760628022952176 ], [ 115.055948658569832, 0.760430109920037 ], [ 115.055790328155126, 0.760271780775042 ], [ 115.055671580343187, 0.760271780775042 ], [ 115.055552832535, 0.76031136338139 ], [ 115.055434084723061, 0.760469692526385 ], [ 115.05539450212018, 0.760667605558524 ], [ 115.055275754308241, 0.760944683803302 ], [ 115.055236171705474, 0.761063431564423 ], [ 115.055117423893535, 0.761261344596335 ], [ 115.05495909348258, 0.76138009241555 ], [ 115.05480076306776, 0.761419675021898 ], [ 115.054602850050287, 0.761459257628417 ], [ 115.054404938280641, 0.761459257628417 ], [ 115.054167442660514, 0.761498840234765 ], [ 115.054009112245808, 0.761498840234765 ], [ 115.053732034019049, 0.761538422841113 ], [ 115.053494538398922, 0.761578005447689 ], [ 115.053336207984216, 0.761617588054037 ], [ 115.053217460175802, 0.761657170660385 ], [ 115.052979964551923, 0.761696753266904 ], [ 115.05270288632903, 0.761815501086119 ], [ 115.052386225499504, 0.7617759184796 ], [ 115.052188312482144, 0.7617759184796 ], [ 115.052029983318903, 0.761696753266904 ], [ 115.051752905092258, 0.761657170660385 ], [ 115.05147582686925, 0.761657170660385 ], [ 115.051119583436957, 0.761617588054037 ], [ 115.050921670419484, 0.761617588054037 ], [ 115.050763340004892, 0.761617588054037 ], [ 115.050644592192953, 0.761657170660385 ], [ 115.050486261778246, 0.761657170660385 ], [ 115.05032793136354, 0.761815501086119 ], [ 115.050209183555125, 0.762013414059936 ], [ 115.050050853140533, 0.762132161878981 ], [ 115.050050853140533, 0.762250909698196 ], [ 115.050090435743186, 0.76256757054955 ], [ 115.05032793136354, 0.762805066129715 ], [ 115.050525844381013, 0.762923812726626 ], [ 115.050723757402125, 0.763121725700444 ], [ 115.050961253022251, 0.76320089091314 ], [ 115.051198748642605, 0.763359221338874 ], [ 115.051357079057311, 0.763596716977361 ], [ 115.051594574677438, 0.763873795222139 ], [ 115.051752905092258, 0.764190456015172 ], [ 115.051911235506964, 0.764427951653602 ], [ 115.052148729879377, 0.764586282079222 ], [ 115.052307060294083, 0.764744612446691 ], [ 115.05254455591421, 0.764823777659387 ], [ 115.052861216743736, 0.764902942872254 ], [ 115.053059129761095, 0.764942525478602 ], [ 115.053257042778569, 0.764982108085121 ], [ 115.053454955796155, 0.765061273297817 ], [ 115.053652868813515, 0.765219603723381 ], [ 115.053811199228221, 0.765338350262027 ], [ 115.054009112245808, 0.765417515474894 ], [ 115.054167442660514, 0.765615428507033 ], [ 115.054246607866048, 0.765852924145463 ], [ 115.054404938280641, 0.766169584938325 ], [ 115.054563267443882, 0.766407080576755 ], [ 115.054682015255821, 0.766565411002546 ], [ 115.054840345670641, 0.766723741428109 ], [ 115.05495909348258, 0.766882071795578 ], [ 115.055196589102707, 0.766921654401926 ], [ 115.055513249932119, 0.767000819614793 ], [ 115.055750745552473, 0.767000819614793 ], [ 115.055988241172599, 0.767040402221141 ], [ 115.056265319399358, 0.76707998482749 ], [ 115.056502815019599, 0.767238315253053 ], [ 115.056661145434191, 0.767475810891483 ], [ 115.056819475848897, 0.767713306471876 ], [ 115.057017387615019, 0.768029966042434 ], [ 115.057096552824191, 0.768346626893731 ], [ 115.057017387615019, 0.768623705138566 ], [ 115.056859058451778, 0.768702870351433 ], [ 115.056740310639839, 0.768861200718732 ], [ 115.056542397622252, 0.768979948537947 ], [ 115.056384067207659, 0.76913827896351 ], [ 115.056384067207659, 0.769454939814807 ], [ 115.056542397622252, 0.769771600607896 ], [ 115.05677989324613, 0.770088261459023 ], [ 115.057096552824191, 0.770286173210536 ], [ 115.057294465841665, 0.770563251455314 ], [ 115.057373631047085, 0.770840329642056 ], [ 115.057571544064672, 0.771038242674138 ], [ 115.057729874479378, 0.771315320918916 ], [ 115.057888204894084, 0.771592399163751 ], [ 115.058006952706023, 0.77175072953122 ], [ 115.05828403092903, 0.772027807775999 ], [ 115.058442361343737, 0.77222572080791 ], [ 115.058719439570382, 0.77250279777229 ], [ 115.059036100396156, 0.772700710804259 ], [ 115.059352761225568, 0.772938206384595 ], [ 115.059629838200635, 0.773017371597291 ], [ 115.059867333820989, 0.773136119416506 ], [ 115.060183994650288, 0.773215284629373 ], [ 115.060461072873409, 0.773334032448588 ], [ 115.060817316305474, 0.773413197661284 ], [ 115.061133977135, 0.773492362874151 ], [ 115.06149022056718, 0.773531945480499 ], [ 115.061767298793711, 0.773571528087075 ], [ 115.062083958371772, 0.773531945480499 ], [ 115.06220270617996, 0.773650693299771 ], [ 115.062479784406605, 0.773769441060892 ], [ 115.062440201803838, 0.774046519305671 ], [ 115.062440201803838, 0.774323597550449 ], [ 115.062440201803838, 0.774442345369664 ], [ 115.062440201803838, 0.774679840949887 ], [ 115.062440201803838, 0.774917336588317 ], [ 115.062400619197433, 0.775194413552526 ], [ 115.062400619197433, 0.775431909190957 ], [ 115.062440201803838, 0.775748569984046 ], [ 115.062519367009372, 0.776025648228995 ], [ 115.062677697424192, 0.776223561260906 ], [ 115.062836027838898, 0.776342309080121 ], [ 115.062954775650837, 0.776500639505684 ], [ 115.062994358253604, 0.776619387266862 ], [ 115.063033940856371, 0.776856882905292 ], [ 115.063033940856371, 0.777133961150071 ], [ 115.063073523459025, 0.77741103811428 ], [ 115.06315268866831, 0.777648533752767 ], [ 115.063192271270964, 0.777846446726585 ], [ 115.063192271270964, 0.778044359758667 ], [ 115.063192271270964, 0.778361020609793 ], [ 115.063271436476612, 0.778638098796534 ], [ 115.063231853873731, 0.778954759647661 ], [ 115.063231853873731, 0.779152672679743 ], [ 115.063113106061792, 0.779429750866257 ], [ 115.062954775650837, 0.779785994323959 ], [ 115.063033940856371, 0.780063071288339 ], [ 115.063033940856371, 0.780419314745814 ], [ 115.062915193044432, 0.780735975538903 ], [ 115.063033940856371, 0.780973471177333 ], [ 115.063113106061792, 0.781250549422111 ], [ 115.063271436476612, 0.781488045002504 ], [ 115.063311019079379, 0.781725540640934 ], [ 115.063429766891318, 0.782042201492061 ], [ 115.06350893210049, 0.782319279678745 ], [ 115.063588097306024, 0.782635939307625 ], [ 115.063706845117963, 0.782833852281442 ], [ 115.06382559292615, 0.783071347919872 ], [ 115.06394434073809, 0.783388008770999 ], [ 115.064063088550029, 0.78366508695774 ], [ 115.064142253755676, 0.783862999989822 ], [ 115.064221418964735, 0.783981747809037 ], [ 115.064340165521571, 0.784179660840948 ], [ 115.064538078542796, 0.784298408601899 ], [ 115.064775574162923, 0.784377573814766 ], [ 115.065013069783276, 0.784535904240386 ], [ 115.065131817595216, 0.784694234666119 ], [ 115.065290148009922, 0.784852563811114 ], [ 115.065408895818223, 0.785010894236677 ], [ 115.065567226232929, 0.785129642055892 ], [ 115.065646391442101, 0.785327555087974 ], [ 115.065765139250402, 0.785525468061849 ], [ 115.065883887062341, 0.785802546306627 ], [ 115.065804721856807, 0.786119207157753 ], [ 115.065844304459574, 0.786317120189835 ], [ 115.065883887062341, 0.78651503316371 ], [ 115.065963052267762, 0.786831694015007 ], [ 115.066121382682468, 0.787069189653266 ], [ 115.066121382682468, 0.78726710140478 ], [ 115.066240130494407, 0.787425431830343 ], [ 115.066240130494407, 0.787742092623432 ], [ 115.066240130494407, 0.787900423049166 ], [ 115.066240130494407, 0.788217083900292 ], [ 115.066240130494407, 0.788612909906249 ], [ 115.066240130494407, 0.788771240331812 ], [ 115.066240130494407, 0.78904831857659 ], [ 115.066240130494407, 0.789325396763275 ], [ 115.066279713097288, 0.789562892401761 ], [ 115.066319295700055, 0.789721221546756 ], [ 115.066358878306346, 0.789800386759623 ], [ 115.066398460909227, 0.790037882398053 ], [ 115.066358878306346, 0.790314960642831 ], [ 115.066438043511994, 0.790592038829402 ], [ 115.066438043511994, 0.790948282287047 ], [ 115.066398460909227, 0.791146195319129 ], [ 115.066319295700055, 0.791383690899295 ], [ 115.06620054789164, 0.79166076914413 ], [ 115.066042217476934, 0.791937847389079 ], [ 115.065765139250402, 0.792135759140422 ], [ 115.065567226232929, 0.792333672172504 ], [ 115.065329730612575, 0.792571167752726 ], [ 115.065092234992449, 0.792769080784808 ], [ 115.064973487180509, 0.792887828604023 ], [ 115.06485473936857, 0.793164906848801 ], [ 115.064656826350983, 0.793362819822619 ], [ 115.064538078542796, 0.793560732854587 ], [ 115.064419330730857, 0.793798228493017 ], [ 115.064221418964735, 0.794075306679701 ], [ 115.064063088550029, 0.794273219711613 ], [ 115.063904758135322, 0.794471131521391 ], [ 115.063786010323383, 0.794669044495265 ], [ 115.063706845117963, 0.794748209707961 ], [ 115.063588097306024, 0.794866957527177 ], [ 115.063469349494085, 0.794985705346392 ], [ 115.06335060168567, 0.795144035771955 ], [ 115.063271436476612, 0.795381531352291 ], [ 115.06315268866831, 0.795539861777911 ], [ 115.063073523459025, 0.795816940022689 ], [ 115.062915193044432, 0.796014853054771 ], [ 115.062836027838898, 0.796212766028589 ], [ 115.062717280026959, 0.7964106790605 ], [ 115.062638114821311, 0.796608592092639 ], [ 115.062558949612253, 0.796727339911854 ], [ 115.062361036594666, 0.796925251663367 ], [ 115.062321453991899, 0.797043999482582 ], [ 115.062242288786479, 0.797123164695279 ], [ 115.06212354097454, 0.797241912514494 ], [ 115.061886045354186, 0.797360660275444 ], [ 115.061767298793711, 0.797479408094659 ], [ 115.061688133584539, 0.797558573307583 ], [ 115.06149022056718, 0.797677321126798 ], [ 115.061292307549706, 0.797914816765228 ], [ 115.06109439453212, 0.79811272979714 ], [ 115.061054811929353, 0.798389807983824 ], [ 115.06089648151476, 0.798627303622311 ], [ 115.060738151100054, 0.798904381867089 ], [ 115.06065898589452, 0.799141877447255 ], [ 115.060461072873409, 0.799537702230907 ], [ 115.060421490270642, 0.799735615262819 ], [ 115.060381907667761, 0.799973110901249 ], [ 115.060342325064994, 0.800131441326812 ], [ 115.060263159855822, 0.800210606481414 ], [ 115.060223577253055, 0.800448102119844 ], [ 115.060144412047634, 0.800685597758331 ], [ 115.060144412047634, 0.800923093396761 ], [ 115.060104829441116, 0.801279336796142 ], [ 115.060104829441116, 0.801437667221933 ], [ 115.060104829441116, 0.801793909399009 ], [ 115.060223577253055, 0.802110570250136 ], [ 115.060342325064994, 0.802268900617605 ], [ 115.060461072873409, 0.802466813649517 ], [ 115.060579820685348, 0.802743891894522 ], [ 115.060579820685348, 0.803060552687384 ], [ 115.060579820685348, 0.803218883113118 ], [ 115.060540238082581, 0.803456378751605 ], [ 115.060619403288115, 0.803654291783516 ], [ 115.06065898589452, 0.803773039602731 ], [ 115.060698568497287, 0.804010535182897 ], [ 115.060936064117413, 0.804089700395764 ], [ 115.061133977135, 0.804010535182897 ], [ 115.061450637964413, 0.803970952576549 ], [ 115.061608968379119, 0.803931369970201 ], [ 115.061846462747894, 0.803852204757334 ], [ 115.062044375765367, 0.803773039602731 ], [ 115.06220270617996, 0.803852204757334 ], [ 115.062400619197433, 0.803891787363852 ], [ 115.062638114821311, 0.803891787363852 ], [ 115.062836027838898, 0.803891787363852 ], [ 115.063033940856371, 0.803773039602731 ], [ 115.063231853873731, 0.803654291783516 ], [ 115.06350893210049, 0.803614709177168 ], [ 115.063627679908791, 0.803614709177168 ], [ 115.063865175532669, 0.803614709177168 ], [ 115.064142253755676, 0.803614709177168 ], [ 115.064261000316151, 0.803654291783516 ], [ 115.064577661145449, 0.803773039602731 ], [ 115.064617243748216, 0.804010535182897 ], [ 115.064696408953864, 0.804129283002112 ], [ 115.064696408953864, 0.804366777359974 ], [ 115.064656826350983, 0.804643855604979 ], [ 115.064696408953864, 0.804881351243409 ], [ 115.064815156765803, 0.805198012036271 ], [ 115.064973487180509, 0.805435507674702 ], [ 115.065013069783276, 0.80563342070684 ], [ 115.064894321971337, 0.80587091634527 ], [ 115.064815156765803, 0.806187577138303 ], [ 115.064735991560156, 0.806385490170214 ], [ 115.064577661145449, 0.806583401921785 ], [ 115.064419330730857, 0.806860480166563 ], [ 115.064419330730857, 0.807058393198645 ], [ 115.06437974812809, 0.807256306172462 ], [ 115.064261000316151, 0.807612549630164 ], [ 115.064063088550029, 0.807770880055728 ], [ 115.06394434073809, 0.807889627874943 ], [ 115.063865175532669, 0.808008375635893 ], [ 115.063706845117963, 0.808206288667975 ], [ 115.063706845117963, 0.808443784306462 ], [ 115.063904758135322, 0.808760445099495 ], [ 115.064181836358443, 0.808997940737754 ], [ 115.06445891333351, 0.809077104728317 ], [ 115.064656826350983, 0.809116687334665 ], [ 115.064933904577742, 0.809116687334665 ], [ 115.065171400197983, 0.809116687334665 ], [ 115.065448478424514, 0.809116687334665 ], [ 115.065685974044868, 0.808918775525058 ], [ 115.065923469664995, 0.808918775525058 ], [ 115.066240130494407, 0.808958358131406 ], [ 115.066477626114761, 0.809037522121969 ], [ 115.06667553913212, 0.809235435095616 ], [ 115.066754703089828, 0.809472930734046 ], [ 115.066913033504534, 0.809670843766185 ], [ 115.067071363919354, 0.809947922010963 ], [ 115.067388024748766, 0.81014583498478 ], [ 115.067625520368892, 0.810343748016862 ], [ 115.06770468557454, 0.810581243655349 ], [ 115.067902598592013, 0.810660408868046 ], [ 115.068100511609373, 0.810818739235515 ], [ 115.068298424630484, 0.810818739235515 ], [ 115.068575502853605, 0.810897904448382 ], [ 115.068773415870965, 0.810858321841863 ], [ 115.06905049409761, 0.810818739235515 ], [ 115.069208823260965, 0.810699991474564 ], [ 115.069367153675671, 0.810699991474564 ], [ 115.069525484090377, 0.810699991474564 ], [ 115.069802562313384, 0.810699991474564 ], [ 115.070040057933625, 0.810620826261697 ], [ 115.070237970954736, 0.810502078442482 ], [ 115.070435883972095, 0.810343748016862 ], [ 115.070673379592449, 0.810185417591128 ], [ 115.070950457819094, 0.810185417591128 ], [ 115.071029623024515, 0.810225000197647 ], [ 115.071227536041988, 0.810304165410344 ], [ 115.071306701247636, 0.810422913229559 ], [ 115.071385866456808, 0.810660408868046 ], [ 115.071385866456808, 0.810858321841863 ], [ 115.071227536041988, 0.811095817480293 ], [ 115.071227536041988, 0.811293730512375 ], [ 115.071227536041988, 0.811491642263718 ], [ 115.071187953439221, 0.811808303115072 ], [ 115.071148370836454, 0.812124963908104 ], [ 115.071069205627282, 0.812283294333668 ], [ 115.070871292609922, 0.812560372578503 ], [ 115.070792127404388, 0.812758285610585 ], [ 115.070712962195216, 0.812837450765187 ], [ 115.070712962195216, 0.813035363797098 ], [ 115.070594214386801, 0.813272859435529 ], [ 115.070594214386801, 0.813510355074015 ], [ 115.070712962195216, 0.813629102835137 ], [ 115.070950457819094, 0.813708268047833 ], [ 115.071187953439221, 0.813827015867048 ], [ 115.071306701247636, 0.813945762463959 ], [ 115.071583778222816, 0.814104092831258 ], [ 115.071781691240176, 0.814381171076207 ], [ 115.072019186864054, 0.814658249321042 ], [ 115.072177517278874, 0.814974910114074 ], [ 115.072296265087175, 0.815212405752504 ], [ 115.072454595501767, 0.815489483997339 ], [ 115.072573343313707, 0.815687396971157 ], [ 115.072652508519241, 0.815924892609587 ], [ 115.07277125633118, 0.816122805641498 ], [ 115.073048334554187, 0.816241553460713 ], [ 115.073325412780832, 0.816162388248017 ], [ 115.073483743195538, 0.816122805641498 ], [ 115.073760821418546, 0.816043640428802 ], [ 115.073919151833252, 0.815885310003239 ], [ 115.074196228808546, 0.815726979577505 ], [ 115.074354559223252, 0.815568649210206 ], [ 115.074512889637958, 0.815410318784416 ], [ 115.074631637446146, 0.815251988358852 ], [ 115.074789967860852, 0.815212405752504 ], [ 115.075067046087611, 0.815172823145986 ], [ 115.075264959105084, 0.815172823145986 ], [ 115.075502454725211, 0.815172823145986 ], [ 115.07562120253715, 0.815331153571719 ], [ 115.07562120253715, 0.815529066603688 ], [ 115.075700367742797, 0.815766562184024 ], [ 115.075739950349089, 0.815964475215935 ], [ 115.075858698157504, 0.816162388248017 ], [ 115.076017028572096, 0.81636029999936 ], [ 115.076135776384035, 0.816518630425151 ], [ 115.076333689401508, 0.816756126063581 ], [ 115.076492018564863, 0.816874873882796 ], [ 115.076571183770398, 0.817072786856443 ], [ 115.07665034897957, 0.817270699888525 ], [ 115.076808679394276, 0.817468612920663 ], [ 115.076967009808868, 0.817706108559094 ], [ 115.077204505429222, 0.817904021532911 ], [ 115.077283670634756, 0.818022769351956 ], [ 115.077362835843928, 0.818181099777689 ], [ 115.077481583652116, 0.818339430203253 ], [ 115.077639914066822, 0.818616508389994 ], [ 115.077916992293581, 0.818735256209209 ], [ 115.078075322708287, 0.818933168018816 ], [ 115.078194070516474, 0.819091498386115 ], [ 115.078391983534061, 0.819249828811849 ], [ 115.078391983534061, 0.81944774184376 ], [ 115.078391983534061, 0.819606072269551 ], [ 115.078233653122993, 0.819803985243368 ], [ 115.078154487913707, 0.820041480881628 ], [ 115.078035740101768, 0.820120646094495 ], [ 115.077679496669703, 0.820278976520058 ], [ 115.077560748861288, 0.820318559126576 ], [ 115.077244088031989, 0.820516472158545 ], [ 115.07712534022005, 0.820674802526014 ], [ 115.076967009808868, 0.820951880770792 ], [ 115.07672951418499, 0.821031045983659 ], [ 115.07665034897957, 0.821228957735002 ], [ 115.07665034897957, 0.821466453373432 ], [ 115.076571183770398, 0.821664366405571 ], [ 115.076333689401508, 0.821901861985737 ], [ 115.076175358986802, 0.8220601924113 ], [ 115.075937863366676, 0.822178940230515 ], [ 115.07566078514003, 0.822337270656249 ], [ 115.075542037328091, 0.822495601081869 ], [ 115.075304541707737, 0.822693514055686 ], [ 115.075264959105084, 0.822812261874901 ], [ 115.075106628690378, 0.823049757513331 ], [ 115.074987880878439, 0.823208087938895 ], [ 115.074869133070024, 0.823445583519117 ], [ 115.074671220052664, 0.823683077935243 ], [ 115.074512889637958, 0.823960156121927 ], [ 115.07447330703144, 0.824197651760187 ], [ 115.07447330703144, 0.824514312611541 ], [ 115.07447330703144, 0.824791390798225 ], [ 115.074433724428786, 0.824949721223788 ], [ 115.074433724428786, 0.825108051649352 ], [ 115.074354559223252, 0.825305964681434 ], [ 115.074354559223252, 0.825583042868004 ], [ 115.074354559223252, 0.825780955900086 ], [ 115.074314976620485, 0.825939286325649 ], [ 115.074314976620485, 0.826137198077163 ], [ 115.07427539401408, 0.826295528502726 ], [ 115.074196228808546, 0.826493441534865 ], [ 115.074196228808546, 0.826770519721379 ], [ 115.074156646205665, 0.826968432753461 ], [ 115.073998315790959, 0.827166345785372 ], [ 115.073919151833252, 0.827245510998239 ], [ 115.073839986627831, 0.827364258817454 ], [ 115.073681656213125, 0.82752258918498 ], [ 115.073642073610358, 0.827720502216891 ], [ 115.073523325798419, 0.827918415248973 ], [ 115.073444160592771, 0.828195493493752 ], [ 115.073364995383599, 0.828551735670885 ], [ 115.073364995383599, 0.828947561676785 ], [ 115.073206664968893, 0.829185057315044 ], [ 115.073127499763473, 0.829382970347126 ], [ 115.073087917160706, 0.829699631140215 ], [ 115.073008751951534, 0.829976709384994 ], [ 115.072969169348767, 0.830135039810557 ], [ 115.073048334554187, 0.830451700603646 ], [ 115.073167082366126, 0.83061003102938 ], [ 115.073364995383599, 0.830768361454943 ], [ 115.073483743195538, 0.831005855812805 ], [ 115.073602491003953, 0.831322516663931 ], [ 115.073760821418546, 0.831599594850672 ], [ 115.073998315790959, 0.831876673095451 ], [ 115.074156646205665, 0.832074586127533 ], [ 115.074433724428786, 0.832272499159444 ], [ 115.074552472240725, 0.83243082952697 ], [ 115.074750385258085, 0.832747490378267 ], [ 115.074750385258085, 0.83290582080383 ], [ 115.074710802655318, 0.833103733835742 ], [ 115.074710802655318, 0.833301646809559 ], [ 115.074710802655318, 0.83342039340647 ], [ 115.074592054843379, 0.833618306380345 ], [ 115.074592054843379, 0.833895384625123 ], [ 115.074433724428786, 0.834053715050686 ], [ 115.074394141826019, 0.834251628082768 ], [ 115.074314976620485, 0.834528706269509 ], [ 115.074117063602898, 0.834845367120636 ], [ 115.074077480996607, 0.835003697546199 ], [ 115.073958734436019, 0.835280775732883 ], [ 115.073879569230485, 0.835439106158503 ], [ 115.073681656213125, 0.835637019190585 ], [ 115.073523325798419, 0.835874513548447 ], [ 115.07340457798648, 0.835993261367662 ], [ 115.073285830178065, 0.836072426580358 ], [ 115.073048334554187, 0.836191174399573 ], [ 115.072850421536828, 0.836309922218788 ], [ 115.072612925916474, 0.836349504825307 ], [ 115.072296265087175, 0.836349504825307 ], [ 115.072058769466935, 0.83658700040553 ], [ 115.071979604257763, 0.836705748224745 ], [ 115.071860856449348, 0.836982826469523 ], [ 115.071860856449348, 0.837180739501605 ], [ 115.071781691240176, 0.837378652475479 ], [ 115.071900439052115, 0.837616148113909 ], [ 115.071900439052115, 0.837932808965036 ], [ 115.072019186864054, 0.838011974177903 ], [ 115.072335847689828, 0.838091139332505 ], [ 115.072573343313707, 0.83820988715172 ], [ 115.07277125633118, 0.838368216354979 ], [ 115.073008751951534, 0.838447381567676 ], [ 115.073285830178065, 0.838486964174251 ], [ 115.07340457798648, 0.838724459754417 ], [ 115.073562908401186, 0.839001537999195 ], [ 115.073562908401186, 0.839159868424758 ], [ 115.073523325798419, 0.839318198792228 ], [ 115.073523325798419, 0.839555694430715 ], [ 115.073562908401186, 0.839832772675493 ], [ 115.073721238815892, 0.840070268313923 ], [ 115.073998315790959, 0.840307763894089 ], [ 115.07427539401408, 0.840466094319879 ], [ 115.074394141826019, 0.840624423464874 ], [ 115.074671220052664, 0.840743171284089 ], [ 115.074908715672791, 0.840901501709652 ], [ 115.075106628690378, 0.841059832135215 ], [ 115.075344124310504, 0.841257745167297 ], [ 115.07562120253715, 0.841376492928248 ], [ 115.075898280760157, 0.841416075534823 ], [ 115.076175358986802, 0.841455658141172 ], [ 115.076412853355691, 0.841613988566735 ], [ 115.076769096787757, 0.84173273638595 ], [ 115.077006592411635, 0.841772318992469 ], [ 115.077283670634756, 0.841772318992469 ], [ 115.077560748861288, 0.841772318992469 ], [ 115.077798244481642, 0.841772318992469 ], [ 115.078035740101768, 0.841772318992469 ], [ 115.078273235725646, 0.841772318992469 ], [ 115.078550313948767, 0.841811901598817 ], [ 115.078827392175413, 0.841811901598817 ], [ 115.079144051753246, 0.841811901598817 ], [ 115.079460712582772, 0.841891066811684 ], [ 115.079658625600246, 0.84197023202438 ], [ 115.080054451635192, 0.842088979843595 ], [ 115.080094034237959, 0.842366058030336 ], [ 115.080173199447131, 0.842603553668766 ], [ 115.080291947255319, 0.842920214519893 ], [ 115.080371112464604, 0.843197291484103 ], [ 115.080410695067258, 0.843474369670844 ], [ 115.080489860272792, 0.843711865309274 ], [ 115.080450277670025, 0.843949360947704 ], [ 115.080450277670025, 0.844186856586134 ], [ 115.080410695067258, 0.844463934772705 ], [ 115.080489860272792, 0.84482017823035 ], [ 115.080648190687612, 0.845097256417034 ], [ 115.080766938499551, 0.845334752055521 ], [ 115.080964851517024, 0.845572246413383 ], [ 115.081044016722444, 0.845928489871028 ], [ 115.08112318193173, 0.846165985509288 ], [ 115.081241929740031, 0.846482646302377 ], [ 115.081400258906797, 0.846759724547326 ], [ 115.081479424112445, 0.846918054972889 ], [ 115.081558589317979, 0.847155550553055 ], [ 115.081637754527151, 0.847393046191542 ], [ 115.081796084941857, 0.847709707042839 ], [ 115.08175650233909, 0.847907618794181 ], [ 115.08183566754451, 0.84818469703896 ], [ 115.081914832750044, 0.848382610012777 ], [ 115.082073163164864, 0.848699270864131 ], [ 115.08223149357957, 0.848857601289694 ], [ 115.082468989199697, 0.849015931715257 ], [ 115.082666902220808, 0.849253427295594 ], [ 115.082904397841162, 0.849372175114866 ], [ 115.083141893461402, 0.849530505540429 ], [ 115.083458554290701, 0.849451340327562 ], [ 115.083696048663114, 0.849688835965992 ], [ 115.083775213868762, 0.849965914152676 ], [ 115.083814796471529, 0.850282575003803 ], [ 115.083973126886121, 0.850480486755373 ], [ 115.084091874698061, 0.850757565000151 ], [ 115.084289787715534, 0.851074225851448 ], [ 115.084368952921182, 0.851351304037962 ], [ 115.084329370318414, 0.851588799676449 ], [ 115.084289787715534, 0.851865877921398 ], [ 115.084210622506475, 0.852103373501564 ], [ 115.084131457300828, 0.85234086914005 ], [ 115.084131457300828, 0.852617947384829 ], [ 115.083973126886121, 0.852895024349039 ], [ 115.083854379074182, 0.853053354774602 ], [ 115.083735631265995, 0.853290850354938 ], [ 115.083696048663114, 0.853488763386906 ], [ 115.083696048663114, 0.853765841631855 ], [ 115.083696048663114, 0.854003337212021 ], [ 115.083696048663114, 0.854319998063147 ], [ 115.083735631265995, 0.854636658914501 ], [ 115.083696048663114, 0.854874154494667 ], [ 115.083656467308288, 0.855151232739445 ], [ 115.083418971687934, 0.85530956188461 ], [ 115.083300223875995, 0.85546789231023 ], [ 115.083141893461402, 0.855626222735793 ], [ 115.082943980443929, 0.855744970555008 ], [ 115.082746067426342, 0.85594288358709 ], [ 115.082508571806216, 0.856180379167256 ], [ 115.082468989199697, 0.856299126986471 ], [ 115.082271076182337, 0.856536622624958 ], [ 115.082073163164864, 0.856694953050521 ], [ 115.081875250147277, 0.856813700869736 ], [ 115.08175650233909, 0.857051196449902 ], [ 115.081637754527151, 0.857249109481984 ], [ 115.081558589317979, 0.857605351659117 ], [ 115.081479424112445, 0.857882429903896 ], [ 115.081479424112445, 0.858119925484061 ], [ 115.081321093697625, 0.858436586335415 ], [ 115.081241929740031, 0.858515751548282 ], [ 115.08112318193173, 0.858753247186712 ], [ 115.081083599328963, 0.859030325373226 ], [ 115.080925268914257, 0.859267821011656 ], [ 115.080885686307852, 0.859505316650143 ], [ 115.080846103705085, 0.859742812230309 ], [ 115.080648190687612, 0.859980307868739 ], [ 115.080529442879197, 0.860296967439467 ], [ 115.080371112464604, 0.860455297865087 ], [ 115.080212782049898, 0.860732376109866 ], [ 115.080173199447131, 0.860930289083683 ], [ 115.080014869032311, 0.861049036902898 ], [ 115.079737790805666, 0.861326115147676 ], [ 115.079490399220958, 0.861538871482537 ], [ 115.079371652660598, 0.861627932637987 ], [ 115.079193530320481, 0.861835740390347 ], [ 115.079074782508542, 0.861954488209562 ], [ 115.078926348058417, 0.86201386270119 ], [ 115.078837286888415, 0.86201386270119 ], [ 115.078688852438063, 0.862043549364955 ], [ 115.078570104626124, 0.862102923914904 ], [ 115.078421670175999, 0.862132610520405 ], [ 115.078243547835996, 0.862340418272765 ], [ 115.078332609005997, 0.862577913911196 ], [ 115.078421670175999, 0.862934157310576 ], [ 115.078540417987938, 0.863171652949063 ], [ 115.078777913608064, 0.863201339612829 ], [ 115.079104469150479, 0.863290400768278 ], [ 115.079371652660598, 0.863409148587493 ], [ 115.079401339302422, 0.863646644167659 ], [ 115.079401339302422, 0.863824765256197 ], [ 115.079401339302422, 0.864062260894627 ], [ 115.079401339302422, 0.864151322050077 ], [ 115.079312278128896, 0.864329443138615 ], [ 115.079163843678543, 0.864477878843957 ], [ 115.07898572133854, 0.864626313326994 ], [ 115.078807600246478, 0.864685686596317 ], [ 115.078718539076476, 0.864834121021033 ], [ 115.078688852438063, 0.865130991209412 ], [ 115.078718539076476, 0.865427860117165 ], [ 115.078688852438063, 0.865516921272558 ], [ 115.078629479157939, 0.865754416911045 ], [ 115.078540417987938, 0.865962224605084 ], [ 115.078451356814185, 0.866229408129641 ], [ 115.078362295644183, 0.866437215882002 ], [ 115.078154487913707, 0.866615338192844 ], [ 115.078065426743706, 0.866823145945204 ], [ 115.078065426743706, 0.867001268256047 ], [ 115.077857617761765, 0.867238763894477 ], [ 115.077768557843228, 0.867357511713692 ], [ 115.077620123393103, 0.867565319466053 ], [ 115.07753106221935, 0.867713753890826 ], [ 115.077412314411163, 0.867832501710041 ], [ 115.077204505429222, 0.867891876259932 ], [ 115.07705607097887, 0.868010624020883 ], [ 115.076877949886807, 0.868218431773244 ], [ 115.076759202074868, 0.86839655414235 ], [ 115.076699827546804, 0.868574675230889 ], [ 115.076551393096452, 0.868812170811054 ], [ 115.076462331922926, 0.869109040999433 ], [ 115.076462331922926, 0.869346536579599 ], [ 115.076462331922926, 0.869494971062579 ], [ 115.076492018564863, 0.869732466642802 ], [ 115.076610766376803, 0.869880901125782 ], [ 115.076699827546804, 0.870029335550555 ], [ 115.076848261996929, 0.870207456639093 ], [ 115.076848261996929, 0.87047464016365 ], [ 115.076818575354991, 0.87068244791601 ], [ 115.076788888716806, 0.870890256890618 ], [ 115.076788888716806, 0.871038691315391 ], [ 115.076759202074868, 0.871216813684498 ], [ 115.07672951418499, 0.871543369197809 ], [ 115.076670140904866, 0.871721491566916 ], [ 115.076521706454514, 0.871929299319277 ], [ 115.076462331922926, 0.872018360474669 ], [ 115.076284210834388, 0.872107421630119 ], [ 115.07625452419245, 0.872255856113156 ], [ 115.076224836302572, 0.872404290537872 ], [ 115.076284210834388, 0.872612099512537 ], [ 115.076462331922926, 0.872849595150967 ], [ 115.076699827546804, 0.872879281756525 ], [ 115.076848261996929, 0.872849595150967 ], [ 115.077026384336932, 0.872849595150967 ], [ 115.077234192067408, 0.872790220601075 ], [ 115.077501375581164, 0.872760533995574 ], [ 115.077768557843228, 0.872819907264898 ], [ 115.077916992293581, 0.872849595150967 ], [ 115.078184174555645, 0.87290896842029 ], [ 115.078332609005997, 0.872938655084113 ], [ 115.078421670175999, 0.87299802957574 ], [ 115.078510731346, 0.873205837328101 ], [ 115.078629479157939, 0.873413646302708 ], [ 115.078807600246478, 0.873532394121924 ], [ 115.078926348058417, 0.873680828546696 ], [ 115.079015409228418, 0.873858950915803 ], [ 115.079163843678543, 0.874007385340576 ], [ 115.079223216958894, 0.874126133159791 ], [ 115.079193530320481, 0.874304254248329 ], [ 115.079223216958894, 0.874512063222994 ], [ 115.079193530320481, 0.874690184311532 ], [ 115.079193530320481, 0.874808932130748 ], [ 115.079193530320481, 0.875016741105412 ], [ 115.079134157040357, 0.875224550080077 ], [ 115.079104469150479, 0.875313610013166 ], [ 115.079104469150479, 0.875551105651596 ], [ 115.079163843678543, 0.875788601290083 ], [ 115.079312278128896, 0.875907349051033 ], [ 115.079460712582772, 0.876026096870248 ], [ 115.079609147032897, 0.876144844689463 ], [ 115.079609147032897, 0.876441713597217 ], [ 115.079609147032897, 0.876679209235704 ], [ 115.079520087110836, 0.876857331546546 ], [ 115.079490399220958, 0.877035452635084 ], [ 115.079431025940835, 0.877213575004191 ], [ 115.079312278128896, 0.877421382698287 ], [ 115.079193530320481, 0.877510443911945 ], [ 115.079193530320481, 0.877747939492167 ], [ 115.079074782508542, 0.877926060580705 ], [ 115.079074782508542, 0.878074495063686 ], [ 115.079193530320481, 0.878252617374585 ], [ 115.079401339302422, 0.8783713651938 ], [ 115.079638834922775, 0.8783713651938 ], [ 115.07990601718484, 0.878341678588242 ], [ 115.080143512805193, 0.878163556219135 ], [ 115.080262260617133, 0.878074495063686 ], [ 115.080351320535669, 0.877866687311382 ], [ 115.080440381705671, 0.877747939492167 ], [ 115.080499756237373, 0.877510443911945 ], [ 115.080529442879197, 0.877272948273514 ], [ 115.080648190687612, 0.877124513848798 ], [ 115.080796625137737, 0.876946391479635 ], [ 115.080915372949676, 0.876768270391096 ], [ 115.081004434119791, 0.876590149302558 ], [ 115.081063807400028, 0.876501088147108 ], [ 115.08115286857003, 0.876382340327893 ], [ 115.081182555211967, 0.876233905844913 ], [ 115.081301303020155, 0.876144844689463 ], [ 115.081420050832094, 0.876055783534014 ], [ 115.081509112002209, 0.875877662445475 ], [ 115.081568485282446, 0.875669853470868 ], [ 115.081805980906324, 0.875491732382272 ], [ 115.081924728714512, 0.875491732382272 ], [ 115.082132537696566, 0.875462045718507 ], [ 115.082310658788742, 0.875402671168615 ], [ 115.082518467767045, 0.875432357832381 ], [ 115.082755963390923, 0.875402671168615 ], [ 115.082963771121285, 0.875343297899292 ], [ 115.083201266741639, 0.875343297899292 ], [ 115.083320014553578, 0.875343297899292 ], [ 115.083468449003703, 0.875343297899292 ], [ 115.083676257985644, 0.875343297899292 ], [ 115.083973126886121, 0.875343297899292 ], [ 115.084240310399878, 0.875432357832381 ], [ 115.084448118130354, 0.875402671168615 ], [ 115.084596552580479, 0.875283923407665 ], [ 115.084715300388893, 0.87516517558845 ], [ 115.084804361562419, 0.87516517558845 ], [ 115.085012170544474, 0.875016741105412 ], [ 115.085190291632898, 0.874897993286197 ], [ 115.085427787253252, 0.874838620016874 ], [ 115.085605908345315, 0.874897993286197 ], [ 115.085813717327255, 0.874987054499854 ], [ 115.085962151777608, 0.875254236743842 ], [ 115.085991839667372, 0.875551105651596 ], [ 115.085962151777608, 0.875818287895584 ], [ 115.08602152630931, 0.876026096870248 ], [ 115.086080899589547, 0.876293279172501 ], [ 115.086199647397734, 0.876530774752666 ], [ 115.086348081848087, 0.876649522571881 ], [ 115.086407456379789, 0.876708897121773 ], [ 115.08649651754979, 0.876976079365761 ], [ 115.086615265361729, 0.877213575004191 ], [ 115.086644952000029, 0.877480757248179 ], [ 115.086644952000029, 0.877629191731216 ], [ 115.086615265361729, 0.877896373975148 ], [ 115.086674638641966, 0.878074495063686 ], [ 115.086674638641966, 0.878430738463123 ], [ 115.086585577471965, 0.87860886083223 ], [ 115.086674638641966, 0.878876043076218 ], [ 115.086793386453905, 0.879172911983972 ], [ 115.086912134262207, 0.879351034353078 ], [ 115.086971507542444, 0.879588529933301 ], [ 115.086971507542444, 0.879766651021839 ], [ 115.086971507542444, 0.880033833324035 ], [ 115.087001195432208, 0.880301015568023 ], [ 115.087001195432208, 0.880597885698137 ], [ 115.087030882074146, 0.88089475460589 ], [ 115.087030882074146, 0.881191623513644 ], [ 115.087060568712445, 0.881369745882751 ], [ 115.087030882074146, 0.881577554857415 ], [ 115.087119943244147, 0.881815049215277 ], [ 115.087209003166322, 0.882052544853707 ], [ 115.087387125506325, 0.88220097927848 ], [ 115.087565246598388, 0.882408788253144 ], [ 115.087743368938504, 0.882586910622251 ], [ 115.08798086330728, 0.882735345047024 ], [ 115.08818867228922, 0.882913466135562 ], [ 115.088366794632861, 0.883061900618543 ], [ 115.088485542441049, 0.883299396198765 ], [ 115.088633976891401, 0.883477518567872 ], [ 115.08875272470334, 0.883715014206302 ], [ 115.088901159153579, 0.883922821900399 ], [ 115.089019906965518, 0.884130630875063 ], [ 115.089079280245642, 0.884368126513493 ], [ 115.089227714695994, 0.884546247602032 ], [ 115.089435523677935, 0.884664995421247 ], [ 115.08958395812806, 0.884664995421247 ], [ 115.089762080468176, 0.884605622151923 ], [ 115.089910514918415, 0.884486874332708 ], [ 115.089969888198539, 0.884279065358044 ], [ 115.090058949372292, 0.884130630875063 ], [ 115.090148010542293, 0.883922821900399 ], [ 115.090207383822417, 0.88374470081186 ], [ 115.09035581952412, 0.883536891837196 ], [ 115.090533940612772, 0.88341814401798 ], [ 115.090741749594599, 0.883358770748657 ], [ 115.090919870686889, 0.883358770748657 ], [ 115.091157366307129, 0.883388457412423 ], [ 115.091276114119069, 0.88341814401798 ], [ 115.091454235207607, 0.883477518567872 ], [ 115.091602669657732, 0.883536891837196 ], [ 115.091721417469671, 0.883566578500961 ], [ 115.091869853171374, 0.883507205231638 ], [ 115.092018287621727, 0.883388457412423 ], [ 115.092047974263664, 0.883180648437815 ], [ 115.091958913090025, 0.883061900618543 ], [ 115.091988600983314, 0.882913466135562 ], [ 115.091988600983314, 0.882675970555397 ], [ 115.092107348791728, 0.882557222736125 ], [ 115.092315156522204, 0.882497849466802 ], [ 115.092641713316084, 0.882497849466802 ], [ 115.092908895578262, 0.882497849466802 ], [ 115.093116704556564, 0.882557222736125 ], [ 115.093235452368504, 0.882646283891575 ], [ 115.09341357346068, 0.882735345047024 ], [ 115.093532321268981, 0.882883779530005 ], [ 115.093532321268981, 0.88300252734922 ], [ 115.093562007910919, 0.883240022929442 ], [ 115.093621382442507, 0.88344783190405 ], [ 115.093710442361157, 0.883625952992645 ], [ 115.093710442361157, 0.883833762025517 ], [ 115.093769816892859, 0.884041569719614 ], [ 115.09368075571922, 0.884190004202651 ], [ 115.093591694549218, 0.884427499782817 ], [ 115.093502634630568, 0.884546247602032 ], [ 115.093532321268981, 0.884843117790354 ], [ 115.09365106908092, 0.885021238878892 ], [ 115.09365106908092, 0.88528842112288 ], [ 115.093562007910919, 0.885407168942095 ], [ 115.093502634630568, 0.88552591676131 ], [ 115.09332451228704, 0.885674351186083 ], [ 115.09332451228704, 0.885822786891424 ], [ 115.09332451228704, 0.886000907979962 ], [ 115.093294825648741, 0.886179029068501 ], [ 115.093383886818629, 0.886386838043165 ], [ 115.093472946740803, 0.886654020287153 ], [ 115.093472946740803, 0.886772768106368 ], [ 115.093502634630568, 0.886980577080976 ], [ 115.093562007910919, 0.887218072719463 ], [ 115.093621382442507, 0.887455568357893 ], [ 115.093621382442507, 0.887604002782666 ], [ 115.09365106908092, 0.887841498421096 ], [ 115.093621382442507, 0.887989932845812 ], [ 115.093621382442507, 0.888078994059526 ], [ 115.093621382442507, 0.888316488417388 ], [ 115.093591694549218, 0.88849461072823 ], [ 115.093532321268981, 0.88867273187509 ], [ 115.093472946740803, 0.88882116752211 ], [ 115.09341357346068, 0.888969602005147 ], [ 115.09332451228704, 0.889147723093686 ], [ 115.09332451228704, 0.889296157518459 ], [ 115.093216678425961, 0.889718392398208 ], [ 115.093216678425961, 0.890035053249505 ], [ 115.093177095823307, 0.890312131436247 ], [ 115.093177095823307, 0.890628792287373 ], [ 115.093177095823307, 0.890985035745018 ], [ 115.093177095823307, 0.891182948718892 ], [ 115.09313751322054, 0.891539190895969 ], [ 115.093177095823307, 0.891855851747096 ], [ 115.09313751322054, 0.892093347385526 ], [ 115.09313751322054, 0.892410008178615 ], [ 115.09313751322054, 0.892568338604349 ], [ 115.093097930614022, 0.89276625163626 ], [ 115.093097930614022, 0.893043329881039 ], [ 115.093097930614022, 0.893399573280647 ], [ 115.093295843635246, 0.893637067638508 ], [ 115.093533339255373, 0.89383498067042 ], [ 115.093770834875727, 0.893993311095983 ], [ 115.093929165290319, 0.894112058915198 ], [ 115.094087495705026, 0.894151641521773 ], [ 115.094285408722612, 0.894309971889072 ], [ 115.094562486949258, 0.894428719708287 ], [ 115.094918729129859, 0.894547467527502 ], [ 115.095156224750212, 0.894745380559584 ], [ 115.095354137767572, 0.895062041410711 ], [ 115.095512468182278, 0.895339119597452 ], [ 115.095789546408923, 0.895457867416667 ], [ 115.095908294217338, 0.895576615235882 ], [ 115.096106207234698, 0.895774528267793 ], [ 115.096343702858576, 0.895814110874312 ], [ 115.096620781081697, 0.895893276087008 ], [ 115.096779111496403, 0.895972441241611 ], [ 115.097016607116643, 0.896051606454535 ], [ 115.097135354928582, 0.896209935657794 ], [ 115.097174937531349, 0.896447431237959 ], [ 115.097214520137641, 0.896684926876389 ], [ 115.097333266694591, 0.897080752940383 ], [ 115.097372849300996, 0.897397413733472 ], [ 115.097412431903763, 0.897555744159206 ], [ 115.097372849300996, 0.897832822403984 ], [ 115.09745201450653, 0.898149483197074 ], [ 115.097610344921122, 0.898347396228985 ], [ 115.097808257938595, 0.89850572537415 ], [ 115.098006170956182, 0.898624473193365 ], [ 115.098124918768121, 0.898822386225277 ], [ 115.098362414388248, 0.898901551438144 ], [ 115.098679075217774, 0.89898071665084 ], [ 115.098995736047186, 0.899059881863707 ], [ 115.099114483855374, 0.899178629682979 ], [ 115.099351979479252, 0.899257794837581 ], [ 115.099470727287667, 0.899455707869663 ], [ 115.099589475099606, 0.899614038295226 ], [ 115.099589475099606, 0.899930699146353 ], [ 115.099589475099606, 0.900128612120227 ], [ 115.099629057702373, 0.900484855577872 ], [ 115.099629057702373, 0.900801516429169 ], [ 115.09970822166008, 0.901118175999727 ], [ 115.099747804262734, 0.901395254186468 ], [ 115.099629057702373, 0.901672332431247 ], [ 115.099589475099606, 0.901751497644113 ], [ 115.0994311446849, 0.902068158437203 ], [ 115.099312396872961, 0.902226488862766 ], [ 115.099272814270194, 0.902424401894848 ], [ 115.099114483855374, 0.902661897533108 ], [ 115.099074901252607, 0.902938975719792 ], [ 115.099074901252607, 0.903295219177494 ], [ 115.099193649064546, 0.903532713535355 ], [ 115.099351979479252, 0.903849374386482 ], [ 115.099391562082133, 0.904126452573223 ], [ 115.099391562082133, 0.904245200392438 ], [ 115.099391562082133, 0.904482696030868 ], [ 115.099391562082133, 0.904759774275647 ], [ 115.099391562082133, 0.905076435068736 ], [ 115.099312396872961, 0.905432678526381 ], [ 115.099351979479252, 0.905670174164811 ], [ 115.099510309890434, 0.905907668522673 ], [ 115.099470727287667, 0.906224329315762 ], [ 115.099470727287667, 0.90650140756054 ], [ 115.099510309890434, 0.906699320592452 ], [ 115.099510309890434, 0.906936816172788 ], [ 115.099470727287667, 0.907134729204756 ], [ 115.099549892496839, 0.907451390056053 ], [ 115.09970822166008, 0.907728468300832 ], [ 115.099826969468268, 0.907965963880997 ], [ 115.100104047695027, 0.908243040845434 ], [ 115.100420708524439, 0.908480536483864 ], [ 115.100737369353737, 0.908678449515776 ], [ 115.101014447576858, 0.908836779941339 ], [ 115.101449856214572, 0.908915945154206 ], [ 115.101726934441217, 0.908915945154206 ], [ 115.101924847458577, 0.908955527760554 ], [ 115.102360254848577, 0.908955527760554 ], [ 115.10255816786605, 0.908955527760554 ], [ 115.102795663486177, 0.908876362547858 ], [ 115.102953993900996, 0.908915945154206 ], [ 115.103270654730409, 0.908915945154206 ], [ 115.103547732953416, 0.908876362547858 ], [ 115.103956752773342, 0.908823586127312 ], [ 115.104312996205408, 0.908823586127312 ], [ 115.104708822240468, 0.908823586127312 ], [ 115.104985900467113, 0.908863168733831 ], [ 115.105262978693645, 0.908981916552875 ], [ 115.105342142647828, 0.909179829584957 ], [ 115.105460890459767, 0.909377742558831 ], [ 115.105579638271706, 0.909536072984395 ], [ 115.105619220874473, 0.909773568622825 ], [ 115.10565880347724, 0.910011062980686 ], [ 115.105619220874473, 0.910248558619116 ], [ 115.105421307856886, 0.91040688904468 ], [ 115.105342142647828, 0.910486054257603 ], [ 115.105262978693645, 0.910723549837769 ], [ 115.105262978693645, 0.910921462869851 ], [ 115.105262978693645, 0.911119375901762 ], [ 115.105302561296412, 0.911396454146768 ], [ 115.105421307856886, 0.911554784514067 ], [ 115.105540055665301, 0.911713114939801 ], [ 115.10565880347724, 0.911831862759016 ], [ 115.1058567164946, 0.91195061057806 ], [ 115.106015046909306, 0.91222768754244 ], [ 115.106292125132313, 0.912267270148789 ], [ 115.106529620756191, 0.912267270148789 ], [ 115.106806698979312, 0.91218810621649 ], [ 115.107044194603191, 0.912069358397275 ], [ 115.107281690223317, 0.912069358397275 ], [ 115.107400438035256, 0.912267270148789 ], [ 115.107400438035256, 0.912386017968004 ], [ 115.107360855428965, 0.912583931000142 ], [ 115.107519185843671, 0.912900591793175 ], [ 115.107479603240904, 0.913058922218738 ], [ 115.107360855428965, 0.913375583069865 ], [ 115.107281690223317, 0.913494330831043 ], [ 115.107242107620664, 0.913613078650258 ], [ 115.107004611996786, 0.913731826469473 ], [ 115.106885864188484, 0.913890156895036 ], [ 115.106767116376545, 0.913969322107732 ], [ 115.106529620756191, 0.914206817746162 ], [ 115.10625254252966, 0.91432556550734 ], [ 115.105975464306539, 0.914444313326555 ], [ 115.10565880347724, 0.914483895932904 ], [ 115.105579638271706, 0.914602643752119 ], [ 115.105421307856886, 0.914602643752119 ], [ 115.105262978693645, 0.914760972897113 ], [ 115.105183813484473, 0.914879720716328 ], [ 115.105065065672534, 0.915117216354759 ], [ 115.105025483069767, 0.915354711993189 ], [ 115.104946317864346, 0.915710955392626 ], [ 115.104906735261579, 0.915908868424708 ], [ 115.104827570052407, 0.916265111882353 ], [ 115.105104648279053, 0.916344277037012 ], [ 115.105262978693645, 0.916463024856228 ], [ 115.105500473062534, 0.916621355281791 ], [ 115.105579638271706, 0.916977598739436 ], [ 115.105579638271706, 0.917175510490779 ], [ 115.105500473062534, 0.917333840916513 ], [ 115.105421307856886, 0.917452588735785 ], [ 115.105183813484473, 0.917610919103083 ], [ 115.104985900467113, 0.91769008431595 ], [ 115.104867152655174, 0.918006745167077 ], [ 115.104867152655174, 0.918323406018374 ], [ 115.104867152655174, 0.918560901598596 ], [ 115.104827570052407, 0.919035892875456 ], [ 115.104827570052407, 0.919312971062197 ], [ 115.104748404846873, 0.919590048026407 ], [ 115.104748404846873, 0.919787961058489 ], [ 115.104748404846873, 0.919985874090401 ], [ 115.104708822240468, 0.920302534941698 ], [ 115.104629657034934, 0.920500447915572 ], [ 115.104550491829286, 0.920737943554002 ], [ 115.10439216141458, 0.920935856585913 ], [ 115.104194248397221, 0.921133769617995 ], [ 115.103956752773342, 0.921450430411085 ], [ 115.103877587567695, 0.921727508655863 ], [ 115.103798422358636, 0.921965003013725 ], [ 115.103600509341049, 0.922281663864851 ], [ 115.103442178926343, 0.922519159445244 ], [ 115.103244265908984, 0.922756655083674 ], [ 115.103244265908984, 0.923033733328452 ], [ 115.103323431118156, 0.923310811514966 ], [ 115.103442178926343, 0.923548307153453 ], [ 115.103442178926343, 0.923825385398402 ], [ 115.103363013720923, 0.924142046191264 ], [ 115.103283848515275, 0.924260794010479 ], [ 115.103125518100569, 0.924458705820314 ], [ 115.10292760508321, 0.924577453581264 ], [ 115.102808858522735, 0.924735784006828 ], [ 115.102769275919968, 0.924973279645258 ], [ 115.102808858522735, 0.925250357890036 ], [ 115.102808858522735, 0.925606601289644 ], [ 115.102808858522735, 0.925883679534422 ], [ 115.102808858522735, 0.926160757720936 ], [ 115.102769275919968, 0.926358670753075 ], [ 115.102610945505262, 0.926675331604372 ], [ 115.102373449881384, 0.926833660749367 ], [ 115.102254702072969, 0.927110738994145 ], [ 115.101977623846437, 0.927308652026227 ], [ 115.101660963017025, 0.92734823457431 ], [ 115.101463049999438, 0.927427399787234 ], [ 115.101146389173664, 0.927506565000101 ], [ 115.101027641361725, 0.927664895425664 ], [ 115.10075056313508, 0.927704478032013 ], [ 115.100442255035887, 0.92773530894209 ] ], [ [ 115.100442255035887, 0.92773530894209 ], [ 115.100354738351712, 0.927744060638531 ], [ 115.100433903557246, 0.927704478032013 ], [ 115.100442255035887, 0.92773530894209 ] ], [ [ 115.100442255035887, 0.92773530894209 ], [ 115.100540922030632, 0.928099571203518 ], [ 115.100804806472411, 0.928205123986231 ], [ 115.101068690913962, 0.928363454411794 ], [ 115.101227020077317, 0.928521784837528 ], [ 115.101227020077317, 0.928785669268279 ], [ 115.101068690913962, 0.929049552476556 ], [ 115.100963136887117, 0.929260660486875 ], [ 115.100699252445338, 0.929524543695152 ], [ 115.100435369255251, 0.929788428125903 ], [ 115.100488145642885, 0.930157865339538 ], [ 115.100488145642885, 0.930368972127383 ], [ 115.100540922030632, 0.930791186983754 ], [ 115.100593699669957, 0.931002293829863 ], [ 115.100593699669957, 0.931213400617764 ], [ 115.100646476057705, 0.931582837831343 ], [ 115.100752030084664, 0.931899498682526 ], [ 115.100752030084664, 0.932163383113277 ], [ 115.100646476057705, 0.932427266263403 ], [ 115.100699252445338, 0.932691150752419 ], [ 115.100857582860044, 0.933007811545508 ], [ 115.101121467301823, 0.933113364328165 ], [ 115.10154368090673, 0.933271694753955 ], [ 115.101913118123889, 0.933377248758916 ], [ 115.102071448534957, 0.933535579184706 ], [ 115.102282556588762, 0.933799463615458 ], [ 115.102599217418287, 0.933905016398114 ], [ 115.102651993805921, 0.934274453611749 ], [ 115.102757546581529, 0.934591114462876 ], [ 115.102704770193668, 0.934907775255965 ], [ 115.102599217418287, 0.935171659744981 ], [ 115.102599217418287, 0.935488319315539 ], [ 115.102599217418287, 0.935857757751478 ], [ 115.102599217418287, 0.936174418602775 ], [ 115.102493663391215, 0.936438301811052 ], [ 115.102335332976509, 0.936596632178521 ], [ 115.102177002561916, 0.936702186241803 ], [ 115.101965895759349, 0.936860516667537 ], [ 115.101860341732504, 0.937018847034835 ], [ 115.101754788956896, 0.937335506605564 ], [ 115.101649234933575, 0.937546614674034 ], [ 115.101438128131122, 0.937757721461935 ], [ 115.101227020077317, 0.937916051887498 ], [ 115.101068690913962, 0.937916051887498 ], [ 115.100857582860044, 0.938021604670325 ], [ 115.100540922030632, 0.938074382313232 ], [ 115.10032981523193, 0.938232712738795 ], [ 115.100118708429477, 0.938338265521509 ], [ 115.099907601627024, 0.938549373531828 ], [ 115.099643717185245, 0.938866033160707 ], [ 115.0995381631584, 0.939129917591458 ], [ 115.0995381631584, 0.939341024379303 ], [ 115.0995381631584, 0.9396576852306 ], [ 115.099590940797611, 0.939921569661351 ], [ 115.099643717185245, 0.940343783237097 ], [ 115.099854823987698, 0.940660444088451 ], [ 115.099960378014771, 0.940977104881313 ], [ 115.100065932041616, 0.94124098808976 ], [ 115.100171484817224, 0.941610426583964 ], [ 115.100118708429477, 0.941979863797371 ], [ 115.100171484817224, 0.942243746947554 ], [ 115.100171484817224, 0.942560407798908 ], [ 115.100065932041616, 0.942877068650034 ], [ 115.100013154402404, 0.943246505863669 ], [ 115.099960378014771, 0.943457613873818 ], [ 115.099749271212318, 0.943721497082265 ], [ 115.099590940797611, 0.944038157933392 ], [ 115.099432610382792, 0.944354818726481 ], [ 115.099274279968085, 0.944460371509365 ], [ 115.099063173165632, 0.94456592557259 ], [ 115.098746512339972, 0.944671479577778 ], [ 115.098429851510446, 0.944777032360491 ], [ 115.098218744707992, 0.944777032360491 ], [ 115.098165967068894, 0.944882586365679 ], [ 115.097849307490833, 0.945093693153524 ], [ 115.097690977076127, 0.945463130367159 ], [ 115.097532646661534, 0.945832568861192 ], [ 115.097321538611254, 0.946096452069639 ], [ 115.097057655421054, 0.946307558857484 ], [ 115.096846548618601, 0.946571443288235 ], [ 115.096793770979275, 0.9469408805017 ], [ 115.096635440564569, 0.947099210927433 ], [ 115.096477110149863, 0.947257541352997 ], [ 115.096266003347409, 0.947679754928743 ], [ 115.095949342521635, 0.948049193422946 ], [ 115.095685459331548, 0.948365854215808 ], [ 115.095843789742503, 0.948682513844801 ], [ 115.095843789742503, 0.948999174637891 ], [ 115.095791012106929, 0.949263059068642 ], [ 115.095791012106929, 0.949579719919768 ], [ 115.095527128916842, 0.949896380771065 ], [ 115.09547435127763, 0.950371370709149 ], [ 115.095579905304476, 0.950740809203182 ], [ 115.095632681692337, 0.951004692411573 ], [ 115.095738235719182, 0.951268576842324 ], [ 115.09589656613025, 0.951638014055789 ], [ 115.095791012106929, 0.952007451269424 ], [ 115.095843789742503, 0.952429666125738 ], [ 115.095949342521635, 0.952799103339373 ], [ 115.096160450572029, 0.953221316915119 ], [ 115.096213226959662, 0.953537977766416 ], [ 115.09631877973527, 0.953801862197167 ], [ 115.096424333762116, 0.954224075831178 ], [ 115.096635440564569, 0.954435182619079 ], [ 115.096793770979275, 0.95469906704983 ], [ 115.096846548618601, 0.955174058326691 ], [ 115.097057655421054, 0.955437941476873 ], [ 115.097110431808801, 0.955807378690338 ], [ 115.097163208196434, 0.956176817184314 ], [ 115.097268762223507, 0.956493476755099 ], [ 115.097532646661534, 0.956810137606396 ], [ 115.097796529851735, 0.957021245616602 ], [ 115.098165967068894, 0.957232352462711 ], [ 115.098482627898306, 0.95739068283001 ], [ 115.09869373470076, 0.957601789676175 ], [ 115.098957619138787, 0.95781289646402 ], [ 115.099221503580452, 0.958076780894771 ], [ 115.099432610382792, 0.958446218108406 ], [ 115.099590940797611, 0.958815655321871 ], [ 115.099590940797611, 0.959132316173168 ], [ 115.099802047600065, 0.9594489769662 ], [ 115.100065932041616, 0.959660083812366 ], [ 115.100277038840431, 0.959976744605228 ], [ 115.100646476057705, 0.96024062903598 ], [ 115.101121467301823, 0.960557289887277 ], [ 115.101490904518869, 0.96066284266999 ], [ 115.101702011321436, 0.960821173095724 ], [ 115.10201867214721, 0.961296164314376 ], [ 115.102124226174055, 0.961560047522823 ], [ 115.102388109364369, 0.961771155532972 ], [ 115.102651993805921, 0.962140592804701 ], [ 115.103126985050153, 0.962351699592546 ], [ 115.103549198651308, 0.962615584023297 ], [ 115.103760305453761, 0.962826690811369 ], [ 115.104076966283287, 0.962932244874651 ], [ 115.1043936271127, 0.963143351662495 ], [ 115.104604733915153, 0.963354458450397 ], [ 115.10486861835318, 0.96351278887613 ], [ 115.105079725155633, 0.963723895664032 ], [ 115.105343609597185, 0.963882226089595 ], [ 115.105713046814344, 0.964146110520346 ], [ 115.105924153616797, 0.964409993728793 ], [ 115.106240814442572, 0.964726654521826 ], [ 115.106504698884351, 0.964884984947389 ], [ 115.10687413610151, 0.96509609173529 ], [ 115.107190796930922, 0.965465528948698 ], [ 115.107560234147968, 0.965571083012151 ], [ 115.107771340946897, 0.965834967442902 ], [ 115.108035225388448, 0.966151628294028 ], [ 115.108035225388448, 0.966626618290377 ], [ 115.108140778164056, 0.966943279083409 ], [ 115.108193555803155, 0.967418270360326 ], [ 115.108246332191015, 0.967682154791078 ], [ 115.108246332191015, 0.968051592004485 ], [ 115.108246332191015, 0.968421029218121 ], [ 115.108476405526858, 0.96850885351904 ], [ 115.108676792224401, 0.968620179046468 ], [ 115.108788118999655, 0.968776035821065 ], [ 115.108943974486465, 0.96888736134872 ], [ 115.109055301261947, 0.969020952470714 ], [ 115.109055301261947, 0.969154543592708 ], [ 115.109055301261947, 0.969288134714702 ], [ 115.109010771298927, 0.969466257083809 ], [ 115.109055301261947, 0.969622112519744 ], [ 115.109188892391217, 0.969733439327797 ], [ 115.109188892391217, 0.969933826010845 ], [ 115.109122096826582, 0.970067417132839 ], [ 115.109122096826582, 0.970290069468319 ], [ 115.10916662678585, 0.970490456151424 ], [ 115.109300217918758, 0.970624047273361 ], [ 115.109433809048028, 0.970779903989921 ], [ 115.109522870218029, 0.970935759483893 ], [ 115.109678726952552, 0.971069351886456 ], [ 115.109901379255575, 0.971136147447567 ], [ 115.110101765953004, 0.971136147447567 ], [ 115.110235357082274, 0.971113881853057 ], [ 115.110368948211544, 0.971113881853057 ], [ 115.110591600514567, 0.971113881853057 ], [ 115.110791987211996, 0.971158411819601 ], [ 115.110970108300648, 0.971269738569561 ], [ 115.111170494998191, 0.971358798502479 ], [ 115.111304086127461, 0.971447859658099 ], [ 115.111415412902829, 0.971603716374432 ], [ 115.111593533995006, 0.971804103115574 ], [ 115.111638065205625, 0.971959959832077 ], [ 115.111682595164893, 0.972093550954071 ], [ 115.111771656334895, 0.9722494064481 ], [ 115.111816186297915, 0.972427528817207 ], [ 115.11188298186255, 0.972561119939201 ], [ 115.111972043032551, 0.972739241027739 ], [ 115.112038838597186, 0.972917363338809 ], [ 115.112105634161821, 0.973073220113406 ], [ 115.112172429729981, 0.9732068112354 ], [ 115.112328286464617, 0.973273606796454 ], [ 115.112461877593887, 0.973384932323938 ], [ 115.112595468726909, 0.973518523445932 ], [ 115.112729059856179, 0.973629850195834 ], [ 115.112795855420813, 0.973785705689863 ], [ 115.112840385380082, 0.973963828059027 ], [ 115.112840385380082, 0.974231010302958 ], [ 115.112862650985448, 0.974409131391496 ], [ 115.112840385380082, 0.97463178366894 ], [ 115.11281812102618, 0.974854436004591 ], [ 115.112795855420813, 0.975077088282035 ], [ 115.112729059856179, 0.975210679404029 ], [ 115.112639998686177, 0.975455596111715 ], [ 115.112506407556907, 0.975566922861674 ], [ 115.112417346383268, 0.975722778355703 ], [ 115.112350550818633, 0.975767309544779 ], [ 115.112239225294616, 0.975878635072206 ], [ 115.112061102951088, 0.976079021755311 ], [ 115.111549004035624, 0.976079021755311 ], [ 115.111215026208924, 0.976212612935342 ], [ 115.111059169470536, 0.976435265212956 ], [ 115.110925578341266, 0.976680181862378 ], [ 115.110836517171379, 0.976947365386934 ], [ 115.110747456001377, 0.977214547630922 ], [ 115.110702926038471, 0.977370404405519 ], [ 115.110502539344566, 0.977526259841454 ], [ 115.110346682606291, 0.977593055402565 ], [ 115.110324418252276, 0.977815707738216 ], [ 115.110235357082274, 0.978082889982204 ], [ 115.110146295912386, 0.978261012351311 ], [ 115.110079500347751, 0.978372337878795 ], [ 115.10996817482021, 0.978461399034188 ], [ 115.109790052480207, 0.978594990156182 ], [ 115.109634196993284, 0.978684051311632 ], [ 115.109522870218029, 0.97877311124472 ], [ 115.109300217918758, 0.978839906805831 ], [ 115.109122096826582, 0.978839906805831 ], [ 115.10885491456429, 0.978928967961224 ], [ 115.108632262265132, 0.978973497927825 ], [ 115.108476405526858, 0.979018029174938 ], [ 115.108276018832953, 0.979018029174938 ], [ 115.108120162094679, 0.979018029174938 ], [ 115.108018732535129, 0.979229548655098 ], [ 115.107810923553188, 0.979348296474313 ], [ 115.107603114571248, 0.979467044293528 ], [ 115.107395306840772, 0.979585792112744 ], [ 115.107157811216894, 0.979674851987625 ], [ 115.107009376766769, 0.979734226537516 ], [ 115.106801567784828, 0.979763913201282 ], [ 115.106504698884351, 0.979823286470605 ], [ 115.10629688990241, 0.97979359980684 ], [ 115.106118768813872, 0.979763913201282 ], [ 115.105940646470117, 0.979645165382067 ], [ 115.105792212019992, 0.979437356407459 ], [ 115.10570315084999, 0.979259235318864 ], [ 115.105584403038051, 0.979081112949757 ], [ 115.105465655229636, 0.97896236641111 ], [ 115.105376595307575, 0.978813930705769 ], [ 115.105228159605758, 0.978665496222789 ], [ 115.105109411797571, 0.978517061798016 ], [ 115.105109411797571, 0.978279566159586 ], [ 115.10505003851722, 0.978190505004136 ], [ 115.104871917425157, 0.978101445071047 ], [ 115.104693795085154, 0.978042070521155 ], [ 115.104485986103214, 0.978012383915598 ], [ 115.104278178372738, 0.977893636096383 ], [ 115.104129743922385, 0.977834261546491 ], [ 115.103981308220796, 0.977804574940933 ], [ 115.10377350049032, 0.977774888277168 ], [ 115.103595378146565, 0.977804574940933 ], [ 115.103476630338378, 0.977834261546491 ], [ 115.103417257058027, 0.977982697251832 ], [ 115.103417257058027, 0.978249879554028 ], [ 115.103387570416089, 0.97848737513425 ], [ 115.103357882526439, 0.978665496222789 ], [ 115.103239134718024, 0.978873305197453 ], [ 115.103239134718024, 0.979021739680434 ], [ 115.103150074795963, 0.979140487499649 ], [ 115.10300164034561, 0.979318608588187 ], [ 115.102882892533671, 0.979467044293528 ], [ 115.102823518005607, 0.979556104226674 ], [ 115.102704770193668, 0.979615478718301 ], [ 115.102556335743543, 0.97970453865139 ], [ 115.102437587931604, 0.97979359980684 ], [ 115.102259466843066, 0.979942034289877 ], [ 115.102140719031127, 0.980060782109092 ], [ 115.102081344499311, 0.980209216533808 ], [ 115.102021971219187, 0.98035765223915 ], [ 115.101903223410773, 0.980535773327688 ], [ 115.101814162237247, 0.98071389563853 ], [ 115.101695414428832, 0.980862330121568 ], [ 115.101636041148709, 0.98101076454634 ], [ 115.101517293336769, 0.981070137873928 ], [ 115.10139854552483, 0.981159199029321 ], [ 115.101161049904476, 0.981159199029321 ], [ 115.10092355428435, 0.981248260184771 ], [ 115.100775119833997, 0.981307633454094 ], [ 115.100686058663996, 0.981367008003986 ], [ 115.100537624210119, 0.981485755823201 ], [ 115.10032981523193, 0.981545129092524 ], [ 115.10012200624999, 0.981545129092524 ], [ 115.0999438851577, 0.981634190247973 ], [ 115.099765764065637, 0.981693563517297 ], [ 115.099587641725634, 0.981752938067189 ], [ 115.099409520637096, 0.981841999222638 ], [ 115.099231398293341, 0.981931059155727 ], [ 115.099112650481402, 0.981990433705619 ], [ 115.098993902673215, 0.982109181524834 ], [ 115.098904842750926, 0.982257615949607 ], [ 115.098815781580925, 0.982346677105056 ], [ 115.098697033772737, 0.982406050432644 ], [ 115.098607972598984, 0.98255448485736 ], [ 115.098607972598984, 0.982673232676575 ], [ 115.098578285960798, 0.982851354987474 ], [ 115.098607972598984, 0.983029476076013 ], [ 115.098607972598984, 0.983207598445119 ], [ 115.098607972598984, 0.983385719533658 ], [ 115.098578285960798, 0.983534153958431 ], [ 115.098459538148859, 0.983682588441411 ], [ 115.098370476978857, 0.983801336260626 ], [ 115.098311103698506, 0.983920084079898 ], [ 115.098192355886567, 0.983979458571525 ], [ 115.097984546908378, 0.983979458571525 ], [ 115.097776739177903, 0.983949770685399 ], [ 115.097657991365963, 0.983949770685399 ], [ 115.097539243554024, 0.983949770685399 ], [ 115.09730174793367, 0.983949770685399 ], [ 115.09709393895173, 0.983979458571525 ], [ 115.09709393895173, 0.984157579660064 ], [ 115.097064252313544, 0.984276327479279 ], [ 115.097004879033193, 0.984484136453943 ], [ 115.096915817859667, 0.984632570936924 ], [ 115.096737695519664, 0.984810692025462 ], [ 115.096470513257373, 0.984781005361697 ], [ 115.096233017637246, 0.984781005361697 ], [ 115.095936148736769, 0.984751318756139 ], [ 115.095728339754828, 0.984662257542482 ], [ 115.095609591942889, 0.984751318756139 ], [ 115.095520532024352, 0.984870066517146 ], [ 115.095372096322535, 0.984988814336361 ], [ 115.095283036400474, 0.98507787426945 ], [ 115.095134601950122, 0.985107562155576 ], [ 115.094956479610119, 0.9851669354249 ], [ 115.094808045159994, 0.985255996638557 ], [ 115.094600236178053, 0.985285683244115 ], [ 115.094481488366114, 0.985374744399564 ], [ 115.094451801727701, 0.985582553374172 ], [ 115.094540862897702, 0.985820047790298 ], [ 115.094540862897702, 0.986027856764963 ], [ 115.094659610709641, 0.986205979075805 ], [ 115.094629922816239, 0.986443473491988 ], [ 115.094600236178053, 0.986680969072154 ], [ 115.094481488366114, 0.98694815259671 ], [ 115.094392428447577, 0.987066899135357 ], [ 115.094333053915761, 0.987245021504464 ], [ 115.094184619465636, 0.987423142593002 ], [ 115.094125244933821, 0.987601264962109 ], [ 115.094006498373346, 0.987779386050647 ], [ 115.093887750565159, 0.988105942844527 ], [ 115.093887750565159, 0.988373125088515 ], [ 115.093976810483696, 0.988521559513288 ], [ 115.094065871653697, 0.988669993996268 ], [ 115.094065871653697, 0.988877802970933 ], [ 115.094036185015284, 0.989085611945598 ], [ 115.094036185015284, 0.989263733034136 ], [ 115.093947123845282, 0.989412167458909 ], [ 115.093917437203345, 0.989560601941889 ], [ 115.093828376033343, 0.989679349761104 ], [ 115.093739314863342, 0.989768410916554 ], [ 115.093620567051403, 0.989887158735769 ], [ 115.093531507132866, 0.990005906554984 ], [ 115.093442445962864, 0.990124654374199 ], [ 115.093353384789339, 0.990302775462737 ], [ 115.093383072682741, 0.990480897773637 ], [ 115.093531507132866, 0.990629332256617 ], [ 115.093650254944805, 0.990807453345155 ], [ 115.09376900275322, 0.990985575656055 ], [ 115.09376900275322, 0.991134010139035 ], [ 115.09376900275322, 0.991282444563808 ], [ 115.093798689395157, 0.991490253538473 ], [ 115.093798689395157, 0.991638688021453 ], [ 115.093828376033343, 0.991846496996118 ], [ 115.093917437203345, 0.992024618084656 ], [ 115.094006498373346, 0.992143365903871 ], [ 115.094095558295635, 0.992291800328644 ], [ 115.094184619465636, 0.992410548147859 ], [ 115.094333053915761, 0.992618357122524 ], [ 115.094481488366114, 0.992737104941739 ], [ 115.094540862897702, 0.992885539366512 ], [ 115.094629922816239, 0.993033973849492 ], [ 115.094629922816239, 0.993241782824157 ], [ 115.09457054953964, 0.993449591798822 ], [ 115.094481488366114, 0.993598026223538 ], [ 115.094451801727701, 0.993716774042753 ], [ 115.094392428447577, 0.993835521862025 ], [ 115.094451801727701, 0.994073017500455 ], [ 115.094540862897702, 0.994280825194494 ], [ 115.094600236178053, 0.994518320832981 ], [ 115.094778358518056, 0.994666755315961 ], [ 115.094926792971933, 0.994755816471411 ], [ 115.095075227422058, 0.994904250896184 ], [ 115.095253348510596, 0.994963625446076 ], [ 115.095401784212413, 0.995052685379164 ], [ 115.095609591942889, 0.995082373265291 ], [ 115.095876774204953, 0.995022998715399 ], [ 115.096084583186894, 0.994963625446076 ], [ 115.096292392168834, 0.994844877626861 ], [ 115.096411139977249, 0.994785503076912 ], [ 115.096618947707725, 0.994815189740734 ], [ 115.096767383409315, 0.995052685379164 ], [ 115.096797070051252, 0.995230807690007 ], [ 115.096826756689666, 0.995497989992259 ], [ 115.096945504501605, 0.995705798966924 ], [ 115.097183000121731, 0.995883920055462 ], [ 115.097331434572084, 0.996002667874677 ], [ 115.097539243554024, 0.99615110229945 ], [ 115.097776739177903, 0.996269850118665 ], [ 115.097925173628028, 0.996358911274115 ], [ 115.098162669248381, 0.996566720248723 ], [ 115.098429851510446, 0.996685466845634 ], [ 115.09854859931886, 0.996804214606584 ], [ 115.098637660492386, 0.996952650311925 ], [ 115.098756408300801, 0.997190145950356 ], [ 115.098904842750926, 0.997368267038951 ], [ 115.099082963843216, 0.997457328194344 ], [ 115.099320459463343, 0.997427640308274 ], [ 115.099528268445283, 0.997368267038951 ], [ 115.099676702895636, 0.997249519219679 ], [ 115.099884511877576, 0.997249519219679 ], [ 115.100032946327701, 0.997397953702716 ], [ 115.100270441951579, 0.997516701521931 ], [ 115.100448563040118, 0.997665135946704 ], [ 115.100847474295847, 0.998105510720166 ], [ 115.101293145322416, 0.998422171513198 ], [ 115.101644990409227, 0.998633278359307 ], [ 115.10192646698124, 0.998914754891359 ], [ 115.102137573783807, 0.99933696852537 ], [ 115.102207943549843, 0.999759183381684 ], [ 115.101996835495811, 0.999970290169756 ], [ 115.101715360178787, 1.000040658691603 ], [ 115.101363515092203, 1.000040658691603 ], [ 115.100941300235718, 1.000040658691603 ], [ 115.100589455149134, 1.000040658691603 ], [ 115.100167240292649, 1.000111028435754 ], [ 115.099956133490195, 1.00039250502607 ], [ 115.099604288403611, 1.000603611813972 ], [ 115.099182074802343, 1.00039250502607 ], [ 115.098970966748425, 1.00039250502607 ], [ 115.098619121661613, 1.00039250502607 ], [ 115.098548753143518, 1.000673980335819 ], [ 115.098689491427649, 1.001025825447982 ], [ 115.098970966748425, 1.001448040304297 ], [ 115.099252443316914, 1.001659147092141 ], [ 115.099815395206065, 1.001799885358366 ], [ 115.100096871778078, 1.002010992146211 ], [ 115.100026503259983, 1.002222098992377 ], [ 115.099674658173171, 1.002503575524372 ], [ 115.099533919889041, 1.002785052114689 ], [ 115.099393181601158, 1.003207265690435 ], [ 115.099393181601158, 1.00362948054692 ], [ 115.099463550119253, 1.004262800968831 ], [ 115.099604288403611, 1.004544277559148 ], [ 115.100026503259983, 1.004685015825146 ], [ 115.100167240292649, 1.004966492415463 ], [ 115.100519086630811, 1.005318337469532 ], [ 115.100870931717623, 1.005599812837318 ], [ 115.100870931717623, 1.005951657891387 ], [ 115.100659823667229, 1.006373872747702 ], [ 115.100448716864776, 1.006725717859865 ], [ 115.100096871778078, 1.007218301238083 ], [ 115.099745026691494, 1.007570146292153 ], [ 115.099463550119253, 1.008133098192161 ], [ 115.099604288403611, 1.008625681570322 ], [ 115.099956133490195, 1.008836788358224 ], [ 115.100167240292649, 1.009188633470387 ], [ 115.100589455149134, 1.009540479805025 ], [ 115.100870931717623, 1.010033061902618 ], [ 115.101293145322416, 1.010314538492935 ], [ 115.101715360178787, 1.010455276758933 ], [ 115.102278312067938, 1.010666383546777 ], [ 115.10277089543888, 1.010666383546777 ], [ 115.103122740525578, 1.010947860137094 ], [ 115.1031931090439, 1.011440443515482 ], [ 115.103052370759656, 1.011862657091228 ], [ 115.102630157154749, 1.012636717059706 ], [ 115.102278312067938, 1.013058930635623 ], [ 115.101715360178787, 1.013692252338046 ], [ 115.101363515092203, 1.014184835658 ], [ 115.101082038520076, 1.014395942504109 ], [ 115.100730193433265, 1.014677419036332 ], [ 115.100589455149134, 1.01488852588227 ], [ 115.100237610062322, 1.015099632670342 ], [ 115.100026503259983, 1.015381109260659 ], [ 115.099815395206065, 1.015944061102402 ], [ 115.100237610062322, 1.016366275958717 ], [ 115.100659823667229, 1.016647751268636 ], [ 115.100659823667229, 1.01706996612495 ], [ 115.100589455149134, 1.017632918024958 ], [ 115.100589455149134, 1.018195871205592 ], [ 115.100589455149134, 1.018688454525659 ], [ 115.100589455149134, 1.019110668159669 ], [ 115.100659823667229, 1.019462513271833 ], [ 115.100941300235718, 1.019743989803885 ], [ 115.101222776807845, 1.01995509659173 ], [ 115.101504252124869, 1.020236573182046 ], [ 115.101715360178787, 1.02058841829421 ], [ 115.10192646698124, 1.020799525082282 ], [ 115.10192646698124, 1.021221738658028 ], [ 115.10185609721168, 1.021573584992495 ], [ 115.101715360178787, 1.021925430104659 ], [ 115.101574621894656, 1.022066167148353 ], [ 115.101504252124869, 1.022418013482991 ], [ 115.101082038520076, 1.022277275216766 ], [ 115.100870931717623, 1.022066167148353 ], [ 115.100448716864776, 1.021855060360451 ], [ 115.100307978580645, 1.021503215248288 ], [ 115.099885764975625, 1.021503215248288 ], [ 115.099533919889041, 1.021503215248288 ], [ 115.099322811835123, 1.021784691838604 ], [ 115.099252443316914, 1.021995798626506 ], [ 115.099111705032556, 1.022418013482991 ], [ 115.098759859945972, 1.022558750526514 ], [ 115.098478383377483, 1.022558750526514 ], [ 115.098056169772462, 1.022840227058737 ], [ 115.097845062970009, 1.0231920721709 ], [ 115.097704324685878, 1.023473548761217 ], [ 115.097633954916091, 1.023825393815059 ], [ 115.097563586397996, 1.024177238927223 ], [ 115.097422848113752, 1.024388345715295 ], [ 115.097141372796727, 1.024599452503139 ], [ 115.096859896224487, 1.024880929093456 ], [ 115.096648789422034, 1.025021667359511 ], [ 115.096367312853658, 1.025162405683773 ], [ 115.096085836281418, 1.02530314394977 ], [ 115.095804360964394, 1.025443880993521 ], [ 115.095522884392381, 1.025725357525516 ], [ 115.095311777593565, 1.025936464371682 ], [ 115.095171039305683, 1.026217940903905 ], [ 115.095171039305683, 1.026569786016069 ], [ 115.095030301021325, 1.026992000872383 ], [ 115.095030301021325, 1.027203107660227 ], [ 115.09495993250323, 1.027554952772391 ], [ 115.094748824452836, 1.027836429304614 ], [ 115.094748824452836, 1.028117904614362 ], [ 115.094608087416418, 1.028680857794939 ], [ 115.094678455934741, 1.028962333104687 ], [ 115.094889562737194, 1.029173439892531 ], [ 115.095030301021325, 1.029454916482848 ], [ 115.095311777593565, 1.029595654748846 ], [ 115.095487700135095, 1.029833150387333 ], [ 115.095646030549688, 1.029991480813067 ], [ 115.095909913740002, 1.030202587600911 ], [ 115.096173798181553, 1.030360918026474 ], [ 115.096384904984006, 1.030308141605929 ], [ 115.096648789422034, 1.030149811180365 ], [ 115.096859896224487, 1.030044257175177 ], [ 115.096912672612348, 1.029885926749614 ], [ 115.097123779414801, 1.029780373966901 ], [ 115.097387663856466, 1.029991480813067 ], [ 115.097545994271172, 1.030149811180365 ], [ 115.097704324685878, 1.030466472031662 ], [ 115.097598770658806, 1.030677578819564 ], [ 115.0974404402441, 1.030835909245127 ], [ 115.097334887468719, 1.031047016032971 ], [ 115.097229333441646, 1.031205346458762 ], [ 115.09707100302694, 1.031363676884325 ], [ 115.096754342197642, 1.031627560092772 ], [ 115.096490459007327, 1.031891444523524 ], [ 115.096437681371754, 1.032049774949087 ], [ 115.096332128596373, 1.032260881736931 ], [ 115.096279350957161, 1.032471988524833 ], [ 115.096279350957161, 1.032683096593246 ], [ 115.096173798181553, 1.032999757386335 ], [ 115.0959626913791, 1.033210864232444 ], [ 115.095698806937548, 1.033421971020346 ], [ 115.095593252910589, 1.033527525025534 ], [ 115.095434923747234, 1.03363307780819 ], [ 115.095276593332528, 1.033949738659544 ], [ 115.095118262917936, 1.034266399452576 ], [ 115.09495993250323, 1.034477506298742 ], [ 115.094696048065202, 1.034477506298742 ], [ 115.094484941262749, 1.034477506298742 ], [ 115.09422105682097, 1.034477506298742 ], [ 115.093957173630884, 1.034583060303703 ], [ 115.093798843216064, 1.034794167091775 ], [ 115.09374606682843, 1.035005273879619 ], [ 115.093904395991672, 1.035110827942901 ], [ 115.09422105682097, 1.035374712373653 ], [ 115.094590495289594, 1.035480265156536 ], [ 115.09495993250323, 1.035691371944381 ], [ 115.095223815693316, 1.036008032795564 ], [ 115.095487700135095, 1.036271917226316 ], [ 115.095540476522842, 1.036588578077613 ], [ 115.095646030549688, 1.036852461227795 ], [ 115.0959626913791, 1.037116345658546 ], [ 115.096332128596373, 1.037169122078922 ], [ 115.096543235395188, 1.037169122078922 ], [ 115.096807119836853, 1.03727467608411 ], [ 115.097123779414801, 1.037327452504655 ], [ 115.097282109829393, 1.037591336935407 ], [ 115.097387663856466, 1.037907997728496 ], [ 115.097493217883425, 1.038171880936773 ], [ 115.097545994271172, 1.03848854178807 ], [ 115.097545994271172, 1.038752424938252 ], [ 115.097545994271172, 1.038963533006665 ], [ 115.097545994271172, 1.039174639794567 ], [ 115.097545994271172, 1.039544077008202 ], [ 115.097704324685878, 1.039860737859328 ], [ 115.097704324685878, 1.040071844647173 ], [ 115.098020985511653, 1.040335729077924 ], [ 115.098126538287033, 1.040599612286371 ], [ 115.098284868701739, 1.040810720354841 ], [ 115.098443199116446, 1.041127381147874 ], [ 115.098812636333719, 1.041391264356321 ], [ 115.099023744387523, 1.041655148787072 ], [ 115.099182074802343, 1.041919031995519 ], [ 115.099234851189976, 1.042130138783421 ], [ 115.099340405213297, 1.042394023214172 ], [ 115.099340405213297, 1.042605130060281 ], [ 115.099129297163131, 1.042921790853143 ], [ 115.099182074802343, 1.043185675283894 ], [ 115.099234851189976, 1.043555112497529 ], [ 115.099182074802343, 1.043818995705976 ], [ 115.099340405213297, 1.044030103774446 ], [ 115.099340405213297, 1.044293986982666 ], [ 115.099234851189976, 1.044610647775755 ], [ 115.099023744387523, 1.044927308627052 ], [ 115.09907652077527, 1.045296745840517 ], [ 115.099234851189976, 1.045613406633549 ], [ 115.099551512015751, 1.045930067484846 ], [ 115.099762618818318, 1.046193950693123 ], [ 115.100132056035363, 1.04624672833603 ], [ 115.100554270891848, 1.04624672833603 ], [ 115.100923708105256, 1.046405058703499 ], [ 115.101029262132329, 1.046774495975228 ], [ 115.101029262132329, 1.047091156768261 ], [ 115.101029262132329, 1.047407817619387 ], [ 115.100870931717623, 1.047724477190116 ], [ 115.100765377694302, 1.047988361620867 ], [ 115.100659823667229, 1.048252246051618 ], [ 115.100554270891848, 1.048568905622403 ], [ 115.100395940477142, 1.048832790053154 ], [ 115.10034316283793, 1.049202227324827 ], [ 115.100395940477142, 1.049624442181141 ], [ 115.10034316283793, 1.049993879394606 ], [ 115.100448716864776, 1.050310540187638 ], [ 115.100448716864776, 1.050627201038992 ], [ 115.100501493252523, 1.0509966382524 ], [ 115.100659823667229, 1.051260521460847 ], [ 115.100765377694302, 1.051478226378265 ], [ 115.100923708105256, 1.051676139410176 ], [ 115.101161203729134, 1.051794887229391 ], [ 115.101398699349488, 1.051992800203209 ], [ 115.101596612366848, 1.052190712012816 ], [ 115.101715360178787, 1.052349042380285 ], [ 115.101834107987202, 1.052507372805906 ], [ 115.101834107987202, 1.052744868444336 ], [ 115.101794525384321, 1.053061529295633 ], [ 115.101794525384321, 1.053338607482146 ], [ 115.101636194969615, 1.053536520514285 ], [ 115.101636194969615, 1.053774016152715 ], [ 115.101636194969615, 1.053971929126533 ], [ 115.101636194969615, 1.054130259552096 ], [ 115.101754942781554, 1.054407337796931 ], [ 115.101873690593493, 1.054565666942096 ], [ 115.101992437153967, 1.054842745186875 ], [ 115.102032019756848, 1.055119823431653 ], [ 115.102150767565035, 1.055357319011819 ], [ 115.102309097979742, 1.055555232043957 ], [ 115.102269515376975, 1.055832310288736 ], [ 115.102427845791681, 1.055951058107951 ], [ 115.102586176206387, 1.05610938847542 ], [ 115.102784089223974, 1.056228136294635 ], [ 115.1030215848441, 1.056346884113907 ], [ 115.103179915258806, 1.056544797145818 ], [ 115.103338245673626, 1.056623962358685 ], [ 115.103615323900272, 1.056663544965033 ], [ 115.103971567332337, 1.056623962358685 ], [ 115.104248645555458, 1.056623962358685 ], [ 115.104486139927872, 1.056703127571552 ], [ 115.104684052945231, 1.056940623151718 ], [ 115.104842383359937, 1.057138534961325 ], [ 115.104881965962818, 1.057376030541491 ], [ 115.105000713771119, 1.05757394357363 ], [ 115.105079878980291, 1.05781143921206 ], [ 115.10519862679223, 1.057969769637623 ], [ 115.105277791997651, 1.058207265217789 ], [ 115.105436122412357, 1.058444760856275 ], [ 115.105594452827177, 1.058603091282009 ], [ 115.105752783241883, 1.058801004313921 ], [ 115.10579236584465, 1.058998917287738 ], [ 115.10587153105007, 1.059236412926168 ], [ 115.105831948447417, 1.059553072496954 ], [ 115.10587153105007, 1.059790568135384 ], [ 115.105911113656589, 1.060146811534764 ], [ 115.105950696259356, 1.060344724566676 ], [ 115.106109026673948, 1.060463472385948 ], [ 115.106267357088655, 1.060780133237245 ], [ 115.106425687499836, 1.060938463604543 ], [ 115.106544435311775, 1.061175959242973 ], [ 115.106663183123715, 1.06141345488146 ], [ 115.106781930931902, 1.061650950519891 ], [ 115.106940260095257, 1.061848863493708 ], [ 115.107138173116368, 1.062046775303315 ], [ 115.107296503527323, 1.062165523064436 ], [ 115.107573581753968, 1.062403018702923 ], [ 115.107771494771555, 1.062600931734835 ], [ 115.108008990391681, 1.062878009979784 ], [ 115.108127738203621, 1.062957175134216 ], [ 115.10824648601556, 1.063075922953431 ], [ 115.108483981635914, 1.063234253379164 ], [ 115.108602729447853, 1.063313418591861 ], [ 115.108919390273513, 1.063392583804784 ], [ 115.109117303294624, 1.063630079443215 ], [ 115.109236051103039, 1.063709244597817 ], [ 115.109236051103039, 1.06386757502338 ], [ 115.109156885897391, 1.06410507066181 ], [ 115.108958972879918, 1.064302982413324 ], [ 115.108919390273513, 1.064421730232596 ], [ 115.108800642465326, 1.064619643264507 ], [ 115.108761059862559, 1.064817556296589 ], [ 115.108681894653387, 1.064975886663888 ], [ 115.108681894653387, 1.065213382302318 ], [ 115.108681894653387, 1.06556962576002 ], [ 115.108840225067979, 1.065767538733837 ], [ 115.108998555482685, 1.065965451765919 ], [ 115.109196468500272, 1.066242530010697 ], [ 115.109433962872686, 1.066559190803787 ], [ 115.10959229328364, 1.066757102613394 ], [ 115.109631875890159, 1.066955015645476 ], [ 115.10975062369846, 1.067192511225642 ], [ 115.109829788907518, 1.067390424257781 ], [ 115.109829788907518, 1.067588337289692 ], [ 115.109948536715933, 1.067825832870028 ], [ 115.110106867130639, 1.068102911114806 ], [ 115.110225614942578, 1.068340406753293 ], [ 115.110463110562705, 1.068498737178857 ], [ 115.110700606186583, 1.068736232759022 ], [ 115.110700606186583, 1.0690133110038 ], [ 115.110661023580292, 1.069211222755314 ], [ 115.110542275771877, 1.069488301000149 ], [ 115.110502693165586, 1.069686214032231 ], [ 115.110542275771877, 1.069963292218745 ], [ 115.110740188789464, 1.070200787857175 ], [ 115.110819353994998, 1.070359118282965 ], [ 115.111017267012357, 1.070557031314877 ], [ 115.111215180029944, 1.070675779075998 ], [ 115.11137351044465, 1.070873692107909 ], [ 115.111611006068529, 1.071071605139991 ], [ 115.111650588671296, 1.071269518171903 ], [ 115.11196724824913, 1.071388265991175 ], [ 115.112244326472251, 1.071507013752296 ], [ 115.112481822096129, 1.071586178964992 ], [ 115.112838065528194, 1.071744508168251 ], [ 115.113154726353969, 1.071863255929372 ], [ 115.113352639371556, 1.072021586354936 ], [ 115.113471387183495, 1.072179916780499 ], [ 115.113510969786262, 1.072377829812638 ], [ 115.113629717598201, 1.072615325451068 ], [ 115.113867213218327, 1.072734073212018 ], [ 115.114144290193622, 1.072773655818366 ], [ 115.114342203211095, 1.072852821031233 ], [ 115.114658864040393, 1.072892403637582 ], [ 115.114896359660747, 1.073050734063145 ], [ 115.115054690075453, 1.073209064488879 ], [ 115.11521302049016, 1.073446560127366 ], [ 115.115371350904752, 1.073604890494664 ], [ 115.115608846525106, 1.073802803526746 ], [ 115.115648429127873, 1.074000715278089 ], [ 115.115727594337045, 1.074238210916519 ], [ 115.115965089957172, 1.074475706555006 ], [ 115.116163002974645, 1.074831949954557 ], [ 115.116360915992232, 1.075029862986469 ], [ 115.116558827761878, 1.075227776018551 ], [ 115.116717158176584, 1.075584019417988 ], [ 115.116835905984772, 1.075900680269115 ], [ 115.116994236399478, 1.076138175907545 ], [ 115.11707340160865, 1.076375670265406 ], [ 115.117152566814298, 1.076652748510412 ], [ 115.117310897229004, 1.076811078877711 ], [ 115.117508810246363, 1.077088157122489 ], [ 115.117706723263836, 1.077358638460453 ], [ 115.117777091782159, 1.077851221838614 ], [ 115.11791783006629, 1.078414173738679 ], [ 115.118058568350648, 1.078977126860991 ], [ 115.118676627738864, 1.078996788710413 ], [ 115.119091963068172, 1.078997047618145 ], [ 115.119590160364169, 1.079331804532558 ], [ 115.119911973644776, 1.07944958441675 ], [ 115.120145368564522, 1.079825983673913 ], [ 115.120238616727988, 1.080155264295172 ], [ 115.120191689376952, 1.080484457314185 ], [ 115.120284880013173, 1.080907800234854 ], [ 115.120237951410786, 1.081236993253867 ], [ 115.120377895567799, 1.081613335001862 ], [ 115.120611378028229, 1.081848638365102 ], [ 115.120751379712601, 1.08213091653306 ], [ 115.121031586928439, 1.082366249873473 ], [ 115.12098468833949, 1.082648411800676 ], [ 115.121077877727771, 1.083071755943877 ], [ 115.121264664194427, 1.083259999344705 ], [ 115.121544783869581, 1.083636428637021 ], [ 115.121778178785576, 1.084012827894242 ], [ 115.12201154493971, 1.084436259581821 ], [ 115.122244968621203, 1.084765627747458 ], [ 115.122385029084512, 1.084953842393588 ], [ 115.122525032020462, 1.085236120561717 ], [ 115.122898689995054, 1.085471512691697 ], [ 115.123179042282572, 1.085471689060853 ], [ 115.123365798735904, 1.085706964833776 ], [ 115.123599194903363, 1.086083364149204 ], [ 115.123739196587962, 1.08636564359773 ], [ 115.124066101045287, 1.086648038064652 ], [ 115.124393091795469, 1.086789337918276 ], [ 115.124673387803341, 1.086883577751053 ], [ 115.124953711321723, 1.086930783989487 ], [ 115.125280644544659, 1.087166148645395 ], [ 115.125467518551886, 1.087213297316509 ], [ 115.125420588701672, 1.087542490393389 ], [ 115.125326964105739, 1.08782462350797 ], [ 115.125420182255766, 1.088200936501494 ], [ 115.125606852419878, 1.088577308284698 ], [ 115.125700041808159, 1.089000653650203 ], [ 115.125886740734245, 1.089329993003162 ], [ 115.126166949197909, 1.08956532884622 ], [ 115.126587275655879, 1.089894814533295 ], [ 115.126680523819346, 1.090224096377085 ], [ 115.12700751581724, 1.090365397452956 ], [ 115.127474743363678, 1.090412721270695 ], [ 115.127988695665522, 1.09046007506555 ], [ 115.128455951973706, 1.090460367675405 ], [ 115.129063386299094, 1.090460747887903 ], [ 115.130018506231977, 1.090721763437671 ], [ 115.130599775595442, 1.091056576639005 ], [ 115.131264060750254, 1.091475054738112 ], [ 115.131429938508631, 1.09189322142646 ], [ 115.131678884587132, 1.092311439395473 ], [ 115.132177086885349, 1.092646201315915 ], [ 115.132425980435187, 1.093148032843715 ], [ 115.132841063143132, 1.093566355819405 ], [ 115.133256093326168, 1.094068291189672 ], [ 115.133338902767832, 1.094486405316275 ], [ 115.133670813360482, 1.095071901683752 ], [ 115.134002723953017, 1.095657398109495 ], [ 115.134085327045, 1.096409964026122 ], [ 115.13433416932105, 1.096995407890176 ], [ 115.134583115395799, 1.097413627081721 ], [ 115.134914869664499, 1.098249962961006 ], [ 115.135163764465801, 1.098751794488805 ], [ 115.135495726332124, 1.099253679800427 ], [ 115.135827585650986, 1.099922789726463 ], [ 115.136076634273309, 1.100173784303593 ], [ 115.136491718232833, 1.100592109782212 ], [ 115.136657594743269, 1.101010277692808 ], [ 115.13665723206941, 1.101595566491767 ], [ 115.136906021820323, 1.102264625136854 ], [ 115.137237932413086, 1.102850124065299 ], [ 115.137486722163999, 1.103519182710613 ], [ 115.137818684030321, 1.104021069302803 ], [ 115.137901492220522, 1.10443918465171 ], [ 115.138233610414431, 1.104690233012661 ], [ 115.13831647112977, 1.105024736083578 ], [ 115.138316054682946, 1.105693638441267 ], [ 115.138398654024172, 1.106446206919031 ], [ 115.138398237577348, 1.107115109218455 ], [ 115.13848099324241, 1.10761683824245 ], [ 115.138895867101496, 1.108369615511094 ], [ 115.13931084601063, 1.108955168165437 ], [ 115.139227463794668, 1.109456793347022 ], [ 115.139227149895419, 1.109958469809499 ], [ 115.139309591661117, 1.110961876518729 ], [ 115.139558431437877, 1.11154732410813 ], [ 115.139474891646387, 1.112299787520953 ], [ 115.139474472696861, 1.112968689878642 ], [ 115.139474210071057, 1.113386754004864 ], [ 115.139473999970505, 1.113721205794889 ], [ 115.139224583672444, 1.114055498794187 ], [ 115.138725907400044, 1.11447324522311 ], [ 115.138725644774354, 1.114891309349389 ], [ 115.138642365105738, 1.115225708636103 ], [ 115.138392895030847, 1.115643613971883 ], [ 115.138392527354881, 1.116228902712578 ], [ 115.138392212207805, 1.116730579175055 ], [ 115.138391790755122, 1.117399481532743 ], [ 115.138225283946781, 1.117984665266761 ], [ 115.138058882188602, 1.118402623105908 ], [ 115.137726447596037, 1.118653248704618 ], [ 115.137227770072059, 1.119070993969274 ], [ 115.136563059713808, 1.119321406993663 ], [ 115.136313745963093, 1.119488474039883 ], [ 115.135815227262356, 1.119655379792789 ], [ 115.13556596728813, 1.119738833280451 ], [ 115.13498437777173, 1.119905685249307 ], [ 115.134817976013551, 1.12032364186598 ], [ 115.134485488895848, 1.120657879801115 ], [ 115.13415284170344, 1.121242954744957 ], [ 115.13382024828752, 1.121744417294508 ], [ 115.133820036935504, 1.122078867862001 ], [ 115.133736595940718, 1.122664101654834 ], [ 115.133736171988858, 1.123333002731727 ], [ 115.133736013165731, 1.123583839682397 ], [ 115.133735694264146, 1.124085514922797 ], [ 115.133652359571101, 1.124503525265027 ], [ 115.133319817425217, 1.124921373033544 ], [ 115.132821403778507, 1.124921052891409 ], [ 115.132322777528429, 1.125255180755801 ], [ 115.131741346835042, 1.125171194551683 ], [ 115.131243039486435, 1.125003647233939 ], [ 115.130495419638464, 1.125003165740168 ], [ 115.129996847164875, 1.125253681326399 ], [ 115.129913564997082, 1.125588076829501 ], [ 115.129830282829175, 1.125922472390869 ], [ 115.129746894359528, 1.126424093789012 ], [ 115.129580542627195, 1.126758435566558 ], [ 115.129330962499921, 1.127343560510951 ], [ 115.129330482268415, 1.128096072701851 ], [ 115.129330108342515, 1.128681358939616 ], [ 115.129163756606545, 1.129015700717162 ], [ 115.128665342956083, 1.129015376791415 ], [ 115.128166875532884, 1.129098666482605 ], [ 115.127751477673996, 1.12918200989958 ], [ 115.127252796399375, 1.129599747655618 ], [ 115.126754008819262, 1.130184710025901 ], [ 115.126836755735098, 1.130686436488759 ], [ 115.126421411652814, 1.130686167627744 ], [ 115.125923105555557, 1.130518619029431 ], [ 115.125258555272126, 1.130518187594305 ], [ 115.124926333283042, 1.130434358900118 ], [ 115.124344958869187, 1.130266756576077 ], [ 115.123763531930422, 1.130182766588462 ], [ 115.123265388407162, 1.129764382320104 ], [ 115.123182749044759, 1.129095431184567 ], [ 115.12301688004311, 1.128677263273914 ], [ 115.122684711826878, 1.128509823524041 ], [ 115.122352491085735, 1.128425996052158 ], [ 115.121937309581085, 1.128174888959677 ], [ 115.121355882642092, 1.128090900194422 ], [ 115.120608266544878, 1.128090413752943 ], [ 115.11986064919995, 1.128089927253427 ], [ 115.119195995117593, 1.128256719210185 ], [ 115.118946573817084, 1.128591003420468 ], [ 115.118946198635967, 1.129176287213454 ], [ 115.118696616009402, 1.129761407151875 ], [ 115.118530156723978, 1.130262969760224 ], [ 115.118529941621205, 1.130597417825015 ], [ 115.118197290674402, 1.131182482757197 ], [ 115.118114006007204, 1.131516875757427 ], [ 115.117864854833897, 1.131433102127744 ], [ 115.117449619552758, 1.131265607371574 ], [ 115.117283590472653, 1.131098275131251 ], [ 115.11703454684914, 1.130847276828717 ], [ 115.116702327359349, 1.130763448192795 ], [ 115.116370054096478, 1.130763230554464 ], [ 115.115954442386283, 1.131181018310656 ], [ 115.115787928072677, 1.131766190810652 ], [ 115.115538452995679, 1.132184087357132 ], [ 115.11553818286859, 1.13260214519687 ], [ 115.115454681847041, 1.133270983759019 ], [ 115.115454357939598, 1.133772653993276 ], [ 115.115204774061567, 1.134357772709393 ], [ 115.114872175643654, 1.134859224024694 ], [ 115.114622699315078, 1.135277119348927 ], [ 115.11429015467013, 1.135694959608372 ], [ 115.113957610024954, 1.136112798645684 ], [ 115.113791200765263, 1.136530747695474 ], [ 115.113624683948728, 1.137115918914844 ], [ 115.113292193080383, 1.137450146838262 ], [ 115.112793620606681, 1.137700653693344 ], [ 115.112295046881627, 1.137951160490161 ], [ 115.111962556013282, 1.138285387191047 ], [ 115.111464091089147, 1.138368670595924 ], [ 115.111297628052853, 1.138870229479039 ], [ 115.111629573661162, 1.13937211729359 ], [ 115.112044752662882, 1.139623225666583 ], [ 115.112376645749578, 1.140208725817558 ], [ 115.112542509752643, 1.140626893728154 ], [ 115.112542183345795, 1.141128562682013 ], [ 115.112541855687596, 1.141630231635645 ], [ 115.112541474256545, 1.142215511645361 ], [ 115.112458187086304, 1.142549903423117 ], [ 115.11279018772268, 1.142968181404399 ], [ 115.113371340779963, 1.143470235518237 ], [ 115.113620383152124, 1.143721235101168 ], [ 115.114035562157369, 1.143972344696692 ], [ 115.114616824015798, 1.144307175418419 ], [ 115.115115236414567, 1.144307505572272 ], [ 115.115613593785383, 1.144391446840075 ], [ 115.116195020724376, 1.14447544305591 ], [ 115.116776502691323, 1.144475826993585 ], [ 115.117025653864403, 1.144559603184575 ], [ 115.117357656999957, 1.144977882388162 ], [ 115.11785585179689, 1.145312658103762 ], [ 115.118187854932444, 1.145730937307405 ], [ 115.118602981408912, 1.146065659239014 ], [ 115.118851914980041, 1.146483883436304 ], [ 115.119017725206618, 1.146985663741418 ], [ 115.119017342523989, 1.147570947476368 ], [ 115.119349181834082, 1.148240061185845 ], [ 115.119681348795098, 1.148407505941691 ], [ 115.120096475275318, 1.14874222787347 ], [ 115.120428478410872, 1.149160508357511 ], [ 115.12100979780007, 1.149411729246026 ], [ 115.121424815475734, 1.149913675850314 ], [ 115.121922957747415, 1.150332065124644 ], [ 115.122254960882969, 1.150750345608856 ], [ 115.122753211955683, 1.151001511491074 ], [ 115.123085106286567, 1.151587016647795 ], [ 115.123583522439731, 1.151587346801648 ], [ 115.123998705192207, 1.151838458900045 ], [ 115.12458019090991, 1.151838844060023 ], [ 115.125161512798513, 1.152090065006689 ], [ 115.125493625990202, 1.152341122040696 ], [ 115.126158017443345, 1.152592397993601 ], [ 115.126656326043417, 1.152759952819963 ], [ 115.127237811761006, 1.152760337980169 ], [ 115.127736120361078, 1.152927892806531 ], [ 115.128234482734115, 1.153011835296809 ], [ 115.128649667989521, 1.153262946114467 ], [ 115.128815697073151, 1.153430280857833 ], [ 115.129480254858322, 1.153430721082429 ], [ 115.130227827183262, 1.153514827368781 ], [ 115.131058415299776, 1.153682602278479 ], [ 115.131722864283802, 1.153850265895187 ], [ 115.132221227908303, 1.153934208385294 ], [ 115.13280244474663, 1.154352655168623 ], [ 115.133134614214214, 1.154520099924468 ], [ 115.133965258606622, 1.154604261275438 ], [ 115.134463624734167, 1.154688203765545 ], [ 115.134795795449463, 1.154855648521391 ], [ 115.135377229893493, 1.15493964479549 ], [ 115.135958556784317, 1.155190866906366 ], [ 115.136456759082762, 1.155525646405408 ], [ 115.136871836788487, 1.155943984398618 ], [ 115.137370039086932, 1.156278763839623 ], [ 115.137701992196526, 1.156780660385436 ], [ 115.138117016129513, 1.157282610773166 ], [ 115.138781360059511, 1.157617501507161 ], [ 115.139196492793417, 1.157952227164117 ], [ 115.139528555955621, 1.15828689787304 ], [ 115.139819021809672, 1.158715605794157 ], [ 115.139943423561022, 1.159029236412664 ], [ 115.140130167510506, 1.159280198451768 ], [ 115.140316912707931, 1.159531160490644 ], [ 115.14069060570182, 1.159719536488467 ], [ 115.141002242886316, 1.159531613229831 ], [ 115.14131375626323, 1.159531819576046 ], [ 115.141500624020409, 1.159594653232546 ], [ 115.141874318265877, 1.159783029230368 ], [ 115.141998720020752, 1.160096659849103 ], [ 115.14224772612215, 1.160410373006016 ], [ 115.142621502906081, 1.16047332924802 ], [ 115.142995278438434, 1.160536286770423 ], [ 115.143244449620397, 1.160599161696325 ], [ 115.143555759150445, 1.16091291612247 ], [ 115.143617857480422, 1.161226505530067 ], [ 115.14380456266008, 1.161540178640337 ], [ 115.144178175614911, 1.161853974394148 ], [ 115.144427222989293, 1.162104977702427 ], [ 115.144613926917486, 1.162418650812469 ], [ 115.144987581141322, 1.162669736659211 ], [ 115.145361276638255, 1.162858113937602 ], [ 115.145672546146784, 1.16323457821278 ], [ 115.145859291344209, 1.163485541532452 ], [ 115.146232945571796, 1.163736628601441 ], [ 115.146544297622427, 1.16398767445952 ], [ 115.146668616835086, 1.164426726056377 ], [ 115.14691758417041, 1.164803150342948 ], [ 115.147291238394359, 1.165054236189633 ], [ 115.147727156028964, 1.16536807443498 ], [ 115.148350105242571, 1.165493906883114 ], [ 115.148848407589071, 1.165682366641818 ], [ 115.149222104333717, 1.165870743861944 ], [ 115.149658063237553, 1.166121872200165 ], [ 115.149657858139221, 1.16643542284163 ], [ 115.149844563318879, 1.166749095951673 ], [ 115.149781973505128, 1.16718802502146 ], [ 115.149844030565987, 1.16756432550045 ], [ 115.150342334160086, 1.167752786539552 ], [ 115.150840719044936, 1.167815826542324 ], [ 115.151089768922361, 1.168066831131171 ], [ 115.151401080951473, 1.168380588060359 ], [ 115.151151662150482, 1.168693972344045 ], [ 115.150964505508455, 1.169070108968299 ], [ 115.150528217698707, 1.169320659595655 ], [ 115.150216578011282, 1.169508582854291 ], [ 115.149842552360496, 1.169821884541477 ], [ 115.149593174828738, 1.170072558976301 ], [ 115.149406100725287, 1.170323274622206 ], [ 115.149219026618198, 1.170573990326432 ], [ 115.148907263122965, 1.170950043189919 ], [ 115.148969277663127, 1.171389054798169 ], [ 115.149031210909015, 1.171953484881783 ], [ 115.149093142910829, 1.172517916187758 ], [ 115.149092855274034, 1.172956886526777 ], [ 115.148843435221465, 1.173270269588158 ], [ 115.148594056441766, 1.173520943964888 ], [ 115.148406899796214, 1.173897078144478 ], [ 115.148344390021634, 1.174210586177708 ], [ 115.148157314666719, 1.174461301881934 ], [ 115.148094722353562, 1.174900229671152 ], [ 115.148281342491941, 1.175339323817809 ], [ 115.148405701726119, 1.175715665565974 ], [ 115.148467674993299, 1.176217387081124 ], [ 115.148591991706894, 1.17665643995872 ], [ 115.148716392210304, 1.176970073080156 ], [ 115.148778529306696, 1.177220953803101 ], [ 115.148840585112453, 1.177597255562489 ], [ 115.148964901825821, 1.178036308440085 ], [ 115.14908930232923, 1.178349941561521 ], [ 115.149151315618042, 1.178788953169715 ], [ 115.14921332890674, 1.179227963497567 ], [ 115.149275425981727, 1.179541555408036 ], [ 115.149524390817533, 1.179917982197537 ], [ 115.149835742868163, 1.180169030500167 ], [ 115.150084874028835, 1.180294617835898 ], [ 115.150521040530293, 1.180232199374586 ], [ 115.150832558909428, 1.180232408223731 ], [ 115.151268725410887, 1.180169989704268 ], [ 115.151704809370244, 1.180232992221249 ], [ 115.151953857996091, 1.1804839980324 ], [ 115.152327555992201, 1.180672379036025 ], [ 115.152452121572423, 1.180735172645825 ], [ 115.152763557413095, 1.180860801250731 ], [ 115.1527633510633, 1.181174351833931 ], [ 115.152887709045899, 1.181550694862494 ], [ 115.152576025589951, 1.181801326747689 ], [ 115.152388823924412, 1.18224017199833 ], [ 115.152326271629136, 1.182616391219256 ], [ 115.152263676813277, 1.183055319008474 ], [ 115.15213894490455, 1.183243366074748 ], [ 115.152076351340042, 1.183682295144536 ], [ 115.152387785929136, 1.183807923749669 ], [ 115.152699139231231, 1.184058973332924 ], [ 115.153072795954358, 1.184310064185581 ], [ 115.153508756106021, 1.184561196307243 ], [ 115.153757887270444, 1.184686784865448 ], [ 115.15400685335419, 1.185063211654949 ], [ 115.154131295130469, 1.185314136149998 ], [ 115.154317999058549, 1.185627811821178 ], [ 115.154442358289202, 1.186004156072272 ], [ 115.154816138827414, 1.186067117320022 ], [ 115.15512761718503, 1.186130037298597 ], [ 115.155501191373332, 1.186506549129376 ], [ 115.155687811511712, 1.186945645779076 ], [ 115.155936736326112, 1.187384783697837 ], [ 115.156123482775001, 1.187635750742629 ], [ 115.156372365072571, 1.188137599790991 ], [ 115.156621373677012, 1.188451317953934 ], [ 115.157057542677649, 1.188388900715097 ], [ 115.15705775152685, 1.188075348851328 ], [ 115.156761926871695, 1.187894859118444 ], [ 115.156668626183091, 1.187659633345902 ], [ 115.156575295477637, 1.187471439945682 ], [ 115.15657545055376, 1.187236276688111 ], [ 115.156575669407175, 1.186907047405839 ], [ 115.15666931150929, 1.186624914233221 ], [ 115.156809589574664, 1.186483910831214 ], [ 115.157136622845542, 1.186578194494359 ], [ 115.157370231612731, 1.18662538449297 ], [ 115.157650475095693, 1.186813702923303 ], [ 115.157930842389874, 1.186813891749011 ], [ 115.158117723902251, 1.186861049209313 ], [ 115.158070840319965, 1.187096181209256 ], [ 115.158257565508507, 1.187378503207754 ], [ 115.158397468396402, 1.187801891123058 ], [ 115.158630984624438, 1.187990178295934 ], [ 115.158817741077769, 1.188225467864015 ], [ 115.158910947972004, 1.188601792091617 ], [ 115.159051038448638, 1.18874298437737 ], [ 115.159144276607549, 1.189072276232878 ], [ 115.159331064325784, 1.189260532148239 ], [ 115.159658128861452, 1.189307784661764 ], [ 115.159891645085736, 1.189496073057001 ], [ 115.159844698977395, 1.189825271139966 ], [ 115.159517478117778, 1.190013181883842 ], [ 115.159283713023001, 1.190201155143029 ], [ 115.15905000920975, 1.190295063657743 ], [ 115.158769640667856, 1.190294876054395 ], [ 115.158535969367222, 1.190341750858352 ], [ 115.158255600825328, 1.190341563313268 ], [ 115.158068564236601, 1.190529567829913 ], [ 115.157741404658736, 1.190623413771448 ], [ 115.157554368070237, 1.190811418346186 ], [ 115.157413996210494, 1.191093520203253 ], [ 115.157647354859364, 1.191516971914098 ], [ 115.157787257747373, 1.19194035982963 ], [ 115.157973951671011, 1.192269714200052 ], [ 115.158020461323872, 1.192598974739781 ], [ 115.15811369823507, 1.192928266595231 ], [ 115.158113510646217, 1.193210463505352 ], [ 115.158300265848084, 1.193445753073433 ], [ 115.158487116095898, 1.193539944186512 ], [ 115.15872078864777, 1.193493068101986 ], [ 115.159047854431378, 1.19354032189591 ], [ 115.159374918966932, 1.193587575631739 ], [ 115.159561675420264, 1.193822865199877 ], [ 115.159795222909565, 1.193964120000601 ], [ 115.160075466392414, 1.194152439711729 ], [ 115.160262379169694, 1.19415256602241 ], [ 115.160449385744869, 1.19401159387786 ], [ 115.16072991186229, 1.193776618165543 ], [ 115.160963676957181, 1.193588644906583 ], [ 115.161337565041435, 1.193494831444866 ], [ 115.161664663341185, 1.193495051586069 ], [ 115.162085247418986, 1.193448301812282 ], [ 115.162412439516743, 1.193307423440388 ], [ 115.162832993577467, 1.193307706096732 ], [ 115.163253516377154, 1.193355021125285 ], [ 115.163533947448741, 1.193261143926122 ], [ 115.16376762000084, 1.193214267841597 ], [ 115.164141509336446, 1.193120453157576 ], [ 115.164561938341649, 1.193308867863436 ], [ 115.164842308135235, 1.193309055466784 ], [ 115.165169250110921, 1.193544440087919 ], [ 115.165402736322108, 1.193779760913515 ], [ 115.165589586569695, 1.193873953307104 ], [ 115.165823104045671, 1.194062241702454 ], [ 115.166056651538497, 1.194203496503235 ], [ 115.16638365729159, 1.194344815099669 ], [ 115.166617236049206, 1.194439038692508 ], [ 115.166991031590555, 1.194486322463547 ], [ 115.16713118584812, 1.194533448666391 ], [ 115.16736482713543, 1.194533606234586 ], [ 115.167494268760834, 1.194566270049904 ] ] ] } }
]
}
